2026-03-22 12:30:41.578 [main] [-] INFO  com.musheng.MushengApplication - Starting MushengApplication using Java 17.0.17 with PID 39300 (/Users/wanhua/project/慕声/musheng/musheng-tax-system/musheng-web/target/musheng-web-1.0.0-SNAPSHOT.jar started by wanhua in /Users/wanhua/project/慕声/musheng/musheng-tax-system)
2026-03-22 12:30:41.583 [main] [-] INFO  com.musheng.MushengApplication - The following 1 profile is active: "dev"
2026-03-22 12:30:49.142 [main] [-] INFO  c.m.business.sales.parser.SalesDataParserFactory - 注册销售数据解析器: ERP -> ErpSettlementParser
2026-03-22 12:30:49.145 [main] [-] INFO  c.m.business.sales.parser.SalesDataParserFactory - 注册销售数据解析器: ORIGINAL -> AmazonOriginalParser
2026-03-22 12:30:50.031 [main] [-] INFO  com.musheng.system.config.SaTokenCacheConfig - ========================================
2026-03-22 12:30:50.032 [main] [-] INFO  com.musheng.system.config.SaTokenCacheConfig - Sa-Token 缓存模式: Caffeine (本地缓存)
2026-03-22 12:30:50.032 [main] [-] INFO  com.musheng.system.config.SaTokenCacheConfig - 适用于: 单机部署、内部系统
2026-03-22 12:30:50.032 [main] [-] INFO  com.musheng.system.config.SaTokenCacheConfig - 注意: 服务重启后登录状态会丢失
2026-03-22 12:30:50.032 [main] [-] INFO  com.musheng.system.config.SaTokenCacheConfig - ========================================
2026-03-22 12:30:50.036 [main] [-] INFO  com.musheng.system.config.SaTokenCaffeineDao - Sa-Token Caffeine 本地缓存初始化完成
2026-03-22 12:30:52.974 [main] [-] INFO  com.musheng.MushengApplication - Started MushengApplication in 12.706 seconds (process running for 14.03)
2026-03-22 12:31:04.946 [http-nio-8888-exec-3] [08b46973fe1b46c4] INFO  com.musheng.aop.RequestLogAspect - [请求开始] traceId=08b46973fe1b46c4 userId=未登录 POST /api/v1/auth/login ip=0:0:0:0:0:0:0:1 方法=AuthController.login 参数=[LoginRequest(username=admin, password=123456), org.apache.catalina.connector.RequestFacade@75177f98]
2026-03-22 12:31:05.536 [http-nio-8888-exec-3] [08b46973fe1b46c4] INFO  com.musheng.system.service.impl.AuthServiceImpl - User logged in successfully: admin
2026-03-22 12:31:05.645 [http-nio-8888-exec-3] [08b46973fe1b46c4] INFO  com.musheng.aop.RequestLogAspect - [请求结束] traceId=08b46973fe1b46c4 POST /api/v1/auth/login 耗时=675ms 响应=Result(code=0, message=success, data=LoginResponse(token=0808f8e3-d636-4101-a091-015eff2f0a63, tokenType=Bearer, expiresIn=86400, userInfo=LoginResponse.UserInfo(id=1, username=admin, realName=System Administrator, role=admin, roleCode=admin, roleName=Administrator, avatar=null, email=null, phone=null, status=1, createTime=2026-01-19T20:38:39, lastLoginTime=2026-03-22T12:31:05.422016), permissions=[*]), timestamp=1774153865555, requestId=null)
2026-03-22 12:31:12.913 [http-nio-8888-exec-9] [a0230b413ae94f9b] INFO  com.musheng.aop.RequestLogAspect - [请求开始] traceId=a0230b413ae94f9b userId=1 POST /api/v1/business/document/inv/generate ip=0:0:0:0:0:0:0:1 方法=DocumentController.generateInvoices 参数=[[869, 870, 871]]
2026-03-22 12:31:12.916 [http-nio-8888-exec-9] [a0230b413ae94f9b] INFO  c.m.b.document.controller.DocumentController - 生成INV发票，结算单数量: 3
2026-03-22 12:31:12.922 [http-nio-8888-exec-9] [a0230b413ae94f9b] INFO  c.m.b.d.service.impl.DocumentGenerateServiceImpl - 开始生成INV发票，结算单ID数量: 3
2026-03-22 12:31:13.727 [http-nio-8888-exec-9] [a0230b413ae94f9b] INFO  c.m.b.d.service.impl.DocumentGenerateServiceImpl - INV单据号已存在，使用已有记录，编号: 20250808001
2026-03-22 12:31:13.742 [http-nio-8888-exec-9] [a0230b413ae94f9b] INFO  c.m.b.d.service.impl.DocumentGenerateServiceImpl - INV单据号已存在，使用已有记录，编号: 20250910002
2026-03-22 12:31:13.749 [http-nio-8888-exec-9] [a0230b413ae94f9b] INFO  c.m.b.d.service.impl.DocumentGenerateServiceImpl - INV单据号已存在，使用已有记录，编号: 20251013003
2026-03-22 12:31:13.757 [http-nio-8888-exec-9] [a0230b413ae94f9b] INFO  c.m.b.d.service.impl.DocumentGenerateServiceImpl - INV生成完成，共 3 份
2026-03-22 12:31:13.777 [http-nio-8888-exec-9] [a0230b413ae94f9b] INFO  com.musheng.aop.RequestLogAspect - [请求结束] traceId=a0230b413ae94f9b POST /api/v1/business/document/inv/generate 耗时=845ms 响应=Result(code=0, message=success, data=[DocumentInv(shopId=1, documentNo=20250808001, invDate=2025-08-08, settlementId=869, siteCode=GBP, siteSequence=003, sellerName=Hong Kong Andeo Group Limited, sellerAddress=ROOM 1201, 12/F TAI SANG BANK BUILDING 130-132 DES VOEUX ROAD, CENTRAL HONGKONG, buyerName=Dongguan Musheng Trade Co., Ltd., buyerAddress=Room 606, Building 2, Humen Wanda Plaza, No. 82 Liansheng Road, Humen Town, Dongguan, Guangdong, China, sellerPhone=00852-54682464, buyerPhone=185753824...[已截断]
2026-03-22 12:32:04.348 [http-nio-8888-exec-4] [bbb3567bcef8409f] INFO  com.musheng.aop.RequestLogAspect - [请求开始] traceId=bbb3567bcef8409f userId=未登录 POST /api/v1/auth/login ip=0:0:0:0:0:0:0:1 方法=AuthController.login 参数=[LoginRequest(username=admin, password=123456), org.apache.catalina.connector.RequestFacade@7b5a13f0]
2026-03-22 12:32:04.507 [http-nio-8888-exec-4] [bbb3567bcef8409f] INFO  com.musheng.system.service.impl.AuthServiceImpl - User logged in successfully: admin
2026-03-22 12:32:04.512 [http-nio-8888-exec-4] [bbb3567bcef8409f] INFO  com.musheng.aop.RequestLogAspect - [请求结束] traceId=bbb3567bcef8409f POST /api/v1/auth/login 耗时=165ms 响应=Result(code=0, message=success, data=LoginResponse(token=0808f8e3-d636-4101-a091-015eff2f0a63, tokenType=Bearer, expiresIn=86400, userInfo=LoginResponse.UserInfo(id=1, username=admin, realName=System Administrator, role=admin, roleCode=admin, roleName=Administrator, avatar=null, email=null, phone=null, status=1, createTime=2026-01-19T20:38:39, lastLoginTime=2026-03-22T12:32:04.489828), permissions=[*]), timestamp=1774153924510, requestId=null)
2026-03-22 12:32:04.672 [http-nio-8888-exec-10] [90dc8aa758e140ce] INFO  com.musheng.aop.RequestLogAspect - [请求开始] traceId=90dc8aa758e140ce userId=1 GET /api/v1/config/marketplaces/enabled ip=0:0:0:0:0:0:0:1 方法=MarketplaceController.getEnabled 参数=[]
2026-03-22 12:32:04.672 [http-nio-8888-exec-6] [ddbd6668ef0f4601] INFO  com.musheng.aop.RequestLogAspect - [请求开始] traceId=ddbd6668ef0f4601 userId=1 GET /api/v1/config/shop/options ip=0:0:0:0:0:0:0:1 方法=ShopController.options 参数=[]
2026-03-22 12:32:04.695 [http-nio-8888-exec-6] [ddbd6668ef0f4601] INFO  com.musheng.aop.RequestLogAspect - [请求结束] traceId=ddbd6668ef0f4601 GET /api/v1/config/shop/options 耗时=14ms 响应=Result(code=0, message=success, data=[Shop(shopCode=DEFAULT, shopName=默认店铺, sellerId=null, companyName=东莞市慕声商贸有限公司, taxId=91441900MA4WNG4C6H, status=1, remark=系统默认店铺), Shop(shopCode=TEST-001, shopName=慕声北美店铺, sellerId=1234567654, companyName=1234567876543, taxId=1234567876543, status=1, remark=1234567654)], timestamp=1774153924686, requestId=null)
2026-03-22 12:32:04.706 [http-nio-8888-exec-10] [90dc8aa758e140ce] INFO  com.musheng.aop.RequestLogAspect - [请求结束] traceId=90dc8aa758e140ce GET /api/v1/config/marketplaces/enabled 耗时=20ms 响应=Result(code=0, message=success, data=[Marketplace(siteCode=CA, siteName=加拿大站, marketplaceId=A2EUQ1WTGCTBG2, currencyCode=CAD, sellerId=APNDJLWNA7H88, headerLanguage=EN, dateFormat=MMM d, yyyy h:mm:ss a z, numberFormat=., timezone=America/Toronto, status=1), Marketplace(siteCode=DE, siteName=德国站, marketplaceId=A1PA6795UKMFR9, currencyCode=EUR, sellerId=A11Y51I5ZXY4AO, headerLanguage=DE, dateFormat=dd.MM.yyyy HH:mm:ss z, numberFormat=,, timezone=Europe/Berlin, status=1), Marketplace(siteCode=UK, s...[已截断]
2026-03-22 12:32:12.414 [http-nio-8888-exec-9] [9e061ca531ff4cf2] INFO  com.musheng.aop.RequestLogAspect - [请求开始] traceId=9e061ca531ff4cf2 userId=1 POST /api/v1/business/document/settlement/generate ip=0:0:0:0:0:0:0:1 方法=DocumentController.generateSettlements 参数=[SettlementGenerateRequest(periodStart=2025-07-01, periodEnd=2025-09-30, siteCodes=[UK])]
2026-03-22 12:32:12.414 [http-nio-8888-exec-9] [9e061ca531ff4cf2] INFO  c.m.b.document.controller.DocumentController - 生成结算单，周期: 2025-07-01 ~ 2025-09-30，站点: [UK]
2026-03-22 12:32:12.416 [http-nio-8888-exec-9] [9e061ca531ff4cf2] INFO  c.m.b.d.service.impl.DocumentGenerateServiceImpl - 开始生成结算单，周期: 2025-07-01 ~ 2025-09-30
2026-03-22 12:32:12.454 [http-nio-8888-exec-9] [9e061ca531ff4cf2] INFO  c.m.b.d.service.impl.DocumentGenerateServiceImpl - 构建 SettlementInput 完成，共 383 条明细
2026-03-22 12:32:12.479 [http-nio-8888-exec-9] [9e061ca531ff4cf2] INFO  c.m.b.d.service.impl.DocumentGenerateServiceImpl - 结算单生成 12 份，过滤空结算单后剩余 3 份（有数据）
2026-03-22 12:32:12.484 [http-nio-8888-exec-9] [9e061ca531ff4cf2] INFO  c.m.b.d.service.impl.DocumentGenerateServiceImpl - 结算单单据号已存在，使用已有记录，编号: 20250805003
2026-03-22 12:32:12.491 [http-nio-8888-exec-9] [9e061ca531ff4cf2] INFO  c.m.b.d.service.impl.DocumentGenerateServiceImpl - 结算单单据号已存在，使用已有记录，编号: 20250905003
2026-03-22 12:32:12.496 [http-nio-8888-exec-9] [9e061ca531ff4cf2] INFO  c.m.b.d.service.impl.DocumentGenerateServiceImpl - 结算单单据号已存在，使用已有记录，编号: 20251008003
2026-03-22 12:32:12.500 [http-nio-8888-exec-9] [9e061ca531ff4cf2] INFO  c.m.b.d.service.impl.DocumentGenerateServiceImpl - 结算单生成完成，共 3 份
2026-03-22 12:32:12.501 [http-nio-8888-exec-9] [9e061ca531ff4cf2] INFO  com.musheng.aop.RequestLogAspect - [请求结束] traceId=9e061ca531ff4cf2 POST /api/v1/business/document/settlement/generate 耗时=89ms 响应=Result(code=0, message=success, data=[DocumentSettlement(shopId=1, documentNo=20250805003, settlementDate=2025-08-05, periodStart=2025-07-01, periodEnd=2025-07-31, siteCode=GBP, siteSequence=003, buyerName=东莞市慕声商贸有限公司, buyerAddress=广东省东莞市虎门镇连升路82号虎门万达广场2栋606房, sellerName=Hong Kong Andeo Group Limited, totalQuantity=8890, totalAmount=51723.2800), DocumentSettlement(shopId=1, documentNo=20250905003, settlementDate=2025-09-05, periodStart=2025-08-01, periodEnd=2025-08-31, siteCode=GBP, siteSequence...[已截断]
2026-03-22 12:32:12.565 [http-nio-8888-exec-7] [9b3eeab5116b463b] INFO  com.musheng.aop.RequestLogAspect - [请求开始] traceId=9b3eeab5116b463b userId=1 POST /api/v1/business/document/export/settlement/batch ip=0:0:0:0:0:0:0:1 方法=DocumentController.batchExportSettlement 参数=[[869, 870, 871], org.apache.catalina.connector.ResponseFacade@90734d7]
2026-03-22 12:32:12.567 [http-nio-8888-exec-7] [9b3eeab5116b463b] INFO  c.m.b.document.controller.DocumentController - 批量导出结算单，数量: 3
2026-03-22 12:32:12.567 [http-nio-8888-exec-7] [9b3eeab5116b463b] INFO  c.m.b.d.service.impl.DocumentExportServiceImpl - 批量导出结算单, 数量=3
2026-03-22 12:32:14.510 [http-nio-8888-exec-1] [5bb09c2a7c6b4a2d] INFO  com.musheng.aop.RequestLogAspect - [请求开始] traceId=5bb09c2a7c6b4a2d userId=1 POST /api/v1/business/document/inv/generate ip=0:0:0:0:0:0:0:1 方法=DocumentController.generateInvoices 参数=[[869, 870, 871]]
2026-03-22 12:32:14.515 [http-nio-8888-exec-1] [5bb09c2a7c6b4a2d] INFO  c.m.b.document.controller.DocumentController - 生成INV发票，结算单数量: 3
2026-03-22 12:32:14.520 [http-nio-8888-exec-1] [5bb09c2a7c6b4a2d] INFO  c.m.b.d.service.impl.DocumentGenerateServiceImpl - 开始生成INV发票，结算单ID数量: 3
2026-03-22 12:32:14.613 [http-nio-8888-exec-1] [5bb09c2a7c6b4a2d] INFO  c.m.b.d.service.impl.DocumentGenerateServiceImpl - INV单据号已存在，使用已有记录，编号: 20250808001
2026-03-22 12:32:14.623 [http-nio-8888-exec-1] [5bb09c2a7c6b4a2d] INFO  c.m.b.d.service.impl.DocumentGenerateServiceImpl - INV单据号已存在，使用已有记录，编号: 20250910002
2026-03-22 12:32:14.636 [http-nio-8888-exec-1] [5bb09c2a7c6b4a2d] INFO  c.m.b.d.service.impl.DocumentGenerateServiceImpl - INV单据号已存在，使用已有记录，编号: 20251013003
2026-03-22 12:32:14.639 [http-nio-8888-exec-1] [5bb09c2a7c6b4a2d] INFO  c.m.b.d.service.impl.DocumentGenerateServiceImpl - INV生成完成，共 3 份
2026-03-22 12:32:14.641 [http-nio-8888-exec-1] [5bb09c2a7c6b4a2d] INFO  com.musheng.aop.RequestLogAspect - [请求结束] traceId=5bb09c2a7c6b4a2d POST /api/v1/business/document/inv/generate 耗时=133ms 响应=Result(code=0, message=success, data=[DocumentInv(shopId=1, documentNo=20250808001, invDate=2025-08-08, settlementId=869, siteCode=GBP, siteSequence=003, sellerName=Hong Kong Andeo Group Limited, sellerAddress=ROOM 1201, 12/F TAI SANG BANK BUILDING 130-132 DES VOEUX ROAD, CENTRAL HONGKONG, buyerName=Dongguan Musheng Trade Co., Ltd., buyerAddress=Room 606, Building 2, Humen Wanda Plaza, No. 82 Liansheng Road, Humen Town, Dongguan, Guangdong, China, sellerPhone=00852-54682464, buyerPhone=185753824...[已截断]
2026-03-22 12:32:14.674 [http-nio-8888-exec-5] [6e1e22d0682c4dc2] INFO  com.musheng.aop.RequestLogAspect - [请求开始] traceId=6e1e22d0682c4dc2 userId=1 POST /api/v1/business/document/export/inv/batch ip=0:0:0:0:0:0:0:1 方法=DocumentController.batchExportInv 参数=[[545, 546, 547], org.apache.catalina.connector.ResponseFacade@292c3a5c]
2026-03-22 12:32:14.674 [http-nio-8888-exec-5] [6e1e22d0682c4dc2] INFO  c.m.b.document.controller.DocumentController - 批量导出INV，数量: 3
2026-03-22 12:32:14.675 [http-nio-8888-exec-5] [6e1e22d0682c4dc2] INFO  c.m.b.d.service.impl.DocumentExportServiceImpl - 批量导出INV, 数量=3
2026-03-22 12:32:16.338 [http-nio-8888-exec-7] [9b3eeab5116b463b] INFO  com.musheng.aop.RequestLogAspect - [请求结束] traceId=9b3eeab5116b463b POST /api/v1/business/document/export/settlement/batch 耗时=3774ms 响应=null
2026-03-22 12:32:19.271 [http-nio-8888-exec-5] [6e1e22d0682c4dc2] INFO  com.musheng.aop.RequestLogAspect - [请求结束] traceId=6e1e22d0682c4dc2 POST /api/v1/business/document/export/inv/batch 耗时=4598ms 响应=null
2026-03-22 12:33:43.830 [http-nio-8888-exec-10] [ec3ddfedc0964378] ERROR c.musheng.common.exception.GlobalExceptionHandler - 系统异常 /api/v1/business/document/party-config/list: No static resource v1/business/document/party-config/list.
org.springframework.web.servlet.resource.NoResourceFoundException: No static resource v1/business/document/party-config/list.
	at org.springframework.web.servlet.resource.ResourceHttpRequestHandler.handleRequest(ResourceHttpRequestHandler.java:585)
	at org.springframework.web.servlet.mvc.HttpRequestHandlerAdapter.handle(HttpRequestHandlerAdapter.java:52)
	at org.springframework.web.servlet.DispatcherServlet.doDispatch(DispatcherServlet.java:1089)
	at org.springframework.web.servlet.DispatcherServlet.doService(DispatcherServlet.java:979)
	at org.springframework.web.servlet.FrameworkServlet.processRequest(FrameworkServlet.java:1014)
	at org.springframework.web.servlet.FrameworkServlet.doGet(FrameworkServlet.java:903)
	at jakarta.servlet.http.HttpServlet.service(HttpServlet.java:564)
	at org.springframework.web.servlet.FrameworkServlet.service(FrameworkServlet.java:885)
	at jakarta.servlet.http.HttpServlet.service(HttpServlet.java:658)
	at org.apache.catalina.core.ApplicationFilterChain.internalDoFilter(ApplicationFilterChain.java:205)
	at org.apache.catalina.core.ApplicationFilterChain.doFilter(ApplicationFilterChain.java:149)
	at org.apache.tomcat.websocket.server.WsFilter.doFilter(WsFilter.java:51)
	at org.apache.catalina.core.ApplicationFilterChain.internalDoFilter(ApplicationFilterChain.java:174)
	at org.apache.catalina.core.ApplicationFilterChain.doFilter(ApplicationFilterChain.java:149)
	at com.musheng.filter.TraceIdFilter.doFilterInternal(TraceIdFilter.java:61)
	at org.springframework.web.filter.OncePerRequestFilter.doFilter(OncePerRequestFilter.java:116)
	at org.apache.catalina.core.ApplicationFilterChain.internalDoFilter(ApplicationFilterChain.java:174)
	at org.apache.catalina.core.ApplicationFilterChain.doFilter(ApplicationFilterChain.java:149)
	at cn.dev33.satoken.filter.SaServletFilter.doFilter(SaServletFilter.java:150)
	at org.apache.catalina.core.ApplicationFilterChain.internalDoFilter(ApplicationFilterChain.java:174)
	at org.apache.catalina.core.ApplicationFilterChain.doFilter(ApplicationFilterChain.java:149)
	at org.springframework.web.filter.RequestContextFilter.doFilterInternal(RequestContextFilter.java:100)
	at org.springframework.web.filter.OncePerRequestFilter.doFilter(OncePerRequestFilter.java:116)
	at org.apache.catalina.core.ApplicationFilterChain.internalDoFilter(ApplicationFilterChain.java:174)
	at org.apache.catalina.core.ApplicationFilterChain.doFilter(ApplicationFilterChain.java:149)
	at cn.dev33.satoken.filter.SaPathCheckFilterForJakartaServlet.doFilter(SaPathCheckFilterForJakartaServlet.java:55)
	at org.apache.catalina.core.ApplicationFilterChain.internalDoFilter(ApplicationFilterChain.java:174)
	at org.apache.catalina.core.ApplicationFilterChain.doFilter(ApplicationFilterChain.java:149)
	at org.springframework.web.filter.FormContentFilter.doFilterInternal(FormContentFilter.java:93)
	at org.springframework.web.filter.OncePerRequestFilter.doFilter(OncePerRequestFilter.java:116)
	at org.apache.catalina.core.ApplicationFilterChain.internalDoFilter(ApplicationFilterChain.java:174)
	at org.apache.catalina.core.ApplicationFilterChain.doFilter(ApplicationFilterChain.java:149)
	at org.springframework.web.filter.CharacterEncodingFilter.doFilterInternal(CharacterEncodingFilter.java:201)
	at org.springframework.web.filter.OncePerRequestFilter.doFilter(OncePerRequestFilter.java:116)
	at org.apache.catalina.core.ApplicationFilterChain.internalDoFilter(ApplicationFilterChain.java:174)
	at org.apache.catalina.core.ApplicationFilterChain.doFilter(ApplicationFilterChain.java:149)
	at org.apache.catalina.core.StandardWrapperValve.invoke(StandardWrapperValve.java:167)
	at org.apache.catalina.core.StandardContextValve.invoke(StandardContextValve.java:90)
	at org.apache.catalina.authenticator.AuthenticatorBase.invoke(AuthenticatorBase.java:482)
	at org.apache.catalina.core.StandardHostValve.invoke(StandardHostValve.java:115)
	at org.apache.catalina.valves.ErrorReportValve.invoke(ErrorReportValve.java:93)
	at org.apache.catalina.core.StandardEngineValve.invoke(StandardEngineValve.java:74)
	at org.apache.catalina.connector.CoyoteAdapter.service(CoyoteAdapter.java:340)
	at org.apache.coyote.http11.Http11Processor.service(Http11Processor.java:391)
	at org.apache.coyote.AbstractProcessorLight.process(AbstractProcessorLight.java:63)
	at org.apache.coyote.AbstractProtocol$ConnectionHandler.process(AbstractProtocol.java:896)
	at org.apache.tomcat.util.net.NioEndpoint$SocketProcessor.doRun(NioEndpoint.java:1744)
	at org.apache.tomcat.util.net.SocketProcessorBase.run(SocketProcessorBase.java:52)
	at org.apache.tomcat.util.threads.ThreadPoolExecutor.runWorker(ThreadPoolExecutor.java:1191)
	at org.apache.tomcat.util.threads.ThreadPoolExecutor$Worker.run(ThreadPoolExecutor.java:659)
	at org.apache.tomcat.util.threads.TaskThread$WrappingRunnable.run(TaskThread.java:61)
	at java.base/java.lang.Thread.run(Thread.java:840)
2026-03-22 12:33:55.685 [http-nio-8888-exec-3] [c262a248d389448a] INFO  com.musheng.aop.RequestLogAspect - [请求开始] traceId=c262a248d389448a userId=1 GET /api/v1/business/document-party-config/list ip=0:0:0:0:0:0:0:1 方法=DocumentPartyConfigController.list 参数=[]
2026-03-22 12:33:55.769 [http-nio-8888-exec-3] [c262a248d389448a] INFO  com.musheng.aop.RequestLogAspect - [请求结束] traceId=c262a248d389448a GET /api/v1/business/document-party-config/list 耗时=55ms 响应=Result(code=0, message=success, data=[DocumentPartyConfigVO(id=2, siteCode=CA, buyerName=东莞市慕声商贸有限公司, buyerAddress=广东省东莞市虎门镇连升路82号虎门万达广场2栋606房, buyerPhone=18575382420, buyerNameEn=Dongguan Musheng Trade Co., Ltd., sellerName=Hong Kong Andeo Group Limited, sellerAddress=ROOM 1201, 12/F TAI SANG BANK BUILDING 130-132 DES VOEUX ROAD, CENTRAL HONGKONG, sellerPhone=00852-54682464, supplierName=Hong Kong Andeo Group Limited, customerNameTc=東莞市慕聲商貿有限公司, bankAccountName=Hong Kong Andeo Group Limited, ba...[已截断]
2026-03-22 12:38:40.788 [http-nio-8888-exec-8] [ff86ba33438d4e5f] INFO  com.musheng.aop.RequestLogAspect - [请求开始] traceId=ff86ba33438d4e5f userId=未登录 GET /api/v3/api-docs ip=0:0:0:0:0:0:0:1 方法=OpenApiWebMvcResource.openapiJson 参数=[org.apache.catalina.connector.RequestFacade@3d9e198d, /v3/api-docs, zh_CN_#Hans]
2026-03-22 12:38:45.488 [http-nio-8888-exec-8] [ff86ba33438d4e5f] INFO  com.musheng.aop.RequestLogAspect - [请求结束] traceId=ff86ba33438d4e5f GET /api/v3/api-docs 耗时=4701ms 响应=[B@64e5e732
2026-03-22 12:38:51.366 [http-nio-8888-exec-6] [87703d69ca254499] INFO  com.musheng.aop.RequestLogAspect - [请求开始] traceId=87703d69ca254499 userId=未登录 POST /api/v1/auth/login ip=0:0:0:0:0:0:0:1 方法=AuthController.login 参数=[LoginRequest(username=admin, password=admin123), org.apache.catalina.connector.RequestFacade@7ea7950e]
2026-03-22 12:38:51.559 [http-nio-8888-exec-6] [87703d69ca254499] WARN  com.musheng.system.service.impl.AuthServiceImpl - Login failed: wrong password - admin
2026-03-22 12:38:51.571 [http-nio-8888-exec-6] [87703d69ca254499] ERROR com.musheng.aop.RequestLogAspect - [请求异常] traceId=87703d69ca254499 POST /api/v1/auth/login 耗时=206ms 异常=用户名或密码错误
com.musheng.common.exception.BusinessException: 用户名或密码错误
	at com.musheng.system.service.impl.AuthServiceImpl.login(AuthServiceImpl.java:88)
	at java.base/jdk.internal.reflect.NativeMethodAccessorImpl.invoke0(Native Method)
	at java.base/jdk.internal.reflect.NativeMethodAccessorImpl.invoke(NativeMethodAccessorImpl.java:77)
	at java.base/jdk.internal.reflect.DelegatingMethodAccessorImpl.invoke(DelegatingMethodAccessorImpl.java:43)
	at java.base/java.lang.reflect.Method.invoke(Method.java:569)
	at org.springframework.aop.support.AopUtils.invokeJoinpointUsingReflection(AopUtils.java:351)
	at org.springframework.aop.framework.ReflectiveMethodInvocation.invokeJoinpoint(ReflectiveMethodInvocation.java:196)
	at org.springframework.aop.framework.ReflectiveMethodInvocation.proceed(ReflectiveMethodInvocation.java:163)
	at org.springframework.aop.framework.CglibAopProxy$CglibMethodInvocation.proceed(CglibAopProxy.java:765)
	at org.springframework.transaction.interceptor.TransactionInterceptor$1.proceedWithInvocation(TransactionInterceptor.java:123)
	at org.springframework.transaction.interceptor.TransactionAspectSupport.invokeWithinTransaction(TransactionAspectSupport.java:385)
	at org.springframework.transaction.interceptor.TransactionInterceptor.invoke(TransactionInterceptor.java:119)
	at org.springframework.aop.framework.ReflectiveMethodInvocation.proceed(ReflectiveMethodInvocation.java:184)
	at org.springframework.aop.framework.CglibAopProxy$CglibMethodInvocation.proceed(CglibAopProxy.java:765)
	at org.springframework.aop.framework.CglibAopProxy$DynamicAdvisedInterceptor.intercept(CglibAopProxy.java:717)
	at com.musheng.system.service.impl.AuthServiceImpl$$SpringCGLIB$$0.login(<generated>)
	at com.musheng.system.controller.AuthController.login(AuthController.java:34)
	at java.base/jdk.internal.reflect.NativeMethodAccessorImpl.invoke0(Native Method)
	at java.base/jdk.internal.reflect.NativeMethodAccessorImpl.invoke(NativeMethodAccessorImpl.java:77)
	at java.base/jdk.internal.reflect.DelegatingMethodAccessorImpl.invoke(DelegatingMethodAccessorImpl.java:43)
	at java.base/java.lang.reflect.Method.invoke(Method.java:569)
	at org.springframework.aop.support.AopUtils.invokeJoinpointUsingReflection(AopUtils.java:351)
	at org.springframework.aop.framework.ReflectiveMethodInvocation.invokeJoinpoint(ReflectiveMethodInvocation.java:196)
	at org.springframework.aop.framework.ReflectiveMethodInvocation.proceed(ReflectiveMethodInvocation.java:163)
	at org.springframework.aop.framework.CglibAopProxy$CglibMethodInvocation.proceed(CglibAopProxy.java:765)
	at org.springframework.aop.aspectj.MethodInvocationProceedingJoinPoint.proceed(MethodInvocationProceedingJoinPoint.java:89)
	at com.musheng.system.aspect.OperationLogAspect.around(OperationLogAspect.java:96)
	at java.base/jdk.internal.reflect.NativeMethodAccessorImpl.invoke0(Native Method)
	at java.base/jdk.internal.reflect.NativeMethodAccessorImpl.invoke(NativeMethodAccessorImpl.java:77)
	at java.base/jdk.internal.reflect.DelegatingMethodAccessorImpl.invoke(DelegatingMethodAccessorImpl.java:43)
	at java.base/java.lang.reflect.Method.invoke(Method.java:569)
	at org.springframework.aop.aspectj.AbstractAspectJAdvice.invokeAdviceMethodWithGivenArgs(AbstractAspectJAdvice.java:637)
	at org.springframework.aop.aspectj.AbstractAspectJAdvice.invokeAdviceMethod(AbstractAspectJAdvice.java:627)
	at org.springframework.aop.aspectj.AspectJAroundAdvice.invoke(AspectJAroundAdvice.java:71)
	at org.springframework.aop.framework.ReflectiveMethodInvocation.proceed(ReflectiveMethodInvocation.java:173)
	at org.springframework.aop.framework.CglibAopProxy$CglibMethodInvocation.proceed(CglibAopProxy.java:765)
	at org.springframework.aop.aspectj.MethodInvocationProceedingJoinPoint.proceed(MethodInvocationProceedingJoinPoint.java:89)
	at com.musheng.aop.RequestLogAspect.logAround(RequestLogAspect.java:99)
	at java.base/jdk.internal.reflect.NativeMethodAccessorImpl.invoke0(Native Method)
	at java.base/jdk.internal.reflect.NativeMethodAccessorImpl.invoke(NativeMethodAccessorImpl.java:77)
	at java.base/jdk.internal.reflect.DelegatingMethodAccessorImpl.invoke(DelegatingMethodAccessorImpl.java:43)
	at java.base/java.lang.reflect.Method.invoke(Method.java:569)
	at org.springframework.aop.aspectj.AbstractAspectJAdvice.invokeAdviceMethodWithGivenArgs(AbstractAspectJAdvice.java:637)
	at org.springframework.aop.aspectj.AbstractAspectJAdvice.invokeAdviceMethod(AbstractAspectJAdvice.java:627)
	at org.springframework.aop.aspectj.AspectJAroundAdvice.invoke(AspectJAroundAdvice.java:71)
	at org.springframework.aop.framework.ReflectiveMethodInvocation.proceed(ReflectiveMethodInvocation.java:184)
	at org.springframework.aop.framework.CglibAopProxy$CglibMethodInvocation.proceed(CglibAopProxy.java:765)
	at org.springframework.aop.interceptor.ExposeInvocationInterceptor.invoke(ExposeInvocationInterceptor.java:97)
	at org.springframework.aop.framework.ReflectiveMethodInvocation.proceed(ReflectiveMethodInvocation.java:184)
	at org.springframework.aop.framework.CglibAopProxy$CglibMethodInvocation.proceed(CglibAopProxy.java:765)
	at org.springframework.aop.framework.CglibAopProxy$DynamicAdvisedInterceptor.intercept(CglibAopProxy.java:717)
	at com.musheng.system.controller.AuthController$$SpringCGLIB$$0.login(<generated>)
	at java.base/jdk.internal.reflect.NativeMethodAccessorImpl.invoke0(Native Method)
	at java.base/jdk.internal.reflect.NativeMethodAccessorImpl.invoke(NativeMethodAccessorImpl.java:77)
	at java.base/jdk.internal.reflect.DelegatingMethodAccessorImpl.invoke(DelegatingMethodAccessorImpl.java:43)
	at java.base/java.lang.reflect.Method.invoke(Method.java:569)
	at org.springframework.web.method.support.InvocableHandlerMethod.doInvoke(InvocableHandlerMethod.java:261)
	at org.springframework.web.method.support.InvocableHandlerMethod.invokeForRequest(InvocableHandlerMethod.java:189)
	at org.springframework.web.servlet.mvc.method.annotation.ServletInvocableHandlerMethod.invokeAndHandle(ServletInvocableHandlerMethod.java:118)
	at org.springframework.web.servlet.mvc.method.annotation.RequestMappingHandlerAdapter.invokeHandlerMethod(RequestMappingHandlerAdapter.java:917)
	at org.springframework.web.servlet.mvc.method.annotation.RequestMappingHandlerAdapter.handleInternal(RequestMappingHandlerAdapter.java:829)
	at org.springframework.web.servlet.mvc.method.AbstractHandlerMethodAdapter.handle(AbstractHandlerMethodAdapter.java:87)
	at org.springframework.web.servlet.DispatcherServlet.doDispatch(DispatcherServlet.java:1089)
	at org.springframework.web.servlet.DispatcherServlet.doService(DispatcherServlet.java:979)
	at org.springframework.web.servlet.FrameworkServlet.processRequest(FrameworkServlet.java:1014)
	at org.springframework.web.servlet.FrameworkServlet.doPost(FrameworkServlet.java:914)
	at jakarta.servlet.http.HttpServlet.service(HttpServlet.java:590)
	at org.springframework.web.servlet.FrameworkServlet.service(FrameworkServlet.java:885)
	at jakarta.servlet.http.HttpServlet.service(HttpServlet.java:658)
	at org.apache.catalina.core.ApplicationFilterChain.internalDoFilter(ApplicationFilterChain.java:205)
	at org.apache.catalina.core.ApplicationFilterChain.doFilter(ApplicationFilterChain.java:149)
	at org.apache.tomcat.websocket.server.WsFilter.doFilter(WsFilter.java:51)
	at org.apache.catalina.core.ApplicationFilterChain.internalDoFilter(ApplicationFilterChain.java:174)
	at org.apache.catalina.core.ApplicationFilterChain.doFilter(ApplicationFilterChain.java:149)
	at com.musheng.filter.TraceIdFilter.doFilterInternal(TraceIdFilter.java:61)
	at org.springframework.web.filter.OncePerRequestFilter.doFilter(OncePerRequestFilter.java:116)
	at org.apache.catalina.core.ApplicationFilterChain.internalDoFilter(ApplicationFilterChain.java:174)
	at org.apache.catalina.core.ApplicationFilterChain.doFilter(ApplicationFilterChain.java:149)
	at cn.dev33.satoken.filter.SaServletFilter.doFilter(SaServletFilter.java:150)
	at org.apache.catalina.core.ApplicationFilterChain.internalDoFilter(ApplicationFilterChain.java:174)
	at org.apache.catalina.core.ApplicationFilterChain.doFilter(ApplicationFilterChain.java:149)
	at org.springframework.web.filter.RequestContextFilter.doFilterInternal(RequestContextFilter.java:100)
	at org.springframework.web.filter.OncePerRequestFilter.doFilter(OncePerRequestFilter.java:116)
	at org.apache.catalina.core.ApplicationFilterChain.internalDoFilter(ApplicationFilterChain.java:174)
	at org.apache.catalina.core.ApplicationFilterChain.doFilter(ApplicationFilterChain.java:149)
	at cn.dev33.satoken.filter.SaPathCheckFilterForJakartaServlet.doFilter(SaPathCheckFilterForJakartaServlet.java:55)
	at org.apache.catalina.core.ApplicationFilterChain.internalDoFilter(ApplicationFilterChain.java:174)
	at org.apache.catalina.core.ApplicationFilterChain.doFilter(ApplicationFilterChain.java:149)
	at org.springframework.web.filter.FormContentFilter.doFilterInternal(FormContentFilter.java:93)
	at org.springframework.web.filter.OncePerRequestFilter.doFilter(OncePerRequestFilter.java:116)
	at org.apache.catalina.core.ApplicationFilterChain.internalDoFilter(ApplicationFilterChain.java:174)
	at org.apache.catalina.core.ApplicationFilterChain.doFilter(ApplicationFilterChain.java:149)
	at org.springframework.web.filter.CharacterEncodingFilter.doFilterInternal(CharacterEncodingFilter.java:201)
	at org.springframework.web.filter.OncePerRequestFilter.doFilter(OncePerRequestFilter.java:116)
	at org.apache.catalina.core.ApplicationFilterChain.internalDoFilter(ApplicationFilterChain.java:174)
	at org.apache.catalina.core.ApplicationFilterChain.doFilter(ApplicationFilterChain.java:149)
	at org.apache.catalina.core.StandardWrapperValve.invoke(StandardWrapperValve.java:167)
	at org.apache.catalina.core.StandardContextValve.invoke(StandardContextValve.java:90)
	at org.apache.catalina.authenticator.AuthenticatorBase.invoke(AuthenticatorBase.java:482)
	at org.apache.catalina.core.StandardHostValve.invoke(StandardHostValve.java:115)
	at org.apache.catalina.valves.ErrorReportValve.invoke(ErrorReportValve.java:93)
	at org.apache.catalina.core.StandardEngineValve.invoke(StandardEngineValve.java:74)
	at org.apache.catalina.connector.CoyoteAdapter.service(CoyoteAdapter.java:340)
	at org.apache.coyote.http11.Http11Processor.service(Http11Processor.java:391)
	at org.apache.coyote.AbstractProcessorLight.process(AbstractProcessorLight.java:63)
	at org.apache.coyote.AbstractProtocol$ConnectionHandler.process(AbstractProtocol.java:896)
	at org.apache.tomcat.util.net.NioEndpoint$SocketProcessor.doRun(NioEndpoint.java:1744)
	at org.apache.tomcat.util.net.SocketProcessorBase.run(SocketProcessorBase.java:52)
	at org.apache.tomcat.util.threads.ThreadPoolExecutor.runWorker(ThreadPoolExecutor.java:1191)
	at org.apache.tomcat.util.threads.ThreadPoolExecutor$Worker.run(ThreadPoolExecutor.java:659)
	at org.apache.tomcat.util.threads.TaskThread$WrappingRunnable.run(TaskThread.java:61)
	at java.base/java.lang.Thread.run(Thread.java:840)
2026-03-22 12:38:51.599 [http-nio-8888-exec-6] [87703d69ca254499] WARN  c.musheng.common.exception.GlobalExceptionHandler - 业务异常: 20003 - 用户名或密码错误
2026-03-22 12:40:06.782 [http-nio-8888-exec-3] [127959bc8c9944c1] INFO  com.musheng.aop.RequestLogAspect - [请求开始] traceId=127959bc8c9944c1 userId=未登录 POST /api/v1/auth/login ip=0:0:0:0:0:0:0:1 方法=AuthController.login 参数=[LoginRequest(username=admin, password=123456), org.apache.catalina.connector.RequestFacade@25be6c98]
2026-03-22 12:40:07.051 [http-nio-8888-exec-3] [127959bc8c9944c1] INFO  com.musheng.system.service.impl.AuthServiceImpl - User logged in successfully: admin
2026-03-22 12:40:07.062 [http-nio-8888-exec-3] [127959bc8c9944c1] INFO  com.musheng.aop.RequestLogAspect - [请求结束] traceId=127959bc8c9944c1 POST /api/v1/auth/login 耗时=281ms 响应=Result(code=0, message=success, data=LoginResponse(token=0808f8e3-d636-4101-a091-015eff2f0a63, tokenType=Bearer, expiresIn=86400, userInfo=LoginResponse.UserInfo(id=1, username=admin, realName=System Administrator, role=admin, roleCode=admin, roleName=Administrator, avatar=null, email=null, phone=null, status=1, createTime=2026-01-19T20:38:39, lastLoginTime=2026-03-22T12:40:06.951015), permissions=[*]), timestamp=1774154407058, requestId=null)
2026-03-22 12:41:18.488 [http-nio-8888-exec-9] [de5c920342b74384] ERROR c.musheng.common.exception.GlobalExceptionHandler - 系统异常 /api/v1/document/inv/generate: No static resource v1/document/inv/generate.
org.springframework.web.servlet.resource.NoResourceFoundException: No static resource v1/document/inv/generate.
	at org.springframework.web.servlet.resource.ResourceHttpRequestHandler.handleRequest(ResourceHttpRequestHandler.java:585)
	at org.springframework.web.servlet.mvc.HttpRequestHandlerAdapter.handle(HttpRequestHandlerAdapter.java:52)
	at org.springframework.web.servlet.DispatcherServlet.doDispatch(DispatcherServlet.java:1089)
	at org.springframework.web.servlet.DispatcherServlet.doService(DispatcherServlet.java:979)
	at org.springframework.web.servlet.FrameworkServlet.processRequest(FrameworkServlet.java:1014)
	at org.springframework.web.servlet.FrameworkServlet.doPost(FrameworkServlet.java:914)
	at jakarta.servlet.http.HttpServlet.service(HttpServlet.java:590)
	at org.springframework.web.servlet.FrameworkServlet.service(FrameworkServlet.java:885)
	at jakarta.servlet.http.HttpServlet.service(HttpServlet.java:658)
	at org.apache.catalina.core.ApplicationFilterChain.internalDoFilter(ApplicationFilterChain.java:205)
	at org.apache.catalina.core.ApplicationFilterChain.doFilter(ApplicationFilterChain.java:149)
	at org.apache.tomcat.websocket.server.WsFilter.doFilter(WsFilter.java:51)
	at org.apache.catalina.core.ApplicationFilterChain.internalDoFilter(ApplicationFilterChain.java:174)
	at org.apache.catalina.core.ApplicationFilterChain.doFilter(ApplicationFilterChain.java:149)
	at com.musheng.filter.TraceIdFilter.doFilterInternal(TraceIdFilter.java:61)
	at org.springframework.web.filter.OncePerRequestFilter.doFilter(OncePerRequestFilter.java:116)
	at org.apache.catalina.core.ApplicationFilterChain.internalDoFilter(ApplicationFilterChain.java:174)
	at org.apache.catalina.core.ApplicationFilterChain.doFilter(ApplicationFilterChain.java:149)
	at cn.dev33.satoken.filter.SaServletFilter.doFilter(SaServletFilter.java:150)
	at org.apache.catalina.core.ApplicationFilterChain.internalDoFilter(ApplicationFilterChain.java:174)
	at org.apache.catalina.core.ApplicationFilterChain.doFilter(ApplicationFilterChain.java:149)
	at org.springframework.web.filter.RequestContextFilter.doFilterInternal(RequestContextFilter.java:100)
	at org.springframework.web.filter.OncePerRequestFilter.doFilter(OncePerRequestFilter.java:116)
	at org.apache.catalina.core.ApplicationFilterChain.internalDoFilter(ApplicationFilterChain.java:174)
	at org.apache.catalina.core.ApplicationFilterChain.doFilter(ApplicationFilterChain.java:149)
	at cn.dev33.satoken.filter.SaPathCheckFilterForJakartaServlet.doFilter(SaPathCheckFilterForJakartaServlet.java:55)
	at org.apache.catalina.core.ApplicationFilterChain.internalDoFilter(ApplicationFilterChain.java:174)
	at org.apache.catalina.core.ApplicationFilterChain.doFilter(ApplicationFilterChain.java:149)
	at org.springframework.web.filter.FormContentFilter.doFilterInternal(FormContentFilter.java:93)
	at org.springframework.web.filter.OncePerRequestFilter.doFilter(OncePerRequestFilter.java:116)
	at org.apache.catalina.core.ApplicationFilterChain.internalDoFilter(ApplicationFilterChain.java:174)
	at org.apache.catalina.core.ApplicationFilterChain.doFilter(ApplicationFilterChain.java:149)
	at org.springframework.web.filter.CharacterEncodingFilter.doFilterInternal(CharacterEncodingFilter.java:201)
	at org.springframework.web.filter.OncePerRequestFilter.doFilter(OncePerRequestFilter.java:116)
	at org.apache.catalina.core.ApplicationFilterChain.internalDoFilter(ApplicationFilterChain.java:174)
	at org.apache.catalina.core.ApplicationFilterChain.doFilter(ApplicationFilterChain.java:149)
	at org.apache.catalina.core.StandardWrapperValve.invoke(StandardWrapperValve.java:167)
	at org.apache.catalina.core.StandardContextValve.invoke(StandardContextValve.java:90)
	at org.apache.catalina.authenticator.AuthenticatorBase.invoke(AuthenticatorBase.java:482)
	at org.apache.catalina.core.StandardHostValve.invoke(StandardHostValve.java:115)
	at org.apache.catalina.valves.ErrorReportValve.invoke(ErrorReportValve.java:93)
	at org.apache.catalina.core.StandardEngineValve.invoke(StandardEngineValve.java:74)
	at org.apache.catalina.connector.CoyoteAdapter.service(CoyoteAdapter.java:340)
	at org.apache.coyote.http11.Http11Processor.service(Http11Processor.java:391)
	at org.apache.coyote.AbstractProcessorLight.process(AbstractProcessorLight.java:63)
	at org.apache.coyote.AbstractProtocol$ConnectionHandler.process(AbstractProtocol.java:896)
	at org.apache.tomcat.util.net.NioEndpoint$SocketProcessor.doRun(NioEndpoint.java:1744)
	at org.apache.tomcat.util.net.SocketProcessorBase.run(SocketProcessorBase.java:52)
	at org.apache.tomcat.util.threads.ThreadPoolExecutor.runWorker(ThreadPoolExecutor.java:1191)
	at org.apache.tomcat.util.threads.ThreadPoolExecutor$Worker.run(ThreadPoolExecutor.java:659)
	at org.apache.tomcat.util.threads.TaskThread$WrappingRunnable.run(TaskThread.java:61)
	at java.base/java.lang.Thread.run(Thread.java:840)
2026-03-22 12:41:31.232 [http-nio-8888-exec-2] [988fd050ff9a485c] INFO  com.musheng.aop.RequestLogAspect - [请求开始] traceId=988fd050ff9a485c userId=未登录 GET /api/v3/api-docs ip=0:0:0:0:0:0:0:1 方法=OpenApiWebMvcResource.openapiJson 参数=[org.apache.catalina.connector.RequestFacade@57da12f0, /v3/api-docs, zh_CN_#Hans]
2026-03-22 12:41:31.257 [http-nio-8888-exec-2] [988fd050ff9a485c] INFO  com.musheng.aop.RequestLogAspect - [请求结束] traceId=988fd050ff9a485c GET /api/v3/api-docs 耗时=25ms 响应=[B@3072764b
2026-03-22 12:41:37.443 [http-nio-8888-exec-1] [356f316686954abe] WARN  c.musheng.common.exception.GlobalExceptionHandler - 请求体不可读: JSON parse error: Cannot deserialize value of type `java.util.ArrayList<java.lang.Long>` from Object value (token `JsonToken.START_OBJECT`)
2026-03-22 12:41:49.078 [http-nio-8888-exec-4] [c4acf69f23be451a] INFO  com.musheng.aop.RequestLogAspect - [请求开始] traceId=c4acf69f23be451a userId=未登录 GET /api/v3/api-docs ip=0:0:0:0:0:0:0:1 方法=OpenApiWebMvcResource.openapiJson 参数=[org.apache.catalina.connector.RequestFacade@7ad04a8c, /v3/api-docs, zh_CN_#Hans]
2026-03-22 12:41:49.111 [http-nio-8888-exec-4] [c4acf69f23be451a] INFO  com.musheng.aop.RequestLogAspect - [请求结束] traceId=c4acf69f23be451a GET /api/v3/api-docs 耗时=33ms 响应=[B@26731040
2026-03-22 12:41:55.589 [http-nio-8888-exec-7] [d072556f1fd5498a] INFO  com.musheng.aop.RequestLogAspect - [请求开始] traceId=d072556f1fd5498a userId=1 POST /api/v1/business/document/inv/generate ip=0:0:0:0:0:0:0:1 方法=DocumentController.generateInvoices 参数=[[871]]
2026-03-22 12:41:55.591 [http-nio-8888-exec-7] [d072556f1fd5498a] INFO  c.m.b.document.controller.DocumentController - 生成INV发票，结算单数量: 1
2026-03-22 12:41:55.594 [http-nio-8888-exec-7] [d072556f1fd5498a] INFO  c.m.b.d.service.impl.DocumentGenerateServiceImpl - 开始生成INV发票，结算单ID数量: 1
2026-03-22 12:41:55.634 [http-nio-8888-exec-7] [d072556f1fd5498a] ERROR com.musheng.aop.RequestLogAspect - [请求异常] traceId=d072556f1fd5498a POST /api/v1/business/document/inv/generate 耗时=45ms 异常=未选择店铺，请先选择店铺后再操作
java.lang.IllegalStateException: 未选择店铺，请先选择店铺后再操作
	at com.musheng.common.context.ShopContext.requireShopId(ShopContext.java:39)
	at com.musheng.business.document.service.impl.DocumentGenerateServiceImpl.generateInvoices(DocumentGenerateServiceImpl.java:348)
	at java.base/jdk.internal.reflect.NativeMethodAccessorImpl.invoke0(Native Method)
	at java.base/jdk.internal.reflect.NativeMethodAccessorImpl.invoke(NativeMethodAccessorImpl.java:77)
	at java.base/jdk.internal.reflect.DelegatingMethodAccessorImpl.invoke(DelegatingMethodAccessorImpl.java:43)
	at java.base/java.lang.reflect.Method.invoke(Method.java:569)
	at org.springframework.aop.support.AopUtils.invokeJoinpointUsingReflection(AopUtils.java:351)
	at org.springframework.aop.framework.ReflectiveMethodInvocation.invokeJoinpoint(ReflectiveMethodInvocation.java:196)
	at org.springframework.aop.framework.ReflectiveMethodInvocation.proceed(ReflectiveMethodInvocation.java:163)
	at org.springframework.aop.framework.CglibAopProxy$CglibMethodInvocation.proceed(CglibAopProxy.java:765)
	at org.springframework.transaction.interceptor.TransactionInterceptor$1.proceedWithInvocation(TransactionInterceptor.java:123)
	at org.springframework.transaction.interceptor.TransactionAspectSupport.invokeWithinTransaction(TransactionAspectSupport.java:385)
	at org.springframework.transaction.interceptor.TransactionInterceptor.invoke(TransactionInterceptor.java:119)
	at org.springframework.aop.framework.ReflectiveMethodInvocation.proceed(ReflectiveMethodInvocation.java:184)
	at org.springframework.aop.framework.CglibAopProxy$CglibMethodInvocation.proceed(CglibAopProxy.java:765)
	at org.springframework.aop.framework.CglibAopProxy$DynamicAdvisedInterceptor.intercept(CglibAopProxy.java:717)
	at com.musheng.business.document.service.impl.DocumentGenerateServiceImpl$$SpringCGLIB$$0.generateInvoices(<generated>)
	at com.musheng.business.document.controller.DocumentController.generateInvoices(DocumentController.java:119)
	at java.base/jdk.internal.reflect.NativeMethodAccessorImpl.invoke0(Native Method)
	at java.base/jdk.internal.reflect.NativeMethodAccessorImpl.invoke(NativeMethodAccessorImpl.java:77)
	at java.base/jdk.internal.reflect.DelegatingMethodAccessorImpl.invoke(DelegatingMethodAccessorImpl.java:43)
	at java.base/java.lang.reflect.Method.invoke(Method.java:569)
	at org.springframework.aop.support.AopUtils.invokeJoinpointUsingReflection(AopUtils.java:351)
	at org.springframework.aop.framework.ReflectiveMethodInvocation.invokeJoinpoint(ReflectiveMethodInvocation.java:196)
	at org.springframework.aop.framework.ReflectiveMethodInvocation.proceed(ReflectiveMethodInvocation.java:163)
	at org.springframework.aop.framework.CglibAopProxy$CglibMethodInvocation.proceed(CglibAopProxy.java:765)
	at org.springframework.aop.aspectj.MethodInvocationProceedingJoinPoint.proceed(MethodInvocationProceedingJoinPoint.java:89)
	at com.musheng.aop.RequestLogAspect.logAround(RequestLogAspect.java:99)
	at java.base/jdk.internal.reflect.NativeMethodAccessorImpl.invoke0(Native Method)
	at java.base/jdk.internal.reflect.NativeMethodAccessorImpl.invoke(NativeMethodAccessorImpl.java:77)
	at java.base/jdk.internal.reflect.DelegatingMethodAccessorImpl.invoke(DelegatingMethodAccessorImpl.java:43)
	at java.base/java.lang.reflect.Method.invoke(Method.java:569)
	at org.springframework.aop.aspectj.AbstractAspectJAdvice.invokeAdviceMethodWithGivenArgs(AbstractAspectJAdvice.java:637)
	at org.springframework.aop.aspectj.AbstractAspectJAdvice.invokeAdviceMethod(AbstractAspectJAdvice.java:627)
	at org.springframework.aop.aspectj.AspectJAroundAdvice.invoke(AspectJAroundAdvice.java:71)
	at org.springframework.aop.framework.ReflectiveMethodInvocation.proceed(ReflectiveMethodInvocation.java:184)
	at org.springframework.aop.framework.CglibAopProxy$CglibMethodInvocation.proceed(CglibAopProxy.java:765)
	at org.springframework.aop.interceptor.ExposeInvocationInterceptor.invoke(ExposeInvocationInterceptor.java:97)
	at org.springframework.aop.framework.ReflectiveMethodInvocation.proceed(ReflectiveMethodInvocation.java:184)
	at org.springframework.aop.framework.CglibAopProxy$CglibMethodInvocation.proceed(CglibAopProxy.java:765)
	at org.springframework.aop.framework.CglibAopProxy$DynamicAdvisedInterceptor.intercept(CglibAopProxy.java:717)
	at com.musheng.business.document.controller.DocumentController$$SpringCGLIB$$0.generateInvoices(<generated>)
	at java.base/jdk.internal.reflect.NativeMethodAccessorImpl.invoke0(Native Method)
	at java.base/jdk.internal.reflect.NativeMethodAccessorImpl.invoke(NativeMethodAccessorImpl.java:77)
	at java.base/jdk.internal.reflect.DelegatingMethodAccessorImpl.invoke(DelegatingMethodAccessorImpl.java:43)
	at java.base/java.lang.reflect.Method.invoke(Method.java:569)
	at org.springframework.web.method.support.InvocableHandlerMethod.doInvoke(InvocableHandlerMethod.java:261)
	at org.springframework.web.method.support.InvocableHandlerMethod.invokeForRequest(InvocableHandlerMethod.java:189)
	at org.springframework.web.servlet.mvc.method.annotation.ServletInvocableHandlerMethod.invokeAndHandle(ServletInvocableHandlerMethod.java:118)
	at org.springframework.web.servlet.mvc.method.annotation.RequestMappingHandlerAdapter.invokeHandlerMethod(RequestMappingHandlerAdapter.java:917)
	at org.springframework.web.servlet.mvc.method.annotation.RequestMappingHandlerAdapter.handleInternal(RequestMappingHandlerAdapter.java:829)
	at org.springframework.web.servlet.mvc.method.AbstractHandlerMethodAdapter.handle(AbstractHandlerMethodAdapter.java:87)
	at org.springframework.web.servlet.DispatcherServlet.doDispatch(DispatcherServlet.java:1089)
	at org.springframework.web.servlet.DispatcherServlet.doService(DispatcherServlet.java:979)
	at org.springframework.web.servlet.FrameworkServlet.processRequest(FrameworkServlet.java:1014)
	at org.springframework.web.servlet.FrameworkServlet.doPost(FrameworkServlet.java:914)
	at jakarta.servlet.http.HttpServlet.service(HttpServlet.java:590)
	at org.springframework.web.servlet.FrameworkServlet.service(FrameworkServlet.java:885)
	at jakarta.servlet.http.HttpServlet.service(HttpServlet.java:658)
	at org.apache.catalina.core.ApplicationFilterChain.internalDoFilter(ApplicationFilterChain.java:205)
	at org.apache.catalina.core.ApplicationFilterChain.doFilter(ApplicationFilterChain.java:149)
	at org.apache.tomcat.websocket.server.WsFilter.doFilter(WsFilter.java:51)
	at org.apache.catalina.core.ApplicationFilterChain.internalDoFilter(ApplicationFilterChain.java:174)
	at org.apache.catalina.core.ApplicationFilterChain.doFilter(ApplicationFilterChain.java:149)
	at com.musheng.filter.TraceIdFilter.doFilterInternal(TraceIdFilter.java:61)
	at org.springframework.web.filter.OncePerRequestFilter.doFilter(OncePerRequestFilter.java:116)
	at org.apache.catalina.core.ApplicationFilterChain.internalDoFilter(ApplicationFilterChain.java:174)
	at org.apache.catalina.core.ApplicationFilterChain.doFilter(ApplicationFilterChain.java:149)
	at cn.dev33.satoken.filter.SaServletFilter.doFilter(SaServletFilter.java:150)
	at org.apache.catalina.core.ApplicationFilterChain.internalDoFilter(ApplicationFilterChain.java:174)
	at org.apache.catalina.core.ApplicationFilterChain.doFilter(ApplicationFilterChain.java:149)
	at org.springframework.web.filter.RequestContextFilter.doFilterInternal(RequestContextFilter.java:100)
	at org.springframework.web.filter.OncePerRequestFilter.doFilter(OncePerRequestFilter.java:116)
	at org.apache.catalina.core.ApplicationFilterChain.internalDoFilter(ApplicationFilterChain.java:174)
	at org.apache.catalina.core.ApplicationFilterChain.doFilter(ApplicationFilterChain.java:149)
	at cn.dev33.satoken.filter.SaPathCheckFilterForJakartaServlet.doFilter(SaPathCheckFilterForJakartaServlet.java:55)
	at org.apache.catalina.core.ApplicationFilterChain.internalDoFilter(ApplicationFilterChain.java:174)
	at org.apache.catalina.core.ApplicationFilterChain.doFilter(ApplicationFilterChain.java:149)
	at org.springframework.web.filter.FormContentFilter.doFilterInternal(FormContentFilter.java:93)
	at org.springframework.web.filter.OncePerRequestFilter.doFilter(OncePerRequestFilter.java:116)
	at org.apache.catalina.core.ApplicationFilterChain.internalDoFilter(ApplicationFilterChain.java:174)
	at org.apache.catalina.core.ApplicationFilterChain.doFilter(ApplicationFilterChain.java:149)
	at org.springframework.web.filter.CharacterEncodingFilter.doFilterInternal(CharacterEncodingFilter.java:201)
	at org.springframework.web.filter.OncePerRequestFilter.doFilter(OncePerRequestFilter.java:116)
	at org.apache.catalina.core.ApplicationFilterChain.internalDoFilter(ApplicationFilterChain.java:174)
	at org.apache.catalina.core.ApplicationFilterChain.doFilter(ApplicationFilterChain.java:149)
	at org.apache.catalina.core.StandardWrapperValve.invoke(StandardWrapperValve.java:167)
	at org.apache.catalina.core.StandardContextValve.invoke(StandardContextValve.java:90)
	at org.apache.catalina.authenticator.AuthenticatorBase.invoke(AuthenticatorBase.java:482)
	at org.apache.catalina.core.StandardHostValve.invoke(StandardHostValve.java:115)
	at org.apache.catalina.valves.ErrorReportValve.invoke(ErrorReportValve.java:93)
	at org.apache.catalina.core.StandardEngineValve.invoke(StandardEngineValve.java:74)
	at org.apache.catalina.connector.CoyoteAdapter.service(CoyoteAdapter.java:340)
	at org.apache.coyote.http11.Http11Processor.service(Http11Processor.java:391)
	at org.apache.coyote.AbstractProcessorLight.process(AbstractProcessorLight.java:63)
	at org.apache.coyote.AbstractProtocol$ConnectionHandler.process(AbstractProtocol.java:896)
	at org.apache.tomcat.util.net.NioEndpoint$SocketProcessor.doRun(NioEndpoint.java:1744)
	at org.apache.tomcat.util.net.SocketProcessorBase.run(SocketProcessorBase.java:52)
	at org.apache.tomcat.util.threads.ThreadPoolExecutor.runWorker(ThreadPoolExecutor.java:1191)
	at org.apache.tomcat.util.threads.ThreadPoolExecutor$Worker.run(ThreadPoolExecutor.java:659)
	at org.apache.tomcat.util.threads.TaskThread$WrappingRunnable.run(TaskThread.java:61)
	at java.base/java.lang.Thread.run(Thread.java:840)
2026-03-22 12:41:55.639 [http-nio-8888-exec-7] [d072556f1fd5498a] ERROR c.musheng.common.exception.GlobalExceptionHandler - 系统异常 /api/v1/business/document/inv/generate: 未选择店铺，请先选择店铺后再操作
java.lang.IllegalStateException: 未选择店铺，请先选择店铺后再操作
	at com.musheng.common.context.ShopContext.requireShopId(ShopContext.java:39)
	at com.musheng.business.document.service.impl.DocumentGenerateServiceImpl.generateInvoices(DocumentGenerateServiceImpl.java:348)
	at java.base/jdk.internal.reflect.NativeMethodAccessorImpl.invoke0(Native Method)
	at java.base/jdk.internal.reflect.NativeMethodAccessorImpl.invoke(NativeMethodAccessorImpl.java:77)
	at java.base/jdk.internal.reflect.DelegatingMethodAccessorImpl.invoke(DelegatingMethodAccessorImpl.java:43)
	at java.base/java.lang.reflect.Method.invoke(Method.java:569)
	at org.springframework.aop.support.AopUtils.invokeJoinpointUsingReflection(AopUtils.java:351)
	at org.springframework.aop.framework.ReflectiveMethodInvocation.invokeJoinpoint(ReflectiveMethodInvocation.java:196)
	at org.springframework.aop.framework.ReflectiveMethodInvocation.proceed(ReflectiveMethodInvocation.java:163)
	at org.springframework.aop.framework.CglibAopProxy$CglibMethodInvocation.proceed(CglibAopProxy.java:765)
	at org.springframework.transaction.interceptor.TransactionInterceptor$1.proceedWithInvocation(TransactionInterceptor.java:123)
	at org.springframework.transaction.interceptor.TransactionAspectSupport.invokeWithinTransaction(TransactionAspectSupport.java:385)
	at org.springframework.transaction.interceptor.TransactionInterceptor.invoke(TransactionInterceptor.java:119)
	at org.springframework.aop.framework.ReflectiveMethodInvocation.proceed(ReflectiveMethodInvocation.java:184)
	at org.springframework.aop.framework.CglibAopProxy$CglibMethodInvocation.proceed(CglibAopProxy.java:765)
	at org.springframework.aop.framework.CglibAopProxy$DynamicAdvisedInterceptor.intercept(CglibAopProxy.java:717)
	at com.musheng.business.document.service.impl.DocumentGenerateServiceImpl$$SpringCGLIB$$0.generateInvoices(<generated>)
	at com.musheng.business.document.controller.DocumentController.generateInvoices(DocumentController.java:119)
	at java.base/jdk.internal.reflect.NativeMethodAccessorImpl.invoke0(Native Method)
	at java.base/jdk.internal.reflect.NativeMethodAccessorImpl.invoke(NativeMethodAccessorImpl.java:77)
	at java.base/jdk.internal.reflect.DelegatingMethodAccessorImpl.invoke(DelegatingMethodAccessorImpl.java:43)
	at java.base/java.lang.reflect.Method.invoke(Method.java:569)
	at org.springframework.aop.support.AopUtils.invokeJoinpointUsingReflection(AopUtils.java:351)
	at org.springframework.aop.framework.ReflectiveMethodInvocation.invokeJoinpoint(ReflectiveMethodInvocation.java:196)
	at org.springframework.aop.framework.ReflectiveMethodInvocation.proceed(ReflectiveMethodInvocation.java:163)
	at org.springframework.aop.framework.CglibAopProxy$CglibMethodInvocation.proceed(CglibAopProxy.java:765)
	at org.springframework.aop.aspectj.MethodInvocationProceedingJoinPoint.proceed(MethodInvocationProceedingJoinPoint.java:89)
	at com.musheng.aop.RequestLogAspect.logAround(RequestLogAspect.java:99)
	at java.base/jdk.internal.reflect.NativeMethodAccessorImpl.invoke0(Native Method)
	at java.base/jdk.internal.reflect.NativeMethodAccessorImpl.invoke(NativeMethodAccessorImpl.java:77)
	at java.base/jdk.internal.reflect.DelegatingMethodAccessorImpl.invoke(DelegatingMethodAccessorImpl.java:43)
	at java.base/java.lang.reflect.Method.invoke(Method.java:569)
	at org.springframework.aop.aspectj.AbstractAspectJAdvice.invokeAdviceMethodWithGivenArgs(AbstractAspectJAdvice.java:637)
	at org.springframework.aop.aspectj.AbstractAspectJAdvice.invokeAdviceMethod(AbstractAspectJAdvice.java:627)
	at org.springframework.aop.aspectj.AspectJAroundAdvice.invoke(AspectJAroundAdvice.java:71)
	at org.springframework.aop.framework.ReflectiveMethodInvocation.proceed(ReflectiveMethodInvocation.java:184)
	at org.springframework.aop.framework.CglibAopProxy$CglibMethodInvocation.proceed(CglibAopProxy.java:765)
	at org.springframework.aop.interceptor.ExposeInvocationInterceptor.invoke(ExposeInvocationInterceptor.java:97)
	at org.springframework.aop.framework.ReflectiveMethodInvocation.proceed(ReflectiveMethodInvocation.java:184)
	at org.springframework.aop.framework.CglibAopProxy$CglibMethodInvocation.proceed(CglibAopProxy.java:765)
	at org.springframework.aop.framework.CglibAopProxy$DynamicAdvisedInterceptor.intercept(CglibAopProxy.java:717)
	at com.musheng.business.document.controller.DocumentController$$SpringCGLIB$$0.generateInvoices(<generated>)
	at java.base/jdk.internal.reflect.NativeMethodAccessorImpl.invoke0(Native Method)
	at java.base/jdk.internal.reflect.NativeMethodAccessorImpl.invoke(NativeMethodAccessorImpl.java:77)
	at java.base/jdk.internal.reflect.DelegatingMethodAccessorImpl.invoke(DelegatingMethodAccessorImpl.java:43)
	at java.base/java.lang.reflect.Method.invoke(Method.java:569)
	at org.springframework.web.method.support.InvocableHandlerMethod.doInvoke(InvocableHandlerMethod.java:261)
	at org.springframework.web.method.support.InvocableHandlerMethod.invokeForRequest(InvocableHandlerMethod.java:189)
	at org.springframework.web.servlet.mvc.method.annotation.ServletInvocableHandlerMethod.invokeAndHandle(ServletInvocableHandlerMethod.java:118)
	at org.springframework.web.servlet.mvc.method.annotation.RequestMappingHandlerAdapter.invokeHandlerMethod(RequestMappingHandlerAdapter.java:917)
	at org.springframework.web.servlet.mvc.method.annotation.RequestMappingHandlerAdapter.handleInternal(RequestMappingHandlerAdapter.java:829)
	at org.springframework.web.servlet.mvc.method.AbstractHandlerMethodAdapter.handle(AbstractHandlerMethodAdapter.java:87)
	at org.springframework.web.servlet.DispatcherServlet.doDispatch(DispatcherServlet.java:1089)
	at org.springframework.web.servlet.DispatcherServlet.doService(DispatcherServlet.java:979)
	at org.springframework.web.servlet.FrameworkServlet.processRequest(FrameworkServlet.java:1014)
	at org.springframework.web.servlet.FrameworkServlet.doPost(FrameworkServlet.java:914)
	at jakarta.servlet.http.HttpServlet.service(HttpServlet.java:590)
	at org.springframework.web.servlet.FrameworkServlet.service(FrameworkServlet.java:885)
	at jakarta.servlet.http.HttpServlet.service(HttpServlet.java:658)
	at org.apache.catalina.core.ApplicationFilterChain.internalDoFilter(ApplicationFilterChain.java:205)
	at org.apache.catalina.core.ApplicationFilterChain.doFilter(ApplicationFilterChain.java:149)
	at org.apache.tomcat.websocket.server.WsFilter.doFilter(WsFilter.java:51)
	at org.apache.catalina.core.ApplicationFilterChain.internalDoFilter(ApplicationFilterChain.java:174)
	at org.apache.catalina.core.ApplicationFilterChain.doFilter(ApplicationFilterChain.java:149)
	at com.musheng.filter.TraceIdFilter.doFilterInternal(TraceIdFilter.java:61)
	at org.springframework.web.filter.OncePerRequestFilter.doFilter(OncePerRequestFilter.java:116)
	at org.apache.catalina.core.ApplicationFilterChain.internalDoFilter(ApplicationFilterChain.java:174)
	at org.apache.catalina.core.ApplicationFilterChain.doFilter(ApplicationFilterChain.java:149)
	at cn.dev33.satoken.filter.SaServletFilter.doFilter(SaServletFilter.java:150)
	at org.apache.catalina.core.ApplicationFilterChain.internalDoFilter(ApplicationFilterChain.java:174)
	at org.apache.catalina.core.ApplicationFilterChain.doFilter(ApplicationFilterChain.java:149)
	at org.springframework.web.filter.RequestContextFilter.doFilterInternal(RequestContextFilter.java:100)
	at org.springframework.web.filter.OncePerRequestFilter.doFilter(OncePerRequestFilter.java:116)
	at org.apache.catalina.core.ApplicationFilterChain.internalDoFilter(ApplicationFilterChain.java:174)
	at org.apache.catalina.core.ApplicationFilterChain.doFilter(ApplicationFilterChain.java:149)
	at cn.dev33.satoken.filter.SaPathCheckFilterForJakartaServlet.doFilter(SaPathCheckFilterForJakartaServlet.java:55)
	at org.apache.catalina.core.ApplicationFilterChain.internalDoFilter(ApplicationFilterChain.java:174)
	at org.apache.catalina.core.ApplicationFilterChain.doFilter(ApplicationFilterChain.java:149)
	at org.springframework.web.filter.FormContentFilter.doFilterInternal(FormContentFilter.java:93)
	at org.springframework.web.filter.OncePerRequestFilter.doFilter(OncePerRequestFilter.java:116)
	at org.apache.catalina.core.ApplicationFilterChain.internalDoFilter(ApplicationFilterChain.java:174)
	at org.apache.catalina.core.ApplicationFilterChain.doFilter(ApplicationFilterChain.java:149)
	at org.springframework.web.filter.CharacterEncodingFilter.doFilterInternal(CharacterEncodingFilter.java:201)
	at org.springframework.web.filter.OncePerRequestFilter.doFilter(OncePerRequestFilter.java:116)
	at org.apache.catalina.core.ApplicationFilterChain.internalDoFilter(ApplicationFilterChain.java:174)
	at org.apache.catalina.core.ApplicationFilterChain.doFilter(ApplicationFilterChain.java:149)
	at org.apache.catalina.core.StandardWrapperValve.invoke(StandardWrapperValve.java:167)
	at org.apache.catalina.core.StandardContextValve.invoke(StandardContextValve.java:90)
	at org.apache.catalina.authenticator.AuthenticatorBase.invoke(AuthenticatorBase.java:482)
	at org.apache.catalina.core.StandardHostValve.invoke(StandardHostValve.java:115)
	at org.apache.catalina.valves.ErrorReportValve.invoke(ErrorReportValve.java:93)
	at org.apache.catalina.core.StandardEngineValve.invoke(StandardEngineValve.java:74)
	at org.apache.catalina.connector.CoyoteAdapter.service(CoyoteAdapter.java:340)
	at org.apache.coyote.http11.Http11Processor.service(Http11Processor.java:391)
	at org.apache.coyote.AbstractProcessorLight.process(AbstractProcessorLight.java:63)
	at org.apache.coyote.AbstractProtocol$ConnectionHandler.process(AbstractProtocol.java:896)
	at org.apache.tomcat.util.net.NioEndpoint$SocketProcessor.doRun(NioEndpoint.java:1744)
	at org.apache.tomcat.util.net.SocketProcessorBase.run(SocketProcessorBase.java:52)
	at org.apache.tomcat.util.threads.ThreadPoolExecutor.runWorker(ThreadPoolExecutor.java:1191)
	at org.apache.tomcat.util.threads.ThreadPoolExecutor$Worker.run(ThreadPoolExecutor.java:659)
	at org.apache.tomcat.util.threads.TaskThread$WrappingRunnable.run(TaskThread.java:61)
	at java.base/java.lang.Thread.run(Thread.java:840)
2026-03-22 12:42:31.675 [http-nio-8888-exec-5] [73e9e21b12434c23] INFO  com.musheng.aop.RequestLogAspect - [请求开始] traceId=73e9e21b12434c23 userId=未登录 GET /api/v3/api-docs ip=0:0:0:0:0:0:0:1 方法=OpenApiWebMvcResource.openapiJson 参数=[org.apache.catalina.connector.RequestFacade@4b832c90, /v3/api-docs, zh_CN_#Hans]
2026-03-22 12:42:31.730 [http-nio-8888-exec-5] [73e9e21b12434c23] INFO  com.musheng.aop.RequestLogAspect - [请求结束] traceId=73e9e21b12434c23 GET /api/v3/api-docs 耗时=55ms 响应=[B@42b8437a
2026-03-22 12:42:39.108 [http-nio-8888-exec-8] [ce947d023c0946e7] INFO  com.musheng.aop.RequestLogAspect - [请求开始] traceId=ce947d023c0946e7 userId=未登录 GET /api/v3/api-docs ip=0:0:0:0:0:0:0:1 方法=OpenApiWebMvcResource.openapiJson 参数=[org.apache.catalina.connector.RequestFacade@f9de1b9, /v3/api-docs, zh_CN_#Hans]
2026-03-22 12:42:39.136 [http-nio-8888-exec-8] [ce947d023c0946e7] INFO  com.musheng.aop.RequestLogAspect - [请求结束] traceId=ce947d023c0946e7 GET /api/v3/api-docs 耗时=28ms 响应=[B@1719ce33
2026-03-22 12:43:04.347 [http-nio-8888-exec-6] [9b23806400ea4a51] INFO  com.musheng.aop.RequestLogAspect - [请求开始] traceId=9b23806400ea4a51 userId=1 POST /api/v1/business/document/inv/generate ip=0:0:0:0:0:0:0:1 方法=DocumentController.generateInvoices 参数=[[871]]
2026-03-22 12:43:04.348 [http-nio-8888-exec-6] [9b23806400ea4a51] INFO  c.m.b.document.controller.DocumentController - 生成INV发票，结算单数量: 1
2026-03-22 12:43:04.351 [http-nio-8888-exec-6] [9b23806400ea4a51] INFO  c.m.b.d.service.impl.DocumentGenerateServiceImpl - 开始生成INV发票，结算单ID数量: 1
2026-03-22 12:43:04.379 [http-nio-8888-exec-6] [9b23806400ea4a51] INFO  c.m.b.d.service.impl.DocumentGenerateServiceImpl - INV主表持久化成功，编号: 20251013001, 站点: GBP
2026-03-22 12:43:04.862 [http-nio-8888-exec-6] [9b23806400ea4a51] INFO  c.m.b.d.service.impl.DocumentGenerateServiceImpl - INV生成完成，共 1 份
2026-03-22 12:43:04.871 [http-nio-8888-exec-6] [9b23806400ea4a51] INFO  com.musheng.aop.RequestLogAspect - [请求结束] traceId=9b23806400ea4a51 POST /api/v1/business/document/inv/generate 耗时=522ms 响应=Result(code=0, message=success, data=[DocumentInv(shopId=1, documentNo=20251013001, invDate=2025-10-13, settlementId=871, siteCode=GBP, siteSequence=003, sellerName=Hong Kong Andeo Group Limited, sellerAddress=ROOM 1201, 12/F TAI SANG BANK BUILDING 130-132 DES VOEUX ROAD, CENTRAL HONGKONG, buyerName=东莞市慕声商贸有限公司, buyerAddress=广东省东莞市虎门镇连升路82号虎门万达广场2栋606房, sellerPhone=00852-54682464, buyerPhone=18575382420, totalQuantity=8890, totalAmount=51723.2800, bankAccountName=Hong Kong Andeo Group Limited, b...[已截断]
2026-03-22 12:46:10.187 [http-nio-8888-exec-10] [f2e356ec980b4b8e] INFO  com.musheng.aop.RequestLogAspect - [请求开始] traceId=f2e356ec980b4b8e userId=未登录 POST /api/v1/auth/login ip=0:0:0:0:0:0:0:1 方法=AuthController.login 参数=[LoginRequest(username=admin, password=123456), org.apache.catalina.connector.RequestFacade@4edb1003]
2026-03-22 12:46:10.296 [http-nio-8888-exec-10] [f2e356ec980b4b8e] INFO  com.musheng.system.service.impl.AuthServiceImpl - User logged in successfully: admin
2026-03-22 12:46:10.302 [http-nio-8888-exec-10] [f2e356ec980b4b8e] INFO  com.musheng.aop.RequestLogAspect - [请求结束] traceId=f2e356ec980b4b8e POST /api/v1/auth/login 耗时=116ms 响应=Result(code=0, message=success, data=LoginResponse(token=0808f8e3-d636-4101-a091-015eff2f0a63, tokenType=Bearer, expiresIn=86400, userInfo=LoginResponse.UserInfo(id=1, username=admin, realName=System Administrator, role=admin, roleCode=admin, roleName=Administrator, avatar=null, email=null, phone=null, status=1, createTime=2026-01-19T20:38:39, lastLoginTime=2026-03-22T12:46:10.275284), permissions=[*]), timestamp=1774154770297, requestId=null)
2026-03-22 12:46:17.037 [http-nio-8888-exec-3] [1f2a6792cc534f31] ERROR c.musheng.common.exception.GlobalExceptionHandler - 系统异常 /api/v1/business/fba/shipment/list: No static resource v1/business/fba/shipment/list.
org.springframework.web.servlet.resource.NoResourceFoundException: No static resource v1/business/fba/shipment/list.
	at org.springframework.web.servlet.resource.ResourceHttpRequestHandler.handleRequest(ResourceHttpRequestHandler.java:585)
	at org.springframework.web.servlet.mvc.HttpRequestHandlerAdapter.handle(HttpRequestHandlerAdapter.java:52)
	at org.springframework.web.servlet.DispatcherServlet.doDispatch(DispatcherServlet.java:1089)
	at org.springframework.web.servlet.DispatcherServlet.doService(DispatcherServlet.java:979)
	at org.springframework.web.servlet.FrameworkServlet.processRequest(FrameworkServlet.java:1014)
	at org.springframework.web.servlet.FrameworkServlet.doGet(FrameworkServlet.java:903)
	at jakarta.servlet.http.HttpServlet.service(HttpServlet.java:564)
	at org.springframework.web.servlet.FrameworkServlet.service(FrameworkServlet.java:885)
	at jakarta.servlet.http.HttpServlet.service(HttpServlet.java:658)
	at org.apache.catalina.core.ApplicationFilterChain.internalDoFilter(ApplicationFilterChain.java:205)
	at org.apache.catalina.core.ApplicationFilterChain.doFilter(ApplicationFilterChain.java:149)
	at org.apache.tomcat.websocket.server.WsFilter.doFilter(WsFilter.java:51)
	at org.apache.catalina.core.ApplicationFilterChain.internalDoFilter(ApplicationFilterChain.java:174)
	at org.apache.catalina.core.ApplicationFilterChain.doFilter(ApplicationFilterChain.java:149)
	at com.musheng.filter.TraceIdFilter.doFilterInternal(TraceIdFilter.java:61)
	at org.springframework.web.filter.OncePerRequestFilter.doFilter(OncePerRequestFilter.java:116)
	at org.apache.catalina.core.ApplicationFilterChain.internalDoFilter(ApplicationFilterChain.java:174)
	at org.apache.catalina.core.ApplicationFilterChain.doFilter(ApplicationFilterChain.java:149)
	at cn.dev33.satoken.filter.SaServletFilter.doFilter(SaServletFilter.java:150)
	at org.apache.catalina.core.ApplicationFilterChain.internalDoFilter(ApplicationFilterChain.java:174)
	at org.apache.catalina.core.ApplicationFilterChain.doFilter(ApplicationFilterChain.java:149)
	at org.springframework.web.filter.RequestContextFilter.doFilterInternal(RequestContextFilter.java:100)
	at org.springframework.web.filter.OncePerRequestFilter.doFilter(OncePerRequestFilter.java:116)
	at org.apache.catalina.core.ApplicationFilterChain.internalDoFilter(ApplicationFilterChain.java:174)
	at org.apache.catalina.core.ApplicationFilterChain.doFilter(ApplicationFilterChain.java:149)
	at cn.dev33.satoken.filter.SaPathCheckFilterForJakartaServlet.doFilter(SaPathCheckFilterForJakartaServlet.java:55)
	at org.apache.catalina.core.ApplicationFilterChain.internalDoFilter(ApplicationFilterChain.java:174)
	at org.apache.catalina.core.ApplicationFilterChain.doFilter(ApplicationFilterChain.java:149)
	at org.springframework.web.filter.FormContentFilter.doFilterInternal(FormContentFilter.java:93)
	at org.springframework.web.filter.OncePerRequestFilter.doFilter(OncePerRequestFilter.java:116)
	at org.apache.catalina.core.ApplicationFilterChain.internalDoFilter(ApplicationFilterChain.java:174)
	at org.apache.catalina.core.ApplicationFilterChain.doFilter(ApplicationFilterChain.java:149)
	at org.springframework.web.filter.CharacterEncodingFilter.doFilterInternal(CharacterEncodingFilter.java:201)
	at org.springframework.web.filter.OncePerRequestFilter.doFilter(OncePerRequestFilter.java:116)
	at org.apache.catalina.core.ApplicationFilterChain.internalDoFilter(ApplicationFilterChain.java:174)
	at org.apache.catalina.core.ApplicationFilterChain.doFilter(ApplicationFilterChain.java:149)
	at org.apache.catalina.core.StandardWrapperValve.invoke(StandardWrapperValve.java:167)
	at org.apache.catalina.core.StandardContextValve.invoke(StandardContextValve.java:90)
	at org.apache.catalina.authenticator.AuthenticatorBase.invoke(AuthenticatorBase.java:482)
	at org.apache.catalina.core.StandardHostValve.invoke(StandardHostValve.java:115)
	at org.apache.catalina.valves.ErrorReportValve.invoke(ErrorReportValve.java:93)
	at org.apache.catalina.core.StandardEngineValve.invoke(StandardEngineValve.java:74)
	at org.apache.catalina.connector.CoyoteAdapter.service(CoyoteAdapter.java:340)
	at org.apache.coyote.http11.Http11Processor.service(Http11Processor.java:391)
	at org.apache.coyote.AbstractProcessorLight.process(AbstractProcessorLight.java:63)
	at org.apache.coyote.AbstractProtocol$ConnectionHandler.process(AbstractProtocol.java:896)
	at org.apache.tomcat.util.net.NioEndpoint$SocketProcessor.doRun(NioEndpoint.java:1744)
	at org.apache.tomcat.util.net.SocketProcessorBase.run(SocketProcessorBase.java:52)
	at org.apache.tomcat.util.threads.ThreadPoolExecutor.runWorker(ThreadPoolExecutor.java:1191)
	at org.apache.tomcat.util.threads.ThreadPoolExecutor$Worker.run(ThreadPoolExecutor.java:659)
	at org.apache.tomcat.util.threads.TaskThread$WrappingRunnable.run(TaskThread.java:61)
	at java.base/java.lang.Thread.run(Thread.java:840)
2026-03-22 12:46:28.100 [http-nio-8888-exec-9] [d6f0a6a58c134b67] WARN  c.musheng.common.exception.GlobalExceptionHandler - 参数类型不匹配: id
2026-03-22 12:47:52.759 [http-nio-8888-exec-2] [eb83e6fee7b54fe8] ERROR c.musheng.common.exception.GlobalExceptionHandler - 系统异常 /api/v1/business/fba/shipments: No static resource v1/business/fba/shipments.
org.springframework.web.servlet.resource.NoResourceFoundException: No static resource v1/business/fba/shipments.
	at org.springframework.web.servlet.resource.ResourceHttpRequestHandler.handleRequest(ResourceHttpRequestHandler.java:585)
	at org.springframework.web.servlet.mvc.HttpRequestHandlerAdapter.handle(HttpRequestHandlerAdapter.java:52)
	at org.springframework.web.servlet.DispatcherServlet.doDispatch(DispatcherServlet.java:1089)
	at org.springframework.web.servlet.DispatcherServlet.doService(DispatcherServlet.java:979)
	at org.springframework.web.servlet.FrameworkServlet.processRequest(FrameworkServlet.java:1014)
	at org.springframework.web.servlet.FrameworkServlet.doGet(FrameworkServlet.java:903)
	at jakarta.servlet.http.HttpServlet.service(HttpServlet.java:564)
	at org.springframework.web.servlet.FrameworkServlet.service(FrameworkServlet.java:885)
	at jakarta.servlet.http.HttpServlet.service(HttpServlet.java:658)
	at org.apache.catalina.core.ApplicationFilterChain.internalDoFilter(ApplicationFilterChain.java:205)
	at org.apache.catalina.core.ApplicationFilterChain.doFilter(ApplicationFilterChain.java:149)
	at org.apache.tomcat.websocket.server.WsFilter.doFilter(WsFilter.java:51)
	at org.apache.catalina.core.ApplicationFilterChain.internalDoFilter(ApplicationFilterChain.java:174)
	at org.apache.catalina.core.ApplicationFilterChain.doFilter(ApplicationFilterChain.java:149)
	at com.musheng.filter.TraceIdFilter.doFilterInternal(TraceIdFilter.java:61)
	at org.springframework.web.filter.OncePerRequestFilter.doFilter(OncePerRequestFilter.java:116)
	at org.apache.catalina.core.ApplicationFilterChain.internalDoFilter(ApplicationFilterChain.java:174)
	at org.apache.catalina.core.ApplicationFilterChain.doFilter(ApplicationFilterChain.java:149)
	at cn.dev33.satoken.filter.SaServletFilter.doFilter(SaServletFilter.java:150)
	at org.apache.catalina.core.ApplicationFilterChain.internalDoFilter(ApplicationFilterChain.java:174)
	at org.apache.catalina.core.ApplicationFilterChain.doFilter(ApplicationFilterChain.java:149)
	at org.springframework.web.filter.RequestContextFilter.doFilterInternal(RequestContextFilter.java:100)
	at org.springframework.web.filter.OncePerRequestFilter.doFilter(OncePerRequestFilter.java:116)
	at org.apache.catalina.core.ApplicationFilterChain.internalDoFilter(ApplicationFilterChain.java:174)
	at org.apache.catalina.core.ApplicationFilterChain.doFilter(ApplicationFilterChain.java:149)
	at cn.dev33.satoken.filter.SaPathCheckFilterForJakartaServlet.doFilter(SaPathCheckFilterForJakartaServlet.java:55)
	at org.apache.catalina.core.ApplicationFilterChain.internalDoFilter(ApplicationFilterChain.java:174)
	at org.apache.catalina.core.ApplicationFilterChain.doFilter(ApplicationFilterChain.java:149)
	at org.springframework.web.filter.FormContentFilter.doFilterInternal(FormContentFilter.java:93)
	at org.springframework.web.filter.OncePerRequestFilter.doFilter(OncePerRequestFilter.java:116)
	at org.apache.catalina.core.ApplicationFilterChain.internalDoFilter(ApplicationFilterChain.java:174)
	at org.apache.catalina.core.ApplicationFilterChain.doFilter(ApplicationFilterChain.java:149)
	at org.springframework.web.filter.CharacterEncodingFilter.doFilterInternal(CharacterEncodingFilter.java:201)
	at org.springframework.web.filter.OncePerRequestFilter.doFilter(OncePerRequestFilter.java:116)
	at org.apache.catalina.core.ApplicationFilterChain.internalDoFilter(ApplicationFilterChain.java:174)
	at org.apache.catalina.core.ApplicationFilterChain.doFilter(ApplicationFilterChain.java:149)
	at org.apache.catalina.core.StandardWrapperValve.invoke(StandardWrapperValve.java:167)
	at org.apache.catalina.core.StandardContextValve.invoke(StandardContextValve.java:90)
	at org.apache.catalina.authenticator.AuthenticatorBase.invoke(AuthenticatorBase.java:482)
	at org.apache.catalina.core.StandardHostValve.invoke(StandardHostValve.java:115)
	at org.apache.catalina.valves.ErrorReportValve.invoke(ErrorReportValve.java:93)
	at org.apache.catalina.core.StandardEngineValve.invoke(StandardEngineValve.java:74)
	at org.apache.catalina.connector.CoyoteAdapter.service(CoyoteAdapter.java:340)
	at org.apache.coyote.http11.Http11Processor.service(Http11Processor.java:391)
	at org.apache.coyote.AbstractProcessorLight.process(AbstractProcessorLight.java:63)
	at org.apache.coyote.AbstractProtocol$ConnectionHandler.process(AbstractProtocol.java:896)
	at org.apache.tomcat.util.net.NioEndpoint$SocketProcessor.doRun(NioEndpoint.java:1744)
	at org.apache.tomcat.util.net.SocketProcessorBase.run(SocketProcessorBase.java:52)
	at org.apache.tomcat.util.threads.ThreadPoolExecutor.runWorker(ThreadPoolExecutor.java:1191)
	at org.apache.tomcat.util.threads.ThreadPoolExecutor$Worker.run(ThreadPoolExecutor.java:659)
	at org.apache.tomcat.util.threads.TaskThread$WrappingRunnable.run(TaskThread.java:61)
	at java.base/java.lang.Thread.run(Thread.java:840)
2026-03-22 12:48:11.407 [http-nio-8888-exec-1] [517e78137a2a44ff] WARN  c.musheng.common.exception.GlobalExceptionHandler - 参数类型不匹配: id
2026-03-22 12:48:30.613 [http-nio-8888-exec-7] [c2fca7062696455d] INFO  com.musheng.aop.RequestLogAspect - [请求开始] traceId=c2fca7062696455d userId=1 GET /api/v1/business/fba-shipment/list ip=0:0:0:0:0:0:0:1 方法=FbaShipmentController.list 参数=[null, null, null, null, UK, null, null, 1, 5]
2026-03-22 12:48:30.754 [http-nio-8888-exec-7] [c2fca7062696455d] INFO  com.musheng.aop.RequestLogAspect - [请求结束] traceId=c2fca7062696455d GET /api/v1/business/fba-shipment/list 耗时=130ms 响应=Result(code=0, message=success, data=PageResult(records=[FbaShipment(shopId=1, shipmentId=FBA15KS3Q60G, shipmentName=RP250828003, status=CLOSED, warehouseCode=BHX4, shopName=null, country=Great Britain (United Kingdom; England), siteCode=UK, state=West Midlands, city=Coventry, streetAddress=Plot 1, Lyons Park,, houseNumber=, createdDate=2025-08-29T17:55, updatedDate=2025-11-15T03:09, skuCount=32, totalQuantity=743, totalReceivedQuantity=743, recipient=Amazon EU SARL (UK), postalCode=CV5 9PF, imp...[已截断]
2026-03-22 12:48:58.811 [http-nio-8888-exec-5] [5782f6686c6e40a8] INFO  com.musheng.aop.RequestLogAspect - [请求开始] traceId=5782f6686c6e40a8 userId=1 POST /api/v1/business/document/po/generate ip=0:0:0:0:0:0:0:1 方法=DocumentController.generatePo 参数=[PoGenerateRequest(shipmentIds=[50, 51])]
2026-03-22 12:48:58.812 [http-nio-8888-exec-5] [5782f6686c6e40a8] INFO  c.m.b.document.controller.DocumentController - 生成PO采购订单，货件数量: 2
2026-03-22 12:48:58.813 [http-nio-8888-exec-5] [5782f6686c6e40a8] INFO  c.m.b.d.service.impl.DocumentGenerateServiceImpl - 开始生成PO采购订单，货件ID数量: 2
2026-03-22 12:48:58.862 [http-nio-8888-exec-5] [5782f6686c6e40a8] INFO  c.m.b.d.service.impl.DocumentGenerateServiceImpl - PO主表持久化成功，编号: 20250902001, ID: 71
2026-03-22 12:48:58.901 [http-nio-8888-exec-5] [5782f6686c6e40a8] INFO  c.m.b.d.service.impl.DocumentGenerateServiceImpl - PO明细持久化成功，明细数量: 43
2026-03-22 12:48:58.910 [http-nio-8888-exec-5] [5782f6686c6e40a8] INFO  com.musheng.aop.RequestLogAspect - [请求结束] traceId=5782f6686c6e40a8 POST /api/v1/business/document/po/generate 耗时=93ms 响应=Result(code=0, message=success, data=DocumentPo(shopId=1, documentNo=20250902001, poDate=2025-09-02, buyerName=东莞市慕声商贸有限公司, buyerAddress=广东省东莞市虎门镇连升路82号虎门万达广场2栋606房, sellerName=Hong Kong Andeo Group Limited, totalQuantity=844, shipmentCount=2), timestamp=1774154938902, requestId=null)
2026-03-22 12:49:11.149 [http-nio-8888-exec-6] [89325449e3ff4fb9] INFO  com.musheng.aop.RequestLogAspect - [请求开始] traceId=89325449e3ff4fb9 userId=1 POST /api/v1/business/document/dn/generate ip=0:0:0:0:0:0:0:1 方法=DocumentController.generateDn 参数=[DnGenerateRequest(anchorDate=2025-09-02, shipmentIds=[50, 51])]
2026-03-22 12:49:11.149 [http-nio-8888-exec-6] [89325449e3ff4fb9] INFO  c.m.b.document.controller.DocumentController - 生成DN送货单，锚点日期: 2025-09-02，货件数量: 2
2026-03-22 12:49:11.150 [http-nio-8888-exec-6] [89325449e3ff4fb9] INFO  c.m.b.d.service.impl.DocumentGenerateServiceImpl - 开始生成DN送货单，锚点日期: 2025-09-02, 货件ID数量: 2
2026-03-22 12:49:11.178 [http-nio-8888-exec-6] [89325449e3ff4fb9] INFO  c.m.b.d.service.impl.DocumentGenerateServiceImpl - DN主表持久化成功，编号: 20250902001, ID: 46
2026-03-22 12:49:11.202 [http-nio-8888-exec-6] [89325449e3ff4fb9] INFO  c.m.b.d.service.impl.DocumentGenerateServiceImpl - DN明细持久化成功，明细数量: 43
2026-03-22 12:49:11.204 [http-nio-8888-exec-6] [89325449e3ff4fb9] INFO  com.musheng.aop.RequestLogAspect - [请求结束] traceId=89325449e3ff4fb9 POST /api/v1/business/document/dn/generate 耗时=55ms 响应=Result(code=0, message=success, data=DocumentDn(shopId=1, documentNo=20250902001, dnDate=2025-09-02, supplierName=Hong Kong Andeo Group Limited, customerName=東莞市慕聲商貿有限公司, totalQuantity=844, periodStart=2025-08-29, periodEnd=2025-09-02), timestamp=1774154951203, requestId=null)
2026-03-22 12:49:25.583 [http-nio-8888-exec-10] [e40949ed3c4b4604] ERROR c.musheng.common.exception.GlobalExceptionHandler - 系统异常 /api/v1/business/settlement/import-data/list: No static resource v1/business/settlement/import-data/list.
org.springframework.web.servlet.resource.NoResourceFoundException: No static resource v1/business/settlement/import-data/list.
	at org.springframework.web.servlet.resource.ResourceHttpRequestHandler.handleRequest(ResourceHttpRequestHandler.java:585)
	at org.springframework.web.servlet.mvc.HttpRequestHandlerAdapter.handle(HttpRequestHandlerAdapter.java:52)
	at org.springframework.web.servlet.DispatcherServlet.doDispatch(DispatcherServlet.java:1089)
	at org.springframework.web.servlet.DispatcherServlet.doService(DispatcherServlet.java:979)
	at org.springframework.web.servlet.FrameworkServlet.processRequest(FrameworkServlet.java:1014)
	at org.springframework.web.servlet.FrameworkServlet.doGet(FrameworkServlet.java:903)
	at jakarta.servlet.http.HttpServlet.service(HttpServlet.java:564)
	at org.springframework.web.servlet.FrameworkServlet.service(FrameworkServlet.java:885)
	at jakarta.servlet.http.HttpServlet.service(HttpServlet.java:658)
	at org.apache.catalina.core.ApplicationFilterChain.internalDoFilter(ApplicationFilterChain.java:205)
	at org.apache.catalina.core.ApplicationFilterChain.doFilter(ApplicationFilterChain.java:149)
	at org.apache.tomcat.websocket.server.WsFilter.doFilter(WsFilter.java:51)
	at org.apache.catalina.core.ApplicationFilterChain.internalDoFilter(ApplicationFilterChain.java:174)
	at org.apache.catalina.core.ApplicationFilterChain.doFilter(ApplicationFilterChain.java:149)
	at com.musheng.filter.TraceIdFilter.doFilterInternal(TraceIdFilter.java:61)
	at org.springframework.web.filter.OncePerRequestFilter.doFilter(OncePerRequestFilter.java:116)
	at org.apache.catalina.core.ApplicationFilterChain.internalDoFilter(ApplicationFilterChain.java:174)
	at org.apache.catalina.core.ApplicationFilterChain.doFilter(ApplicationFilterChain.java:149)
	at cn.dev33.satoken.filter.SaServletFilter.doFilter(SaServletFilter.java:150)
	at org.apache.catalina.core.ApplicationFilterChain.internalDoFilter(ApplicationFilterChain.java:174)
	at org.apache.catalina.core.ApplicationFilterChain.doFilter(ApplicationFilterChain.java:149)
	at org.springframework.web.filter.RequestContextFilter.doFilterInternal(RequestContextFilter.java:100)
	at org.springframework.web.filter.OncePerRequestFilter.doFilter(OncePerRequestFilter.java:116)
	at org.apache.catalina.core.ApplicationFilterChain.internalDoFilter(ApplicationFilterChain.java:174)
	at org.apache.catalina.core.ApplicationFilterChain.doFilter(ApplicationFilterChain.java:149)
	at cn.dev33.satoken.filter.SaPathCheckFilterForJakartaServlet.doFilter(SaPathCheckFilterForJakartaServlet.java:55)
	at org.apache.catalina.core.ApplicationFilterChain.internalDoFilter(ApplicationFilterChain.java:174)
	at org.apache.catalina.core.ApplicationFilterChain.doFilter(ApplicationFilterChain.java:149)
	at org.springframework.web.filter.FormContentFilter.doFilterInternal(FormContentFilter.java:93)
	at org.springframework.web.filter.OncePerRequestFilter.doFilter(OncePerRequestFilter.java:116)
	at org.apache.catalina.core.ApplicationFilterChain.internalDoFilter(ApplicationFilterChain.java:174)
	at org.apache.catalina.core.ApplicationFilterChain.doFilter(ApplicationFilterChain.java:149)
	at org.springframework.web.filter.CharacterEncodingFilter.doFilterInternal(CharacterEncodingFilter.java:201)
	at org.springframework.web.filter.OncePerRequestFilter.doFilter(OncePerRequestFilter.java:116)
	at org.apache.catalina.core.ApplicationFilterChain.internalDoFilter(ApplicationFilterChain.java:174)
	at org.apache.catalina.core.ApplicationFilterChain.doFilter(ApplicationFilterChain.java:149)
	at org.apache.catalina.core.StandardWrapperValve.invoke(StandardWrapperValve.java:167)
	at org.apache.catalina.core.StandardContextValve.invoke(StandardContextValve.java:90)
	at org.apache.catalina.authenticator.AuthenticatorBase.invoke(AuthenticatorBase.java:482)
	at org.apache.catalina.core.StandardHostValve.invoke(StandardHostValve.java:115)
	at org.apache.catalina.valves.ErrorReportValve.invoke(ErrorReportValve.java:93)
	at org.apache.catalina.core.StandardEngineValve.invoke(StandardEngineValve.java:74)
	at org.apache.catalina.connector.CoyoteAdapter.service(CoyoteAdapter.java:340)
	at org.apache.coyote.http11.Http11Processor.service(Http11Processor.java:391)
	at org.apache.coyote.AbstractProcessorLight.process(AbstractProcessorLight.java:63)
	at org.apache.coyote.AbstractProtocol$ConnectionHandler.process(AbstractProtocol.java:896)
	at org.apache.tomcat.util.net.NioEndpoint$SocketProcessor.doRun(NioEndpoint.java:1744)
	at org.apache.tomcat.util.net.SocketProcessorBase.run(SocketProcessorBase.java:52)
	at org.apache.tomcat.util.threads.ThreadPoolExecutor.runWorker(ThreadPoolExecutor.java:1191)
	at org.apache.tomcat.util.threads.ThreadPoolExecutor$Worker.run(ThreadPoolExecutor.java:659)
	at org.apache.tomcat.util.threads.TaskThread$WrappingRunnable.run(TaskThread.java:61)
	at java.base/java.lang.Thread.run(Thread.java:840)
2026-03-22 12:49:37.527 [http-nio-8888-exec-9] [db700bf223ca44a9] ERROR c.musheng.common.exception.GlobalExceptionHandler - 系统异常 /api/v1/business/settlement/import-data/list: No static resource v1/business/settlement/import-data/list.
org.springframework.web.servlet.resource.NoResourceFoundException: No static resource v1/business/settlement/import-data/list.
	at org.springframework.web.servlet.resource.ResourceHttpRequestHandler.handleRequest(ResourceHttpRequestHandler.java:585)
	at org.springframework.web.servlet.mvc.HttpRequestHandlerAdapter.handle(HttpRequestHandlerAdapter.java:52)
	at org.springframework.web.servlet.DispatcherServlet.doDispatch(DispatcherServlet.java:1089)
	at org.springframework.web.servlet.DispatcherServlet.doService(DispatcherServlet.java:979)
	at org.springframework.web.servlet.FrameworkServlet.processRequest(FrameworkServlet.java:1014)
	at org.springframework.web.servlet.FrameworkServlet.doGet(FrameworkServlet.java:903)
	at jakarta.servlet.http.HttpServlet.service(HttpServlet.java:564)
	at org.springframework.web.servlet.FrameworkServlet.service(FrameworkServlet.java:885)
	at jakarta.servlet.http.HttpServlet.service(HttpServlet.java:658)
	at org.apache.catalina.core.ApplicationFilterChain.internalDoFilter(ApplicationFilterChain.java:205)
	at org.apache.catalina.core.ApplicationFilterChain.doFilter(ApplicationFilterChain.java:149)
	at org.apache.tomcat.websocket.server.WsFilter.doFilter(WsFilter.java:51)
	at org.apache.catalina.core.ApplicationFilterChain.internalDoFilter(ApplicationFilterChain.java:174)
	at org.apache.catalina.core.ApplicationFilterChain.doFilter(ApplicationFilterChain.java:149)
	at com.musheng.filter.TraceIdFilter.doFilterInternal(TraceIdFilter.java:61)
	at org.springframework.web.filter.OncePerRequestFilter.doFilter(OncePerRequestFilter.java:116)
	at org.apache.catalina.core.ApplicationFilterChain.internalDoFilter(ApplicationFilterChain.java:174)
	at org.apache.catalina.core.ApplicationFilterChain.doFilter(ApplicationFilterChain.java:149)
	at cn.dev33.satoken.filter.SaServletFilter.doFilter(SaServletFilter.java:150)
	at org.apache.catalina.core.ApplicationFilterChain.internalDoFilter(ApplicationFilterChain.java:174)
	at org.apache.catalina.core.ApplicationFilterChain.doFilter(ApplicationFilterChain.java:149)
	at org.springframework.web.filter.RequestContextFilter.doFilterInternal(RequestContextFilter.java:100)
	at org.springframework.web.filter.OncePerRequestFilter.doFilter(OncePerRequestFilter.java:116)
	at org.apache.catalina.core.ApplicationFilterChain.internalDoFilter(ApplicationFilterChain.java:174)
	at org.apache.catalina.core.ApplicationFilterChain.doFilter(ApplicationFilterChain.java:149)
	at cn.dev33.satoken.filter.SaPathCheckFilterForJakartaServlet.doFilter(SaPathCheckFilterForJakartaServlet.java:55)
	at org.apache.catalina.core.ApplicationFilterChain.internalDoFilter(ApplicationFilterChain.java:174)
	at org.apache.catalina.core.ApplicationFilterChain.doFilter(ApplicationFilterChain.java:149)
	at org.springframework.web.filter.FormContentFilter.doFilterInternal(FormContentFilter.java:93)
	at org.springframework.web.filter.OncePerRequestFilter.doFilter(OncePerRequestFilter.java:116)
	at org.apache.catalina.core.ApplicationFilterChain.internalDoFilter(ApplicationFilterChain.java:174)
	at org.apache.catalina.core.ApplicationFilterChain.doFilter(ApplicationFilterChain.java:149)
	at org.springframework.web.filter.CharacterEncodingFilter.doFilterInternal(CharacterEncodingFilter.java:201)
	at org.springframework.web.filter.OncePerRequestFilter.doFilter(OncePerRequestFilter.java:116)
	at org.apache.catalina.core.ApplicationFilterChain.internalDoFilter(ApplicationFilterChain.java:174)
	at org.apache.catalina.core.ApplicationFilterChain.doFilter(ApplicationFilterChain.java:149)
	at org.apache.catalina.core.StandardWrapperValve.invoke(StandardWrapperValve.java:167)
	at org.apache.catalina.core.StandardContextValve.invoke(StandardContextValve.java:90)
	at org.apache.catalina.authenticator.AuthenticatorBase.invoke(AuthenticatorBase.java:482)
	at org.apache.catalina.core.StandardHostValve.invoke(StandardHostValve.java:115)
	at org.apache.catalina.valves.ErrorReportValve.invoke(ErrorReportValve.java:93)
	at org.apache.catalina.core.StandardEngineValve.invoke(StandardEngineValve.java:74)
	at org.apache.catalina.connector.CoyoteAdapter.service(CoyoteAdapter.java:340)
	at org.apache.coyote.http11.Http11Processor.service(Http11Processor.java:391)
	at org.apache.coyote.AbstractProcessorLight.process(AbstractProcessorLight.java:63)
	at org.apache.coyote.AbstractProtocol$ConnectionHandler.process(AbstractProtocol.java:896)
	at org.apache.tomcat.util.net.NioEndpoint$SocketProcessor.doRun(NioEndpoint.java:1744)
	at org.apache.tomcat.util.net.SocketProcessorBase.run(SocketProcessorBase.java:52)
	at org.apache.tomcat.util.threads.ThreadPoolExecutor.runWorker(ThreadPoolExecutor.java:1191)
	at org.apache.tomcat.util.threads.ThreadPoolExecutor$Worker.run(ThreadPoolExecutor.java:659)
	at org.apache.tomcat.util.threads.TaskThread$WrappingRunnable.run(TaskThread.java:61)
	at java.base/java.lang.Thread.run(Thread.java:840)
2026-03-22 12:50:22.899 [http-nio-8888-exec-2] [d171e0fc60614d78] INFO  com.musheng.aop.RequestLogAspect - [请求开始] traceId=d171e0fc60614d78 userId=1 POST /api/v1/business/document/settlement/generate ip=0:0:0:0:0:0:0:1 方法=DocumentController.generateSettlements 参数=[SettlementGenerateRequest(periodStart=2025-07-01, periodEnd=2025-07-31, siteCodes=[UK])]
2026-03-22 12:50:22.901 [http-nio-8888-exec-2] [d171e0fc60614d78] INFO  c.m.b.document.controller.DocumentController - 生成结算单，周期: 2025-07-01 ~ 2025-07-31，站点: [UK]
2026-03-22 12:50:22.913 [http-nio-8888-exec-2] [d171e0fc60614d78] INFO  c.m.b.d.service.impl.DocumentGenerateServiceImpl - 开始生成结算单，周期: 2025-07-01 ~ 2025-07-31
2026-03-22 12:50:22.952 [http-nio-8888-exec-2] [d171e0fc60614d78] INFO  c.m.b.d.service.impl.DocumentGenerateServiceImpl - 构建 SettlementInput 完成，共 383 条明细
2026-03-22 12:50:22.969 [http-nio-8888-exec-2] [d171e0fc60614d78] INFO  c.m.b.d.service.impl.DocumentGenerateServiceImpl - 结算单生成 4 份，过滤空结算单后剩余 1 份（有数据）
2026-03-22 12:50:22.986 [http-nio-8888-exec-2] [d171e0fc60614d78] INFO  c.m.b.d.service.impl.DocumentGenerateServiceImpl - 结算单单据号已存在，使用已有记录，编号: 20250805003
2026-03-22 12:50:22.991 [http-nio-8888-exec-2] [d171e0fc60614d78] INFO  c.m.b.d.service.impl.DocumentGenerateServiceImpl - 结算单生成完成，共 1 份
2026-03-22 12:50:22.994 [http-nio-8888-exec-2] [d171e0fc60614d78] INFO  com.musheng.aop.RequestLogAspect - [请求结束] traceId=d171e0fc60614d78 POST /api/v1/business/document/settlement/generate 耗时=108ms 响应=Result(code=0, message=success, data=[DocumentSettlement(shopId=1, documentNo=20250805003, settlementDate=2025-08-05, periodStart=2025-07-01, periodEnd=2025-07-31, siteCode=GBP, siteSequence=003, buyerName=东莞市慕声商贸有限公司, buyerAddress=广东省东莞市虎门镇连升路82号虎门万达广场2栋606房, sellerName=Hong Kong Andeo Group Limited, totalQuantity=8890, totalAmount=51723.2800)], timestamp=1774155022993, requestId=null)
2026-03-22 12:50:35.758 [http-nio-8888-exec-4] [fd7e8e19949c42fd] WARN  c.musheng.common.exception.GlobalExceptionHandler - 请求体不可读: JSON parse error: Cannot deserialize value of type `java.util.ArrayList<java.lang.Long>` from Object value (token `JsonToken.START_OBJECT`)
2026-03-22 12:50:53.920 [http-nio-8888-exec-5] [45d4365c3ed2401d] INFO  com.musheng.aop.RequestLogAspect - [请求开始] traceId=45d4365c3ed2401d userId=1 POST /api/v1/business/document/inv/generate ip=0:0:0:0:0:0:0:1 方法=DocumentController.generateInvoices 参数=[[869]]
2026-03-22 12:50:53.922 [http-nio-8888-exec-5] [45d4365c3ed2401d] INFO  c.m.b.document.controller.DocumentController - 生成INV发票，结算单数量: 1
2026-03-22 12:50:53.925 [http-nio-8888-exec-5] [45d4365c3ed2401d] INFO  c.m.b.d.service.impl.DocumentGenerateServiceImpl - 开始生成INV发票，结算单ID数量: 1
2026-03-22 12:50:53.959 [http-nio-8888-exec-5] [45d4365c3ed2401d] INFO  c.m.b.d.service.impl.DocumentGenerateServiceImpl - INV单据号已存在，使用已有记录，编号: 20250808001
2026-03-22 12:50:53.963 [http-nio-8888-exec-5] [45d4365c3ed2401d] INFO  c.m.b.d.service.impl.DocumentGenerateServiceImpl - INV生成完成，共 1 份
2026-03-22 12:50:53.964 [http-nio-8888-exec-5] [45d4365c3ed2401d] INFO  com.musheng.aop.RequestLogAspect - [请求结束] traceId=45d4365c3ed2401d POST /api/v1/business/document/inv/generate 耗时=45ms 响应=Result(code=0, message=success, data=[DocumentInv(shopId=1, documentNo=20250808001, invDate=2025-08-08, settlementId=869, siteCode=GBP, siteSequence=003, sellerName=Hong Kong Andeo Group Limited, sellerAddress=ROOM 1201, 12/F TAI SANG BANK BUILDING 130-132 DES VOEUX ROAD, CENTRAL HONGKONG, buyerName=Dongguan Musheng Trade Co., Ltd., buyerAddress=Room 606, Building 2, Humen Wanda Plaza, No. 82 Liansheng Road, Humen Town, Dongguan, Guangdong, China, sellerPhone=00852-54682464, buyerPhone=185753824...[已截断]
2026-03-22 12:51:38.362 [http-nio-8888-exec-6] [0aaca6a47c6844d3] INFO  com.musheng.aop.RequestLogAspect - [请求开始] traceId=0aaca6a47c6844d3 userId=1 GET /api/v1/business/document-party-config/list ip=0:0:0:0:0:0:0:1 方法=DocumentPartyConfigController.list 参数=[]
2026-03-22 12:51:38.440 [http-nio-8888-exec-6] [0aaca6a47c6844d3] INFO  com.musheng.aop.RequestLogAspect - [请求结束] traceId=0aaca6a47c6844d3 GET /api/v1/business/document-party-config/list 耗时=79ms 响应=Result(code=0, message=success, data=[DocumentPartyConfigVO(id=2, siteCode=CA, buyerName=东莞市慕声商贸有限公司, buyerAddress=广东省东莞市虎门镇连升路82号虎门万达广场2栋606房, buyerPhone=18575382420, buyerNameEn=Dongguan Musheng Trade Co., Ltd., sellerName=Hong Kong Andeo Group Limited, sellerAddress=ROOM 1201, 12/F TAI SANG BANK BUILDING 130-132 DES VOEUX ROAD, CENTRAL HONGKONG, sellerPhone=00852-54682464, supplierName=Hong Kong Andeo Group Limited, customerNameTc=東莞市慕聲商貿有限公司, bankAccountName=Hong Kong Andeo Group Limited, ba...[已截断]
2026-03-22 12:51:52.847 [http-nio-8888-exec-1] [660a756212884776] INFO  com.musheng.aop.RequestLogAspect - [请求开始] traceId=660a756212884776 userId=1 GET /api/v1/business/document-party-config/list ip=0:0:0:0:0:0:0:1 方法=DocumentPartyConfigController.list 参数=[]
2026-03-22 12:51:52.844 [http-nio-8888-exec-9] [2e7c58c89167430d] INFO  com.musheng.aop.RequestLogAspect - [请求开始] traceId=2e7c58c89167430d userId=1 GET /api/v1/config/shop/options ip=0:0:0:0:0:0:0:1 方法=ShopController.options 参数=[]
2026-03-22 12:51:52.883 [http-nio-8888-exec-1] [660a756212884776] INFO  com.musheng.aop.RequestLogAspect - [请求结束] traceId=660a756212884776 GET /api/v1/business/document-party-config/list 耗时=37ms 响应=Result(code=0, message=success, data=[DocumentPartyConfigVO(id=2, siteCode=CA, buyerName=东莞市慕声商贸有限公司, buyerAddress=广东省东莞市虎门镇连升路82号虎门万达广场2栋606房, buyerPhone=18575382420, buyerNameEn=Dongguan Musheng Trade Co., Ltd., sellerName=Hong Kong Andeo Group Limited, sellerAddress=ROOM 1201, 12/F TAI SANG BANK BUILDING 130-132 DES VOEUX ROAD, CENTRAL HONGKONG, sellerPhone=00852-54682464, supplierName=Hong Kong Andeo Group Limited, customerNameTc=東莞市慕聲商貿有限公司, bankAccountName=Hong Kong Andeo Group Limited, ba...[已截断]
2026-03-22 12:51:52.906 [http-nio-8888-exec-9] [2e7c58c89167430d] INFO  com.musheng.aop.RequestLogAspect - [请求结束] traceId=2e7c58c89167430d GET /api/v1/config/shop/options 耗时=63ms 响应=Result(code=0, message=success, data=[Shop(shopCode=DEFAULT, shopName=默认店铺, sellerId=null, companyName=东莞市慕声商贸有限公司, taxId=91441900MA4WNG4C6H, status=1, remark=系统默认店铺), Shop(shopCode=TEST-001, shopName=慕声北美店铺, sellerId=1234567654, companyName=1234567876543, taxId=1234567876543, status=1, remark=1234567654)], timestamp=1774155112905, requestId=null)
2026-03-22 12:51:54.595 [http-nio-8888-exec-8] [d20c992bf74e4fdf] INFO  com.musheng.aop.RequestLogAspect - [请求开始] traceId=d20c992bf74e4fdf userId=1 GET /api/v1/business/document-party-config/list ip=0:0:0:0:0:0:0:1 方法=DocumentPartyConfigController.list 参数=[]
2026-03-22 12:51:54.599 [http-nio-8888-exec-5] [af040e65688849be] INFO  com.musheng.aop.RequestLogAspect - [请求开始] traceId=af040e65688849be userId=1 GET /api/v1/config/shop/options ip=0:0:0:0:0:0:0:1 方法=ShopController.options 参数=[]
2026-03-22 12:51:54.606 [http-nio-8888-exec-5] [af040e65688849be] INFO  com.musheng.aop.RequestLogAspect - [请求结束] traceId=af040e65688849be GET /api/v1/config/shop/options 耗时=11ms 响应=Result(code=0, message=success, data=[Shop(shopCode=DEFAULT, shopName=默认店铺, sellerId=null, companyName=东莞市慕声商贸有限公司, taxId=91441900MA4WNG4C6H, status=1, remark=系统默认店铺), Shop(shopCode=TEST-001, shopName=慕声北美店铺, sellerId=1234567654, companyName=1234567876543, taxId=1234567876543, status=1, remark=1234567654)], timestamp=1774155114606, requestId=null)
2026-03-22 12:51:54.611 [http-nio-8888-exec-8] [d20c992bf74e4fdf] INFO  com.musheng.aop.RequestLogAspect - [请求结束] traceId=d20c992bf74e4fdf GET /api/v1/business/document-party-config/list 耗时=16ms 响应=Result(code=0, message=success, data=[DocumentPartyConfigVO(id=2, siteCode=CA, buyerName=东莞市慕声商贸有限公司, buyerAddress=广东省东莞市虎门镇连升路82号虎门万达广场2栋606房, buyerPhone=18575382420, buyerNameEn=Dongguan Musheng Trade Co., Ltd., sellerName=Hong Kong Andeo Group Limited, sellerAddress=ROOM 1201, 12/F TAI SANG BANK BUILDING 130-132 DES VOEUX ROAD, CENTRAL HONGKONG, sellerPhone=00852-54682464, supplierName=Hong Kong Andeo Group Limited, customerNameTc=東莞市慕聲商貿有限公司, bankAccountName=Hong Kong Andeo Group Limited, ba...[已截断]
2026-03-22 12:54:14.134 [http-nio-8888-exec-10] [9a2e91232a7e4fd4] INFO  com.musheng.aop.RequestLogAspect - [请求开始] traceId=9a2e91232a7e4fd4 userId=1 GET /api/v1/business/document-party-config/list ip=0:0:0:0:0:0:0:1 方法=DocumentPartyConfigController.list 参数=[]
2026-03-22 12:54:14.261 [http-nio-8888-exec-10] [9a2e91232a7e4fd4] INFO  com.musheng.aop.RequestLogAspect - [请求结束] traceId=9a2e91232a7e4fd4 GET /api/v1/business/document-party-config/list 耗时=127ms 响应=Result(code=0, message=success, data=[DocumentPartyConfigVO(id=2, siteCode=CA, buyerName=东莞市慕声商贸有限公司, buyerAddress=广东省东莞市虎门镇连升路82号虎门万达广场2栋606房, buyerPhone=18575382420, buyerNameEn=Dongguan Musheng Trade Co., Ltd., sellerName=Hong Kong Andeo Group Limited, sellerAddress=ROOM 1201, 12/F TAI SANG BANK BUILDING 130-132 DES VOEUX ROAD, CENTRAL HONGKONG, sellerPhone=00852-54682464, supplierName=Hong Kong Andeo Group Limited, customerNameTc=東莞市慕聲商貿有限公司, bankAccountName=Hong Kong Andeo Group Limited, ba...[已截断]
2026-03-22 12:54:15.470 [http-nio-8888-exec-1] [152a60a8c18443bc] INFO  com.musheng.aop.RequestLogAspect - [请求开始] traceId=152a60a8c18443bc userId=1 GET /api/v1/config/shop/options ip=0:0:0:0:0:0:0:1 方法=ShopController.options 参数=[]
2026-03-22 12:54:15.470 [http-nio-8888-exec-2] [6c20c3a5ab184631] INFO  com.musheng.aop.RequestLogAspect - [请求开始] traceId=6c20c3a5ab184631 userId=1 GET /api/v1/business/document-party-config/list ip=0:0:0:0:0:0:0:1 方法=DocumentPartyConfigController.list 参数=[]
2026-03-22 12:54:15.481 [http-nio-8888-exec-1] [152a60a8c18443bc] INFO  com.musheng.aop.RequestLogAspect - [请求结束] traceId=152a60a8c18443bc GET /api/v1/config/shop/options 耗时=10ms 响应=Result(code=0, message=success, data=[Shop(shopCode=DEFAULT, shopName=默认店铺, sellerId=null, companyName=东莞市慕声商贸有限公司, taxId=91441900MA4WNG4C6H, status=1, remark=系统默认店铺), Shop(shopCode=TEST-001, shopName=慕声北美店铺, sellerId=1234567654, companyName=1234567876543, taxId=1234567876543, status=1, remark=1234567654)], timestamp=1774155255480, requestId=null)
2026-03-22 12:54:15.493 [http-nio-8888-exec-2] [6c20c3a5ab184631] INFO  com.musheng.aop.RequestLogAspect - [请求结束] traceId=6c20c3a5ab184631 GET /api/v1/business/document-party-config/list 耗时=23ms 响应=Result(code=0, message=success, data=[DocumentPartyConfigVO(id=2, siteCode=CA, buyerName=东莞市慕声商贸有限公司, buyerAddress=广东省东莞市虎门镇连升路82号虎门万达广场2栋606房, buyerPhone=18575382420, buyerNameEn=Dongguan Musheng Trade Co., Ltd., sellerName=Hong Kong Andeo Group Limited, sellerAddress=ROOM 1201, 12/F TAI SANG BANK BUILDING 130-132 DES VOEUX ROAD, CENTRAL HONGKONG, sellerPhone=00852-54682464, supplierName=Hong Kong Andeo Group Limited, customerNameTc=東莞市慕聲商貿有限公司, bankAccountName=Hong Kong Andeo Group Limited, ba...[已截断]
2026-03-22 12:54:17.145 [http-nio-8888-exec-5] [00abd25ee3b14923] INFO  com.musheng.aop.RequestLogAspect - [请求开始] traceId=00abd25ee3b14923 userId=1 GET /api/v1/config/shop/options ip=0:0:0:0:0:0:0:1 方法=ShopController.options 参数=[]
2026-03-22 12:54:17.145 [http-nio-8888-exec-7] [fe210b920b6b4be4] INFO  com.musheng.aop.RequestLogAspect - [请求开始] traceId=fe210b920b6b4be4 userId=1 GET /api/v1/business/document-party-config/list ip=0:0:0:0:0:0:0:1 方法=DocumentPartyConfigController.list 参数=[]
2026-03-22 12:54:17.147 [http-nio-8888-exec-5] [00abd25ee3b14923] INFO  com.musheng.aop.RequestLogAspect - [请求结束] traceId=00abd25ee3b14923 GET /api/v1/config/shop/options 耗时=3ms 响应=Result(code=0, message=success, data=[Shop(shopCode=DEFAULT, shopName=默认店铺, sellerId=null, companyName=东莞市慕声商贸有限公司, taxId=91441900MA4WNG4C6H, status=1, remark=系统默认店铺), Shop(shopCode=TEST-001, shopName=慕声北美店铺, sellerId=1234567654, companyName=1234567876543, taxId=1234567876543, status=1, remark=1234567654)], timestamp=1774155257147, requestId=null)
2026-03-22 12:54:17.175 [http-nio-8888-exec-7] [fe210b920b6b4be4] INFO  com.musheng.aop.RequestLogAspect - [请求结束] traceId=fe210b920b6b4be4 GET /api/v1/business/document-party-config/list 耗时=30ms 响应=Result(code=0, message=success, data=[DocumentPartyConfigVO(id=2, siteCode=CA, buyerName=东莞市慕声商贸有限公司, buyerAddress=广东省东莞市虎门镇连升路82号虎门万达广场2栋606房, buyerPhone=18575382420, buyerNameEn=Dongguan Musheng Trade Co., Ltd., sellerName=Hong Kong Andeo Group Limited, sellerAddress=ROOM 1201, 12/F TAI SANG BANK BUILDING 130-132 DES VOEUX ROAD, CENTRAL HONGKONG, sellerPhone=00852-54682464, supplierName=Hong Kong Andeo Group Limited, customerNameTc=東莞市慕聲商貿有限公司, bankAccountName=Hong Kong Andeo Group Limited, ba...[已截断]
2026-03-22 12:54:17.929 [http-nio-8888-exec-10] [3bd7403ae5fe4715] INFO  com.musheng.aop.RequestLogAspect - [请求开始] traceId=3bd7403ae5fe4715 userId=1 GET /api/v1/config/shop/options ip=0:0:0:0:0:0:0:1 方法=ShopController.options 参数=[]
2026-03-22 12:54:17.933 [http-nio-8888-exec-3] [277a41da78464968] INFO  com.musheng.aop.RequestLogAspect - [请求开始] traceId=277a41da78464968 userId=1 GET /api/v1/business/document-party-config/list ip=0:0:0:0:0:0:0:1 方法=DocumentPartyConfigController.list 参数=[]
2026-03-22 12:54:17.947 [http-nio-8888-exec-10] [3bd7403ae5fe4715] INFO  com.musheng.aop.RequestLogAspect - [请求结束] traceId=3bd7403ae5fe4715 GET /api/v1/config/shop/options 耗时=19ms 响应=Result(code=0, message=success, data=[Shop(shopCode=DEFAULT, shopName=默认店铺, sellerId=null, companyName=东莞市慕声商贸有限公司, taxId=91441900MA4WNG4C6H, status=1, remark=系统默认店铺), Shop(shopCode=TEST-001, shopName=慕声北美店铺, sellerId=1234567654, companyName=1234567876543, taxId=1234567876543, status=1, remark=1234567654)], timestamp=1774155257947, requestId=null)
2026-03-22 12:54:17.966 [http-nio-8888-exec-3] [277a41da78464968] INFO  com.musheng.aop.RequestLogAspect - [请求结束] traceId=277a41da78464968 GET /api/v1/business/document-party-config/list 耗时=33ms 响应=Result(code=0, message=success, data=[DocumentPartyConfigVO(id=2, siteCode=CA, buyerName=东莞市慕声商贸有限公司, buyerAddress=广东省东莞市虎门镇连升路82号虎门万达广场2栋606房, buyerPhone=18575382420, buyerNameEn=Dongguan Musheng Trade Co., Ltd., sellerName=Hong Kong Andeo Group Limited, sellerAddress=ROOM 1201, 12/F TAI SANG BANK BUILDING 130-132 DES VOEUX ROAD, CENTRAL HONGKONG, sellerPhone=00852-54682464, supplierName=Hong Kong Andeo Group Limited, customerNameTc=東莞市慕聲商貿有限公司, bankAccountName=Hong Kong Andeo Group Limited, ba...[已截断]
2026-03-22 12:54:19.847 [http-nio-8888-exec-9] [1be98e6d0a504c9d] INFO  com.musheng.aop.RequestLogAspect - [请求开始] traceId=1be98e6d0a504c9d userId=1 GET /api/v1/config/shop/options ip=0:0:0:0:0:0:0:1 方法=ShopController.options 参数=[]
2026-03-22 12:54:19.849 [http-nio-8888-exec-2] [4738755e39ef41da] INFO  com.musheng.aop.RequestLogAspect - [请求开始] traceId=4738755e39ef41da userId=1 GET /api/v1/business/document-party-config/list ip=0:0:0:0:0:0:0:1 方法=DocumentPartyConfigController.list 参数=[]
2026-03-22 12:54:19.855 [http-nio-8888-exec-9] [1be98e6d0a504c9d] INFO  com.musheng.aop.RequestLogAspect - [请求结束] traceId=1be98e6d0a504c9d GET /api/v1/config/shop/options 耗时=8ms 响应=Result(code=0, message=success, data=[Shop(shopCode=DEFAULT, shopName=默认店铺, sellerId=null, companyName=东莞市慕声商贸有限公司, taxId=91441900MA4WNG4C6H, status=1, remark=系统默认店铺), Shop(shopCode=TEST-001, shopName=慕声北美店铺, sellerId=1234567654, companyName=1234567876543, taxId=1234567876543, status=1, remark=1234567654)], timestamp=1774155259855, requestId=null)
2026-03-22 12:54:19.863 [http-nio-8888-exec-2] [4738755e39ef41da] INFO  com.musheng.aop.RequestLogAspect - [请求结束] traceId=4738755e39ef41da GET /api/v1/business/document-party-config/list 耗时=13ms 响应=Result(code=0, message=success, data=[DocumentPartyConfigVO(id=2, siteCode=CA, buyerName=东莞市慕声商贸有限公司, buyerAddress=广东省东莞市虎门镇连升路82号虎门万达广场2栋606房, buyerPhone=18575382420, buyerNameEn=Dongguan Musheng Trade Co., Ltd., sellerName=Hong Kong Andeo Group Limited, sellerAddress=ROOM 1201, 12/F TAI SANG BANK BUILDING 130-132 DES VOEUX ROAD, CENTRAL HONGKONG, sellerPhone=00852-54682464, supplierName=Hong Kong Andeo Group Limited, customerNameTc=東莞市慕聲商貿有限公司, bankAccountName=Hong Kong Andeo Group Limited, ba...[已截断]
2026-03-22 12:54:20.182 [http-nio-8888-exec-6] [9c702e4b08044d8f] INFO  com.musheng.aop.RequestLogAspect - [请求开始] traceId=9c702e4b08044d8f userId=1 GET /api/v1/config/shop/options ip=0:0:0:0:0:0:0:1 方法=ShopController.options 参数=[]
2026-03-22 12:54:20.182 [http-nio-8888-exec-7] [5e0af52af35a4843] INFO  com.musheng.aop.RequestLogAspect - [请求开始] traceId=5e0af52af35a4843 userId=1 GET /api/v1/business/document-party-config/list ip=0:0:0:0:0:0:0:1 方法=DocumentPartyConfigController.list 参数=[]
2026-03-22 12:54:20.188 [http-nio-8888-exec-6] [9c702e4b08044d8f] INFO  com.musheng.aop.RequestLogAspect - [请求结束] traceId=9c702e4b08044d8f GET /api/v1/config/shop/options 耗时=6ms 响应=Result(code=0, message=success, data=[Shop(shopCode=DEFAULT, shopName=默认店铺, sellerId=null, companyName=东莞市慕声商贸有限公司, taxId=91441900MA4WNG4C6H, status=1, remark=系统默认店铺), Shop(shopCode=TEST-001, shopName=慕声北美店铺, sellerId=1234567654, companyName=1234567876543, taxId=1234567876543, status=1, remark=1234567654)], timestamp=1774155260188, requestId=null)
2026-03-22 12:54:20.189 [http-nio-8888-exec-7] [5e0af52af35a4843] INFO  com.musheng.aop.RequestLogAspect - [请求结束] traceId=5e0af52af35a4843 GET /api/v1/business/document-party-config/list 耗时=6ms 响应=Result(code=0, message=success, data=[DocumentPartyConfigVO(id=2, siteCode=CA, buyerName=东莞市慕声商贸有限公司, buyerAddress=广东省东莞市虎门镇连升路82号虎门万达广场2栋606房, buyerPhone=18575382420, buyerNameEn=Dongguan Musheng Trade Co., Ltd., sellerName=Hong Kong Andeo Group Limited, sellerAddress=ROOM 1201, 12/F TAI SANG BANK BUILDING 130-132 DES VOEUX ROAD, CENTRAL HONGKONG, sellerPhone=00852-54682464, supplierName=Hong Kong Andeo Group Limited, customerNameTc=東莞市慕聲商貿有限公司, bankAccountName=Hong Kong Andeo Group Limited, ba...[已截断]
2026-03-22 12:54:21.629 [http-nio-8888-exec-10] [bad6bf1047e742cf] INFO  com.musheng.aop.RequestLogAspect - [请求开始] traceId=bad6bf1047e742cf userId=1 GET /api/v1/business/document-party-config/export ip=0:0:0:0:0:0:0:1 方法=DocumentPartyConfigController.export 参数=[org.apache.catalina.connector.ResponseFacade@58952d93]
2026-03-22 12:54:21.694 [http-nio-8888-exec-10] [bad6bf1047e742cf] INFO  c.m.b.d.s.impl.DocumentPartyConfigServiceImpl - 导出交易方配置，共 4 条
2026-03-22 12:54:21.696 [http-nio-8888-exec-10] [bad6bf1047e742cf] INFO  com.musheng.aop.RequestLogAspect - [请求结束] traceId=bad6bf1047e742cf GET /api/v1/business/document-party-config/export 耗时=70ms 响应=null
2026-03-22 12:54:52.526 [http-nio-8888-exec-1] [20e225eb4c884ebd] INFO  com.musheng.aop.RequestLogAspect - [请求开始] traceId=20e225eb4c884ebd userId=1 DELETE /api/v1/business/document-party-config/2 ip=0:0:0:0:0:0:0:1 方法=DocumentPartyConfigController.delete 参数=[2]
2026-03-22 12:54:52.559 [http-nio-8888-exec-1] [20e225eb4c884ebd] INFO  c.m.b.d.s.impl.DocumentPartyConfigServiceImpl - 删除交易方配置成功，id=2
2026-03-22 12:54:52.560 [http-nio-8888-exec-1] [20e225eb4c884ebd] INFO  com.musheng.aop.RequestLogAspect - [请求结束] traceId=20e225eb4c884ebd DELETE /api/v1/business/document-party-config/2 耗时=33ms 响应=Result(code=0, message=success, data=null, timestamp=1774155292559, requestId=null)
2026-03-22 12:54:52.597 [http-nio-8888-exec-2] [f24ec9539e014e00] INFO  com.musheng.aop.RequestLogAspect - [请求开始] traceId=f24ec9539e014e00 userId=1 GET /api/v1/business/document-party-config/list ip=0:0:0:0:0:0:0:1 方法=DocumentPartyConfigController.list 参数=[]
2026-03-22 12:54:52.625 [http-nio-8888-exec-2] [f24ec9539e014e00] INFO  com.musheng.aop.RequestLogAspect - [请求结束] traceId=f24ec9539e014e00 GET /api/v1/business/document-party-config/list 耗时=29ms 响应=Result(code=0, message=success, data=[DocumentPartyConfigVO(id=4, siteCode=EU, buyerName=东莞市慕声商贸有限公司, buyerAddress=广东省东莞市虎门镇连升路82号虎门万达广场2栋606房, buyerPhone=18575382420, buyerNameEn=Dongguan Musheng Trade Co., Ltd., sellerName=Hong Kong Andeo Group Limited, sellerAddress=ROOM 1201, 12/F TAI SANG BANK BUILDING 130-132 DES VOEUX ROAD, CENTRAL HONGKONG, sellerPhone=00852-54682464, supplierName=Hong Kong Andeo Group Limited, customerNameTc=東莞市慕聲商貿有限公司, bankAccountName=Hong Kong Andeo Group Limited, ba...[已截断]
2026-03-22 12:54:53.796 [http-nio-8888-exec-4] [c0311568142442a7] INFO  com.musheng.aop.RequestLogAspect - [请求开始] traceId=c0311568142442a7 userId=1 DELETE /api/v1/business/document-party-config/4 ip=0:0:0:0:0:0:0:1 方法=DocumentPartyConfigController.delete 参数=[4]
2026-03-22 12:54:53.803 [http-nio-8888-exec-4] [c0311568142442a7] INFO  c.m.b.d.s.impl.DocumentPartyConfigServiceImpl - 删除交易方配置成功，id=4
2026-03-22 12:54:53.804 [http-nio-8888-exec-4] [c0311568142442a7] INFO  com.musheng.aop.RequestLogAspect - [请求结束] traceId=c0311568142442a7 DELETE /api/v1/business/document-party-config/4 耗时=8ms 响应=Result(code=0, message=success, data=null, timestamp=1774155293804, requestId=null)
2026-03-22 12:54:53.834 [http-nio-8888-exec-7] [e72e638ad1ce4d2b] INFO  com.musheng.aop.RequestLogAspect - [请求开始] traceId=e72e638ad1ce4d2b userId=1 GET /api/v1/business/document-party-config/list ip=0:0:0:0:0:0:0:1 方法=DocumentPartyConfigController.list 参数=[]
2026-03-22 12:54:53.841 [http-nio-8888-exec-7] [e72e638ad1ce4d2b] INFO  com.musheng.aop.RequestLogAspect - [请求结束] traceId=e72e638ad1ce4d2b GET /api/v1/business/document-party-config/list 耗时=7ms 响应=Result(code=0, message=success, data=[DocumentPartyConfigVO(id=3, siteCode=UK, buyerName=东莞市慕声商贸有限公司, buyerAddress=广东省东莞市虎门镇连升路82号虎门万达广场2栋606房, buyerPhone=18575382420, buyerNameEn=Dongguan Musheng Trade Co., Ltd., sellerName=Hong Kong Andeo Group Limited, sellerAddress=ROOM 1201, 12/F TAI SANG BANK BUILDING 130-132 DES VOEUX ROAD, CENTRAL HONGKONG, sellerPhone=00852-54682464, supplierName=Hong Kong Andeo Group Limited, customerNameTc=東莞市慕聲商貿有限公司, bankAccountName=Hong Kong Andeo Group Limited, ba...[已截断]
2026-03-22 12:54:54.909 [http-nio-8888-exec-8] [0c403c0f42854ffc] INFO  com.musheng.aop.RequestLogAspect - [请求开始] traceId=0c403c0f42854ffc userId=1 DELETE /api/v1/business/document-party-config/3 ip=0:0:0:0:0:0:0:1 方法=DocumentPartyConfigController.delete 参数=[3]
2026-03-22 12:54:54.920 [http-nio-8888-exec-8] [0c403c0f42854ffc] INFO  c.m.b.d.s.impl.DocumentPartyConfigServiceImpl - 删除交易方配置成功，id=3
2026-03-22 12:54:54.921 [http-nio-8888-exec-8] [0c403c0f42854ffc] INFO  com.musheng.aop.RequestLogAspect - [请求结束] traceId=0c403c0f42854ffc DELETE /api/v1/business/document-party-config/3 耗时=12ms 响应=Result(code=0, message=success, data=null, timestamp=1774155294921, requestId=null)
2026-03-22 12:54:54.960 [http-nio-8888-exec-3] [8f7e247479c04e67] INFO  com.musheng.aop.RequestLogAspect - [请求开始] traceId=8f7e247479c04e67 userId=1 GET /api/v1/business/document-party-config/list ip=0:0:0:0:0:0:0:1 方法=DocumentPartyConfigController.list 参数=[]
2026-03-22 12:54:54.963 [http-nio-8888-exec-3] [8f7e247479c04e67] INFO  com.musheng.aop.RequestLogAspect - [请求结束] traceId=8f7e247479c04e67 GET /api/v1/business/document-party-config/list 耗时=4ms 响应=Result(code=0, message=success, data=[DocumentPartyConfigVO(id=1, siteCode=US, buyerName=东莞市慕声商贸有限公司, buyerAddress=广东省东莞市虎门镇连升路82号虎门万达广场2栋606房, buyerPhone=18575382420, buyerNameEn=Dongguan Musheng Trade Co., Ltd., sellerName=Hong Kong Andeo Group Limited, sellerAddress=ROOM 1201, 12/F TAI SANG BANK BUILDING 130-132 DES VOEUX ROAD, CENTRAL HONGKONG, sellerPhone=00852-54682464, supplierName=Hong Kong Andeo Group Limited, customerNameTc=東莞市慕聲商貿有限公司, bankAccountName=Hong Kong Andeo Group Limited, ba...[已截断]
2026-03-22 12:54:56.068 [http-nio-8888-exec-9] [0c12caf3298d476a] INFO  com.musheng.aop.RequestLogAspect - [请求开始] traceId=0c12caf3298d476a userId=1 DELETE /api/v1/business/document-party-config/1 ip=0:0:0:0:0:0:0:1 方法=DocumentPartyConfigController.delete 参数=[1]
2026-03-22 12:54:56.072 [http-nio-8888-exec-9] [0c12caf3298d476a] INFO  c.m.b.d.s.impl.DocumentPartyConfigServiceImpl - 删除交易方配置成功，id=1
2026-03-22 12:54:56.073 [http-nio-8888-exec-9] [0c12caf3298d476a] INFO  com.musheng.aop.RequestLogAspect - [请求结束] traceId=0c12caf3298d476a DELETE /api/v1/business/document-party-config/1 耗时=6ms 响应=Result(code=0, message=success, data=null, timestamp=1774155296072, requestId=null)
2026-03-22 12:54:56.090 [http-nio-8888-exec-5] [98c6609db4b640e2] INFO  com.musheng.aop.RequestLogAspect - [请求开始] traceId=98c6609db4b640e2 userId=1 GET /api/v1/business/document-party-config/list ip=0:0:0:0:0:0:0:1 方法=DocumentPartyConfigController.list 参数=[]
2026-03-22 12:54:56.094 [http-nio-8888-exec-5] [98c6609db4b640e2] INFO  com.musheng.aop.RequestLogAspect - [请求结束] traceId=98c6609db4b640e2 GET /api/v1/business/document-party-config/list 耗时=4ms 响应=Result(code=0, message=success, data=[], timestamp=1774155296094, requestId=null)
2026-03-22 12:55:00.570 [http-nio-8888-exec-7] [946730ca5d8e42f8] ERROR c.musheng.common.exception.GlobalExceptionHandler - 系统异常 /api/v1/business/document-party-config/import: Current request is not a multipart request
org.springframework.web.multipart.MultipartException: Current request is not a multipart request
	at org.springframework.web.method.annotation.RequestParamMethodArgumentResolver.handleMissingValueInternal(RequestParamMethodArgumentResolver.java:210)
	at org.springframework.web.method.annotation.RequestParamMethodArgumentResolver.handleMissingValue(RequestParamMethodArgumentResolver.java:193)
	at org.springframework.web.method.annotation.AbstractNamedValueMethodArgumentResolver.resolveArgument(AbstractNamedValueMethodArgumentResolver.java:124)
	at org.springframework.web.method.support.HandlerMethodArgumentResolverComposite.resolveArgument(HandlerMethodArgumentResolverComposite.java:122)
	at org.springframework.web.method.support.InvocableHandlerMethod.getMethodArgumentValues(InvocableHandlerMethod.java:225)
	at org.springframework.web.method.support.InvocableHandlerMethod.invokeForRequest(InvocableHandlerMethod.java:178)
	at org.springframework.web.servlet.mvc.method.annotation.ServletInvocableHandlerMethod.invokeAndHandle(ServletInvocableHandlerMethod.java:118)
	at org.springframework.web.servlet.mvc.method.annotation.RequestMappingHandlerAdapter.invokeHandlerMethod(RequestMappingHandlerAdapter.java:917)
	at org.springframework.web.servlet.mvc.method.annotation.RequestMappingHandlerAdapter.handleInternal(RequestMappingHandlerAdapter.java:829)
	at org.springframework.web.servlet.mvc.method.AbstractHandlerMethodAdapter.handle(AbstractHandlerMethodAdapter.java:87)
	at org.springframework.web.servlet.DispatcherServlet.doDispatch(DispatcherServlet.java:1089)
	at org.springframework.web.servlet.DispatcherServlet.doService(DispatcherServlet.java:979)
	at org.springframework.web.servlet.FrameworkServlet.processRequest(FrameworkServlet.java:1014)
	at org.springframework.web.servlet.FrameworkServlet.doPost(FrameworkServlet.java:914)
	at jakarta.servlet.http.HttpServlet.service(HttpServlet.java:590)
	at org.springframework.web.servlet.FrameworkServlet.service(FrameworkServlet.java:885)
	at jakarta.servlet.http.HttpServlet.service(HttpServlet.java:658)
	at org.apache.catalina.core.ApplicationFilterChain.internalDoFilter(ApplicationFilterChain.java:205)
	at org.apache.catalina.core.ApplicationFilterChain.doFilter(ApplicationFilterChain.java:149)
	at org.apache.tomcat.websocket.server.WsFilter.doFilter(WsFilter.java:51)
	at org.apache.catalina.core.ApplicationFilterChain.internalDoFilter(ApplicationFilterChain.java:174)
	at org.apache.catalina.core.ApplicationFilterChain.doFilter(ApplicationFilterChain.java:149)
	at com.musheng.filter.TraceIdFilter.doFilterInternal(TraceIdFilter.java:61)
	at org.springframework.web.filter.OncePerRequestFilter.doFilter(OncePerRequestFilter.java:116)
	at org.apache.catalina.core.ApplicationFilterChain.internalDoFilter(ApplicationFilterChain.java:174)
	at org.apache.catalina.core.ApplicationFilterChain.doFilter(ApplicationFilterChain.java:149)
	at cn.dev33.satoken.filter.SaServletFilter.doFilter(SaServletFilter.java:150)
	at org.apache.catalina.core.ApplicationFilterChain.internalDoFilter(ApplicationFilterChain.java:174)
	at org.apache.catalina.core.ApplicationFilterChain.doFilter(ApplicationFilterChain.java:149)
	at org.springframework.web.filter.RequestContextFilter.doFilterInternal(RequestContextFilter.java:100)
	at org.springframework.web.filter.OncePerRequestFilter.doFilter(OncePerRequestFilter.java:116)
	at org.apache.catalina.core.ApplicationFilterChain.internalDoFilter(ApplicationFilterChain.java:174)
	at org.apache.catalina.core.ApplicationFilterChain.doFilter(ApplicationFilterChain.java:149)
	at cn.dev33.satoken.filter.SaPathCheckFilterForJakartaServlet.doFilter(SaPathCheckFilterForJakartaServlet.java:55)
	at org.apache.catalina.core.ApplicationFilterChain.internalDoFilter(ApplicationFilterChain.java:174)
	at org.apache.catalina.core.ApplicationFilterChain.doFilter(ApplicationFilterChain.java:149)
	at org.springframework.web.filter.FormContentFilter.doFilterInternal(FormContentFilter.java:93)
	at org.springframework.web.filter.OncePerRequestFilter.doFilter(OncePerRequestFilter.java:116)
	at org.apache.catalina.core.ApplicationFilterChain.internalDoFilter(ApplicationFilterChain.java:174)
	at org.apache.catalina.core.ApplicationFilterChain.doFilter(ApplicationFilterChain.java:149)
	at org.springframework.web.filter.CharacterEncodingFilter.doFilterInternal(CharacterEncodingFilter.java:201)
	at org.springframework.web.filter.OncePerRequestFilter.doFilter(OncePerRequestFilter.java:116)
	at org.apache.catalina.core.ApplicationFilterChain.internalDoFilter(ApplicationFilterChain.java:174)
	at org.apache.catalina.core.ApplicationFilterChain.doFilter(ApplicationFilterChain.java:149)
	at org.apache.catalina.core.StandardWrapperValve.invoke(StandardWrapperValve.java:167)
	at org.apache.catalina.core.StandardContextValve.invoke(StandardContextValve.java:90)
	at org.apache.catalina.authenticator.AuthenticatorBase.invoke(AuthenticatorBase.java:482)
	at org.apache.catalina.core.StandardHostValve.invoke(StandardHostValve.java:115)
	at org.apache.catalina.valves.ErrorReportValve.invoke(ErrorReportValve.java:93)
	at org.apache.catalina.core.StandardEngineValve.invoke(StandardEngineValve.java:74)
	at org.apache.catalina.connector.CoyoteAdapter.service(CoyoteAdapter.java:340)
	at org.apache.coyote.http11.Http11Processor.service(Http11Processor.java:391)
	at org.apache.coyote.AbstractProcessorLight.process(AbstractProcessorLight.java:63)
	at org.apache.coyote.AbstractProtocol$ConnectionHandler.process(AbstractProtocol.java:896)
	at org.apache.tomcat.util.net.NioEndpoint$SocketProcessor.doRun(NioEndpoint.java:1744)
	at org.apache.tomcat.util.net.SocketProcessorBase.run(SocketProcessorBase.java:52)
	at org.apache.tomcat.util.threads.ThreadPoolExecutor.runWorker(ThreadPoolExecutor.java:1191)
	at org.apache.tomcat.util.threads.ThreadPoolExecutor$Worker.run(ThreadPoolExecutor.java:659)
	at org.apache.tomcat.util.threads.TaskThread$WrappingRunnable.run(TaskThread.java:61)
	at java.base/java.lang.Thread.run(Thread.java:840)
2026-03-22 12:55:10.791 [http-nio-8888-exec-6] [cc1e54ac8ce6475f] ERROR c.musheng.common.exception.GlobalExceptionHandler - 系统异常 /api/v1/business/document-party-config/import: Current request is not a multipart request
org.springframework.web.multipart.MultipartException: Current request is not a multipart request
	at org.springframework.web.method.annotation.RequestParamMethodArgumentResolver.handleMissingValueInternal(RequestParamMethodArgumentResolver.java:210)
	at org.springframework.web.method.annotation.RequestParamMethodArgumentResolver.handleMissingValue(RequestParamMethodArgumentResolver.java:193)
	at org.springframework.web.method.annotation.AbstractNamedValueMethodArgumentResolver.resolveArgument(AbstractNamedValueMethodArgumentResolver.java:124)
	at org.springframework.web.method.support.HandlerMethodArgumentResolverComposite.resolveArgument(HandlerMethodArgumentResolverComposite.java:122)
	at org.springframework.web.method.support.InvocableHandlerMethod.getMethodArgumentValues(InvocableHandlerMethod.java:225)
	at org.springframework.web.method.support.InvocableHandlerMethod.invokeForRequest(InvocableHandlerMethod.java:178)
	at org.springframework.web.servlet.mvc.method.annotation.ServletInvocableHandlerMethod.invokeAndHandle(ServletInvocableHandlerMethod.java:118)
	at org.springframework.web.servlet.mvc.method.annotation.RequestMappingHandlerAdapter.invokeHandlerMethod(RequestMappingHandlerAdapter.java:917)
	at org.springframework.web.servlet.mvc.method.annotation.RequestMappingHandlerAdapter.handleInternal(RequestMappingHandlerAdapter.java:829)
	at org.springframework.web.servlet.mvc.method.AbstractHandlerMethodAdapter.handle(AbstractHandlerMethodAdapter.java:87)
	at org.springframework.web.servlet.DispatcherServlet.doDispatch(DispatcherServlet.java:1089)
	at org.springframework.web.servlet.DispatcherServlet.doService(DispatcherServlet.java:979)
	at org.springframework.web.servlet.FrameworkServlet.processRequest(FrameworkServlet.java:1014)
	at org.springframework.web.servlet.FrameworkServlet.doPost(FrameworkServlet.java:914)
	at jakarta.servlet.http.HttpServlet.service(HttpServlet.java:590)
	at org.springframework.web.servlet.FrameworkServlet.service(FrameworkServlet.java:885)
	at jakarta.servlet.http.HttpServlet.service(HttpServlet.java:658)
	at org.apache.catalina.core.ApplicationFilterChain.internalDoFilter(ApplicationFilterChain.java:205)
	at org.apache.catalina.core.ApplicationFilterChain.doFilter(ApplicationFilterChain.java:149)
	at org.apache.tomcat.websocket.server.WsFilter.doFilter(WsFilter.java:51)
	at org.apache.catalina.core.ApplicationFilterChain.internalDoFilter(ApplicationFilterChain.java:174)
	at org.apache.catalina.core.ApplicationFilterChain.doFilter(ApplicationFilterChain.java:149)
	at com.musheng.filter.TraceIdFilter.doFilterInternal(TraceIdFilter.java:61)
	at org.springframework.web.filter.OncePerRequestFilter.doFilter(OncePerRequestFilter.java:116)
	at org.apache.catalina.core.ApplicationFilterChain.internalDoFilter(ApplicationFilterChain.java:174)
	at org.apache.catalina.core.ApplicationFilterChain.doFilter(ApplicationFilterChain.java:149)
	at cn.dev33.satoken.filter.SaServletFilter.doFilter(SaServletFilter.java:150)
	at org.apache.catalina.core.ApplicationFilterChain.internalDoFilter(ApplicationFilterChain.java:174)
	at org.apache.catalina.core.ApplicationFilterChain.doFilter(ApplicationFilterChain.java:149)
	at org.springframework.web.filter.RequestContextFilter.doFilterInternal(RequestContextFilter.java:100)
	at org.springframework.web.filter.OncePerRequestFilter.doFilter(OncePerRequestFilter.java:116)
	at org.apache.catalina.core.ApplicationFilterChain.internalDoFilter(ApplicationFilterChain.java:174)
	at org.apache.catalina.core.ApplicationFilterChain.doFilter(ApplicationFilterChain.java:149)
	at cn.dev33.satoken.filter.SaPathCheckFilterForJakartaServlet.doFilter(SaPathCheckFilterForJakartaServlet.java:55)
	at org.apache.catalina.core.ApplicationFilterChain.internalDoFilter(ApplicationFilterChain.java:174)
	at org.apache.catalina.core.ApplicationFilterChain.doFilter(ApplicationFilterChain.java:149)
	at org.springframework.web.filter.FormContentFilter.doFilterInternal(FormContentFilter.java:93)
	at org.springframework.web.filter.OncePerRequestFilter.doFilter(OncePerRequestFilter.java:116)
	at org.apache.catalina.core.ApplicationFilterChain.internalDoFilter(ApplicationFilterChain.java:174)
	at org.apache.catalina.core.ApplicationFilterChain.doFilter(ApplicationFilterChain.java:149)
	at org.springframework.web.filter.CharacterEncodingFilter.doFilterInternal(CharacterEncodingFilter.java:201)
	at org.springframework.web.filter.OncePerRequestFilter.doFilter(OncePerRequestFilter.java:116)
	at org.apache.catalina.core.ApplicationFilterChain.internalDoFilter(ApplicationFilterChain.java:174)
	at org.apache.catalina.core.ApplicationFilterChain.doFilter(ApplicationFilterChain.java:149)
	at org.apache.catalina.core.StandardWrapperValve.invoke(StandardWrapperValve.java:167)
	at org.apache.catalina.core.StandardContextValve.invoke(StandardContextValve.java:90)
	at org.apache.catalina.authenticator.AuthenticatorBase.invoke(AuthenticatorBase.java:482)
	at org.apache.catalina.core.StandardHostValve.invoke(StandardHostValve.java:115)
	at org.apache.catalina.valves.ErrorReportValve.invoke(ErrorReportValve.java:93)
	at org.apache.catalina.core.StandardEngineValve.invoke(StandardEngineValve.java:74)
	at org.apache.catalina.connector.CoyoteAdapter.service(CoyoteAdapter.java:340)
	at org.apache.coyote.http11.Http11Processor.service(Http11Processor.java:391)
	at org.apache.coyote.AbstractProcessorLight.process(AbstractProcessorLight.java:63)
	at org.apache.coyote.AbstractProtocol$ConnectionHandler.process(AbstractProtocol.java:896)
	at org.apache.tomcat.util.net.NioEndpoint$SocketProcessor.doRun(NioEndpoint.java:1744)
	at org.apache.tomcat.util.net.SocketProcessorBase.run(SocketProcessorBase.java:52)
	at org.apache.tomcat.util.threads.ThreadPoolExecutor.runWorker(ThreadPoolExecutor.java:1191)
	at org.apache.tomcat.util.threads.ThreadPoolExecutor$Worker.run(ThreadPoolExecutor.java:659)
	at org.apache.tomcat.util.threads.TaskThread$WrappingRunnable.run(TaskThread.java:61)
	at java.base/java.lang.Thread.run(Thread.java:840)
2026-03-22 12:56:02.874 [http-nio-8888-exec-3] [421f8891bf6e4ead] INFO  com.musheng.aop.RequestLogAspect - [请求开始] traceId=421f8891bf6e4ead userId=1 GET /api/v1/business/document-party-config/list ip=0:0:0:0:0:0:0:1 方法=DocumentPartyConfigController.list 参数=[]
2026-03-22 12:56:02.928 [http-nio-8888-exec-3] [421f8891bf6e4ead] INFO  com.musheng.aop.RequestLogAspect - [请求结束] traceId=421f8891bf6e4ead GET /api/v1/business/document-party-config/list 耗时=54ms 响应=Result(code=0, message=success, data=[], timestamp=1774155362927, requestId=null)
2026-03-22 12:56:22.553 [http-nio-8888-exec-9] [456f2c90b3b647f2] INFO  com.musheng.aop.RequestLogAspect - [请求开始] traceId=456f2c90b3b647f2 userId=1 GET /api/v1/business/document-party-config/list ip=0:0:0:0:0:0:0:1 方法=DocumentPartyConfigController.list 参数=[]
2026-03-22 12:56:22.596 [http-nio-8888-exec-9] [456f2c90b3b647f2] INFO  com.musheng.aop.RequestLogAspect - [请求结束] traceId=456f2c90b3b647f2 GET /api/v1/business/document-party-config/list 耗时=44ms 响应=Result(code=0, message=success, data=[], timestamp=1774155382596, requestId=null)
2026-03-22 12:59:43.861 [http-nio-8888-exec-4] [986dc57d41c74ec3] INFO  com.musheng.aop.RequestLogAspect - [请求开始] traceId=986dc57d41c74ec3 userId=1 POST /api/v1/business/document-party-config/import ip=0:0:0:0:0:0:0:1 方法=DocumentPartyConfigController.importConfig 参数=[[StandardMultipartFile]]
2026-03-22 12:59:43.939 [http-nio-8888-exec-4] [986dc57d41c74ec3] INFO  c.m.b.d.s.impl.DocumentPartyConfigServiceImpl - 导入新增交易方配置，siteCode=CA
2026-03-22 12:59:43.945 [http-nio-8888-exec-4] [986dc57d41c74ec3] INFO  c.m.b.d.s.impl.DocumentPartyConfigServiceImpl - 导入新增交易方配置，siteCode=EU
2026-03-22 12:59:43.951 [http-nio-8888-exec-4] [986dc57d41c74ec3] INFO  c.m.b.d.s.impl.DocumentPartyConfigServiceImpl - 导入新增交易方配置，siteCode=UK
2026-03-22 12:59:43.958 [http-nio-8888-exec-4] [986dc57d41c74ec3] INFO  c.m.b.d.s.impl.DocumentPartyConfigServiceImpl - 导入新增交易方配置，siteCode=US
2026-03-22 12:59:43.958 [http-nio-8888-exec-4] [986dc57d41c74ec3] INFO  c.m.b.d.s.impl.DocumentPartyConfigServiceImpl - 交易方配置导入完成，共处理 4 条
2026-03-22 12:59:43.958 [http-nio-8888-exec-4] [986dc57d41c74ec3] INFO  com.musheng.aop.RequestLogAspect - [请求结束] traceId=986dc57d41c74ec3 POST /api/v1/business/document-party-config/import 耗时=103ms 响应=Result(code=0, message=success, data=4, timestamp=1774155583958, requestId=null)
2026-03-22 12:59:44.008 [http-nio-8888-exec-6] [c238bd9b96904a96] INFO  com.musheng.aop.RequestLogAspect - [请求开始] traceId=c238bd9b96904a96 userId=1 GET /api/v1/business/document-party-config/list ip=0:0:0:0:0:0:0:1 方法=DocumentPartyConfigController.list 参数=[]
2026-03-22 12:59:44.022 [http-nio-8888-exec-6] [c238bd9b96904a96] INFO  com.musheng.aop.RequestLogAspect - [请求结束] traceId=c238bd9b96904a96 GET /api/v1/business/document-party-config/list 耗时=14ms 响应=Result(code=0, message=success, data=[DocumentPartyConfigVO(id=2, siteCode=CA, buyerName=东莞市慕声商贸有限公司, buyerAddress=广东省东莞市虎门镇连升路82号虎门万达广场2栋606房, buyerPhone=18575382420, buyerNameEn=Dongguan Musheng Trade Co., Ltd., sellerName=Hong Kong Andeo Group Limited, sellerAddress=ROOM 1201, 12/F TAI SANG BANK BUILDING 130-132 DES VOEUX ROAD, CENTRAL HONGKONG, sellerPhone=00852-54682464, supplierName=Hong Kong Andeo Group Limited, customerNameTc=東莞市慕聲商貿有限公司, bankAccountName=Hong Kong Andeo Group Limited, ba...[已截断]
2026-03-22 13:03:37.053 [http-nio-8888-exec-3] [95ce951eff9b4838] INFO  com.musheng.aop.RequestLogAspect - [请求开始] traceId=95ce951eff9b4838 userId=1 GET /api/v1/business/document-party-config/list ip=0:0:0:0:0:0:0:1 方法=DocumentPartyConfigController.list 参数=[]
2026-03-22 13:03:37.123 [http-nio-8888-exec-3] [95ce951eff9b4838] INFO  com.musheng.aop.RequestLogAspect - [请求结束] traceId=95ce951eff9b4838 GET /api/v1/business/document-party-config/list 耗时=69ms 响应=Result(code=0, message=success, data=[DocumentPartyConfigVO(id=2, siteCode=CA, buyerName=东莞市慕声商贸有限公司, buyerAddress=广东省东莞市虎门镇连升路82号虎门万达广场2栋606房, buyerPhone=18575382420, buyerNameEn=Dongguan Musheng Trade Co., Ltd., sellerName=Hong Kong Andeo Group Limited, sellerAddress=ROOM 1201, 12/F TAI SANG BANK BUILDING 130-132 DES VOEUX ROAD, CENTRAL HONGKONG, sellerPhone=00852-54682464, supplierName=Hong Kong Andeo Group Limited, customerNameTc=東莞市慕聲商貿有限公司, bankAccountName=Hong Kong Andeo Group Limited, ba...[已截断]
2026-03-22 13:07:52.632 [SpringApplicationShutdownHook] [-] WARN  o.s.context.support.DefaultLifecycleProcessor - Failed to stop bean 'webServerGracefulShutdown'
java.lang.NoClassDefFoundError: org/springframework/boot/web/server/GracefulShutdownCallback
	at org.springframework.boot.web.context.WebServerGracefulShutdownLifecycle.stop(WebServerGracefulShutdownLifecycle.java:62)
	at org.springframework.context.support.DefaultLifecycleProcessor.doStop(DefaultLifecycleProcessor.java:344)
	at org.springframework.context.support.DefaultLifecycleProcessor$LifecycleGroup.stop(DefaultLifecycleProcessor.java:483)
	at java.base/java.lang.Iterable.forEach(Iterable.java:75)
	at org.springframework.context.support.DefaultLifecycleProcessor.stopBeans(DefaultLifecycleProcessor.java:313)
	at org.springframework.context.support.DefaultLifecycleProcessor.onClose(DefaultLifecycleProcessor.java:214)
	at org.springframework.context.support.AbstractApplicationContext.doClose(AbstractApplicationContext.java:1136)
	at org.springframework.boot.web.servlet.context.ServletWebServerApplicationContext.doClose(ServletWebServerApplicationContext.java:174)
	at org.springframework.context.support.AbstractApplicationContext.close(AbstractApplicationContext.java:1090)
	at org.springframework.boot.SpringApplicationShutdownHook.closeAndWait(SpringApplicationShutdownHook.java:145)
	at java.base/java.lang.Iterable.forEach(Iterable.java:75)
	at org.springframework.boot.SpringApplicationShutdownHook.run(SpringApplicationShutdownHook.java:114)
	at java.base/java.lang.Thread.run(Thread.java:840)
Caused by: java.lang.ClassNotFoundException: org.springframework.boot.web.server.GracefulShutdownCallback
	at java.base/java.net.URLClassLoader.findClass(URLClassLoader.java:445)
	at java.base/java.lang.ClassLoader.loadClass(ClassLoader.java:592)
	at org.springframework.boot.loader.net.protocol.jar.JarUrlClassLoader.loadClass(JarUrlClassLoader.java:104)
	at org.springframework.boot.loader.launch.LaunchedClassLoader.loadClass(LaunchedClassLoader.java:91)
	at java.base/java.lang.ClassLoader.loadClass(ClassLoader.java:525)
	... 13 common frames omitted
2026-03-22 13:08:21.431 [http-nio-8888-exec-9] [74716a3bfff74606] INFO  com.musheng.aop.RequestLogAspect - [请求开始] traceId=74716a3bfff74606 userId=未登录 POST /api/v1/auth/login ip=0:0:0:0:0:0:0:1 方法=AuthController.login 参数=[LoginRequest(username=admin, password=123456), org.apache.catalina.connector.RequestFacade@33ed9324]
2026-03-22 13:08:21.623 [http-nio-8888-exec-9] [74716a3bfff74606] INFO  com.musheng.system.service.impl.AuthServiceImpl - User logged in successfully: admin
2026-03-22 13:08:21.646 [http-nio-8888-exec-9] [74716a3bfff74606] ERROR com.musheng.system.aspect.OperationLogAspect - 保存操作日志失败: ExecutorService in shutdown state did not accept task: org.springframework.aop.interceptor.AsyncExecutionInterceptor$$Lambda$1274/0x00000001357be5e0@238e54c5
2026-03-22 13:08:21.647 [http-nio-8888-exec-9] [74716a3bfff74606] INFO  com.musheng.aop.RequestLogAspect - [请求结束] traceId=74716a3bfff74606 POST /api/v1/auth/login 耗时=219ms 响应=Result(code=0, message=success, data=LoginResponse(token=0808f8e3-d636-4101-a091-015eff2f0a63, tokenType=Bearer, expiresIn=86400, userInfo=LoginResponse.UserInfo(id=1, username=admin, realName=System Administrator, role=admin, roleCode=admin, roleName=Administrator, avatar=null, email=null, phone=null, status=1, createTime=2026-01-19T20:38:39, lastLoginTime=2026-03-22T13:08:21.590227), permissions=[*]), timestamp=1774156101628, requestId=null)
2026-03-22 13:08:29.368 [SpringApplicationShutdownHook] [-] WARN  o.s.context.support.DefaultLifecycleProcessor - Failed to stop bean 'webServerStartStop'
java.lang.NoClassDefFoundError: org/apache/catalina/Lifecycle$SingleUse
	at org.apache.catalina.util.LifecycleBase.stop(LifecycleBase.java:254)
	at org.apache.catalina.core.StandardService.removeConnector(StandardService.java:298)
	at org.springframework.boot.web.embedded.tomcat.TomcatWebServer.lambda$removeServiceConnectors$1(TomcatWebServer.java:171)
	at org.springframework.boot.web.embedded.tomcat.TomcatWebServer.doWithConnectors(TomcatWebServer.java:190)
	at org.springframework.boot.web.embedded.tomcat.TomcatWebServer.removeServiceConnectors(TomcatWebServer.java:168)
	at org.springframework.boot.web.embedded.tomcat.TomcatWebServer.stop(TomcatWebServer.java:354)
	at org.springframework.boot.web.servlet.context.WebServerStartStopLifecycle.stop(WebServerStartStopLifecycle.java:53)
	at org.springframework.context.SmartLifecycle.stop(SmartLifecycle.java:117)
	at org.springframework.context.support.DefaultLifecycleProcessor.doStop(DefaultLifecycleProcessor.java:344)
	at org.springframework.context.support.DefaultLifecycleProcessor$LifecycleGroup.stop(DefaultLifecycleProcessor.java:483)
	at java.base/java.lang.Iterable.forEach(Iterable.java:75)
	at org.springframework.context.support.DefaultLifecycleProcessor.stopBeans(DefaultLifecycleProcessor.java:313)
	at org.springframework.context.support.DefaultLifecycleProcessor.onClose(DefaultLifecycleProcessor.java:214)
	at org.springframework.context.support.AbstractApplicationContext.doClose(AbstractApplicationContext.java:1136)
	at org.springframework.boot.web.servlet.context.ServletWebServerApplicationContext.doClose(ServletWebServerApplicationContext.java:174)
	at org.springframework.context.support.AbstractApplicationContext.close(AbstractApplicationContext.java:1090)
	at org.springframework.boot.SpringApplicationShutdownHook.closeAndWait(SpringApplicationShutdownHook.java:145)
	at java.base/java.lang.Iterable.forEach(Iterable.java:75)
	at org.springframework.boot.SpringApplicationShutdownHook.run(SpringApplicationShutdownHook.java:114)
	at java.base/java.lang.Thread.run(Thread.java:840)
Caused by: java.lang.ClassNotFoundException: org.apache.catalina.Lifecycle$SingleUse
	at java.base/java.net.URLClassLoader.findClass(URLClassLoader.java:445)
	at java.base/java.lang.ClassLoader.loadClass(ClassLoader.java:592)
	at org.springframework.boot.loader.net.protocol.jar.JarUrlClassLoader.loadClass(JarUrlClassLoader.java:104)
	at org.springframework.boot.loader.launch.LaunchedClassLoader.loadClass(LaunchedClassLoader.java:91)
	at java.base/java.lang.ClassLoader.loadClass(ClassLoader.java:525)
	... 20 common frames omitted
2026-03-22 13:11:18.709 [main] [-] INFO  com.musheng.MushengApplication - Starting MushengApplication using Java 17.0.17 with PID 62017 (/Users/wanhua/project/慕声/musheng/musheng-tax-system/musheng-web/target/musheng-web-1.0.0-SNAPSHOT.jar started by wanhua in /Users/wanhua/project/慕声/musheng/musheng-tax-system)
2026-03-22 13:11:18.746 [main] [-] INFO  com.musheng.MushengApplication - The following 1 profile is active: "dev"
2026-03-22 13:11:26.761 [main] [-] INFO  c.m.business.sales.parser.SalesDataParserFactory - 注册销售数据解析器: ERP -> ErpSettlementParser
2026-03-22 13:11:26.764 [main] [-] INFO  c.m.business.sales.parser.SalesDataParserFactory - 注册销售数据解析器: ORIGINAL -> AmazonOriginalParser
2026-03-22 13:11:27.502 [main] [-] INFO  com.musheng.system.config.SaTokenCacheConfig - ========================================
2026-03-22 13:11:27.503 [main] [-] INFO  com.musheng.system.config.SaTokenCacheConfig - Sa-Token 缓存模式: Caffeine (本地缓存)
2026-03-22 13:11:27.503 [main] [-] INFO  com.musheng.system.config.SaTokenCacheConfig - 适用于: 单机部署、内部系统
2026-03-22 13:11:27.503 [main] [-] INFO  com.musheng.system.config.SaTokenCacheConfig - 注意: 服务重启后登录状态会丢失
2026-03-22 13:11:27.503 [main] [-] INFO  com.musheng.system.config.SaTokenCacheConfig - ========================================
2026-03-22 13:11:27.507 [main] [-] INFO  com.musheng.system.config.SaTokenCaffeineDao - Sa-Token Caffeine 本地缓存初始化完成
2026-03-22 13:11:30.283 [main] [-] INFO  com.musheng.MushengApplication - Started MushengApplication in 13.165 seconds (process running for 14.111)
2026-03-22 13:11:57.387 [http-nio-8888-exec-1] [94eb8c5c1f684e28] INFO  com.musheng.aop.RequestLogAspect - [请求开始] traceId=94eb8c5c1f684e28 userId=未登录 POST /api/v1/auth/login ip=0:0:0:0:0:0:0:1 方法=AuthController.login 参数=[LoginRequest(username=admin, password=123456), org.apache.catalina.connector.RequestFacade@488a8c8a]
2026-03-22 13:11:58.052 [http-nio-8888-exec-1] [94eb8c5c1f684e28] INFO  com.musheng.system.service.impl.AuthServiceImpl - User logged in successfully: admin
2026-03-22 13:11:58.166 [http-nio-8888-exec-1] [94eb8c5c1f684e28] INFO  com.musheng.aop.RequestLogAspect - [请求结束] traceId=94eb8c5c1f684e28 POST /api/v1/auth/login 耗时=756ms 响应=Result(code=0, message=success, data=LoginResponse(token=97d60ced-b67e-46bd-82d6-8edf42b12e81, tokenType=Bearer, expiresIn=86400, userInfo=LoginResponse.UserInfo(id=1, username=admin, realName=System Administrator, role=admin, roleCode=admin, roleName=Administrator, avatar=null, email=null, phone=null, status=1, createTime=2026-01-19T20:38:39, lastLoginTime=2026-03-22T13:11:57.933428), permissions=[*]), timestamp=1774156318068, requestId=null)
2026-03-22 13:11:58.221 [http-nio-8888-exec-3] [7674e04cac7340a8] INFO  com.musheng.aop.RequestLogAspect - [请求开始] traceId=7674e04cac7340a8 userId=1 GET /api/v1/business/document-party-config/list ip=0:0:0:0:0:0:0:1 方法=DocumentPartyConfigController.list 参数=[]
2026-03-22 13:11:58.275 [http-nio-8888-exec-3] [7674e04cac7340a8] INFO  com.musheng.aop.RequestLogAspect - [请求结束] traceId=7674e04cac7340a8 GET /api/v1/business/document-party-config/list 耗时=43ms 响应=Result(code=0, message=success, data=[DocumentPartyConfigVO(id=2, siteCode=CA, buyerName=东莞市慕声商贸有限公司, buyerAddress=广东省东莞市虎门镇连升路82号虎门万达广场2栋606房, buyerPhone=18575382420, buyerNameEn=Dongguan Musheng Trade Co., Ltd., sellerName=Hong Kong Andeo Group Limited, sellerAddress=ROOM 1201, 12/F TAI SANG BANK BUILDING 130-132 DES VOEUX ROAD, CENTRAL HONGKONG, sellerPhone=00852-54682464, supplierName=Hong Kong Andeo Group Limited, customerNameTc=東莞市慕聲商貿有限公司, bankAccountName=Hong Kong Andeo Group Limited, ba...[已截断]
2026-03-22 13:12:07.654 [http-nio-8888-exec-5] [1c27f821ddae473a] INFO  com.musheng.aop.RequestLogAspect - [请求开始] traceId=1c27f821ddae473a userId=未登录 POST /api/v1/auth/login ip=0:0:0:0:0:0:0:1 方法=AuthController.login 参数=[LoginRequest(username=admin, password=123456), org.apache.catalina.connector.RequestFacade@5c5e594c]
2026-03-22 13:12:07.806 [http-nio-8888-exec-5] [1c27f821ddae473a] INFO  com.musheng.system.service.impl.AuthServiceImpl - User logged in successfully: admin
2026-03-22 13:12:07.809 [http-nio-8888-exec-5] [1c27f821ddae473a] INFO  com.musheng.aop.RequestLogAspect - [请求结束] traceId=1c27f821ddae473a POST /api/v1/auth/login 耗时=156ms 响应=Result(code=0, message=success, data=LoginResponse(token=97d60ced-b67e-46bd-82d6-8edf42b12e81, tokenType=Bearer, expiresIn=86400, userInfo=LoginResponse.UserInfo(id=1, username=admin, realName=System Administrator, role=admin, roleCode=admin, roleName=Administrator, avatar=null, email=null, phone=null, status=1, createTime=2026-01-19T20:38:39, lastLoginTime=2026-03-22T13:12:07.790194), permissions=[*]), timestamp=1774156327807, requestId=null)
2026-03-22 13:12:07.893 [http-nio-8888-exec-6] [2e07caef56554f16] INFO  com.musheng.aop.RequestLogAspect - [请求开始] traceId=2e07caef56554f16 userId=1 POST /api/v1/business/document-party-config/copy ip=0:0:0:0:0:0:0:1 方法=DocumentPartyConfigController.copy 参数=[DocumentPartyConfigCopyDTO(sourceId=1, targetSiteCode=JP)]
2026-03-22 13:12:07.946 [http-nio-8888-exec-6] [2e07caef56554f16] INFO  c.m.b.d.s.impl.DocumentPartyConfigServiceImpl - 复制交易方配置：新增目标站点，source=US, target=JP
2026-03-22 13:12:07.947 [http-nio-8888-exec-6] [2e07caef56554f16] INFO  com.musheng.aop.RequestLogAspect - [请求结束] traceId=2e07caef56554f16 POST /api/v1/business/document-party-config/copy 耗时=56ms 响应=Result(code=0, message=success, data=null, timestamp=1774156327947, requestId=null)
2026-03-22 13:15:25.272 [http-nio-8888-exec-5] [b9e104a285294112] INFO  com.musheng.aop.RequestLogAspect - [请求开始] traceId=b9e104a285294112 userId=未登录 POST /api/v1/auth/login ip=0:0:0:0:0:0:0:1 方法=AuthController.login 参数=[LoginRequest(username=admin, password=123456), org.apache.catalina.connector.RequestFacade@1c0ca773]
2026-03-22 13:15:25.411 [http-nio-8888-exec-5] [b9e104a285294112] INFO  com.musheng.system.service.impl.AuthServiceImpl - User logged in successfully: admin
2026-03-22 13:15:25.418 [http-nio-8888-exec-5] [b9e104a285294112] INFO  com.musheng.aop.RequestLogAspect - [请求结束] traceId=b9e104a285294112 POST /api/v1/auth/login 耗时=146ms 响应=Result(code=0, message=success, data=LoginResponse(token=97d60ced-b67e-46bd-82d6-8edf42b12e81, tokenType=Bearer, expiresIn=86400, userInfo=LoginResponse.UserInfo(id=1, username=admin, realName=System Administrator, role=admin, roleCode=admin, roleName=Administrator, avatar=null, email=null, phone=null, status=1, createTime=2026-01-19T20:38:39, lastLoginTime=2026-03-22T13:15:25.396075), permissions=[*]), timestamp=1774156525415, requestId=null)
2026-03-22 13:15:25.679 [http-nio-8888-exec-9] [6f9d9ad9f3ec450c] INFO  com.musheng.aop.RequestLogAspect - [请求开始] traceId=6f9d9ad9f3ec450c userId=1 GET /api/v1/config/shop/options ip=0:0:0:0:0:0:0:1 方法=ShopController.options 参数=[]
2026-03-22 13:15:25.702 [http-nio-8888-exec-2] [76886d9e8100411d] INFO  com.musheng.aop.RequestLogAspect - [请求开始] traceId=76886d9e8100411d userId=1 GET /api/v1/business/reports/dashboard ip=0:0:0:0:0:0:0:1 方法=TaxReportController.getDashboardData 参数=[2025-Q4]
2026-03-22 13:15:25.703 [http-nio-8888-exec-2] [76886d9e8100411d] INFO  c.m.b.report.service.impl.TaxReportServiceImpl - Getting dashboard data (lightweight), quarter=2025-Q4
2026-03-22 13:15:25.720 [http-nio-8888-exec-10] [ba8fa01e0d8740c5] INFO  com.musheng.aop.RequestLogAspect - [请求开始] traceId=ba8fa01e0d8740c5 userId=1 GET /api/v1/config/import-records ip=0:0:0:0:0:0:0:1 方法=ImportRecordController.list 参数=[null, null, null, null, 1, 10]
2026-03-22 13:15:25.740 [http-nio-8888-exec-9] [6f9d9ad9f3ec450c] INFO  com.musheng.aop.RequestLogAspect - [请求结束] traceId=6f9d9ad9f3ec450c GET /api/v1/config/shop/options 耗时=43ms 响应=Result(code=0, message=success, data=[Shop(shopCode=DEFAULT, shopName=默认店铺, sellerId=null, companyName=东莞市慕声商贸有限公司, taxId=91441900MA4WNG4C6H, status=1, remark=系统默认店铺), Shop(shopCode=TEST-001, shopName=慕声北美店铺, sellerId=1234567654, companyName=1234567876543, taxId=1234567876543, status=1, remark=1234567654)], timestamp=1774156525721, requestId=null)
2026-03-22 13:15:25.880 [http-nio-8888-exec-10] [ba8fa01e0d8740c5] INFO  com.musheng.aop.RequestLogAspect - [请求结束] traceId=ba8fa01e0d8740c5 GET /api/v1/config/import-records 耗时=116ms 响应=Result(code=0, message=success, data=PageResult(records=[ImportRecord(shopId=1, batchNo=SHIP-1774109482736-5d96d8a8, dataType=shipping, fileName=慕声欧洲配送货件2025年10月.csv, fileSize=1550195, filePath=null, fileHash=null, totalCount=3242, successCount=3242, failCount=0, importStatus=success, errorMessage=null, importBy=null, importTime=2026-03-22T00:11:22, completeTime=2026-03-22T00:11:23), ImportRecord(shopId=1, batchNo=SHIP-1774109481968-d4520632, dataType=shipping, fileName=慕声欧洲配送货件2025年11月.csv, fil...[已截断]
2026-03-22 13:15:27.371 [http-nio-8888-exec-2] [76886d9e8100411d] INFO  c.m.b.report.service.impl.TaxReportServiceImpl - Dashboard data completed in 1668ms
2026-03-22 13:15:27.382 [http-nio-8888-exec-2] [76886d9e8100411d] INFO  com.musheng.aop.RequestLogAspect - [请求结束] traceId=76886d9e8100411d GET /api/v1/business/reports/dashboard 耗时=1674ms 响应=Result(code=0, message=success, data=DashboardData(currentQuarter=2025-Q4, totalRevenueCny=2117957.71, refundCny=-272975.39, netIncomeCny=2390933.10, shippingOrderCount=13516, revenueGrowthRate=-68.95, refundGrowthRate=75.23, netIncomeGrowthRate=-69.83, siteRevenues=[DashboardData.SiteRevenue(siteCode=DE, siteName=德国站, revenue=1077888.89, refund=-142058.24, netIncome=1219947.13), DashboardData.SiteRevenue(siteCode=UK, siteName=英国站, revenue=488904.10, refund=-43759.92, netIncome=532664.03), Dashb...[已截断]
2026-03-22 13:15:38.734 [http-nio-8888-exec-3] [14fe2c6c06e34327] INFO  com.musheng.aop.RequestLogAspect - [请求开始] traceId=14fe2c6c06e34327 userId=1 GET /api/v1/business/document/msku/list ip=0:0:0:0:0:0:0:1 方法=DocumentController.listMsku 参数=[null, null, null, null, 1, 20]
2026-03-22 13:15:38.738 [http-nio-8888-exec-3] [14fe2c6c06e34327] INFO  c.m.b.d.service.impl.DocumentQueryServiceImpl - 查询MSKU列表, 站点=null, MSKU=null, 周期=null~null
2026-03-22 13:15:38.917 [http-nio-8888-exec-3] [14fe2c6c06e34327] INFO  com.musheng.aop.RequestLogAspect - [请求结束] traceId=14fe2c6c06e34327 GET /api/v1/business/document/msku/list 耗时=168ms 响应=Result(code=0, message=success, data=PageResult(records=[MskuListVO(id=14174, siteCode=UK, msku=MS-D06-2-2-, currency=GBP, unitPrice=7.3600, quantity=34, amount=250.2400, periodStart=2025-07-01, periodEnd=2025-09-30, procurementCostCny=497988.68, averageExchangeRate=9.629973), MskuListVO(id=14170, siteCode=UK, msku=MS-D06-2-3-, currency=GBP, unitPrice=7.3600, quantity=47, amount=345.9200, periodStart=2025-07-01, periodEnd=2025-09-30, procurementCostCny=497988.68, averageExchangeRate=9.629973), M...[已截断]
2026-03-22 13:16:15.807 [http-nio-8888-exec-4] [5c850818a3f847f6] INFO  com.musheng.aop.RequestLogAspect - [请求开始] traceId=5c850818a3f847f6 userId=未登录 POST /api/v1/auth/login ip=0:0:0:0:0:0:0:1 方法=AuthController.login 参数=[LoginRequest(username=admin, password=123456), org.apache.catalina.connector.RequestFacade@46fdd843]
2026-03-22 13:16:15.932 [http-nio-8888-exec-4] [5c850818a3f847f6] INFO  com.musheng.system.service.impl.AuthServiceImpl - User logged in successfully: admin
2026-03-22 13:16:15.956 [http-nio-8888-exec-4] [5c850818a3f847f6] INFO  com.musheng.aop.RequestLogAspect - [请求结束] traceId=5c850818a3f847f6 POST /api/v1/auth/login 耗时=149ms 响应=Result(code=0, message=success, data=LoginResponse(token=97d60ced-b67e-46bd-82d6-8edf42b12e81, tokenType=Bearer, expiresIn=86400, userInfo=LoginResponse.UserInfo(id=1, username=admin, realName=System Administrator, role=admin, roleCode=admin, roleName=Administrator, avatar=null, email=null, phone=null, status=1, createTime=2026-01-19T20:38:39, lastLoginTime=2026-03-22T13:16:15.895925), permissions=[*]), timestamp=1774156575937, requestId=null)
2026-03-22 13:16:21.591 [http-nio-8888-exec-5] [c7e70937d17349ad] INFO  com.musheng.aop.RequestLogAspect - [请求开始] traceId=c7e70937d17349ad userId=1 GET /api/v1/business/document-party-config/list ip=0:0:0:0:0:0:0:1 方法=DocumentPartyConfigController.list 参数=[]
2026-03-22 13:16:21.605 [http-nio-8888-exec-5] [c7e70937d17349ad] INFO  com.musheng.aop.RequestLogAspect - [请求结束] traceId=c7e70937d17349ad GET /api/v1/business/document-party-config/list 耗时=13ms 响应=Result(code=0, message=success, data=[DocumentPartyConfigVO(id=2, siteCode=CA, buyerName=东莞市慕声商贸有限公司, buyerAddress=广东省东莞市虎门镇连升路82号虎门万达广场2栋606房, buyerPhone=18575382420, buyerNameEn=Dongguan Musheng Trade Co., Ltd., sellerName=Hong Kong Andeo Group Limited, sellerAddress=ROOM 1201, 12/F TAI SANG BANK BUILDING 130-132 DES VOEUX ROAD, CENTRAL HONGKONG, sellerPhone=00852-54682464, supplierName=Hong Kong Andeo Group Limited, customerNameTc=東莞市慕聲商貿有限公司, bankAccountName=Hong Kong Andeo Group Limited, ba...[已截断]
2026-03-22 13:16:41.125 [http-nio-8888-exec-10] [d0470d5a4e664538] INFO  com.musheng.aop.RequestLogAspect - [请求开始] traceId=d0470d5a4e664538 userId=1 GET /api/v1/business/document-party-config/list ip=0:0:0:0:0:0:0:1 方法=DocumentPartyConfigController.list 参数=[]
2026-03-22 13:16:41.146 [http-nio-8888-exec-10] [d0470d5a4e664538] INFO  com.musheng.aop.RequestLogAspect - [请求结束] traceId=d0470d5a4e664538 GET /api/v1/business/document-party-config/list 耗时=21ms 响应=Result(code=0, message=success, data=[DocumentPartyConfigVO(id=2, siteCode=CA, buyerName=东莞市慕声商贸有限公司, buyerAddress=广东省东莞市虎门镇连升路82号虎门万达广场2栋606房, buyerPhone=18575382420, buyerNameEn=Dongguan Musheng Trade Co., Ltd., sellerName=Hong Kong Andeo Group Limited, sellerAddress=ROOM 1201, 12/F TAI SANG BANK BUILDING 130-132 DES VOEUX ROAD, CENTRAL HONGKONG, sellerPhone=00852-54682464, supplierName=Hong Kong Andeo Group Limited, customerNameTc=東莞市慕聲商貿有限公司, bankAccountName=Hong Kong Andeo Group Limited, ba...[已截断]
2026-03-22 13:17:11.154 [http-nio-8888-exec-2] [cb28376bf7e141b5] INFO  com.musheng.aop.RequestLogAspect - [请求开始] traceId=cb28376bf7e141b5 userId=1 GET /api/v1/business/document-party-config/list ip=0:0:0:0:0:0:0:1 方法=DocumentPartyConfigController.list 参数=[]
2026-03-22 13:17:11.186 [http-nio-8888-exec-2] [cb28376bf7e141b5] INFO  com.musheng.aop.RequestLogAspect - [请求结束] traceId=cb28376bf7e141b5 GET /api/v1/business/document-party-config/list 耗时=32ms 响应=Result(code=0, message=success, data=[DocumentPartyConfigVO(id=2, siteCode=CA, buyerName=东莞市慕声商贸有限公司, buyerAddress=广东省东莞市虎门镇连升路82号虎门万达广场2栋606房, buyerPhone=18575382420, buyerNameEn=Dongguan Musheng Trade Co., Ltd., sellerName=Hong Kong Andeo Group Limited, sellerAddress=ROOM 1201, 12/F TAI SANG BANK BUILDING 130-132 DES VOEUX ROAD, CENTRAL HONGKONG, sellerPhone=00852-54682464, supplierName=Hong Kong Andeo Group Limited, customerNameTc=東莞市慕聲商貿有限公司, bankAccountName=Hong Kong Andeo Group Limited, ba...[已截断]
2026-03-22 13:17:37.761 [http-nio-8888-exec-5] [bf0d801f62154a95] INFO  com.musheng.aop.RequestLogAspect - [请求开始] traceId=bf0d801f62154a95 userId=1 GET /api/v1/config/shop/options ip=0:0:0:0:0:0:0:1 方法=ShopController.options 参数=[]
2026-03-22 13:17:37.765 [http-nio-8888-exec-4] [f3d8c2d2be374f98] INFO  com.musheng.aop.RequestLogAspect - [请求开始] traceId=f3d8c2d2be374f98 userId=1 GET /api/v1/business/document/msku/list ip=0:0:0:0:0:0:0:1 方法=DocumentController.listMsku 参数=[null, null, null, null, 1, 20]
2026-03-22 13:17:37.765 [http-nio-8888-exec-4] [f3d8c2d2be374f98] INFO  c.m.b.d.service.impl.DocumentQueryServiceImpl - 查询MSKU列表, 站点=null, MSKU=null, 周期=null~null
2026-03-22 13:17:37.779 [http-nio-8888-exec-5] [bf0d801f62154a95] INFO  com.musheng.aop.RequestLogAspect - [请求结束] traceId=bf0d801f62154a95 GET /api/v1/config/shop/options 耗时=19ms 响应=Result(code=0, message=success, data=[Shop(shopCode=DEFAULT, shopName=默认店铺, sellerId=null, companyName=东莞市慕声商贸有限公司, taxId=91441900MA4WNG4C6H, status=1, remark=系统默认店铺), Shop(shopCode=TEST-001, shopName=慕声北美店铺, sellerId=1234567654, companyName=1234567876543, taxId=1234567876543, status=1, remark=1234567654)], timestamp=1774156657779, requestId=null)
2026-03-22 13:17:37.810 [http-nio-8888-exec-4] [f3d8c2d2be374f98] INFO  com.musheng.aop.RequestLogAspect - [请求结束] traceId=f3d8c2d2be374f98 GET /api/v1/business/document/msku/list 耗时=45ms 响应=Result(code=0, message=success, data=PageResult(records=[MskuListVO(id=14174, siteCode=UK, msku=MS-D06-2-2-, currency=GBP, unitPrice=7.3600, quantity=34, amount=250.2400, periodStart=2025-07-01, periodEnd=2025-09-30, procurementCostCny=497988.68, averageExchangeRate=9.629973), MskuListVO(id=14170, siteCode=UK, msku=MS-D06-2-3-, currency=GBP, unitPrice=7.3600, quantity=47, amount=345.9200, periodStart=2025-07-01, periodEnd=2025-09-30, procurementCostCny=497988.68, averageExchangeRate=9.629973), M...[已截断]
2026-03-22 13:18:25.253 [http-nio-8888-exec-6] [71b8414433564531] INFO  com.musheng.aop.RequestLogAspect - [请求开始] traceId=71b8414433564531 userId=1 POST /api/v1/business/document-party-config/add ip=0:0:0:0:0:0:0:1 方法=DocumentPartyConfigController.add 参数=[DocumentPartyConfigDTO(id=null, siteCode=TEST, buyerName=测试买方, buyerAddress=null, buyerPhone=null, buyerNameEn=null, sellerName=测试卖方, sellerAddress=null, sellerPhone=null, supplierName=测试供应商, customerNameTc=測試客戶, bankAccountName=null, bankAccountNumber=null, bankName=null, bankAddress=null, swiftCode=null)]
2026-03-22 13:18:25.287 [http-nio-8888-exec-6] [71b8414433564531] INFO  c.m.b.d.s.impl.DocumentPartyConfigServiceImpl - 新增交易方配置成功，siteCode=TEST
2026-03-22 13:18:25.288 [http-nio-8888-exec-6] [71b8414433564531] INFO  com.musheng.aop.RequestLogAspect - [请求结束] traceId=71b8414433564531 POST /api/v1/business/document-party-config/add 耗时=50ms 响应=Result(code=0, message=success, data=null, timestamp=1774156705287, requestId=null)
2026-03-22 13:18:31.347 [http-nio-8888-exec-8] [552b30341b1d4735] INFO  com.musheng.aop.RequestLogAspect - [请求开始] traceId=552b30341b1d4735 userId=1 GET /api/v1/business/document-party-config/list ip=0:0:0:0:0:0:0:1 方法=DocumentPartyConfigController.list 参数=[]
2026-03-22 13:18:31.362 [http-nio-8888-exec-8] [552b30341b1d4735] INFO  com.musheng.aop.RequestLogAspect - [请求结束] traceId=552b30341b1d4735 GET /api/v1/business/document-party-config/list 耗时=15ms 响应=Result(code=0, message=success, data=[DocumentPartyConfigVO(id=2, siteCode=CA, buyerName=东莞市慕声商贸有限公司, buyerAddress=广东省东莞市虎门镇连升路82号虎门万达广场2栋606房, buyerPhone=18575382420, buyerNameEn=Dongguan Musheng Trade Co., Ltd., sellerName=Hong Kong Andeo Group Limited, sellerAddress=ROOM 1201, 12/F TAI SANG BANK BUILDING 130-132 DES VOEUX ROAD, CENTRAL HONGKONG, sellerPhone=00852-54682464, supplierName=Hong Kong Andeo Group Limited, customerNameTc=東莞市慕聲商貿有限公司, bankAccountName=Hong Kong Andeo Group Limited, ba...[已截断]
2026-03-22 13:18:37.689 [http-nio-8888-exec-10] [748e85d7e85f4e07] INFO  com.musheng.aop.RequestLogAspect - [请求开始] traceId=748e85d7e85f4e07 userId=1 PUT /api/v1/business/document-party-config/update ip=0:0:0:0:0:0:0:1 方法=DocumentPartyConfigController.update 参数=[DocumentPartyConfigDTO(id=6, siteCode=TEST, buyerName=测试买方已更新, buyerAddress=null, buyerPhone=null, buyerNameEn=null, sellerName=测试卖方, sellerAddress=null, sellerPhone=null, supplierName=测试供应商, customerNameTc=測試客戶, bankAccountName=null, bankAccountNumber=null, bankName=null, bankAddress=null, swiftCode=null)]
2026-03-22 13:18:37.729 [http-nio-8888-exec-10] [748e85d7e85f4e07] INFO  c.m.b.d.s.impl.DocumentPartyConfigServiceImpl - 修改交易方配置成功，id=6, siteCode=TEST
2026-03-22 13:18:37.730 [http-nio-8888-exec-10] [748e85d7e85f4e07] INFO  com.musheng.aop.RequestLogAspect - [请求结束] traceId=748e85d7e85f4e07 PUT /api/v1/business/document-party-config/update 耗时=40ms 响应=Result(code=0, message=success, data=null, timestamp=1774156717729, requestId=null)
2026-03-22 13:18:43.405 [http-nio-8888-exec-1] [406d168d6b714a14] INFO  com.musheng.aop.RequestLogAspect - [请求开始] traceId=406d168d6b714a14 userId=1 DELETE /api/v1/business/document-party-config/6 ip=0:0:0:0:0:0:0:1 方法=DocumentPartyConfigController.delete 参数=[6]
2026-03-22 13:18:43.411 [http-nio-8888-exec-1] [406d168d6b714a14] INFO  c.m.b.d.s.impl.DocumentPartyConfigServiceImpl - 删除交易方配置成功，id=6
2026-03-22 13:18:43.411 [http-nio-8888-exec-1] [406d168d6b714a14] INFO  com.musheng.aop.RequestLogAspect - [请求结束] traceId=406d168d6b714a14 DELETE /api/v1/business/document-party-config/6 耗时=6ms 响应=Result(code=0, message=success, data=null, timestamp=1774156723411, requestId=null)
2026-03-22 13:18:53.125 [http-nio-8888-exec-8] [66faa62fe1c24fea] INFO  com.musheng.aop.RequestLogAspect - [请求开始] traceId=66faa62fe1c24fea userId=1 GET /api/v1/config/shop/options ip=0:0:0:0:0:0:0:1 方法=ShopController.options 参数=[]
2026-03-22 13:18:53.127 [http-nio-8888-exec-7] [1611cd80c51a4986] INFO  com.musheng.aop.RequestLogAspect - [请求开始] traceId=1611cd80c51a4986 userId=1 GET /api/v1/business/document/msku/list ip=0:0:0:0:0:0:0:1 方法=DocumentController.listMsku 参数=[null, null, null, null, 1, 20]
2026-03-22 13:18:53.127 [http-nio-8888-exec-7] [1611cd80c51a4986] INFO  c.m.b.d.service.impl.DocumentQueryServiceImpl - 查询MSKU列表, 站点=null, MSKU=null, 周期=null~null
2026-03-22 13:18:53.176 [http-nio-8888-exec-8] [66faa62fe1c24fea] INFO  com.musheng.aop.RequestLogAspect - [请求结束] traceId=66faa62fe1c24fea GET /api/v1/config/shop/options 耗时=50ms 响应=Result(code=0, message=success, data=[Shop(shopCode=DEFAULT, shopName=默认店铺, sellerId=null, companyName=东莞市慕声商贸有限公司, taxId=91441900MA4WNG4C6H, status=1, remark=系统默认店铺), Shop(shopCode=TEST-001, shopName=慕声北美店铺, sellerId=1234567654, companyName=1234567876543, taxId=1234567876543, status=1, remark=1234567654)], timestamp=1774156733175, requestId=null)
2026-03-22 13:18:53.191 [http-nio-8888-exec-7] [1611cd80c51a4986] INFO  com.musheng.aop.RequestLogAspect - [请求结束] traceId=1611cd80c51a4986 GET /api/v1/business/document/msku/list 耗时=64ms 响应=Result(code=0, message=success, data=PageResult(records=[MskuListVO(id=14174, siteCode=UK, msku=MS-D06-2-2-, currency=GBP, unitPrice=7.3600, quantity=34, amount=250.2400, periodStart=2025-07-01, periodEnd=2025-09-30, procurementCostCny=497988.68, averageExchangeRate=9.629973), MskuListVO(id=14170, siteCode=UK, msku=MS-D06-2-3-, currency=GBP, unitPrice=7.3600, quantity=47, amount=345.9200, periodStart=2025-07-01, periodEnd=2025-09-30, procurementCostCny=497988.68, averageExchangeRate=9.629973), M...[已截断]
2026-03-22 13:18:54.261 [http-nio-8888-exec-3] [d2191b03a8fd41e1] INFO  com.musheng.aop.RequestLogAspect - [请求开始] traceId=d2191b03a8fd41e1 userId=1 GET /api/v1/business/document/msku/list ip=0:0:0:0:0:0:0:1 方法=DocumentController.listMsku 参数=[null, null, null, null, 1, 20]
2026-03-22 13:18:54.260 [http-nio-8888-exec-2] [e99f6a56e5fc4773] INFO  com.musheng.aop.RequestLogAspect - [请求开始] traceId=e99f6a56e5fc4773 userId=1 GET /api/v1/config/shop/options ip=0:0:0:0:0:0:0:1 方法=ShopController.options 参数=[]
2026-03-22 13:18:54.263 [http-nio-8888-exec-3] [d2191b03a8fd41e1] INFO  c.m.b.d.service.impl.DocumentQueryServiceImpl - 查询MSKU列表, 站点=null, MSKU=null, 周期=null~null
2026-03-22 13:18:54.287 [http-nio-8888-exec-2] [e99f6a56e5fc4773] INFO  com.musheng.aop.RequestLogAspect - [请求结束] traceId=e99f6a56e5fc4773 GET /api/v1/config/shop/options 耗时=27ms 响应=Result(code=0, message=success, data=[Shop(shopCode=DEFAULT, shopName=默认店铺, sellerId=null, companyName=东莞市慕声商贸有限公司, taxId=91441900MA4WNG4C6H, status=1, remark=系统默认店铺), Shop(shopCode=TEST-001, shopName=慕声北美店铺, sellerId=1234567654, companyName=1234567876543, taxId=1234567876543, status=1, remark=1234567654)], timestamp=1774156734287, requestId=null)
2026-03-22 13:18:54.310 [http-nio-8888-exec-3] [d2191b03a8fd41e1] INFO  com.musheng.aop.RequestLogAspect - [请求结束] traceId=d2191b03a8fd41e1 GET /api/v1/business/document/msku/list 耗时=49ms 响应=Result(code=0, message=success, data=PageResult(records=[MskuListVO(id=14174, siteCode=UK, msku=MS-D06-2-2-, currency=GBP, unitPrice=7.3600, quantity=34, amount=250.2400, periodStart=2025-07-01, periodEnd=2025-09-30, procurementCostCny=497988.68, averageExchangeRate=9.629973), MskuListVO(id=14170, siteCode=UK, msku=MS-D06-2-3-, currency=GBP, unitPrice=7.3600, quantity=47, amount=345.9200, periodStart=2025-07-01, periodEnd=2025-09-30, procurementCostCny=497988.68, averageExchangeRate=9.629973), M...[已截断]
2026-03-22 13:18:56.802 [http-nio-8888-exec-5] [cd4a5997dbec4a83] INFO  com.musheng.aop.RequestLogAspect - [请求开始] traceId=cd4a5997dbec4a83 userId=1 GET /api/v1/business/document-party-config/list ip=0:0:0:0:0:0:0:1 方法=DocumentPartyConfigController.list 参数=[]
2026-03-22 13:18:56.816 [http-nio-8888-exec-5] [cd4a5997dbec4a83] INFO  com.musheng.aop.RequestLogAspect - [请求结束] traceId=cd4a5997dbec4a83 GET /api/v1/business/document-party-config/list 耗时=13ms 响应=Result(code=0, message=success, data=[DocumentPartyConfigVO(id=2, siteCode=CA, buyerName=东莞市慕声商贸有限公司, buyerAddress=广东省东莞市虎门镇连升路82号虎门万达广场2栋606房, buyerPhone=18575382420, buyerNameEn=Dongguan Musheng Trade Co., Ltd., sellerName=Hong Kong Andeo Group Limited, sellerAddress=ROOM 1201, 12/F TAI SANG BANK BUILDING 130-132 DES VOEUX ROAD, CENTRAL HONGKONG, sellerPhone=00852-54682464, supplierName=Hong Kong Andeo Group Limited, customerNameTc=東莞市慕聲商貿有限公司, bankAccountName=Hong Kong Andeo Group Limited, ba...[已截断]
2026-03-22 13:19:06.065 [http-nio-8888-exec-6] [6b06fe9567ef4c29] INFO  com.musheng.aop.RequestLogAspect - [请求开始] traceId=6b06fe9567ef4c29 userId=1 POST /api/v1/business/document-party-config/copy ip=0:0:0:0:0:0:0:1 方法=DocumentPartyConfigController.copy 参数=[DocumentPartyConfigCopyDTO(sourceId=2, targetSiteCode=MX)]
2026-03-22 13:19:06.181 [http-nio-8888-exec-6] [6b06fe9567ef4c29] INFO  c.m.b.d.s.impl.DocumentPartyConfigServiceImpl - 复制交易方配置：新增目标站点，source=CA, target=MX
2026-03-22 13:19:06.182 [http-nio-8888-exec-6] [6b06fe9567ef4c29] INFO  com.musheng.aop.RequestLogAspect - [请求结束] traceId=6b06fe9567ef4c29 POST /api/v1/business/document-party-config/copy 耗时=117ms 响应=Result(code=0, message=success, data=null, timestamp=1774156746182, requestId=null)
2026-03-22 13:19:06.214 [http-nio-8888-exec-7] [a140ba37fa68491d] INFO  com.musheng.aop.RequestLogAspect - [请求开始] traceId=a140ba37fa68491d userId=1 GET /api/v1/business/document-party-config/list ip=0:0:0:0:0:0:0:1 方法=DocumentPartyConfigController.list 参数=[]
2026-03-22 13:19:06.229 [http-nio-8888-exec-7] [a140ba37fa68491d] INFO  com.musheng.aop.RequestLogAspect - [请求结束] traceId=a140ba37fa68491d GET /api/v1/business/document-party-config/list 耗时=15ms 响应=Result(code=0, message=success, data=[DocumentPartyConfigVO(id=2, siteCode=CA, buyerName=东莞市慕声商贸有限公司, buyerAddress=广东省东莞市虎门镇连升路82号虎门万达广场2栋606房, buyerPhone=18575382420, buyerNameEn=Dongguan Musheng Trade Co., Ltd., sellerName=Hong Kong Andeo Group Limited, sellerAddress=ROOM 1201, 12/F TAI SANG BANK BUILDING 130-132 DES VOEUX ROAD, CENTRAL HONGKONG, sellerPhone=00852-54682464, supplierName=Hong Kong Andeo Group Limited, customerNameTc=東莞市慕聲商貿有限公司, bankAccountName=Hong Kong Andeo Group Limited, ba...[已截断]
2026-03-22 13:19:10.109 [http-nio-8888-exec-9] [f2c873944cbd4904] INFO  com.musheng.aop.RequestLogAspect - [请求开始] traceId=f2c873944cbd4904 userId=1 DELETE /api/v1/business/document-party-config/7 ip=0:0:0:0:0:0:0:1 方法=DocumentPartyConfigController.delete 参数=[7]
2026-03-22 13:19:10.119 [http-nio-8888-exec-9] [f2c873944cbd4904] INFO  c.m.b.d.s.impl.DocumentPartyConfigServiceImpl - 删除交易方配置成功，id=7
2026-03-22 13:19:10.135 [http-nio-8888-exec-9] [f2c873944cbd4904] INFO  com.musheng.aop.RequestLogAspect - [请求结束] traceId=f2c873944cbd4904 DELETE /api/v1/business/document-party-config/7 耗时=26ms 响应=Result(code=0, message=success, data=null, timestamp=1774156750135, requestId=null)
2026-03-22 13:19:10.157 [http-nio-8888-exec-3] [bc9943397c864a57] INFO  com.musheng.aop.RequestLogAspect - [请求开始] traceId=bc9943397c864a57 userId=1 GET /api/v1/business/document-party-config/list ip=0:0:0:0:0:0:0:1 方法=DocumentPartyConfigController.list 参数=[]
2026-03-22 13:19:10.175 [http-nio-8888-exec-3] [bc9943397c864a57] INFO  com.musheng.aop.RequestLogAspect - [请求结束] traceId=bc9943397c864a57 GET /api/v1/business/document-party-config/list 耗时=16ms 响应=Result(code=0, message=success, data=[DocumentPartyConfigVO(id=2, siteCode=CA, buyerName=东莞市慕声商贸有限公司, buyerAddress=广东省东莞市虎门镇连升路82号虎门万达广场2栋606房, buyerPhone=18575382420, buyerNameEn=Dongguan Musheng Trade Co., Ltd., sellerName=Hong Kong Andeo Group Limited, sellerAddress=ROOM 1201, 12/F TAI SANG BANK BUILDING 130-132 DES VOEUX ROAD, CENTRAL HONGKONG, sellerPhone=00852-54682464, supplierName=Hong Kong Andeo Group Limited, customerNameTc=東莞市慕聲商貿有限公司, bankAccountName=Hong Kong Andeo Group Limited, ba...[已截断]
2026-03-22 13:20:23.805 [http-nio-8888-exec-6] [f1fe9fd7057f4629] INFO  com.musheng.aop.RequestLogAspect - [请求开始] traceId=f1fe9fd7057f4629 userId=1 PUT /api/v1/business/document-party-config/update ip=0:0:0:0:0:0:0:1 方法=DocumentPartyConfigController.update 参数=[DocumentPartyConfigDTO(id=3, siteCode=UK, buyerName=慕声信息00001, buyerAddress=广东省0001, buyerPhone=13540967787, buyerNameEn=Dongguan Musheng Trade Co., Ltd., sellerName=Hong Kong, sellerAddress=12345654321·123456765432, sellerPhone=00852-12323456画, supplierName=2345678654321345, customerNameTc=東莞市慕聲, bankAccountName=Hong Kong Andeo Group Limited, bankAccountNumber=012-878-0-001234-5, bankName=Bank of China (Hong Kong) Limited, bankAddress=Bank of China Tower, 1 Garden Road, Central, Hong Kong, swiftCode=BKCHHKHH)]
2026-03-22 13:20:23.851 [http-nio-8888-exec-6] [f1fe9fd7057f4629] INFO  c.m.b.d.s.impl.DocumentPartyConfigServiceImpl - 修改交易方配置成功，id=3, siteCode=UK
2026-03-22 13:20:23.853 [http-nio-8888-exec-6] [f1fe9fd7057f4629] INFO  com.musheng.aop.RequestLogAspect - [请求结束] traceId=f1fe9fd7057f4629 PUT /api/v1/business/document-party-config/update 耗时=48ms 响应=Result(code=0, message=success, data=null, timestamp=1774156823852, requestId=null)
2026-03-22 13:20:23.917 [http-nio-8888-exec-7] [1e7e11ac69dd4a7d] INFO  com.musheng.aop.RequestLogAspect - [请求开始] traceId=1e7e11ac69dd4a7d userId=1 GET /api/v1/business/document-party-config/list ip=0:0:0:0:0:0:0:1 方法=DocumentPartyConfigController.list 参数=[]
2026-03-22 13:20:23.931 [http-nio-8888-exec-7] [1e7e11ac69dd4a7d] INFO  com.musheng.aop.RequestLogAspect - [请求结束] traceId=1e7e11ac69dd4a7d GET /api/v1/business/document-party-config/list 耗时=13ms 响应=Result(code=0, message=success, data=[DocumentPartyConfigVO(id=2, siteCode=CA, buyerName=东莞市慕声商贸有限公司, buyerAddress=广东省东莞市虎门镇连升路82号虎门万达广场2栋606房, buyerPhone=18575382420, buyerNameEn=Dongguan Musheng Trade Co., Ltd., sellerName=Hong Kong Andeo Group Limited, sellerAddress=ROOM 1201, 12/F TAI SANG BANK BUILDING 130-132 DES VOEUX ROAD, CENTRAL HONGKONG, sellerPhone=00852-54682464, supplierName=Hong Kong Andeo Group Limited, customerNameTc=東莞市慕聲商貿有限公司, bankAccountName=Hong Kong Andeo Group Limited, ba...[已截断]
2026-03-22 13:20:27.965 [http-nio-8888-exec-9] [861e674028dd4e2a] INFO  com.musheng.aop.RequestLogAspect - [请求开始] traceId=861e674028dd4e2a userId=1 GET /api/v1/business/document/list ip=0:0:0:0:0:0:0:1 方法=DocumentController.listDocuments 参数=[null, null, null, null, 1, 20]
2026-03-22 13:20:27.971 [http-nio-8888-exec-9] [861e674028dd4e2a] INFO  c.m.b.d.service.impl.DocumentQueryServiceImpl - 分页查询单据列表, 类型=null, 编号=null
2026-03-22 13:20:28.057 [http-nio-8888-exec-9] [861e674028dd4e2a] INFO  com.musheng.aop.RequestLogAspect - [请求结束] traceId=861e674028dd4e2a GET /api/v1/business/document/list 耗时=74ms 响应=Result(code=0, message=success, data=PageResult(records=[DocumentListVO(id=547, documentType=INV, documentNo=20251013003, documentDate=2025-10-13, buyerName=Dongguan Musheng Trade Co., Ltd., sellerName=Hong Kong Andeo Group Limited, totalQuantity=8890, totalAmount=51723.2800), DocumentListVO(id=554, documentType=INV, documentNo=20251013001, documentDate=2025-10-13, buyerName=东莞市慕声商贸有限公司, sellerName=Hong Kong Andeo Group Limited, totalQuantity=8890, totalAmount=51723.2800), DocumentListVO(id=871,...[已截断]
2026-03-22 13:20:30.746 [http-nio-8888-exec-3] [b8907b2caf41496f] INFO  com.musheng.aop.RequestLogAspect - [请求开始] traceId=b8907b2caf41496f userId=1 GET /api/v1/config/marketplaces/enabled ip=0:0:0:0:0:0:0:1 方法=MarketplaceController.getEnabled 参数=[]
2026-03-22 13:20:30.760 [http-nio-8888-exec-3] [b8907b2caf41496f] INFO  com.musheng.aop.RequestLogAspect - [请求结束] traceId=b8907b2caf41496f GET /api/v1/config/marketplaces/enabled 耗时=12ms 响应=Result(code=0, message=success, data=[Marketplace(siteCode=CA, siteName=加拿大站, marketplaceId=A2EUQ1WTGCTBG2, currencyCode=CAD, sellerId=APNDJLWNA7H88, headerLanguage=EN, dateFormat=MMM d, yyyy h:mm:ss a z, numberFormat=., timezone=America/Toronto, status=1), Marketplace(siteCode=DE, siteName=德国站, marketplaceId=A1PA6795UKMFR9, currencyCode=EUR, sellerId=A11Y51I5ZXY4AO, headerLanguage=DE, dateFormat=dd.MM.yyyy HH:mm:ss z, numberFormat=,, timezone=Europe/Berlin, status=1), Marketplace(siteCode=UK, s...[已截断]
2026-03-22 13:20:35.250 [http-nio-8888-exec-5] [3a7f9a5d15c64eb8] INFO  com.musheng.aop.RequestLogAspect - [请求开始] traceId=3a7f9a5d15c64eb8 userId=1 GET /api/v1/business/fba-shipment/list ip=0:0:0:0:0:0:0:1 方法=FbaShipmentController.list 参数=[null, null, null, null, UK, 2025-07-01, 2025-09-30, 1, 200]
2026-03-22 13:20:35.349 [http-nio-8888-exec-5] [3a7f9a5d15c64eb8] INFO  com.musheng.aop.RequestLogAspect - [请求结束] traceId=3a7f9a5d15c64eb8 GET /api/v1/business/fba-shipment/list 耗时=77ms 响应=Result(code=0, message=success, data=PageResult(records=[FbaShipment(shopId=1, shipmentId=FBA15KS3Q60G, shipmentName=RP250828003, status=CLOSED, warehouseCode=BHX4, shopName=null, country=Great Britain (United Kingdom; England), siteCode=UK, state=West Midlands, city=Coventry, streetAddress=Plot 1, Lyons Park,, houseNumber=, createdDate=2025-08-29T17:55, updatedDate=2025-11-15T03:09, skuCount=32, totalQuantity=743, totalReceivedQuantity=743, recipient=Amazon EU SARL (UK), postalCode=CV5 9PF, imp...[已截断]
2026-03-22 13:20:39.693 [http-nio-8888-exec-4] [0aeed9af22ed4fdc] INFO  com.musheng.aop.RequestLogAspect - [请求开始] traceId=0aeed9af22ed4fdc userId=1 POST /api/v1/business/document/po/generate ip=0:0:0:0:0:0:0:1 方法=DocumentController.generatePo 参数=[PoGenerateRequest(shipmentIds=[55])]
2026-03-22 13:20:39.695 [http-nio-8888-exec-4] [0aeed9af22ed4fdc] INFO  c.m.b.document.controller.DocumentController - 生成PO采购订单，货件数量: 1
2026-03-22 13:20:39.699 [http-nio-8888-exec-4] [0aeed9af22ed4fdc] INFO  c.m.b.d.service.impl.DocumentGenerateServiceImpl - 开始生成PO采购订单，货件ID数量: 1
2026-03-22 13:20:39.754 [http-nio-8888-exec-4] [0aeed9af22ed4fdc] INFO  c.m.b.d.service.impl.DocumentGenerateServiceImpl - PO主表持久化成功，编号: 20250715001, ID: 72
2026-03-22 13:20:39.818 [http-nio-8888-exec-4] [0aeed9af22ed4fdc] INFO  c.m.b.d.service.impl.DocumentGenerateServiceImpl - PO明细持久化成功，明细数量: 43
2026-03-22 13:20:39.821 [http-nio-8888-exec-4] [0aeed9af22ed4fdc] INFO  com.musheng.aop.RequestLogAspect - [请求结束] traceId=0aeed9af22ed4fdc POST /api/v1/business/document/po/generate 耗时=132ms 响应=Result(code=0, message=success, data=DocumentPo(shopId=1, documentNo=20250715001, poDate=2025-07-15, buyerName=慕声信息00001, buyerAddress=广东省0001, sellerName=Hong Kong, totalQuantity=1233, shipmentCount=1), timestamp=1774156839820, requestId=null)
2026-03-22 13:20:39.865 [http-nio-8888-exec-8] [54a1685fa8664ac2] INFO  com.musheng.aop.RequestLogAspect - [请求开始] traceId=54a1685fa8664ac2 userId=1 GET /api/v1/business/document/export/po/72 ip=0:0:0:0:0:0:0:1 方法=DocumentController.exportPo 参数=[72, org.apache.catalina.connector.ResponseFacade@2e9ed9b3]
2026-03-22 13:20:39.866 [http-nio-8888-exec-8] [54a1685fa8664ac2] INFO  c.m.b.document.controller.DocumentController - 导出PO Excel，ID: 72
2026-03-22 13:20:39.866 [http-nio-8888-exec-8] [54a1685fa8664ac2] INFO  c.m.b.d.service.impl.DocumentExportServiceImpl - 导出PO Excel, poId=72
2026-03-22 13:20:41.993 [http-nio-8888-exec-8] [54a1685fa8664ac2] INFO  com.musheng.aop.RequestLogAspect - [请求结束] traceId=54a1685fa8664ac2 GET /api/v1/business/document/export/po/72 耗时=2130ms 响应=null
2026-03-22 13:20:58.632 [http-nio-8888-exec-10] [14624881205f491c] INFO  com.musheng.aop.RequestLogAspect - [请求开始] traceId=14624881205f491c userId=1 POST /api/v1/business/document/dn/generate ip=0:0:0:0:0:0:0:1 方法=DocumentController.generateDn 参数=[DnGenerateRequest(anchorDate=2025-07-15, shipmentIds=[55])]
2026-03-22 13:20:58.635 [http-nio-8888-exec-10] [14624881205f491c] INFO  c.m.b.document.controller.DocumentController - 生成DN送货单，锚点日期: 2025-07-15，货件数量: 1
2026-03-22 13:20:58.637 [http-nio-8888-exec-10] [14624881205f491c] INFO  c.m.b.d.service.impl.DocumentGenerateServiceImpl - 开始生成DN送货单，锚点日期: 2025-07-15, 货件ID数量: 1
2026-03-22 13:20:58.740 [http-nio-8888-exec-10] [14624881205f491c] INFO  c.m.b.d.service.impl.DocumentGenerateServiceImpl - DN主表持久化成功，编号: 20250715001, ID: 47
2026-03-22 13:20:58.808 [http-nio-8888-exec-10] [14624881205f491c] INFO  c.m.b.d.service.impl.DocumentGenerateServiceImpl - DN明细持久化成功，明细数量: 43
2026-03-22 13:20:58.811 [http-nio-8888-exec-10] [14624881205f491c] INFO  com.musheng.aop.RequestLogAspect - [请求结束] traceId=14624881205f491c POST /api/v1/business/document/dn/generate 耗时=179ms 响应=Result(code=0, message=success, data=DocumentDn(shopId=1, documentNo=20250715001, dnDate=2025-07-15, supplierName=2345678654321345, customerName=東莞市慕聲, totalQuantity=1233, periodStart=2025-07-09, periodEnd=2025-07-15), timestamp=1774156858809, requestId=null)
2026-03-22 13:20:58.851 [http-nio-8888-exec-2] [436d3df374e546e8] INFO  com.musheng.aop.RequestLogAspect - [请求开始] traceId=436d3df374e546e8 userId=1 GET /api/v1/business/document/export/dn/47 ip=0:0:0:0:0:0:0:1 方法=DocumentController.exportDn 参数=[47, org.apache.catalina.connector.ResponseFacade@72758b37]
2026-03-22 13:20:58.851 [http-nio-8888-exec-2] [436d3df374e546e8] INFO  c.m.b.document.controller.DocumentController - 导出DN Excel，ID: 47
2026-03-22 13:20:58.851 [http-nio-8888-exec-2] [436d3df374e546e8] INFO  c.m.b.d.service.impl.DocumentExportServiceImpl - 导出DN Excel, dnId=47
2026-03-22 13:20:59.134 [http-nio-8888-exec-2] [436d3df374e546e8] INFO  com.musheng.aop.RequestLogAspect - [请求结束] traceId=436d3df374e546e8 GET /api/v1/business/document/export/dn/47 耗时=284ms 响应=null
2026-03-22 13:21:20.627 [http-nio-8888-exec-1] [f3ea4334d0224060] INFO  com.musheng.aop.RequestLogAspect - [请求开始] traceId=f3ea4334d0224060 userId=1 GET /api/v1/config/marketplaces/enabled ip=0:0:0:0:0:0:0:1 方法=MarketplaceController.getEnabled 参数=[]
2026-03-22 13:21:20.710 [http-nio-8888-exec-1] [f3ea4334d0224060] INFO  com.musheng.aop.RequestLogAspect - [请求结束] traceId=f3ea4334d0224060 GET /api/v1/config/marketplaces/enabled 耗时=84ms 响应=Result(code=0, message=success, data=[Marketplace(siteCode=CA, siteName=加拿大站, marketplaceId=A2EUQ1WTGCTBG2, currencyCode=CAD, sellerId=APNDJLWNA7H88, headerLanguage=EN, dateFormat=MMM d, yyyy h:mm:ss a z, numberFormat=., timezone=America/Toronto, status=1), Marketplace(siteCode=DE, siteName=德国站, marketplaceId=A1PA6795UKMFR9, currencyCode=EUR, sellerId=A11Y51I5ZXY4AO, headerLanguage=DE, dateFormat=dd.MM.yyyy HH:mm:ss z, numberFormat=,, timezone=Europe/Berlin, status=1), Marketplace(siteCode=UK, s...[已截断]
2026-03-22 13:21:25.373 [http-nio-8888-exec-4] [42e295b633634c19] INFO  com.musheng.aop.RequestLogAspect - [请求开始] traceId=42e295b633634c19 userId=1 POST /api/v1/business/document/settlement/generate ip=0:0:0:0:0:0:0:1 方法=DocumentController.generateSettlements 参数=[SettlementGenerateRequest(periodStart=2025-07-01, periodEnd=2025-09-30, siteCodes=[UK])]
2026-03-22 13:21:25.374 [http-nio-8888-exec-4] [42e295b633634c19] INFO  c.m.b.document.controller.DocumentController - 生成结算单，周期: 2025-07-01 ~ 2025-09-30，站点: [UK]
2026-03-22 13:21:25.375 [http-nio-8888-exec-4] [42e295b633634c19] INFO  c.m.b.d.service.impl.DocumentGenerateServiceImpl - 开始生成结算单，周期: 2025-07-01 ~ 2025-09-30
2026-03-22 13:21:25.393 [http-nio-8888-exec-4] [42e295b633634c19] INFO  c.m.b.d.service.impl.DocumentGenerateServiceImpl - 构建 SettlementInput 完成，共 383 条明细
2026-03-22 13:21:25.416 [http-nio-8888-exec-4] [42e295b633634c19] INFO  c.m.b.d.service.impl.DocumentGenerateServiceImpl - 结算单生成 12 份，过滤空结算单后剩余 3 份（有数据）
2026-03-22 13:21:25.604 [http-nio-8888-exec-4] [42e295b633634c19] INFO  c.m.b.d.service.impl.DocumentGenerateServiceImpl - 结算单单据号已存在，使用已有记录，编号: 20250805003
2026-03-22 13:21:25.614 [http-nio-8888-exec-4] [42e295b633634c19] INFO  c.m.b.d.service.impl.DocumentGenerateServiceImpl - 结算单单据号已存在，使用已有记录，编号: 20250905003
2026-03-22 13:21:25.617 [http-nio-8888-exec-4] [42e295b633634c19] INFO  c.m.b.d.service.impl.DocumentGenerateServiceImpl - 结算单单据号已存在，使用已有记录，编号: 20251008003
2026-03-22 13:21:25.619 [http-nio-8888-exec-4] [42e295b633634c19] INFO  c.m.b.d.service.impl.DocumentGenerateServiceImpl - 结算单生成完成，共 3 份
2026-03-22 13:21:25.621 [http-nio-8888-exec-4] [42e295b633634c19] INFO  com.musheng.aop.RequestLogAspect - [请求结束] traceId=42e295b633634c19 POST /api/v1/business/document/settlement/generate 耗时=249ms 响应=Result(code=0, message=success, data=[DocumentSettlement(shopId=1, documentNo=20250805003, settlementDate=2025-08-05, periodStart=2025-07-01, periodEnd=2025-07-31, siteCode=GBP, siteSequence=003, buyerName=东莞市慕声商贸有限公司, buyerAddress=广东省东莞市虎门镇连升路82号虎门万达广场2栋606房, sellerName=Hong Kong Andeo Group Limited, totalQuantity=8890, totalAmount=51723.2800), DocumentSettlement(shopId=1, documentNo=20250905003, settlementDate=2025-09-05, periodStart=2025-08-01, periodEnd=2025-08-31, siteCode=GBP, siteSequence...[已截断]
2026-03-22 13:21:25.670 [http-nio-8888-exec-6] [2300c1ad881a43c3] INFO  com.musheng.aop.RequestLogAspect - [请求开始] traceId=2300c1ad881a43c3 userId=1 POST /api/v1/business/document/export/settlement/batch ip=0:0:0:0:0:0:0:1 方法=DocumentController.batchExportSettlement 参数=[[869, 870, 871], org.apache.catalina.connector.ResponseFacade@49db2adb]
2026-03-22 13:21:25.671 [http-nio-8888-exec-6] [2300c1ad881a43c3] INFO  c.m.b.document.controller.DocumentController - 批量导出结算单，数量: 3
2026-03-22 13:21:25.671 [http-nio-8888-exec-6] [2300c1ad881a43c3] INFO  c.m.b.d.service.impl.DocumentExportServiceImpl - 批量导出结算单, 数量=3
2026-03-22 13:21:26.564 [http-nio-8888-exec-6] [2300c1ad881a43c3] INFO  com.musheng.aop.RequestLogAspect - [请求结束] traceId=2300c1ad881a43c3 POST /api/v1/business/document/export/settlement/batch 耗时=893ms 响应=null
2026-03-22 13:21:28.276 [http-nio-8888-exec-7] [a518c8ee5a6c4fc0] INFO  com.musheng.aop.RequestLogAspect - [请求开始] traceId=a518c8ee5a6c4fc0 userId=1 POST /api/v1/business/document/inv/generate ip=0:0:0:0:0:0:0:1 方法=DocumentController.generateInvoices 参数=[[869, 870, 871]]
2026-03-22 13:21:28.280 [http-nio-8888-exec-7] [a518c8ee5a6c4fc0] INFO  c.m.b.document.controller.DocumentController - 生成INV发票，结算单数量: 3
2026-03-22 13:21:28.285 [http-nio-8888-exec-7] [a518c8ee5a6c4fc0] INFO  c.m.b.d.service.impl.DocumentGenerateServiceImpl - 开始生成INV发票，结算单ID数量: 3
2026-03-22 13:21:28.365 [http-nio-8888-exec-7] [a518c8ee5a6c4fc0] INFO  c.m.b.d.service.impl.DocumentGenerateServiceImpl - INV单据号已存在，使用已有记录，编号: 20250808001
2026-03-22 13:21:28.370 [http-nio-8888-exec-7] [a518c8ee5a6c4fc0] INFO  c.m.b.d.service.impl.DocumentGenerateServiceImpl - INV单据号已存在，使用已有记录，编号: 20250910002
2026-03-22 13:21:28.375 [http-nio-8888-exec-7] [a518c8ee5a6c4fc0] INFO  c.m.b.d.service.impl.DocumentGenerateServiceImpl - INV单据号已存在，使用已有记录，编号: 20251013003
2026-03-22 13:21:28.376 [http-nio-8888-exec-7] [a518c8ee5a6c4fc0] INFO  c.m.b.d.service.impl.DocumentGenerateServiceImpl - INV生成完成，共 3 份
2026-03-22 13:21:28.395 [http-nio-8888-exec-7] [a518c8ee5a6c4fc0] INFO  com.musheng.aop.RequestLogAspect - [请求结束] traceId=a518c8ee5a6c4fc0 POST /api/v1/business/document/inv/generate 耗时=103ms 响应=Result(code=0, message=success, data=[DocumentInv(shopId=1, documentNo=20250808001, invDate=2025-08-08, settlementId=869, siteCode=GBP, siteSequence=003, sellerName=Hong Kong Andeo Group Limited, sellerAddress=ROOM 1201, 12/F TAI SANG BANK BUILDING 130-132 DES VOEUX ROAD, CENTRAL HONGKONG, buyerName=Dongguan Musheng Trade Co., Ltd., buyerAddress=Room 606, Building 2, Humen Wanda Plaza, No. 82 Liansheng Road, Humen Town, Dongguan, Guangdong, China, sellerPhone=00852-54682464, buyerPhone=185753824...[已截断]
2026-03-22 13:21:28.428 [http-nio-8888-exec-9] [20a15afb422e4bbc] INFO  com.musheng.aop.RequestLogAspect - [请求开始] traceId=20a15afb422e4bbc userId=1 POST /api/v1/business/document/export/inv/batch ip=0:0:0:0:0:0:0:1 方法=DocumentController.batchExportInv 参数=[[545, 546, 547], org.apache.catalina.connector.ResponseFacade@4eb54d01]
2026-03-22 13:21:28.429 [http-nio-8888-exec-9] [20a15afb422e4bbc] INFO  c.m.b.document.controller.DocumentController - 批量导出INV，数量: 3
2026-03-22 13:21:28.429 [http-nio-8888-exec-9] [20a15afb422e4bbc] INFO  c.m.b.d.service.impl.DocumentExportServiceImpl - 批量导出INV, 数量=3
2026-03-22 13:21:31.061 [http-nio-8888-exec-3] [130d94c3b7e242f5] INFO  com.musheng.aop.RequestLogAspect - [请求开始] traceId=130d94c3b7e242f5 userId=1 GET /api/v1/business/document/export/settlement/869 ip=0:0:0:0:0:0:0:1 方法=DocumentController.exportSettlement 参数=[869, org.apache.catalina.connector.ResponseFacade@5c49c543]
2026-03-22 13:21:31.066 [http-nio-8888-exec-3] [130d94c3b7e242f5] INFO  c.m.b.document.controller.DocumentController - 导出结算单 Excel，ID: 869
2026-03-22 13:21:31.066 [http-nio-8888-exec-3] [130d94c3b7e242f5] INFO  c.m.b.d.service.impl.DocumentExportServiceImpl - 导出结算单 Excel, settlementId=869
2026-03-22 13:21:31.365 [http-nio-8888-exec-3] [130d94c3b7e242f5] INFO  com.musheng.aop.RequestLogAspect - [请求结束] traceId=130d94c3b7e242f5 GET /api/v1/business/document/export/settlement/869 耗时=305ms 响应=null
2026-03-22 13:21:32.740 [http-nio-8888-exec-9] [20a15afb422e4bbc] INFO  com.musheng.aop.RequestLogAspect - [请求结束] traceId=20a15afb422e4bbc POST /api/v1/business/document/export/inv/batch 耗时=4311ms 响应=null
2026-03-22 13:21:38.288 [http-nio-8888-exec-5] [154d51c2aa1b4d33] INFO  com.musheng.aop.RequestLogAspect - [请求开始] traceId=154d51c2aa1b4d33 userId=1 GET /api/v1/business/document/export/inv/545 ip=0:0:0:0:0:0:0:1 方法=DocumentController.exportInv 参数=[545, org.apache.catalina.connector.ResponseFacade@51b92061]
2026-03-22 13:21:38.288 [http-nio-8888-exec-5] [154d51c2aa1b4d33] INFO  c.m.b.document.controller.DocumentController - 导出INV Excel，ID: 545
2026-03-22 13:21:38.288 [http-nio-8888-exec-5] [154d51c2aa1b4d33] INFO  c.m.b.d.service.impl.DocumentExportServiceImpl - 导出INV Excel, invId=545
2026-03-22 13:21:39.495 [http-nio-8888-exec-5] [154d51c2aa1b4d33] INFO  com.musheng.aop.RequestLogAspect - [请求结束] traceId=154d51c2aa1b4d33 GET /api/v1/business/document/export/inv/545 耗时=1209ms 响应=null
2026-03-22 13:22:57.868 [http-nio-8888-exec-7] [30b2de13c91647d7] INFO  com.musheng.aop.RequestLogAspect - [请求开始] traceId=30b2de13c91647d7 userId=1 GET /api/v1/business/document-party-config/list ip=0:0:0:0:0:0:0:1 方法=DocumentPartyConfigController.list 参数=[]
2026-03-22 13:22:57.970 [http-nio-8888-exec-7] [30b2de13c91647d7] INFO  com.musheng.aop.RequestLogAspect - [请求结束] traceId=30b2de13c91647d7 GET /api/v1/business/document-party-config/list 耗时=103ms 响应=Result(code=0, message=success, data=[DocumentPartyConfigVO(id=2, siteCode=CA, buyerName=东莞市慕声商贸有限公司, buyerAddress=广东省东莞市虎门镇连升路82号虎门万达广场2栋606房, buyerPhone=18575382420, buyerNameEn=Dongguan Musheng Trade Co., Ltd., sellerName=Hong Kong Andeo Group Limited, sellerAddress=ROOM 1201, 12/F TAI SANG BANK BUILDING 130-132 DES VOEUX ROAD, CENTRAL HONGKONG, sellerPhone=00852-54682464, supplierName=Hong Kong Andeo Group Limited, customerNameTc=東莞市慕聲商貿有限公司, bankAccountName=Hong Kong Andeo Group Limited, ba...[已截断]
2026-03-22 13:24:21.865 [http-nio-8888-exec-3] [051ca4fe86af45ef] INFO  com.musheng.aop.RequestLogAspect - [请求开始] traceId=051ca4fe86af45ef userId=1 PUT /api/v1/business/document-party-config/update ip=0:0:0:0:0:0:0:1 方法=DocumentPartyConfigController.update 参数=[DocumentPartyConfigDTO(id=3, siteCode=UK, buyerName=111111111111111, buyerAddress=22222222222, buyerPhone=13540967787, buyerNameEn=1111111111111-01, sellerName=3333333333333, sellerAddress=444444444444444, sellerPhone=00852-33333333, supplierName=3333333333333, customerNameTc=東莞市慕聲-111111, bankAccountName=41234567890, bankAccountNumber=011-222-3-44444, bankName=Bank of China (Hong Kong) Limited 001, bankAddress=AAAAAA awrqwrqetqet ewrwetwetg, swiftCode=BKCHHKHHDDD)]
2026-03-22 13:24:21.919 [http-nio-8888-exec-3] [051ca4fe86af45ef] INFO  c.m.b.d.s.impl.DocumentPartyConfigServiceImpl - 修改交易方配置成功，id=3, siteCode=UK
2026-03-22 13:24:21.919 [http-nio-8888-exec-3] [051ca4fe86af45ef] INFO  com.musheng.aop.RequestLogAspect - [请求结束] traceId=051ca4fe86af45ef PUT /api/v1/business/document-party-config/update 耗时=56ms 响应=Result(code=0, message=success, data=null, timestamp=1774157061919, requestId=null)
2026-03-22 13:24:21.957 [http-nio-8888-exec-1] [70a5493816634271] INFO  com.musheng.aop.RequestLogAspect - [请求开始] traceId=70a5493816634271 userId=1 GET /api/v1/business/document-party-config/list ip=0:0:0:0:0:0:0:1 方法=DocumentPartyConfigController.list 参数=[]
2026-03-22 13:24:21.978 [http-nio-8888-exec-1] [70a5493816634271] INFO  com.musheng.aop.RequestLogAspect - [请求结束] traceId=70a5493816634271 GET /api/v1/business/document-party-config/list 耗时=21ms 响应=Result(code=0, message=success, data=[DocumentPartyConfigVO(id=2, siteCode=CA, buyerName=东莞市慕声商贸有限公司, buyerAddress=广东省东莞市虎门镇连升路82号虎门万达广场2栋606房, buyerPhone=18575382420, buyerNameEn=Dongguan Musheng Trade Co., Ltd., sellerName=Hong Kong Andeo Group Limited, sellerAddress=ROOM 1201, 12/F TAI SANG BANK BUILDING 130-132 DES VOEUX ROAD, CENTRAL HONGKONG, sellerPhone=00852-54682464, supplierName=Hong Kong Andeo Group Limited, customerNameTc=東莞市慕聲商貿有限公司, bankAccountName=Hong Kong Andeo Group Limited, ba...[已截断]
2026-03-22 13:25:08.001 [http-nio-8888-exec-4] [12c62a50299941a0] INFO  com.musheng.aop.RequestLogAspect - [请求开始] traceId=12c62a50299941a0 userId=1 GET /api/v1/config/marketplaces/enabled ip=0:0:0:0:0:0:0:1 方法=MarketplaceController.getEnabled 参数=[]
2026-03-22 13:25:08.096 [http-nio-8888-exec-4] [12c62a50299941a0] INFO  com.musheng.aop.RequestLogAspect - [请求结束] traceId=12c62a50299941a0 GET /api/v1/config/marketplaces/enabled 耗时=95ms 响应=Result(code=0, message=success, data=[Marketplace(siteCode=CA, siteName=加拿大站, marketplaceId=A2EUQ1WTGCTBG2, currencyCode=CAD, sellerId=APNDJLWNA7H88, headerLanguage=EN, dateFormat=MMM d, yyyy h:mm:ss a z, numberFormat=., timezone=America/Toronto, status=1), Marketplace(siteCode=DE, siteName=德国站, marketplaceId=A1PA6795UKMFR9, currencyCode=EUR, sellerId=A11Y51I5ZXY4AO, headerLanguage=DE, dateFormat=dd.MM.yyyy HH:mm:ss z, numberFormat=,, timezone=Europe/Berlin, status=1), Marketplace(siteCode=UK, s...[已截断]
2026-03-22 13:25:08.466 [http-nio-8888-exec-6] [e2bf0b7cb9da4906] INFO  com.musheng.aop.RequestLogAspect - [请求开始] traceId=e2bf0b7cb9da4906 userId=1 GET /api/v1/config/marketplaces/enabled ip=0:0:0:0:0:0:0:1 方法=MarketplaceController.getEnabled 参数=[]
2026-03-22 13:25:08.483 [http-nio-8888-exec-6] [e2bf0b7cb9da4906] INFO  com.musheng.aop.RequestLogAspect - [请求结束] traceId=e2bf0b7cb9da4906 GET /api/v1/config/marketplaces/enabled 耗时=17ms 响应=Result(code=0, message=success, data=[Marketplace(siteCode=CA, siteName=加拿大站, marketplaceId=A2EUQ1WTGCTBG2, currencyCode=CAD, sellerId=APNDJLWNA7H88, headerLanguage=EN, dateFormat=MMM d, yyyy h:mm:ss a z, numberFormat=., timezone=America/Toronto, status=1), Marketplace(siteCode=DE, siteName=德国站, marketplaceId=A1PA6795UKMFR9, currencyCode=EUR, sellerId=A11Y51I5ZXY4AO, headerLanguage=DE, dateFormat=dd.MM.yyyy HH:mm:ss z, numberFormat=,, timezone=Europe/Berlin, status=1), Marketplace(siteCode=UK, s...[已截断]
2026-03-22 13:25:11.797 [http-nio-8888-exec-10] [18074a3fc31949e9] INFO  com.musheng.aop.RequestLogAspect - [请求开始] traceId=18074a3fc31949e9 userId=1 GET /api/v1/business/fba-shipment/list ip=0:0:0:0:0:0:0:1 方法=FbaShipmentController.list 参数=[null, null, null, null, UK, 2025-07-01, 2025-09-30, 1, 200]
2026-03-22 13:25:11.848 [http-nio-8888-exec-10] [18074a3fc31949e9] INFO  com.musheng.aop.RequestLogAspect - [请求结束] traceId=18074a3fc31949e9 GET /api/v1/business/fba-shipment/list 耗时=51ms 响应=Result(code=0, message=success, data=PageResult(records=[FbaShipment(shopId=1, shipmentId=FBA15KS3Q60G, shipmentName=RP250828003, status=CLOSED, warehouseCode=BHX4, shopName=null, country=Great Britain (United Kingdom; England), siteCode=UK, state=West Midlands, city=Coventry, streetAddress=Plot 1, Lyons Park,, houseNumber=, createdDate=2025-08-29T17:55, updatedDate=2025-11-15T03:09, skuCount=32, totalQuantity=743, totalReceivedQuantity=743, recipient=Amazon EU SARL (UK), postalCode=CV5 9PF, imp...[已截断]
2026-03-22 13:25:15.510 [http-nio-8888-exec-3] [06dd6a4cb7324c38] INFO  com.musheng.aop.RequestLogAspect - [请求开始] traceId=06dd6a4cb7324c38 userId=1 POST /api/v1/business/document/po/generate ip=0:0:0:0:0:0:0:1 方法=DocumentController.generatePo 参数=[PoGenerateRequest(shipmentIds=[54])]
2026-03-22 13:25:15.511 [http-nio-8888-exec-3] [06dd6a4cb7324c38] INFO  c.m.b.document.controller.DocumentController - 生成PO采购订单，货件数量: 1
2026-03-22 13:25:15.513 [http-nio-8888-exec-3] [06dd6a4cb7324c38] INFO  c.m.b.d.service.impl.DocumentGenerateServiceImpl - 开始生成PO采购订单，货件ID数量: 1
2026-03-22 13:25:15.548 [http-nio-8888-exec-3] [06dd6a4cb7324c38] INFO  c.m.b.d.service.impl.DocumentGenerateServiceImpl - PO单据号已存在，返回已有记录，编号: 20250715001
2026-03-22 13:25:15.567 [http-nio-8888-exec-3] [06dd6a4cb7324c38] INFO  com.musheng.aop.RequestLogAspect - [请求结束] traceId=06dd6a4cb7324c38 POST /api/v1/business/document/po/generate 耗时=58ms 响应=Result(code=0, message=success, data=DocumentPo(shopId=1, documentNo=20250715001, poDate=2025-07-15, buyerName=慕声信息00001, buyerAddress=广东省0001, sellerName=Hong Kong, totalQuantity=1233, shipmentCount=1), timestamp=1774157115567, requestId=null)
2026-03-22 13:25:15.579 [http-nio-8888-exec-1] [6a32a187105849ef] INFO  com.musheng.aop.RequestLogAspect - [请求开始] traceId=6a32a187105849ef userId=1 GET /api/v1/business/document/export/po/72 ip=0:0:0:0:0:0:0:1 方法=DocumentController.exportPo 参数=[72, org.apache.catalina.connector.ResponseFacade@452a16f7]
2026-03-22 13:25:15.580 [http-nio-8888-exec-1] [6a32a187105849ef] INFO  c.m.b.document.controller.DocumentController - 导出PO Excel，ID: 72
2026-03-22 13:25:15.580 [http-nio-8888-exec-1] [6a32a187105849ef] INFO  c.m.b.d.service.impl.DocumentExportServiceImpl - 导出PO Excel, poId=72
2026-03-22 13:25:15.642 [http-nio-8888-exec-1] [6a32a187105849ef] INFO  com.musheng.aop.RequestLogAspect - [请求结束] traceId=6a32a187105849ef GET /api/v1/business/document/export/po/72 耗时=63ms 响应=null
2026-03-22 13:25:23.902 [http-nio-8888-exec-4] [7bd25b2cdc8241fe] INFO  com.musheng.aop.RequestLogAspect - [请求开始] traceId=7bd25b2cdc8241fe userId=1 POST /api/v1/business/document/dn/generate ip=0:0:0:0:0:0:0:1 方法=DocumentController.generateDn 参数=[DnGenerateRequest(anchorDate=2025-07-15, shipmentIds=[54])]
2026-03-22 13:25:23.903 [http-nio-8888-exec-4] [7bd25b2cdc8241fe] INFO  c.m.b.document.controller.DocumentController - 生成DN送货单，锚点日期: 2025-07-15，货件数量: 1
2026-03-22 13:25:23.905 [http-nio-8888-exec-4] [7bd25b2cdc8241fe] INFO  c.m.b.d.service.impl.DocumentGenerateServiceImpl - 开始生成DN送货单，锚点日期: 2025-07-15, 货件ID数量: 1
2026-03-22 13:25:23.938 [http-nio-8888-exec-4] [7bd25b2cdc8241fe] INFO  c.m.b.d.service.impl.DocumentGenerateServiceImpl - DN单据号已存在，返回已有记录，编号: 20250715001
2026-03-22 13:25:23.948 [http-nio-8888-exec-4] [7bd25b2cdc8241fe] INFO  com.musheng.aop.RequestLogAspect - [请求结束] traceId=7bd25b2cdc8241fe POST /api/v1/business/document/dn/generate 耗时=47ms 响应=Result(code=0, message=success, data=DocumentDn(shopId=1, documentNo=20250715001, dnDate=2025-07-15, supplierName=2345678654321345, customerName=東莞市慕聲, totalQuantity=1233, periodStart=2025-07-09, periodEnd=2025-07-15), timestamp=1774157123948, requestId=null)
2026-03-22 13:25:23.965 [http-nio-8888-exec-6] [d9e93273550c4ee0] INFO  com.musheng.aop.RequestLogAspect - [请求开始] traceId=d9e93273550c4ee0 userId=1 GET /api/v1/business/document/export/dn/47 ip=0:0:0:0:0:0:0:1 方法=DocumentController.exportDn 参数=[47, org.apache.catalina.connector.ResponseFacade@6e870fe]
2026-03-22 13:25:23.965 [http-nio-8888-exec-6] [d9e93273550c4ee0] INFO  c.m.b.document.controller.DocumentController - 导出DN Excel，ID: 47
2026-03-22 13:25:23.965 [http-nio-8888-exec-6] [d9e93273550c4ee0] INFO  c.m.b.d.service.impl.DocumentExportServiceImpl - 导出DN Excel, dnId=47
2026-03-22 13:25:24.176 [http-nio-8888-exec-6] [d9e93273550c4ee0] INFO  com.musheng.aop.RequestLogAspect - [请求结束] traceId=d9e93273550c4ee0 GET /api/v1/business/document/export/dn/47 耗时=210ms 响应=null
2026-03-22 13:25:38.924 [http-nio-8888-exec-10] [f4430f374d2b4d26] INFO  com.musheng.aop.RequestLogAspect - [请求开始] traceId=f4430f374d2b4d26 userId=1 GET /api/v1/config/marketplaces/enabled ip=0:0:0:0:0:0:0:1 方法=MarketplaceController.getEnabled 参数=[]
2026-03-22 13:25:39.012 [http-nio-8888-exec-10] [f4430f374d2b4d26] INFO  com.musheng.aop.RequestLogAspect - [请求结束] traceId=f4430f374d2b4d26 GET /api/v1/config/marketplaces/enabled 耗时=89ms 响应=Result(code=0, message=success, data=[Marketplace(siteCode=CA, siteName=加拿大站, marketplaceId=A2EUQ1WTGCTBG2, currencyCode=CAD, sellerId=APNDJLWNA7H88, headerLanguage=EN, dateFormat=MMM d, yyyy h:mm:ss a z, numberFormat=., timezone=America/Toronto, status=1), Marketplace(siteCode=DE, siteName=德国站, marketplaceId=A1PA6795UKMFR9, currencyCode=EUR, sellerId=A11Y51I5ZXY4AO, headerLanguage=DE, dateFormat=dd.MM.yyyy HH:mm:ss z, numberFormat=,, timezone=Europe/Berlin, status=1), Marketplace(siteCode=UK, s...[已截断]
2026-03-22 13:25:43.552 [http-nio-8888-exec-3] [aa148371a6bd4be1] INFO  com.musheng.aop.RequestLogAspect - [请求开始] traceId=aa148371a6bd4be1 userId=1 POST /api/v1/business/document/settlement/generate ip=0:0:0:0:0:0:0:1 方法=DocumentController.generateSettlements 参数=[SettlementGenerateRequest(periodStart=2025-07-01, periodEnd=2025-09-30, siteCodes=[UK])]
2026-03-22 13:25:43.553 [http-nio-8888-exec-3] [aa148371a6bd4be1] INFO  c.m.b.document.controller.DocumentController - 生成结算单，周期: 2025-07-01 ~ 2025-09-30，站点: [UK]
2026-03-22 13:25:43.554 [http-nio-8888-exec-3] [aa148371a6bd4be1] INFO  c.m.b.d.service.impl.DocumentGenerateServiceImpl - 开始生成结算单，周期: 2025-07-01 ~ 2025-09-30
2026-03-22 13:25:43.579 [http-nio-8888-exec-3] [aa148371a6bd4be1] INFO  c.m.b.d.service.impl.DocumentGenerateServiceImpl - 构建 SettlementInput 完成，共 383 条明细
2026-03-22 13:25:43.599 [http-nio-8888-exec-3] [aa148371a6bd4be1] INFO  c.m.b.d.service.impl.DocumentGenerateServiceImpl - 结算单生成 12 份，过滤空结算单后剩余 3 份（有数据）
2026-03-22 13:25:43.606 [http-nio-8888-exec-3] [aa148371a6bd4be1] INFO  c.m.b.d.service.impl.DocumentGenerateServiceImpl - 结算单单据号已存在，使用已有记录，编号: 20250805003
2026-03-22 13:25:43.618 [http-nio-8888-exec-3] [aa148371a6bd4be1] INFO  c.m.b.d.service.impl.DocumentGenerateServiceImpl - 结算单单据号已存在，使用已有记录，编号: 20250905003
2026-03-22 13:25:43.626 [http-nio-8888-exec-3] [aa148371a6bd4be1] INFO  c.m.b.d.service.impl.DocumentGenerateServiceImpl - 结算单单据号已存在，使用已有记录，编号: 20251008003
2026-03-22 13:25:43.635 [http-nio-8888-exec-3] [aa148371a6bd4be1] INFO  c.m.b.d.service.impl.DocumentGenerateServiceImpl - 结算单生成完成，共 3 份
2026-03-22 13:25:43.637 [http-nio-8888-exec-3] [aa148371a6bd4be1] INFO  com.musheng.aop.RequestLogAspect - [请求结束] traceId=aa148371a6bd4be1 POST /api/v1/business/document/settlement/generate 耗时=86ms 响应=Result(code=0, message=success, data=[DocumentSettlement(shopId=1, documentNo=20250805003, settlementDate=2025-08-05, periodStart=2025-07-01, periodEnd=2025-07-31, siteCode=GBP, siteSequence=003, buyerName=东莞市慕声商贸有限公司, buyerAddress=广东省东莞市虎门镇连升路82号虎门万达广场2栋606房, sellerName=Hong Kong Andeo Group Limited, totalQuantity=8890, totalAmount=51723.2800), DocumentSettlement(shopId=1, documentNo=20250905003, settlementDate=2025-09-05, periodStart=2025-08-01, periodEnd=2025-08-31, siteCode=GBP, siteSequence...[已截断]
2026-03-22 13:25:43.653 [http-nio-8888-exec-1] [139a939ea8bf4e97] INFO  com.musheng.aop.RequestLogAspect - [请求开始] traceId=139a939ea8bf4e97 userId=1 POST /api/v1/business/document/export/settlement/batch ip=0:0:0:0:0:0:0:1 方法=DocumentController.batchExportSettlement 参数=[[869, 870, 871], org.apache.catalina.connector.ResponseFacade@5e32e85b]
2026-03-22 13:25:43.654 [http-nio-8888-exec-1] [139a939ea8bf4e97] INFO  c.m.b.document.controller.DocumentController - 批量导出结算单，数量: 3
2026-03-22 13:25:43.655 [http-nio-8888-exec-1] [139a939ea8bf4e97] INFO  c.m.b.d.service.impl.DocumentExportServiceImpl - 批量导出结算单, 数量=3
2026-03-22 13:25:44.229 [http-nio-8888-exec-1] [139a939ea8bf4e97] INFO  com.musheng.aop.RequestLogAspect - [请求结束] traceId=139a939ea8bf4e97 POST /api/v1/business/document/export/settlement/batch 耗时=577ms 响应=null
2026-03-22 13:25:45.754 [http-nio-8888-exec-4] [7ef9a299c9b34140] INFO  com.musheng.aop.RequestLogAspect - [请求开始] traceId=7ef9a299c9b34140 userId=1 POST /api/v1/business/document/inv/generate ip=0:0:0:0:0:0:0:1 方法=DocumentController.generateInvoices 参数=[[869, 870, 871]]
2026-03-22 13:25:45.755 [http-nio-8888-exec-4] [7ef9a299c9b34140] INFO  c.m.b.document.controller.DocumentController - 生成INV发票，结算单数量: 3
2026-03-22 13:25:45.756 [http-nio-8888-exec-4] [7ef9a299c9b34140] INFO  c.m.b.d.service.impl.DocumentGenerateServiceImpl - 开始生成INV发票，结算单ID数量: 3
2026-03-22 13:25:45.797 [http-nio-8888-exec-4] [7ef9a299c9b34140] INFO  c.m.b.d.service.impl.DocumentGenerateServiceImpl - INV单据号已存在，使用已有记录，编号: 20250808001
2026-03-22 13:25:45.814 [http-nio-8888-exec-4] [7ef9a299c9b34140] INFO  c.m.b.d.service.impl.DocumentGenerateServiceImpl - INV单据号已存在，使用已有记录，编号: 20250910002
2026-03-22 13:25:45.828 [http-nio-8888-exec-4] [7ef9a299c9b34140] INFO  c.m.b.d.service.impl.DocumentGenerateServiceImpl - INV单据号已存在，使用已有记录，编号: 20251013003
2026-03-22 13:25:45.835 [http-nio-8888-exec-4] [7ef9a299c9b34140] INFO  c.m.b.d.service.impl.DocumentGenerateServiceImpl - INV生成完成，共 3 份
2026-03-22 13:25:45.839 [http-nio-8888-exec-4] [7ef9a299c9b34140] INFO  com.musheng.aop.RequestLogAspect - [请求结束] traceId=7ef9a299c9b34140 POST /api/v1/business/document/inv/generate 耗时=84ms 响应=Result(code=0, message=success, data=[DocumentInv(shopId=1, documentNo=20250808001, invDate=2025-08-08, settlementId=869, siteCode=GBP, siteSequence=003, sellerName=Hong Kong Andeo Group Limited, sellerAddress=ROOM 1201, 12/F TAI SANG BANK BUILDING 130-132 DES VOEUX ROAD, CENTRAL HONGKONG, buyerName=Dongguan Musheng Trade Co., Ltd., buyerAddress=Room 606, Building 2, Humen Wanda Plaza, No. 82 Liansheng Road, Humen Town, Dongguan, Guangdong, China, sellerPhone=00852-54682464, buyerPhone=185753824...[已截断]
2026-03-22 13:25:45.883 [http-nio-8888-exec-6] [1be3fd01e02b4879] INFO  com.musheng.aop.RequestLogAspect - [请求开始] traceId=1be3fd01e02b4879 userId=1 POST /api/v1/business/document/export/inv/batch ip=0:0:0:0:0:0:0:1 方法=DocumentController.batchExportInv 参数=[[545, 546, 547], org.apache.catalina.connector.ResponseFacade@7d268c94]
2026-03-22 13:25:45.884 [http-nio-8888-exec-6] [1be3fd01e02b4879] INFO  c.m.b.document.controller.DocumentController - 批量导出INV，数量: 3
2026-03-22 13:25:45.884 [http-nio-8888-exec-6] [1be3fd01e02b4879] INFO  c.m.b.d.service.impl.DocumentExportServiceImpl - 批量导出INV, 数量=3
2026-03-22 13:25:49.517 [http-nio-8888-exec-6] [1be3fd01e02b4879] INFO  com.musheng.aop.RequestLogAspect - [请求结束] traceId=1be3fd01e02b4879 POST /api/v1/business/document/export/inv/batch 耗时=3635ms 响应=null
2026-03-22 13:25:51.437 [http-nio-8888-exec-10] [026d5153783745d7] INFO  com.musheng.aop.RequestLogAspect - [请求开始] traceId=026d5153783745d7 userId=1 GET /api/v1/business/document-party-config/list ip=0:0:0:0:0:0:0:1 方法=DocumentPartyConfigController.list 参数=[]
2026-03-22 13:25:51.460 [http-nio-8888-exec-10] [026d5153783745d7] INFO  com.musheng.aop.RequestLogAspect - [请求结束] traceId=026d5153783745d7 GET /api/v1/business/document-party-config/list 耗时=23ms 响应=Result(code=0, message=success, data=[DocumentPartyConfigVO(id=2, siteCode=CA, buyerName=东莞市慕声商贸有限公司, buyerAddress=广东省东莞市虎门镇连升路82号虎门万达广场2栋606房, buyerPhone=18575382420, buyerNameEn=Dongguan Musheng Trade Co., Ltd., sellerName=Hong Kong Andeo Group Limited, sellerAddress=ROOM 1201, 12/F TAI SANG BANK BUILDING 130-132 DES VOEUX ROAD, CENTRAL HONGKONG, sellerPhone=00852-54682464, supplierName=Hong Kong Andeo Group Limited, customerNameTc=東莞市慕聲商貿有限公司, bankAccountName=Hong Kong Andeo Group Limited, ba...[已截断]
2026-03-22 13:27:09.156 [http-nio-8888-exec-3] [d793762c01d24d80] INFO  com.musheng.aop.RequestLogAspect - [请求开始] traceId=d793762c01d24d80 userId=1 PUT /api/v1/business/document-party-config/update ip=0:0:0:0:0:0:0:1 方法=DocumentPartyConfigController.update 参数=[DocumentPartyConfigDTO(id=3, siteCode=UK, buyerName=111111111111111, buyerAddress=22222222222, buyerPhone=13540967787, buyerNameEn=1111111111111-01, sellerName=3333333333333, sellerAddress=444444444444444, sellerPhone=00852-33333333, supplierName=3333333333333, customerNameTc=東莞市慕聲科技公司, bankAccountName=41234567890, bankAccountNumber=011-222-3-44444, bankName=Bank of China (Hong Kong) Limited 001, bankAddress=AAAAAA awrqwrqetqet ewrwetwetg, swiftCode=BKCHHKHHDDD)]
2026-03-22 13:27:09.227 [http-nio-8888-exec-3] [d793762c01d24d80] INFO  c.m.b.d.s.impl.DocumentPartyConfigServiceImpl - 修改交易方配置成功，id=3, siteCode=UK
2026-03-22 13:27:09.227 [http-nio-8888-exec-3] [d793762c01d24d80] INFO  com.musheng.aop.RequestLogAspect - [请求结束] traceId=d793762c01d24d80 PUT /api/v1/business/document-party-config/update 耗时=74ms 响应=Result(code=0, message=success, data=null, timestamp=1774157229227, requestId=null)
2026-03-22 13:27:09.280 [http-nio-8888-exec-1] [942175bb63874000] INFO  com.musheng.aop.RequestLogAspect - [请求开始] traceId=942175bb63874000 userId=1 GET /api/v1/business/document-party-config/list ip=0:0:0:0:0:0:0:1 方法=DocumentPartyConfigController.list 参数=[]
2026-03-22 13:27:09.291 [http-nio-8888-exec-1] [942175bb63874000] INFO  com.musheng.aop.RequestLogAspect - [请求结束] traceId=942175bb63874000 GET /api/v1/business/document-party-config/list 耗时=12ms 响应=Result(code=0, message=success, data=[DocumentPartyConfigVO(id=2, siteCode=CA, buyerName=东莞市慕声商贸有限公司, buyerAddress=广东省东莞市虎门镇连升路82号虎门万达广场2栋606房, buyerPhone=18575382420, buyerNameEn=Dongguan Musheng Trade Co., Ltd., sellerName=Hong Kong Andeo Group Limited, sellerAddress=ROOM 1201, 12/F TAI SANG BANK BUILDING 130-132 DES VOEUX ROAD, CENTRAL HONGKONG, sellerPhone=00852-54682464, supplierName=Hong Kong Andeo Group Limited, customerNameTc=東莞市慕聲商貿有限公司, bankAccountName=Hong Kong Andeo Group Limited, ba...[已截断]
2026-03-22 13:27:29.034 [http-nio-8888-exec-4] [9bf24406ea9e4b36] INFO  com.musheng.aop.RequestLogAspect - [请求开始] traceId=9bf24406ea9e4b36 userId=1 DELETE /api/v1/business/document-party-config/2 ip=0:0:0:0:0:0:0:1 方法=DocumentPartyConfigController.delete 参数=[2]
2026-03-22 13:27:29.047 [http-nio-8888-exec-4] [9bf24406ea9e4b36] INFO  c.m.b.d.s.impl.DocumentPartyConfigServiceImpl - 删除交易方配置成功，id=2
2026-03-22 13:27:29.047 [http-nio-8888-exec-4] [9bf24406ea9e4b36] INFO  com.musheng.aop.RequestLogAspect - [请求结束] traceId=9bf24406ea9e4b36 DELETE /api/v1/business/document-party-config/2 耗时=18ms 响应=Result(code=0, message=success, data=null, timestamp=1774157249047, requestId=null)
2026-03-22 13:27:29.071 [http-nio-8888-exec-6] [9cebcee78cc747e0] INFO  com.musheng.aop.RequestLogAspect - [请求开始] traceId=9cebcee78cc747e0 userId=1 GET /api/v1/business/document-party-config/list ip=0:0:0:0:0:0:0:1 方法=DocumentPartyConfigController.list 参数=[]
2026-03-22 13:27:29.089 [http-nio-8888-exec-6] [9cebcee78cc747e0] INFO  com.musheng.aop.RequestLogAspect - [请求结束] traceId=9cebcee78cc747e0 GET /api/v1/business/document-party-config/list 耗时=17ms 响应=Result(code=0, message=success, data=[DocumentPartyConfigVO(id=4, siteCode=EU, buyerName=东莞市慕声商贸有限公司, buyerAddress=广东省东莞市虎门镇连升路82号虎门万达广场2栋606房, buyerPhone=18575382420, buyerNameEn=Dongguan Musheng Trade Co., Ltd., sellerName=Hong Kong Andeo Group Limited, sellerAddress=ROOM 1201, 12/F TAI SANG BANK BUILDING 130-132 DES VOEUX ROAD, CENTRAL HONGKONG, sellerPhone=00852-54682464, supplierName=Hong Kong Andeo Group Limited, customerNameTc=東莞市慕聲商貿有限公司, bankAccountName=Hong Kong Andeo Group Limited, ba...[已截断]
2026-03-22 13:27:30.498 [http-nio-8888-exec-10] [5890a62380604bac] INFO  com.musheng.aop.RequestLogAspect - [请求开始] traceId=5890a62380604bac userId=1 DELETE /api/v1/business/document-party-config/4 ip=0:0:0:0:0:0:0:1 方法=DocumentPartyConfigController.delete 参数=[4]
2026-03-22 13:27:30.510 [http-nio-8888-exec-10] [5890a62380604bac] INFO  c.m.b.d.s.impl.DocumentPartyConfigServiceImpl - 删除交易方配置成功，id=4
2026-03-22 13:27:30.510 [http-nio-8888-exec-10] [5890a62380604bac] INFO  com.musheng.aop.RequestLogAspect - [请求结束] traceId=5890a62380604bac DELETE /api/v1/business/document-party-config/4 耗时=13ms 响应=Result(code=0, message=success, data=null, timestamp=1774157250510, requestId=null)
2026-03-22 13:27:30.538 [http-nio-8888-exec-2] [4e6a628ce8a246ed] INFO  com.musheng.aop.RequestLogAspect - [请求开始] traceId=4e6a628ce8a246ed userId=1 GET /api/v1/business/document-party-config/list ip=0:0:0:0:0:0:0:1 方法=DocumentPartyConfigController.list 参数=[]
2026-03-22 13:27:30.559 [http-nio-8888-exec-2] [4e6a628ce8a246ed] INFO  com.musheng.aop.RequestLogAspect - [请求结束] traceId=4e6a628ce8a246ed GET /api/v1/business/document-party-config/list 耗时=20ms 响应=Result(code=0, message=success, data=[DocumentPartyConfigVO(id=5, siteCode=JP, buyerName=东莞市慕声商贸有限公司, buyerAddress=广东省东莞市虎门镇连升路82号虎门万达广场2栋606房, buyerPhone=18575382420, buyerNameEn=Dongguan Musheng Trade Co., Ltd., sellerName=Hong Kong Andeo Group Limited, sellerAddress=ROOM 1201, 12/F TAI SANG BANK BUILDING 130-132 DES VOEUX ROAD, CENTRAL HONGKONG, sellerPhone=00852-54682464, supplierName=Hong Kong Andeo Group Limited, customerNameTc=東莞市慕聲商貿有限公司, bankAccountName=Hong Kong Andeo Group Limited, ba...[已截断]
2026-03-22 13:27:32.073 [http-nio-8888-exec-3] [2da45d9cb0a645b1] INFO  com.musheng.aop.RequestLogAspect - [请求开始] traceId=2da45d9cb0a645b1 userId=1 DELETE /api/v1/business/document-party-config/5 ip=0:0:0:0:0:0:0:1 方法=DocumentPartyConfigController.delete 参数=[5]
2026-03-22 13:27:32.080 [http-nio-8888-exec-3] [2da45d9cb0a645b1] INFO  c.m.b.d.s.impl.DocumentPartyConfigServiceImpl - 删除交易方配置成功，id=5
2026-03-22 13:27:32.081 [http-nio-8888-exec-3] [2da45d9cb0a645b1] INFO  com.musheng.aop.RequestLogAspect - [请求结束] traceId=2da45d9cb0a645b1 DELETE /api/v1/business/document-party-config/5 耗时=8ms 响应=Result(code=0, message=success, data=null, timestamp=1774157252081, requestId=null)
2026-03-22 13:27:32.104 [http-nio-8888-exec-1] [41f7180e8a164af8] INFO  com.musheng.aop.RequestLogAspect - [请求开始] traceId=41f7180e8a164af8 userId=1 GET /api/v1/business/document-party-config/list ip=0:0:0:0:0:0:0:1 方法=DocumentPartyConfigController.list 参数=[]
2026-03-22 13:27:32.118 [http-nio-8888-exec-1] [41f7180e8a164af8] INFO  com.musheng.aop.RequestLogAspect - [请求结束] traceId=41f7180e8a164af8 GET /api/v1/business/document-party-config/list 耗时=14ms 响应=Result(code=0, message=success, data=[DocumentPartyConfigVO(id=3, siteCode=UK, buyerName=111111111111111, buyerAddress=22222222222, buyerPhone=13540967787, buyerNameEn=1111111111111-01, sellerName=3333333333333, sellerAddress=444444444444444, sellerPhone=00852-33333333, supplierName=3333333333333, customerNameTc=東莞市慕聲科技公司, bankAccountName=41234567890, bankAccountNumber=011-222-3-44444, bankName=Bank of China (Hong Kong) Limited 001, bankAddress=AAAAAA awrqwrqetqet ewrwetwetg, swiftCode=BKCHHKHHD...[已截断]
2026-03-22 13:27:34.720 [http-nio-8888-exec-4] [5a7dca587d014325] INFO  com.musheng.aop.RequestLogAspect - [请求开始] traceId=5a7dca587d014325 userId=1 DELETE /api/v1/business/document-party-config/1 ip=0:0:0:0:0:0:0:1 方法=DocumentPartyConfigController.delete 参数=[1]
2026-03-22 13:27:34.735 [http-nio-8888-exec-4] [5a7dca587d014325] INFO  c.m.b.d.s.impl.DocumentPartyConfigServiceImpl - 删除交易方配置成功，id=1
2026-03-22 13:27:34.737 [http-nio-8888-exec-4] [5a7dca587d014325] INFO  com.musheng.aop.RequestLogAspect - [请求结束] traceId=5a7dca587d014325 DELETE /api/v1/business/document-party-config/1 耗时=18ms 响应=Result(code=0, message=success, data=null, timestamp=1774157254737, requestId=null)
2026-03-22 13:27:34.759 [http-nio-8888-exec-6] [2c2e1db21b83483b] INFO  com.musheng.aop.RequestLogAspect - [请求开始] traceId=2c2e1db21b83483b userId=1 GET /api/v1/business/document-party-config/list ip=0:0:0:0:0:0:0:1 方法=DocumentPartyConfigController.list 参数=[]
2026-03-22 13:27:34.762 [http-nio-8888-exec-6] [2c2e1db21b83483b] INFO  com.musheng.aop.RequestLogAspect - [请求结束] traceId=2c2e1db21b83483b GET /api/v1/business/document-party-config/list 耗时=2ms 响应=Result(code=0, message=success, data=[DocumentPartyConfigVO(id=3, siteCode=UK, buyerName=111111111111111, buyerAddress=22222222222, buyerPhone=13540967787, buyerNameEn=1111111111111-01, sellerName=3333333333333, sellerAddress=444444444444444, sellerPhone=00852-33333333, supplierName=3333333333333, customerNameTc=東莞市慕聲科技公司, bankAccountName=41234567890, bankAccountNumber=011-222-3-44444, bankName=Bank of China (Hong Kong) Limited 001, bankAddress=AAAAAA awrqwrqetqet ewrwetwetg, swiftCode=BKCHHKHHD...[已截断]
2026-03-22 13:27:54.655 [http-nio-8888-exec-10] [e694a337fb1146de] INFO  com.musheng.aop.RequestLogAspect - [请求开始] traceId=e694a337fb1146de userId=1 GET /api/v1/config/marketplaces/enabled ip=0:0:0:0:0:0:0:1 方法=MarketplaceController.getEnabled 参数=[]
2026-03-22 13:27:54.709 [http-nio-8888-exec-10] [e694a337fb1146de] INFO  com.musheng.aop.RequestLogAspect - [请求结束] traceId=e694a337fb1146de GET /api/v1/config/marketplaces/enabled 耗时=49ms 响应=Result(code=0, message=success, data=[Marketplace(siteCode=CA, siteName=加拿大站, marketplaceId=A2EUQ1WTGCTBG2, currencyCode=CAD, sellerId=APNDJLWNA7H88, headerLanguage=EN, dateFormat=MMM d, yyyy h:mm:ss a z, numberFormat=., timezone=America/Toronto, status=1), Marketplace(siteCode=DE, siteName=德国站, marketplaceId=A1PA6795UKMFR9, currencyCode=EUR, sellerId=A11Y51I5ZXY4AO, headerLanguage=DE, dateFormat=dd.MM.yyyy HH:mm:ss z, numberFormat=,, timezone=Europe/Berlin, status=1), Marketplace(siteCode=UK, s...[已截断]
2026-03-22 13:27:55.206 [http-nio-8888-exec-3] [afc2aaeea60a49e1] INFO  com.musheng.aop.RequestLogAspect - [请求开始] traceId=afc2aaeea60a49e1 userId=1 GET /api/v1/config/marketplaces/enabled ip=0:0:0:0:0:0:0:1 方法=MarketplaceController.getEnabled 参数=[]
2026-03-22 13:27:55.214 [http-nio-8888-exec-3] [afc2aaeea60a49e1] INFO  com.musheng.aop.RequestLogAspect - [请求结束] traceId=afc2aaeea60a49e1 GET /api/v1/config/marketplaces/enabled 耗时=7ms 响应=Result(code=0, message=success, data=[Marketplace(siteCode=CA, siteName=加拿大站, marketplaceId=A2EUQ1WTGCTBG2, currencyCode=CAD, sellerId=APNDJLWNA7H88, headerLanguage=EN, dateFormat=MMM d, yyyy h:mm:ss a z, numberFormat=., timezone=America/Toronto, status=1), Marketplace(siteCode=DE, siteName=德国站, marketplaceId=A1PA6795UKMFR9, currencyCode=EUR, sellerId=A11Y51I5ZXY4AO, headerLanguage=DE, dateFormat=dd.MM.yyyy HH:mm:ss z, numberFormat=,, timezone=Europe/Berlin, status=1), Marketplace(siteCode=UK, s...[已截断]
2026-03-22 13:27:58.759 [http-nio-8888-exec-9] [24db9be0182948cb] INFO  com.musheng.aop.RequestLogAspect - [请求开始] traceId=24db9be0182948cb userId=1 GET /api/v1/business/fba-shipment/list ip=0:0:0:0:0:0:0:1 方法=FbaShipmentController.list 参数=[null, null, null, null, UK, 2025-07-01, 2025-09-30, 1, 200]
2026-03-22 13:27:58.833 [http-nio-8888-exec-9] [24db9be0182948cb] INFO  com.musheng.aop.RequestLogAspect - [请求结束] traceId=24db9be0182948cb GET /api/v1/business/fba-shipment/list 耗时=74ms 响应=Result(code=0, message=success, data=PageResult(records=[FbaShipment(shopId=1, shipmentId=FBA15KS3Q60G, shipmentName=RP250828003, status=CLOSED, warehouseCode=BHX4, shopName=null, country=Great Britain (United Kingdom; England), siteCode=UK, state=West Midlands, city=Coventry, streetAddress=Plot 1, Lyons Park,, houseNumber=, createdDate=2025-08-29T17:55, updatedDate=2025-11-15T03:09, skuCount=32, totalQuantity=743, totalReceivedQuantity=743, recipient=Amazon EU SARL (UK), postalCode=CV5 9PF, imp...[已截断]
2026-03-22 13:28:02.748 [http-nio-8888-exec-5] [91a58496c13044b7] INFO  com.musheng.aop.RequestLogAspect - [请求开始] traceId=91a58496c13044b7 userId=1 POST /api/v1/business/document/po/generate ip=0:0:0:0:0:0:0:1 方法=DocumentController.generatePo 参数=[PoGenerateRequest(shipmentIds=[52])]
2026-03-22 13:28:02.750 [http-nio-8888-exec-5] [91a58496c13044b7] INFO  c.m.b.document.controller.DocumentController - 生成PO采购订单，货件数量: 1
2026-03-22 13:28:02.752 [http-nio-8888-exec-5] [91a58496c13044b7] INFO  c.m.b.d.service.impl.DocumentGenerateServiceImpl - 开始生成PO采购订单，货件ID数量: 1
2026-03-22 13:28:02.793 [http-nio-8888-exec-5] [91a58496c13044b7] INFO  c.m.b.d.service.impl.DocumentGenerateServiceImpl - PO单据号已存在，返回已有记录，编号: 20250819001
2026-03-22 13:28:02.797 [http-nio-8888-exec-5] [91a58496c13044b7] INFO  com.musheng.aop.RequestLogAspect - [请求结束] traceId=91a58496c13044b7 POST /api/v1/business/document/po/generate 耗时=49ms 响应=Result(code=0, message=success, data=DocumentPo(shopId=1, documentNo=20250819001, poDate=2025-08-19, buyerName=完全wrqtwy, buyerAddress=广东省东莞市虎门镇连升路82号虎门万达广场2栋606房, sellerName=Hong Kong Andeo Group Limited, totalQuantity=580, shipmentCount=1), timestamp=1774157282797, requestId=null)
2026-03-22 13:28:02.816 [http-nio-8888-exec-8] [f92a7e4ddb074afc] INFO  com.musheng.aop.RequestLogAspect - [请求开始] traceId=f92a7e4ddb074afc userId=1 GET /api/v1/business/document/export/po/70 ip=0:0:0:0:0:0:0:1 方法=DocumentController.exportPo 参数=[70, org.apache.catalina.connector.ResponseFacade@41b77a37]
2026-03-22 13:28:02.817 [http-nio-8888-exec-8] [f92a7e4ddb074afc] INFO  c.m.b.document.controller.DocumentController - 导出PO Excel，ID: 70
2026-03-22 13:28:02.817 [http-nio-8888-exec-8] [f92a7e4ddb074afc] INFO  c.m.b.d.service.impl.DocumentExportServiceImpl - 导出PO Excel, poId=70
2026-03-22 13:28:02.863 [http-nio-8888-exec-8] [f92a7e4ddb074afc] INFO  com.musheng.aop.RequestLogAspect - [请求结束] traceId=f92a7e4ddb074afc GET /api/v1/business/document/export/po/70 耗时=48ms 响应=null
2026-03-22 13:28:10.377 [http-nio-8888-exec-7] [124877157a374c60] INFO  com.musheng.aop.RequestLogAspect - [请求开始] traceId=124877157a374c60 userId=1 POST /api/v1/business/document/dn/generate ip=0:0:0:0:0:0:0:1 方法=DocumentController.generateDn 参数=[DnGenerateRequest(anchorDate=2025-08-19, shipmentIds=[52])]
2026-03-22 13:28:10.378 [http-nio-8888-exec-7] [124877157a374c60] INFO  c.m.b.document.controller.DocumentController - 生成DN送货单，锚点日期: 2025-08-19，货件数量: 1
2026-03-22 13:28:10.380 [http-nio-8888-exec-7] [124877157a374c60] INFO  c.m.b.d.service.impl.DocumentGenerateServiceImpl - 开始生成DN送货单，锚点日期: 2025-08-19, 货件ID数量: 1
2026-03-22 13:28:10.407 [http-nio-8888-exec-7] [124877157a374c60] INFO  c.m.b.d.service.impl.DocumentGenerateServiceImpl - DN主表持久化成功，编号: 20250819001, ID: 49
2026-03-22 13:28:10.444 [http-nio-8888-exec-7] [124877157a374c60] INFO  c.m.b.d.service.impl.DocumentGenerateServiceImpl - DN明细持久化成功，明细数量: 23
2026-03-22 13:28:10.446 [http-nio-8888-exec-7] [124877157a374c60] INFO  com.musheng.aop.RequestLogAspect - [请求结束] traceId=124877157a374c60 POST /api/v1/business/document/dn/generate 耗时=69ms 响应=Result(code=0, message=success, data=DocumentDn(shopId=1, documentNo=20250819001, dnDate=2025-08-19, supplierName=3333333333333, customerName=東莞市慕聲科技公司, totalQuantity=580, periodStart=2025-08-15, periodEnd=2025-08-19), timestamp=1774157290446, requestId=null)
2026-03-22 13:28:10.472 [http-nio-8888-exec-2] [850f4270fd504593] INFO  com.musheng.aop.RequestLogAspect - [请求开始] traceId=850f4270fd504593 userId=1 GET /api/v1/business/document/export/dn/49 ip=0:0:0:0:0:0:0:1 方法=DocumentController.exportDn 参数=[49, org.apache.catalina.connector.ResponseFacade@64535302]
2026-03-22 13:28:10.472 [http-nio-8888-exec-2] [850f4270fd504593] INFO  c.m.b.document.controller.DocumentController - 导出DN Excel，ID: 49
2026-03-22 13:28:10.472 [http-nio-8888-exec-2] [850f4270fd504593] INFO  c.m.b.d.service.impl.DocumentExportServiceImpl - 导出DN Excel, dnId=49
2026-03-22 13:28:10.516 [http-nio-8888-exec-2] [850f4270fd504593] INFO  com.musheng.aop.RequestLogAspect - [请求结束] traceId=850f4270fd504593 GET /api/v1/business/document/export/dn/49 耗时=45ms 响应=null
2026-03-22 13:29:56.898 [http-nio-8888-exec-1] [1400d8b7aac6474c] INFO  com.musheng.aop.RequestLogAspect - [请求开始] traceId=1400d8b7aac6474c userId=1 GET /api/v1/business/document/list ip=0:0:0:0:0:0:0:1 方法=DocumentController.listDocuments 参数=[null, null, null, null, 1, 20]
2026-03-22 13:29:56.901 [http-nio-8888-exec-1] [1400d8b7aac6474c] INFO  c.m.b.d.service.impl.DocumentQueryServiceImpl - 分页查询单据列表, 类型=null, 编号=null
2026-03-22 13:29:56.931 [http-nio-8888-exec-1] [1400d8b7aac6474c] INFO  com.musheng.aop.RequestLogAspect - [请求结束] traceId=1400d8b7aac6474c GET /api/v1/business/document/list 耗时=32ms 响应=Result(code=0, message=success, data=PageResult(records=[DocumentListVO(id=547, documentType=INV, documentNo=20251013003, documentDate=2025-10-13, buyerName=Dongguan Musheng Trade Co., Ltd., sellerName=Hong Kong Andeo Group Limited, totalQuantity=8890, totalAmount=51723.2800), DocumentListVO(id=554, documentType=INV, documentNo=20251013001, documentDate=2025-10-13, buyerName=东莞市慕声商贸有限公司, sellerName=Hong Kong Andeo Group Limited, totalQuantity=8890, totalAmount=51723.2800), DocumentListVO(id=871,...[已截断]
2026-03-22 13:30:01.080 [http-nio-8888-exec-6] [a05df31e1bd446b1] INFO  com.musheng.aop.RequestLogAspect - [请求开始] traceId=a05df31e1bd446b1 userId=1 GET /api/v1/config/marketplaces/enabled ip=0:0:0:0:0:0:0:1 方法=MarketplaceController.getEnabled 参数=[]
2026-03-22 13:30:01.094 [http-nio-8888-exec-8] [1b39259fa3e345dc] INFO  com.musheng.aop.RequestLogAspect - [请求开始] traceId=1b39259fa3e345dc userId=1 GET /api/v1/config/data-clean/modules ip=0:0:0:0:0:0:0:1 方法=DataCleanController.getModules 参数=[]
2026-03-22 13:30:01.120 [http-nio-8888-exec-6] [a05df31e1bd446b1] INFO  com.musheng.aop.RequestLogAspect - [请求结束] traceId=a05df31e1bd446b1 GET /api/v1/config/marketplaces/enabled 耗时=40ms 响应=Result(code=0, message=success, data=[Marketplace(siteCode=CA, siteName=加拿大站, marketplaceId=A2EUQ1WTGCTBG2, currencyCode=CAD, sellerId=APNDJLWNA7H88, headerLanguage=EN, dateFormat=MMM d, yyyy h:mm:ss a z, numberFormat=., timezone=America/Toronto, status=1), Marketplace(siteCode=DE, siteName=德国站, marketplaceId=A1PA6795UKMFR9, currencyCode=EUR, sellerId=A11Y51I5ZXY4AO, headerLanguage=DE, dateFormat=dd.MM.yyyy HH:mm:ss z, numberFormat=,, timezone=Europe/Berlin, status=1), Marketplace(siteCode=UK, s...[已截断]
2026-03-22 13:30:01.202 [http-nio-8888-exec-8] [1b39259fa3e345dc] INFO  com.musheng.aop.RequestLogAspect - [请求结束] traceId=1b39259fa3e345dc GET /api/v1/config/data-clean/modules 耗时=108ms 响应=Result(code=0, message=success, data=[DataCleanModuleVO(moduleCode=sales, moduleName=销售数据, description=清理销售结算数据, dataCount=92169), DataCleanModuleVO(moduleCode=shipping, moduleName=配送数据, description=清理配送费用数据, dataCount=55702), DataCleanModuleVO(moduleCode=advertising, moduleName=广告数据, description=清理广告账单及明细, dataCount=426), DataCleanModuleVO(moduleCode=fba_shipment, moduleName=FBA货件, description=清理FBA货件及SKU明细, dataCount=171), DataCleanModuleVO(moduleCode=document_po_dn, moduleName=PO/DN单据, descri...[已截断]
2026-03-22 13:30:02.873 [http-nio-8888-exec-7] [d7a31ffde1234a4a] WARN  c.musheng.common.exception.GlobalExceptionHandler - 参数类型不匹配: id
2026-03-22 13:30:05.411 [http-nio-8888-exec-2] [c6c67a4546074821] INFO  com.musheng.aop.RequestLogAspect - [请求开始] traceId=c6c67a4546074821 userId=1 DELETE /api/v1/config/data-clean/modules/document_settlement_inv ip=0:0:0:0:0:0:0:1 方法=DataCleanController.cleanModule 参数=[document_settlement_inv, null]
2026-03-22 13:30:05.431 [http-nio-8888-exec-2] [c6c67a4546074821] INFO  c.m.c.dataclean.service.impl.DataCleanServiceImpl - 开始清理数据 - 店铺:1, 模块:结算单/INV, 站点:全部
2026-03-22 13:30:05.462 [http-nio-8888-exec-2] [c6c67a4546074821] INFO  c.m.c.dataclean.service.impl.DataCleanServiceImpl - 清理表 t_document_settlement_item - 删除 1149 条
2026-03-22 13:30:05.464 [http-nio-8888-exec-2] [c6c67a4546074821] INFO  c.m.c.dataclean.service.impl.DataCleanServiceImpl - 清理表 t_document_settlement - 删除 3 条
2026-03-22 13:30:05.489 [http-nio-8888-exec-2] [c6c67a4546074821] INFO  c.m.c.dataclean.service.impl.DataCleanServiceImpl - 清理表 t_document_inv_item - 删除 1532 条
2026-03-22 13:30:05.493 [http-nio-8888-exec-2] [c6c67a4546074821] INFO  c.m.c.dataclean.service.impl.DataCleanServiceImpl - 清理表 t_document_inv - 删除 4 条
2026-03-22 13:30:05.493 [http-nio-8888-exec-2] [c6c67a4546074821] INFO  c.m.c.dataclean.service.impl.DataCleanServiceImpl - 数据清理完成 - 店铺:1, 模块:结算单/INV, 站点:全部, 共删除 2688 条
2026-03-22 13:30:05.502 [http-nio-8888-exec-2] [c6c67a4546074821] INFO  com.musheng.aop.RequestLogAspect - [请求结束] traceId=c6c67a4546074821 DELETE /api/v1/config/data-clean/modules/document_settlement_inv 耗时=92ms 响应=Result(code=0, message=success, data=2688, timestamp=1774157405497, requestId=null)
2026-03-22 13:30:05.521 [http-nio-8888-exec-9] [17358a53906941b0] INFO  com.musheng.aop.RequestLogAspect - [请求开始] traceId=17358a53906941b0 userId=1 GET /api/v1/config/data-clean/modules ip=0:0:0:0:0:0:0:1 方法=DataCleanController.getModules 参数=[]
2026-03-22 13:30:05.560 [http-nio-8888-exec-9] [17358a53906941b0] INFO  com.musheng.aop.RequestLogAspect - [请求结束] traceId=17358a53906941b0 GET /api/v1/config/data-clean/modules 耗时=39ms 响应=Result(code=0, message=success, data=[DataCleanModuleVO(moduleCode=sales, moduleName=销售数据, description=清理销售结算数据, dataCount=92169), DataCleanModuleVO(moduleCode=shipping, moduleName=配送数据, description=清理配送费用数据, dataCount=55702), DataCleanModuleVO(moduleCode=advertising, moduleName=广告数据, description=清理广告账单及明细, dataCount=426), DataCleanModuleVO(moduleCode=fba_shipment, moduleName=FBA货件, description=清理FBA货件及SKU明细, dataCount=171), DataCleanModuleVO(moduleCode=document_po_dn, moduleName=PO/DN单据, descri...[已截断]
2026-03-22 13:30:07.154 [http-nio-8888-exec-5] [69847855d3134e2f] INFO  com.musheng.aop.RequestLogAspect - [请求开始] traceId=69847855d3134e2f userId=1 DELETE /api/v1/config/data-clean/modules/document_po_dn ip=0:0:0:0:0:0:0:1 方法=DataCleanController.cleanModule 参数=[document_po_dn, null]
2026-03-22 13:30:07.159 [http-nio-8888-exec-5] [69847855d3134e2f] INFO  c.m.c.dataclean.service.impl.DataCleanServiceImpl - 开始清理数据 - 店铺:1, 模块:PO/DN单据, 站点:全部
2026-03-22 13:30:07.164 [http-nio-8888-exec-5] [69847855d3134e2f] INFO  c.m.c.dataclean.service.impl.DataCleanServiceImpl - 清理表 t_document_po_item - 删除 109 条
2026-03-22 13:30:07.165 [http-nio-8888-exec-5] [69847855d3134e2f] INFO  c.m.c.dataclean.service.impl.DataCleanServiceImpl - 清理表 t_document_po - 删除 3 条
2026-03-22 13:30:07.172 [http-nio-8888-exec-5] [69847855d3134e2f] INFO  c.m.c.dataclean.service.impl.DataCleanServiceImpl - 清理表 t_document_dn_item - 删除 132 条
2026-03-22 13:30:07.173 [http-nio-8888-exec-5] [69847855d3134e2f] INFO  c.m.c.dataclean.service.impl.DataCleanServiceImpl - 清理表 t_document_dn - 删除 4 条
2026-03-22 13:30:07.173 [http-nio-8888-exec-5] [69847855d3134e2f] INFO  c.m.c.dataclean.service.impl.DataCleanServiceImpl - 数据清理完成 - 店铺:1, 模块:PO/DN单据, 站点:全部, 共删除 248 条
2026-03-22 13:30:07.177 [http-nio-8888-exec-5] [69847855d3134e2f] INFO  com.musheng.aop.RequestLogAspect - [请求结束] traceId=69847855d3134e2f DELETE /api/v1/config/data-clean/modules/document_po_dn 耗时=24ms 响应=Result(code=0, message=success, data=248, timestamp=1774157407175, requestId=null)
2026-03-22 13:30:07.202 [http-nio-8888-exec-6] [c4d8c85c05e241d6] INFO  com.musheng.aop.RequestLogAspect - [请求开始] traceId=c4d8c85c05e241d6 userId=1 GET /api/v1/config/data-clean/modules ip=0:0:0:0:0:0:0:1 方法=DataCleanController.getModules 参数=[]
2026-03-22 13:30:07.244 [http-nio-8888-exec-6] [c4d8c85c05e241d6] INFO  com.musheng.aop.RequestLogAspect - [请求结束] traceId=c4d8c85c05e241d6 GET /api/v1/config/data-clean/modules 耗时=45ms 响应=Result(code=0, message=success, data=[DataCleanModuleVO(moduleCode=sales, moduleName=销售数据, description=清理销售结算数据, dataCount=92169), DataCleanModuleVO(moduleCode=shipping, moduleName=配送数据, description=清理配送费用数据, dataCount=55702), DataCleanModuleVO(moduleCode=advertising, moduleName=广告数据, description=清理广告账单及明细, dataCount=426), DataCleanModuleVO(moduleCode=fba_shipment, moduleName=FBA货件, description=清理FBA货件及SKU明细, dataCount=171), DataCleanModuleVO(moduleCode=document_po_dn, moduleName=PO/DN单据, descri...[已截断]
2026-03-22 13:30:09.587 [http-nio-8888-exec-8] [50e61091a224439a] INFO  com.musheng.aop.RequestLogAspect - [请求开始] traceId=50e61091a224439a userId=1 GET /api/v1/business/document/list ip=0:0:0:0:0:0:0:1 方法=DocumentController.listDocuments 参数=[null, null, null, null, 1, 10]
2026-03-22 13:30:09.587 [http-nio-8888-exec-8] [50e61091a224439a] INFO  c.m.b.d.service.impl.DocumentQueryServiceImpl - 分页查询单据列表, 类型=null, 编号=null
2026-03-22 13:30:09.620 [http-nio-8888-exec-8] [50e61091a224439a] INFO  com.musheng.aop.RequestLogAspect - [请求结束] traceId=50e61091a224439a GET /api/v1/business/document/list 耗时=32ms 响应=Result(code=0, message=success, data=PageResult(records=[], total=0, page=1, size=10, pages=0), timestamp=1774157409619, requestId=null)
2026-03-22 13:30:12.852 [http-nio-8888-exec-9] [f84885e6f9e14d25] INFO  com.musheng.aop.RequestLogAspect - [请求开始] traceId=f84885e6f9e14d25 userId=1 GET /api/v1/config/marketplaces/enabled ip=0:0:0:0:0:0:0:1 方法=MarketplaceController.getEnabled 参数=[]
2026-03-22 13:30:12.854 [http-nio-8888-exec-1] [3b57e927641c489c] INFO  com.musheng.aop.RequestLogAspect - [请求开始] traceId=3b57e927641c489c userId=1 GET /api/v1/business/shipping/summary ip=0:0:0:0:0:0:0:1 方法=ShippingDataController.getSummary 参数=[null, null, null]
2026-03-22 13:30:12.855 [http-nio-8888-exec-5] [a529ef238c744529] INFO  com.musheng.aop.RequestLogAspect - [请求开始] traceId=a529ef238c744529 userId=1 GET /api/v1/business/shipping ip=0:0:0:0:0:0:0:1 方法=ShippingDataController.list 参数=[null, null, null, null, null, null, 1, 20]
2026-03-22 13:30:12.893 [http-nio-8888-exec-9] [f84885e6f9e14d25] INFO  com.musheng.aop.RequestLogAspect - [请求结束] traceId=f84885e6f9e14d25 GET /api/v1/config/marketplaces/enabled 耗时=44ms 响应=Result(code=0, message=success, data=[Marketplace(siteCode=CA, siteName=加拿大站, marketplaceId=A2EUQ1WTGCTBG2, currencyCode=CAD, sellerId=APNDJLWNA7H88, headerLanguage=EN, dateFormat=MMM d, yyyy h:mm:ss a z, numberFormat=., timezone=America/Toronto, status=1), Marketplace(siteCode=DE, siteName=德国站, marketplaceId=A1PA6795UKMFR9, currencyCode=EUR, sellerId=A11Y51I5ZXY4AO, headerLanguage=DE, dateFormat=dd.MM.yyyy HH:mm:ss z, numberFormat=,, timezone=Europe/Berlin, status=1), Marketplace(siteCode=UK, s...[已截断]
2026-03-22 13:30:13.075 [http-nio-8888-exec-5] [a529ef238c744529] INFO  com.musheng.aop.RequestLogAspect - [请求结束] traceId=a529ef238c744529 GET /api/v1/business/shipping 耗时=198ms 响应=Result(code=0, message=success, data=PageResult(records=[ShippingData(shopId=1, importBatchId=571, orderId=114-5905021-9505000, shipDate=2025-12-31, siteCode=US, marketplace=ATVPDKIKX0DER, currencyCode=USD, productPrice=14.5100, productTax=1.0500, shippingPrice=0.0000, shippingTax=0.0000, giftWrapPrice=0.0000, giftWrapTax=0.0000, productPromotionDiscount=0.0000, shipmentPromotionDiscount=0.0000, shippingCost=0.0000, totalAmount=15.5600, sku=MSUS-D33-5-6, quantity=1, carrier=USPS, trackingNumber=...[已截断]
2026-03-22 13:30:13.536 [http-nio-8888-exec-1] [3b57e927641c489c] INFO  com.musheng.aop.RequestLogAspect - [请求结束] traceId=3b57e927641c489c GET /api/v1/business/shipping/summary 耗时=680ms 响应=Result(code=0, message=success, data={totalShippingCostCny=0E-10, totalProductPromotionDiscountCny=-56314.3614340000, totalAmountCny=8939799.1696730000, totalProductTaxCny=1156943.7413180000, totalShipmentPromotionDiscountCny=-87395.3073360000, totalGiftWrapTaxCny=13.5323440000, totalProductPriceCny=7792245.2288210000, totalQuantity=56288, totalShippingTaxCny=12385.1085130000, totalOrders=55702, totalGiftWrapPriceCny=68.3864800000, currencyCode=CNY, totalShippingPriceCny=121852.8409670000}, time...[已截断]
2026-03-22 13:30:16.302 [http-nio-8888-exec-6] [9467fb1b199f490d] INFO  com.musheng.aop.RequestLogAspect - [请求开始] traceId=9467fb1b199f490d userId=1 GET /api/v1/config/marketplaces/enabled ip=0:0:0:0:0:0:0:1 方法=MarketplaceController.getEnabled 参数=[]
2026-03-22 13:30:16.338 [http-nio-8888-exec-6] [9467fb1b199f490d] INFO  com.musheng.aop.RequestLogAspect - [请求结束] traceId=9467fb1b199f490d GET /api/v1/config/marketplaces/enabled 耗时=36ms 响应=Result(code=0, message=success, data=[Marketplace(siteCode=CA, siteName=加拿大站, marketplaceId=A2EUQ1WTGCTBG2, currencyCode=CAD, sellerId=APNDJLWNA7H88, headerLanguage=EN, dateFormat=MMM d, yyyy h:mm:ss a z, numberFormat=., timezone=America/Toronto, status=1), Marketplace(siteCode=DE, siteName=德国站, marketplaceId=A1PA6795UKMFR9, currencyCode=EUR, sellerId=A11Y51I5ZXY4AO, headerLanguage=DE, dateFormat=dd.MM.yyyy HH:mm:ss z, numberFormat=,, timezone=Europe/Berlin, status=1), Marketplace(siteCode=UK, s...[已截断]
2026-03-22 13:30:18.580 [http-nio-8888-exec-8] [b8ddd309e4a047b1] WARN  c.musheng.common.exception.GlobalExceptionHandler - 参数类型不匹配: id
2026-03-22 13:30:18.888 [http-nio-8888-exec-7] [4ceec6e8e2404574] ERROR c.musheng.common.exception.GlobalExceptionHandler - 系统异常 /api/v1/business/document-po/list: No static resource v1/business/document-po/list.
org.springframework.web.servlet.resource.NoResourceFoundException: No static resource v1/business/document-po/list.
	at org.springframework.web.servlet.resource.ResourceHttpRequestHandler.handleRequest(ResourceHttpRequestHandler.java:585)
	at org.springframework.web.servlet.mvc.HttpRequestHandlerAdapter.handle(HttpRequestHandlerAdapter.java:52)
	at org.springframework.web.servlet.DispatcherServlet.doDispatch(DispatcherServlet.java:1089)
	at org.springframework.web.servlet.DispatcherServlet.doService(DispatcherServlet.java:979)
	at org.springframework.web.servlet.FrameworkServlet.processRequest(FrameworkServlet.java:1014)
	at org.springframework.web.servlet.FrameworkServlet.doGet(FrameworkServlet.java:903)
	at jakarta.servlet.http.HttpServlet.service(HttpServlet.java:564)
	at org.springframework.web.servlet.FrameworkServlet.service(FrameworkServlet.java:885)
	at jakarta.servlet.http.HttpServlet.service(HttpServlet.java:658)
	at org.apache.catalina.core.ApplicationFilterChain.internalDoFilter(ApplicationFilterChain.java:205)
	at org.apache.catalina.core.ApplicationFilterChain.doFilter(ApplicationFilterChain.java:149)
	at org.apache.tomcat.websocket.server.WsFilter.doFilter(WsFilter.java:51)
	at org.apache.catalina.core.ApplicationFilterChain.internalDoFilter(ApplicationFilterChain.java:174)
	at org.apache.catalina.core.ApplicationFilterChain.doFilter(ApplicationFilterChain.java:149)
	at com.musheng.filter.TraceIdFilter.doFilterInternal(TraceIdFilter.java:61)
	at org.springframework.web.filter.OncePerRequestFilter.doFilter(OncePerRequestFilter.java:116)
	at org.apache.catalina.core.ApplicationFilterChain.internalDoFilter(ApplicationFilterChain.java:174)
	at org.apache.catalina.core.ApplicationFilterChain.doFilter(ApplicationFilterChain.java:149)
	at cn.dev33.satoken.filter.SaServletFilter.doFilter(SaServletFilter.java:150)
	at org.apache.catalina.core.ApplicationFilterChain.internalDoFilter(ApplicationFilterChain.java:174)
	at org.apache.catalina.core.ApplicationFilterChain.doFilter(ApplicationFilterChain.java:149)
	at org.springframework.web.filter.RequestContextFilter.doFilterInternal(RequestContextFilter.java:100)
	at org.springframework.web.filter.OncePerRequestFilter.doFilter(OncePerRequestFilter.java:116)
	at org.apache.catalina.core.ApplicationFilterChain.internalDoFilter(ApplicationFilterChain.java:174)
	at org.apache.catalina.core.ApplicationFilterChain.doFilter(ApplicationFilterChain.java:149)
	at cn.dev33.satoken.filter.SaPathCheckFilterForJakartaServlet.doFilter(SaPathCheckFilterForJakartaServlet.java:55)
	at org.apache.catalina.core.ApplicationFilterChain.internalDoFilter(ApplicationFilterChain.java:174)
	at org.apache.catalina.core.ApplicationFilterChain.doFilter(ApplicationFilterChain.java:149)
	at org.springframework.web.filter.FormContentFilter.doFilterInternal(FormContentFilter.java:93)
	at org.springframework.web.filter.OncePerRequestFilter.doFilter(OncePerRequestFilter.java:116)
	at org.apache.catalina.core.ApplicationFilterChain.internalDoFilter(ApplicationFilterChain.java:174)
	at org.apache.catalina.core.ApplicationFilterChain.doFilter(ApplicationFilterChain.java:149)
	at org.springframework.web.filter.CharacterEncodingFilter.doFilterInternal(CharacterEncodingFilter.java:201)
	at org.springframework.web.filter.OncePerRequestFilter.doFilter(OncePerRequestFilter.java:116)
	at org.apache.catalina.core.ApplicationFilterChain.internalDoFilter(ApplicationFilterChain.java:174)
	at org.apache.catalina.core.ApplicationFilterChain.doFilter(ApplicationFilterChain.java:149)
	at org.apache.catalina.core.StandardWrapperValve.invoke(StandardWrapperValve.java:167)
	at org.apache.catalina.core.StandardContextValve.invoke(StandardContextValve.java:90)
	at org.apache.catalina.authenticator.AuthenticatorBase.invoke(AuthenticatorBase.java:482)
	at org.apache.catalina.core.StandardHostValve.invoke(StandardHostValve.java:115)
	at org.apache.catalina.valves.ErrorReportValve.invoke(ErrorReportValve.java:93)
	at org.apache.catalina.core.StandardEngineValve.invoke(StandardEngineValve.java:74)
	at org.apache.catalina.connector.CoyoteAdapter.service(CoyoteAdapter.java:340)
	at org.apache.coyote.http11.Http11Processor.service(Http11Processor.java:391)
	at org.apache.coyote.AbstractProcessorLight.process(AbstractProcessorLight.java:63)
	at org.apache.coyote.AbstractProtocol$ConnectionHandler.process(AbstractProtocol.java:896)
	at org.apache.tomcat.util.net.NioEndpoint$SocketProcessor.doRun(NioEndpoint.java:1744)
	at org.apache.tomcat.util.net.SocketProcessorBase.run(SocketProcessorBase.java:52)
	at org.apache.tomcat.util.threads.ThreadPoolExecutor.runWorker(ThreadPoolExecutor.java:1191)
	at org.apache.tomcat.util.threads.ThreadPoolExecutor$Worker.run(ThreadPoolExecutor.java:659)
	at org.apache.tomcat.util.threads.TaskThread$WrappingRunnable.run(TaskThread.java:61)
	at java.base/java.lang.Thread.run(Thread.java:840)
2026-03-22 13:30:20.620 [http-nio-8888-exec-3] [bac0f6dd405f4365] INFO  com.musheng.aop.RequestLogAspect - [请求开始] traceId=bac0f6dd405f4365 userId=1 GET /api/v1/business/fba-shipment/list ip=0:0:0:0:0:0:0:1 方法=FbaShipmentController.list 参数=[null, null, null, null, UK, 2025-07-01, 2025-09-30, 1, 200]
2026-03-22 13:30:20.661 [http-nio-8888-exec-3] [bac0f6dd405f4365] INFO  com.musheng.aop.RequestLogAspect - [请求结束] traceId=bac0f6dd405f4365 GET /api/v1/business/fba-shipment/list 耗时=42ms 响应=Result(code=0, message=success, data=PageResult(records=[FbaShipment(shopId=1, shipmentId=FBA15KS3Q60G, shipmentName=RP250828003, status=CLOSED, warehouseCode=BHX4, shopName=null, country=Great Britain (United Kingdom; England), siteCode=UK, state=West Midlands, city=Coventry, streetAddress=Plot 1, Lyons Park,, houseNumber=, createdDate=2025-08-29T17:55, updatedDate=2025-11-15T03:09, skuCount=32, totalQuantity=743, totalReceivedQuantity=743, recipient=Amazon EU SARL (UK), postalCode=CV5 9PF, imp...[已截断]
2026-03-22 13:30:30.568 [http-nio-8888-exec-5] [77be809352974ed0] INFO  com.musheng.aop.RequestLogAspect - [请求开始] traceId=77be809352974ed0 userId=1 POST /api/v1/business/document/po/generate ip=0:0:0:0:0:0:0:1 方法=DocumentController.generatePo 参数=[PoGenerateRequest(shipmentIds=[50])]
2026-03-22 13:30:30.569 [http-nio-8888-exec-5] [77be809352974ed0] INFO  c.m.b.document.controller.DocumentController - 生成PO采购订单，货件数量: 1
2026-03-22 13:30:30.584 [http-nio-8888-exec-5] [77be809352974ed0] INFO  c.m.b.d.service.impl.DocumentGenerateServiceImpl - 开始生成PO采购订单，货件ID数量: 1
2026-03-22 13:30:30.699 [http-nio-8888-exec-5] [77be809352974ed0] INFO  c.m.b.d.service.impl.DocumentGenerateServiceImpl - PO主表持久化成功，编号: 20250902001, ID: 75
2026-03-22 13:30:30.778 [http-nio-8888-exec-5] [77be809352974ed0] INFO  c.m.b.d.service.impl.DocumentGenerateServiceImpl - PO明细持久化成功，明细数量: 32
2026-03-22 13:30:30.781 [http-nio-8888-exec-5] [77be809352974ed0] INFO  com.musheng.aop.RequestLogAspect - [请求结束] traceId=77be809352974ed0 POST /api/v1/business/document/po/generate 耗时=213ms 响应=Result(code=0, message=success, data=DocumentPo(shopId=1, documentNo=20250902001, poDate=2025-09-02, buyerName=111111111111111, buyerAddress=22222222222, sellerName=3333333333333, totalQuantity=743, shipmentCount=1), timestamp=1774157430780, requestId=null)
2026-03-22 13:30:30.860 [http-nio-8888-exec-4] [dc77c94b08074d60] INFO  com.musheng.aop.RequestLogAspect - [请求开始] traceId=dc77c94b08074d60 userId=1 GET /api/v1/business/document/export/po/75 ip=0:0:0:0:0:0:0:1 方法=DocumentController.exportPo 参数=[75, org.apache.catalina.connector.ResponseFacade@12e3484a]
2026-03-22 13:30:30.861 [http-nio-8888-exec-4] [dc77c94b08074d60] INFO  c.m.b.document.controller.DocumentController - 导出PO Excel，ID: 75
2026-03-22 13:30:30.861 [http-nio-8888-exec-4] [dc77c94b08074d60] INFO  c.m.b.d.service.impl.DocumentExportServiceImpl - 导出PO Excel, poId=75
2026-03-22 13:30:31.093 [http-nio-8888-exec-4] [dc77c94b08074d60] INFO  com.musheng.aop.RequestLogAspect - [请求结束] traceId=dc77c94b08074d60 GET /api/v1/business/document/export/po/75 耗时=233ms 响应=null
2026-03-22 13:30:51.788 [http-nio-8888-exec-8] [48cec0daa4af4c33] INFO  com.musheng.aop.RequestLogAspect - [请求开始] traceId=48cec0daa4af4c33 userId=1 GET /api/v1/config/marketplaces/enabled ip=0:0:0:0:0:0:0:1 方法=MarketplaceController.getEnabled 参数=[]
2026-03-22 13:30:51.830 [http-nio-8888-exec-8] [48cec0daa4af4c33] INFO  com.musheng.aop.RequestLogAspect - [请求结束] traceId=48cec0daa4af4c33 GET /api/v1/config/marketplaces/enabled 耗时=42ms 响应=Result(code=0, message=success, data=[Marketplace(siteCode=CA, siteName=加拿大站, marketplaceId=A2EUQ1WTGCTBG2, currencyCode=CAD, sellerId=APNDJLWNA7H88, headerLanguage=EN, dateFormat=MMM d, yyyy h:mm:ss a z, numberFormat=., timezone=America/Toronto, status=1), Marketplace(siteCode=DE, siteName=德国站, marketplaceId=A1PA6795UKMFR9, currencyCode=EUR, sellerId=A11Y51I5ZXY4AO, headerLanguage=DE, dateFormat=dd.MM.yyyy HH:mm:ss z, numberFormat=,, timezone=Europe/Berlin, status=1), Marketplace(siteCode=UK, s...[已截断]
2026-03-22 13:30:55.877 [http-nio-8888-exec-2] [71335e717d9140cd] INFO  com.musheng.aop.RequestLogAspect - [请求开始] traceId=71335e717d9140cd userId=1 POST /api/v1/business/document/settlement/generate ip=0:0:0:0:0:0:0:1 方法=DocumentController.generateSettlements 参数=[SettlementGenerateRequest(periodStart=2025-07-01, periodEnd=2025-09-30, siteCodes=[UK])]
2026-03-22 13:30:55.877 [http-nio-8888-exec-2] [71335e717d9140cd] INFO  c.m.b.document.controller.DocumentController - 生成结算单，周期: 2025-07-01 ~ 2025-09-30，站点: [UK]
2026-03-22 13:30:55.879 [http-nio-8888-exec-2] [71335e717d9140cd] INFO  c.m.b.d.service.impl.DocumentGenerateServiceImpl - 开始生成结算单，周期: 2025-07-01 ~ 2025-09-30
2026-03-22 13:30:55.898 [http-nio-8888-exec-2] [71335e717d9140cd] INFO  c.m.b.d.service.impl.DocumentGenerateServiceImpl - 构建 SettlementInput 完成，共 383 条明细
2026-03-22 13:30:55.924 [http-nio-8888-exec-2] [71335e717d9140cd] INFO  c.m.b.d.service.impl.DocumentGenerateServiceImpl - 结算单生成 12 份，过滤空结算单后剩余 3 份（有数据）
2026-03-22 13:30:55.931 [http-nio-8888-exec-2] [71335e717d9140cd] INFO  c.m.b.d.service.impl.DocumentGenerateServiceImpl - 结算单主表持久化成功，编号: 20250805003, 站点: GBP
2026-03-22 13:30:56.278 [http-nio-8888-exec-2] [71335e717d9140cd] INFO  c.m.b.d.service.impl.DocumentGenerateServiceImpl - 结算单主表持久化成功，编号: 20250905003, 站点: GBP
2026-03-22 13:30:56.425 [http-nio-8888-exec-2] [71335e717d9140cd] INFO  c.m.b.d.service.impl.DocumentGenerateServiceImpl - 结算单主表持久化成功，编号: 20251008003, 站点: GBP
2026-03-22 13:30:56.517 [http-nio-8888-exec-2] [71335e717d9140cd] INFO  c.m.b.d.service.impl.DocumentGenerateServiceImpl - 结算单生成完成，共 3 份
2026-03-22 13:30:56.523 [http-nio-8888-exec-2] [71335e717d9140cd] INFO  com.musheng.aop.RequestLogAspect - [请求结束] traceId=71335e717d9140cd POST /api/v1/business/document/settlement/generate 耗时=646ms 响应=Result(code=0, message=success, data=[DocumentSettlement(shopId=1, documentNo=20250805003, settlementDate=2025-08-05, periodStart=2025-07-01, periodEnd=2025-07-31, siteCode=GBP, siteSequence=003, buyerName=111111111111111, buyerAddress=22222222222, sellerName=3333333333333, totalQuantity=8890, totalAmount=51723.2800), DocumentSettlement(shopId=1, documentNo=20250905003, settlementDate=2025-09-05, periodStart=2025-08-01, periodEnd=2025-08-31, siteCode=GBP, siteSequence=003, buyerName=111111111111...[已截断]
2026-03-22 13:30:56.549 [http-nio-8888-exec-3] [ce50be9b935f49f4] INFO  com.musheng.aop.RequestLogAspect - [请求开始] traceId=ce50be9b935f49f4 userId=1 POST /api/v1/business/document/export/settlement/batch ip=0:0:0:0:0:0:0:1 方法=DocumentController.batchExportSettlement 参数=[[891, 892, 893], org.apache.catalina.connector.ResponseFacade@507e93fb]
2026-03-22 13:30:56.549 [http-nio-8888-exec-3] [ce50be9b935f49f4] INFO  c.m.b.document.controller.DocumentController - 批量导出结算单，数量: 3
2026-03-22 13:30:56.549 [http-nio-8888-exec-3] [ce50be9b935f49f4] INFO  c.m.b.d.service.impl.DocumentExportServiceImpl - 批量导出结算单, 数量=3
2026-03-22 13:30:57.034 [http-nio-8888-exec-3] [ce50be9b935f49f4] INFO  com.musheng.aop.RequestLogAspect - [请求结束] traceId=ce50be9b935f49f4 POST /api/v1/business/document/export/settlement/batch 耗时=486ms 响应=null
2026-03-22 13:30:57.952 [http-nio-8888-exec-5] [d76ab16169e34de1] INFO  com.musheng.aop.RequestLogAspect - [请求开始] traceId=d76ab16169e34de1 userId=1 POST /api/v1/business/document/inv/generate ip=0:0:0:0:0:0:0:1 方法=DocumentController.generateInvoices 参数=[[891, 892, 893]]
2026-03-22 13:30:57.953 [http-nio-8888-exec-5] [d76ab16169e34de1] INFO  c.m.b.document.controller.DocumentController - 生成INV发票，结算单数量: 3
2026-03-22 13:30:57.955 [http-nio-8888-exec-5] [d76ab16169e34de1] INFO  c.m.b.d.service.impl.DocumentGenerateServiceImpl - 开始生成INV发票，结算单ID数量: 3
2026-03-22 13:30:57.987 [http-nio-8888-exec-5] [d76ab16169e34de1] INFO  c.m.b.d.service.impl.DocumentGenerateServiceImpl - INV主表持久化成功，编号: 20250808001, 站点: GBP
2026-03-22 13:30:58.215 [http-nio-8888-exec-5] [d76ab16169e34de1] INFO  c.m.b.d.service.impl.DocumentGenerateServiceImpl - INV主表持久化成功，编号: 20250910002, 站点: GBP
2026-03-22 13:30:58.330 [http-nio-8888-exec-5] [d76ab16169e34de1] INFO  c.m.b.d.service.impl.DocumentGenerateServiceImpl - INV主表持久化成功，编号: 20251013003, 站点: GBP
2026-03-22 13:30:58.405 [http-nio-8888-exec-5] [d76ab16169e34de1] INFO  c.m.b.d.service.impl.DocumentGenerateServiceImpl - INV生成完成，共 3 份
2026-03-22 13:30:58.410 [http-nio-8888-exec-5] [d76ab16169e34de1] INFO  com.musheng.aop.RequestLogAspect - [请求结束] traceId=d76ab16169e34de1 POST /api/v1/business/document/inv/generate 耗时=459ms 响应=Result(code=0, message=success, data=[DocumentInv(shopId=1, documentNo=20250808001, invDate=2025-08-08, settlementId=891, siteCode=GBP, siteSequence=003, sellerName=3333333333333, sellerAddress=444444444444444, buyerName=111111111111111, buyerAddress=22222222222, sellerPhone=00852-33333333, buyerPhone=13540967787, totalQuantity=8890, totalAmount=51723.2800, bankAccountName=41234567890, bankAccountNumber=011-222-3-44444, bankName=Bank of China (Hong Kong) Limited 001, bankAddress=AAAAAA awrqwrqet...[已截断]
2026-03-22 13:30:58.452 [http-nio-8888-exec-4] [a9eaadeae0814328] INFO  com.musheng.aop.RequestLogAspect - [请求开始] traceId=a9eaadeae0814328 userId=1 POST /api/v1/business/document/export/inv/batch ip=0:0:0:0:0:0:0:1 方法=DocumentController.batchExportInv 参数=[[562, 563, 564], org.apache.catalina.connector.ResponseFacade@1a2faed]
2026-03-22 13:30:58.452 [http-nio-8888-exec-4] [a9eaadeae0814328] INFO  c.m.b.document.controller.DocumentController - 批量导出INV，数量: 3
2026-03-22 13:30:58.452 [http-nio-8888-exec-4] [a9eaadeae0814328] INFO  c.m.b.d.service.impl.DocumentExportServiceImpl - 批量导出INV, 数量=3
2026-03-22 13:30:59.507 [http-nio-8888-exec-6] [f40bb1f790ce46d0] INFO  com.musheng.aop.RequestLogAspect - [请求开始] traceId=f40bb1f790ce46d0 userId=1 GET /api/v1/business/document/export/settlement/892 ip=0:0:0:0:0:0:0:1 方法=DocumentController.exportSettlement 参数=[892, org.apache.catalina.connector.ResponseFacade@4890cc1d]
2026-03-22 13:30:59.513 [http-nio-8888-exec-6] [f40bb1f790ce46d0] INFO  c.m.b.document.controller.DocumentController - 导出结算单 Excel，ID: 892
2026-03-22 13:30:59.513 [http-nio-8888-exec-6] [f40bb1f790ce46d0] INFO  c.m.b.d.service.impl.DocumentExportServiceImpl - 导出结算单 Excel, settlementId=892
2026-03-22 13:30:59.902 [http-nio-8888-exec-6] [f40bb1f790ce46d0] INFO  com.musheng.aop.RequestLogAspect - [请求结束] traceId=f40bb1f790ce46d0 GET /api/v1/business/document/export/settlement/892 耗时=397ms 响应=null
2026-03-22 13:31:02.450 [http-nio-8888-exec-8] [eb780f414ed94a29] INFO  com.musheng.aop.RequestLogAspect - [请求开始] traceId=eb780f414ed94a29 userId=1 GET /api/v1/business/document/export/inv/563 ip=0:0:0:0:0:0:0:1 方法=DocumentController.exportInv 参数=[563, org.apache.catalina.connector.ResponseFacade@7d81f54]
2026-03-22 13:31:02.458 [http-nio-8888-exec-8] [eb780f414ed94a29] INFO  c.m.b.document.controller.DocumentController - 导出INV Excel，ID: 563
2026-03-22 13:31:02.458 [http-nio-8888-exec-8] [eb780f414ed94a29] INFO  c.m.b.d.service.impl.DocumentExportServiceImpl - 导出INV Excel, invId=563
2026-03-22 13:31:03.506 [http-nio-8888-exec-4] [a9eaadeae0814328] INFO  com.musheng.aop.RequestLogAspect - [请求结束] traceId=a9eaadeae0814328 POST /api/v1/business/document/export/inv/batch 耗时=5055ms 响应=null
2026-03-22 13:31:03.945 [http-nio-8888-exec-8] [eb780f414ed94a29] INFO  com.musheng.aop.RequestLogAspect - [请求结束] traceId=eb780f414ed94a29 GET /api/v1/business/document/export/inv/563 耗时=1496ms 响应=null
2026-03-22 13:32:33.800 [http-nio-8888-exec-3] [aa527a01a3e44e99] INFO  com.musheng.aop.RequestLogAspect - [请求开始] traceId=aa527a01a3e44e99 userId=1 GET /api/v1/business/document-party-config/list ip=0:0:0:0:0:0:0:1 方法=DocumentPartyConfigController.list 参数=[]
2026-03-22 13:32:33.839 [http-nio-8888-exec-3] [aa527a01a3e44e99] INFO  com.musheng.aop.RequestLogAspect - [请求结束] traceId=aa527a01a3e44e99 GET /api/v1/business/document-party-config/list 耗时=40ms 响应=Result(code=0, message=success, data=[DocumentPartyConfigVO(id=2, siteCode=CA, buyerName=东莞市慕声商贸有限公司, buyerAddress=广东省东莞市虎门镇连升路82号虎门万达广场2栋606房, buyerPhone=18575382420, buyerNameEn=Dongguan Musheng Trade Co., Ltd., sellerName=Hong Kong Andeo Group Limited, sellerAddress=ROOM 1201, 12/F TAI SANG BANK BUILDING 130-132 DES VOEUX ROAD, CENTRAL HONGKONG, sellerPhone=00852-54682464, supplierName=Hong Kong Andeo Group Limited, customerNameTc=東莞市慕聲商貿有限公司, bankAccountName=Hong Kong Andeo Group Limited, ba...[已截断]
2026-03-22 13:32:36.595 [http-nio-8888-exec-9] [566e872d677f4dbc] INFO  com.musheng.aop.RequestLogAspect - [请求开始] traceId=566e872d677f4dbc userId=1 GET /api/v1/config/marketplaces/enabled ip=0:0:0:0:0:0:0:1 方法=MarketplaceController.getEnabled 参数=[]
2026-03-22 13:32:36.620 [http-nio-8888-exec-9] [566e872d677f4dbc] INFO  com.musheng.aop.RequestLogAspect - [请求结束] traceId=566e872d677f4dbc GET /api/v1/config/marketplaces/enabled 耗时=25ms 响应=Result(code=0, message=success, data=[Marketplace(siteCode=CA, siteName=加拿大站, marketplaceId=A2EUQ1WTGCTBG2, currencyCode=CAD, sellerId=APNDJLWNA7H88, headerLanguage=EN, dateFormat=MMM d, yyyy h:mm:ss a z, numberFormat=., timezone=America/Toronto, status=1), Marketplace(siteCode=DE, siteName=德国站, marketplaceId=A1PA6795UKMFR9, currencyCode=EUR, sellerId=A11Y51I5ZXY4AO, headerLanguage=DE, dateFormat=dd.MM.yyyy HH:mm:ss z, numberFormat=,, timezone=Europe/Berlin, status=1), Marketplace(siteCode=UK, s...[已截断]
2026-03-22 13:32:37.351 [http-nio-8888-exec-1] [c8402e6dc3ab4c2f] INFO  com.musheng.aop.RequestLogAspect - [请求开始] traceId=c8402e6dc3ab4c2f userId=1 GET /api/v1/business/document-party-config/list ip=0:0:0:0:0:0:0:1 方法=DocumentPartyConfigController.list 参数=[]
2026-03-22 13:32:37.363 [http-nio-8888-exec-1] [c8402e6dc3ab4c2f] INFO  com.musheng.aop.RequestLogAspect - [请求结束] traceId=c8402e6dc3ab4c2f GET /api/v1/business/document-party-config/list 耗时=16ms 响应=Result(code=0, message=success, data=[DocumentPartyConfigVO(id=2, siteCode=CA, buyerName=东莞市慕声商贸有限公司, buyerAddress=广东省东莞市虎门镇连升路82号虎门万达广场2栋606房, buyerPhone=18575382420, buyerNameEn=Dongguan Musheng Trade Co., Ltd., sellerName=Hong Kong Andeo Group Limited, sellerAddress=ROOM 1201, 12/F TAI SANG BANK BUILDING 130-132 DES VOEUX ROAD, CENTRAL HONGKONG, sellerPhone=00852-54682464, supplierName=Hong Kong Andeo Group Limited, customerNameTc=東莞市慕聲商貿有限公司, bankAccountName=Hong Kong Andeo Group Limited, ba...[已截断]
2026-03-22 13:35:31.423 [SpringApplicationShutdownHook] [-] WARN  o.s.context.support.DefaultLifecycleProcessor - Failed to stop bean 'webServerGracefulShutdown'
java.lang.NoClassDefFoundError: org/springframework/boot/web/server/GracefulShutdownCallback
	at org.springframework.boot.web.context.WebServerGracefulShutdownLifecycle.stop(WebServerGracefulShutdownLifecycle.java:62)
	at org.springframework.context.support.DefaultLifecycleProcessor.doStop(DefaultLifecycleProcessor.java:344)
	at org.springframework.context.support.DefaultLifecycleProcessor$LifecycleGroup.stop(DefaultLifecycleProcessor.java:483)
	at java.base/java.lang.Iterable.forEach(Iterable.java:75)
	at org.springframework.context.support.DefaultLifecycleProcessor.stopBeans(DefaultLifecycleProcessor.java:313)
	at org.springframework.context.support.DefaultLifecycleProcessor.onClose(DefaultLifecycleProcessor.java:214)
	at org.springframework.context.support.AbstractApplicationContext.doClose(AbstractApplicationContext.java:1136)
	at org.springframework.boot.web.servlet.context.ServletWebServerApplicationContext.doClose(ServletWebServerApplicationContext.java:174)
	at org.springframework.context.support.AbstractApplicationContext.close(AbstractApplicationContext.java:1090)
	at org.springframework.boot.SpringApplicationShutdownHook.closeAndWait(SpringApplicationShutdownHook.java:145)
	at java.base/java.lang.Iterable.forEach(Iterable.java:75)
	at org.springframework.boot.SpringApplicationShutdownHook.run(SpringApplicationShutdownHook.java:114)
	at java.base/java.lang.Thread.run(Thread.java:840)
Caused by: java.lang.ClassNotFoundException: org.springframework.boot.web.server.GracefulShutdownCallback
	at java.base/java.net.URLClassLoader.findClass(URLClassLoader.java:445)
	at java.base/java.lang.ClassLoader.loadClass(ClassLoader.java:592)
	at org.springframework.boot.loader.net.protocol.jar.JarUrlClassLoader.loadClass(JarUrlClassLoader.java:104)
	at org.springframework.boot.loader.launch.LaunchedClassLoader.loadClass(LaunchedClassLoader.java:91)
	at java.base/java.lang.ClassLoader.loadClass(ClassLoader.java:525)
	... 13 common frames omitted
2026-03-22 13:35:42.470 [main] [-] INFO  com.musheng.MushengApplication - Starting MushengApplication using Java 17.0.17 with PID 71586 (/Users/wanhua/project/慕声/musheng/musheng-tax-system/musheng-web/target/musheng-web-1.0.0-SNAPSHOT.jar started by wanhua in /Users/wanhua/project/慕声/musheng/musheng-tax-system)
2026-03-22 13:35:42.475 [main] [-] INFO  com.musheng.MushengApplication - The following 1 profile is active: "dev"
2026-03-22 13:35:50.515 [main] [-] INFO  c.m.business.sales.parser.SalesDataParserFactory - 注册销售数据解析器: ERP -> ErpSettlementParser
2026-03-22 13:35:50.517 [main] [-] INFO  c.m.business.sales.parser.SalesDataParserFactory - 注册销售数据解析器: ORIGINAL -> AmazonOriginalParser
2026-03-22 13:35:51.303 [main] [-] INFO  com.musheng.system.config.SaTokenCacheConfig - ========================================
2026-03-22 13:35:51.304 [main] [-] INFO  com.musheng.system.config.SaTokenCacheConfig - Sa-Token 缓存模式: Caffeine (本地缓存)
2026-03-22 13:35:51.304 [main] [-] INFO  com.musheng.system.config.SaTokenCacheConfig - 适用于: 单机部署、内部系统
2026-03-22 13:35:51.304 [main] [-] INFO  com.musheng.system.config.SaTokenCacheConfig - 注意: 服务重启后登录状态会丢失
2026-03-22 13:35:51.304 [main] [-] INFO  com.musheng.system.config.SaTokenCacheConfig - ========================================
2026-03-22 13:35:51.307 [main] [-] INFO  com.musheng.system.config.SaTokenCaffeineDao - Sa-Token Caffeine 本地缓存初始化完成
2026-03-22 13:35:54.139 [main] [-] WARN  o.s.b.w.s.c.AnnotationConfigServletWebServerApplicationContext - Exception encountered during context initialization - cancelling refresh attempt: org.springframework.context.ApplicationContextException: Failed to start bean 'webServerStartStop'
2026-03-22 13:35:54.222 [main] [-] ERROR o.s.b.diagnostics.LoggingFailureAnalysisReporter - 

***************************
APPLICATION FAILED TO START
***************************

Description:

Web server failed to start. Port 8888 was already in use.

Action:

Identify and stop the process that's listening on port 8888 or configure this application to listen on another port.

2026-03-22 13:35:59.547 [http-nio-8888-exec-4] [8cc099b39d1645ee] INFO  com.musheng.aop.RequestLogAspect - [请求开始] traceId=8cc099b39d1645ee userId=未登录 POST /api/v1/auth/login ip=0:0:0:0:0:0:0:1 方法=AuthController.login 参数=[LoginRequest(username=admin, password=123456), org.apache.catalina.connector.RequestFacade@5d546819]
2026-03-22 13:35:59.681 [http-nio-8888-exec-4] [8cc099b39d1645ee] INFO  com.musheng.system.service.impl.AuthServiceImpl - User logged in successfully: admin
2026-03-22 13:35:59.689 [http-nio-8888-exec-4] [8cc099b39d1645ee] ERROR com.musheng.system.aspect.OperationLogAspect - 保存操作日志失败: ExecutorService in shutdown state did not accept task: org.springframework.aop.interceptor.AsyncExecutionInterceptor$$Lambda$1274/0x00000001367bf768@6c69c274
2026-03-22 13:35:59.690 [http-nio-8888-exec-4] [8cc099b39d1645ee] INFO  com.musheng.aop.RequestLogAspect - [请求结束] traceId=8cc099b39d1645ee POST /api/v1/auth/login 耗时=145ms 响应=Result(code=0, message=success, data=LoginResponse(token=97d60ced-b67e-46bd-82d6-8edf42b12e81, tokenType=Bearer, expiresIn=86400, userInfo=LoginResponse.UserInfo(id=1, username=admin, realName=System Administrator, role=admin, roleCode=admin, roleName=Administrator, avatar=null, email=null, phone=null, status=1, createTime=2026-01-19T20:38:39, lastLoginTime=2026-03-22T13:35:59.651952), permissions=[*]), timestamp=1774157759685, requestId=null)
2026-03-22 13:36:12.503 [SpringApplicationShutdownHook] [-] WARN  o.s.context.support.DefaultLifecycleProcessor - Failed to stop bean 'webServerStartStop'
java.lang.NoClassDefFoundError: org/apache/catalina/Lifecycle$SingleUse
	at org.apache.catalina.util.LifecycleBase.stop(LifecycleBase.java:254)
	at org.apache.catalina.core.StandardService.removeConnector(StandardService.java:298)
	at org.springframework.boot.web.embedded.tomcat.TomcatWebServer.lambda$removeServiceConnectors$1(TomcatWebServer.java:171)
	at org.springframework.boot.web.embedded.tomcat.TomcatWebServer.doWithConnectors(TomcatWebServer.java:190)
	at org.springframework.boot.web.embedded.tomcat.TomcatWebServer.removeServiceConnectors(TomcatWebServer.java:168)
	at org.springframework.boot.web.embedded.tomcat.TomcatWebServer.stop(TomcatWebServer.java:354)
	at org.springframework.boot.web.servlet.context.WebServerStartStopLifecycle.stop(WebServerStartStopLifecycle.java:53)
	at org.springframework.context.SmartLifecycle.stop(SmartLifecycle.java:117)
	at org.springframework.context.support.DefaultLifecycleProcessor.doStop(DefaultLifecycleProcessor.java:344)
	at org.springframework.context.support.DefaultLifecycleProcessor$LifecycleGroup.stop(DefaultLifecycleProcessor.java:483)
	at java.base/java.lang.Iterable.forEach(Iterable.java:75)
	at org.springframework.context.support.DefaultLifecycleProcessor.stopBeans(DefaultLifecycleProcessor.java:313)
	at org.springframework.context.support.DefaultLifecycleProcessor.onClose(DefaultLifecycleProcessor.java:214)
	at org.springframework.context.support.AbstractApplicationContext.doClose(AbstractApplicationContext.java:1136)
	at org.springframework.boot.web.servlet.context.ServletWebServerApplicationContext.doClose(ServletWebServerApplicationContext.java:174)
	at org.springframework.context.support.AbstractApplicationContext.close(AbstractApplicationContext.java:1090)
	at org.springframework.boot.SpringApplicationShutdownHook.closeAndWait(SpringApplicationShutdownHook.java:145)
	at java.base/java.lang.Iterable.forEach(Iterable.java:75)
	at org.springframework.boot.SpringApplicationShutdownHook.run(SpringApplicationShutdownHook.java:114)
	at java.base/java.lang.Thread.run(Thread.java:840)
Caused by: java.lang.ClassNotFoundException: org.apache.catalina.Lifecycle$SingleUse
	at java.base/java.net.URLClassLoader.findClass(URLClassLoader.java:445)
	at java.base/java.lang.ClassLoader.loadClass(ClassLoader.java:592)
	at org.springframework.boot.loader.net.protocol.jar.JarUrlClassLoader.loadClass(JarUrlClassLoader.java:104)
	at org.springframework.boot.loader.launch.LaunchedClassLoader.loadClass(LaunchedClassLoader.java:91)
	at java.base/java.lang.ClassLoader.loadClass(ClassLoader.java:525)
	... 20 common frames omitted
2026-03-22 13:51:41.996 [main] [-] INFO  com.musheng.MushengApplication - Starting MushengApplication using Java 17.0.17 with PID 73559 (/Users/wanhua/project/慕声/musheng/musheng-tax-system/musheng-web/target/musheng-web-1.0.0-SNAPSHOT.jar started by wanhua in /Users/wanhua/project/慕声/musheng/musheng-tax-system)
2026-03-22 13:51:42.000 [main] [-] INFO  com.musheng.MushengApplication - The following 1 profile is active: "dev"
2026-03-22 13:51:52.752 [main] [-] INFO  c.m.business.sales.parser.SalesDataParserFactory - 注册销售数据解析器: ERP -> ErpSettlementParser
2026-03-22 13:51:52.758 [main] [-] INFO  c.m.business.sales.parser.SalesDataParserFactory - 注册销售数据解析器: ORIGINAL -> AmazonOriginalParser
2026-03-22 13:51:54.519 [main] [-] INFO  com.musheng.system.config.SaTokenCacheConfig - ========================================
2026-03-22 13:51:54.519 [main] [-] INFO  com.musheng.system.config.SaTokenCacheConfig - Sa-Token 缓存模式: Caffeine (本地缓存)
2026-03-22 13:51:54.519 [main] [-] INFO  com.musheng.system.config.SaTokenCacheConfig - 适用于: 单机部署、内部系统
2026-03-22 13:51:54.519 [main] [-] INFO  com.musheng.system.config.SaTokenCacheConfig - 注意: 服务重启后登录状态会丢失
2026-03-22 13:51:54.519 [main] [-] INFO  com.musheng.system.config.SaTokenCacheConfig - ========================================
2026-03-22 13:51:54.525 [main] [-] INFO  com.musheng.system.config.SaTokenCaffeineDao - Sa-Token Caffeine 本地缓存初始化完成
2026-03-22 13:51:58.594 [main] [-] INFO  com.musheng.MushengApplication - Started MushengApplication in 18.117 seconds (process running for 19.41)
2026-03-22 13:52:00.217 [http-nio-8888-exec-1] [03cbf65a821e44df] INFO  com.musheng.aop.RequestLogAspect - [请求开始] traceId=03cbf65a821e44df userId=未登录 POST /api/v1/auth/login ip=0:0:0:0:0:0:0:1 方法=AuthController.login 参数=[LoginRequest(username=admin, password=123456), org.apache.catalina.connector.RequestFacade@3ef392c5]
2026-03-22 13:52:00.836 [http-nio-8888-exec-1] [03cbf65a821e44df] INFO  com.musheng.system.service.impl.AuthServiceImpl - User logged in successfully: admin
2026-03-22 13:52:00.951 [http-nio-8888-exec-1] [03cbf65a821e44df] INFO  com.musheng.aop.RequestLogAspect - [请求结束] traceId=03cbf65a821e44df POST /api/v1/auth/login 耗时=706ms 响应=Result(code=0, message=success, data=LoginResponse(token=52403544-a8ae-44f5-911a-8e93f3cc9b6a, tokenType=Bearer, expiresIn=86400, userInfo=LoginResponse.UserInfo(id=1, username=admin, realName=System Administrator, role=admin, roleCode=admin, roleName=Administrator, avatar=null, email=null, phone=null, status=1, createTime=2026-01-19T20:38:39, lastLoginTime=2026-03-22T13:52:00.667540), permissions=[*]), timestamp=1774158720856, requestId=null)
2026-03-22 13:56:01.968 [http-nio-8888-exec-2] [c38a59d10f3f4f0a] ERROR c.musheng.common.exception.GlobalExceptionHandler - 系统异常 /api/v1/document/party-config/list: No static resource v1/document/party-config/list.
org.springframework.web.servlet.resource.NoResourceFoundException: No static resource v1/document/party-config/list.
	at org.springframework.web.servlet.resource.ResourceHttpRequestHandler.handleRequest(ResourceHttpRequestHandler.java:585)
	at org.springframework.web.servlet.mvc.HttpRequestHandlerAdapter.handle(HttpRequestHandlerAdapter.java:52)
	at org.springframework.web.servlet.DispatcherServlet.doDispatch(DispatcherServlet.java:1089)
	at org.springframework.web.servlet.DispatcherServlet.doService(DispatcherServlet.java:979)
	at org.springframework.web.servlet.FrameworkServlet.processRequest(FrameworkServlet.java:1014)
	at org.springframework.web.servlet.FrameworkServlet.doGet(FrameworkServlet.java:903)
	at jakarta.servlet.http.HttpServlet.service(HttpServlet.java:564)
	at org.springframework.web.servlet.FrameworkServlet.service(FrameworkServlet.java:885)
	at jakarta.servlet.http.HttpServlet.service(HttpServlet.java:658)
	at org.apache.catalina.core.ApplicationFilterChain.internalDoFilter(ApplicationFilterChain.java:205)
	at org.apache.catalina.core.ApplicationFilterChain.doFilter(ApplicationFilterChain.java:149)
	at org.apache.tomcat.websocket.server.WsFilter.doFilter(WsFilter.java:51)
	at org.apache.catalina.core.ApplicationFilterChain.internalDoFilter(ApplicationFilterChain.java:174)
	at org.apache.catalina.core.ApplicationFilterChain.doFilter(ApplicationFilterChain.java:149)
	at com.musheng.filter.TraceIdFilter.doFilterInternal(TraceIdFilter.java:61)
	at org.springframework.web.filter.OncePerRequestFilter.doFilter(OncePerRequestFilter.java:116)
	at org.apache.catalina.core.ApplicationFilterChain.internalDoFilter(ApplicationFilterChain.java:174)
	at org.apache.catalina.core.ApplicationFilterChain.doFilter(ApplicationFilterChain.java:149)
	at cn.dev33.satoken.filter.SaServletFilter.doFilter(SaServletFilter.java:150)
	at org.apache.catalina.core.ApplicationFilterChain.internalDoFilter(ApplicationFilterChain.java:174)
	at org.apache.catalina.core.ApplicationFilterChain.doFilter(ApplicationFilterChain.java:149)
	at org.springframework.web.filter.RequestContextFilter.doFilterInternal(RequestContextFilter.java:100)
	at org.springframework.web.filter.OncePerRequestFilter.doFilter(OncePerRequestFilter.java:116)
	at org.apache.catalina.core.ApplicationFilterChain.internalDoFilter(ApplicationFilterChain.java:174)
	at org.apache.catalina.core.ApplicationFilterChain.doFilter(ApplicationFilterChain.java:149)
	at cn.dev33.satoken.filter.SaPathCheckFilterForJakartaServlet.doFilter(SaPathCheckFilterForJakartaServlet.java:55)
	at org.apache.catalina.core.ApplicationFilterChain.internalDoFilter(ApplicationFilterChain.java:174)
	at org.apache.catalina.core.ApplicationFilterChain.doFilter(ApplicationFilterChain.java:149)
	at org.springframework.web.filter.FormContentFilter.doFilterInternal(FormContentFilter.java:93)
	at org.springframework.web.filter.OncePerRequestFilter.doFilter(OncePerRequestFilter.java:116)
	at org.apache.catalina.core.ApplicationFilterChain.internalDoFilter(ApplicationFilterChain.java:174)
	at org.apache.catalina.core.ApplicationFilterChain.doFilter(ApplicationFilterChain.java:149)
	at org.springframework.web.filter.CharacterEncodingFilter.doFilterInternal(CharacterEncodingFilter.java:201)
	at org.springframework.web.filter.OncePerRequestFilter.doFilter(OncePerRequestFilter.java:116)
	at org.apache.catalina.core.ApplicationFilterChain.internalDoFilter(ApplicationFilterChain.java:174)
	at org.apache.catalina.core.ApplicationFilterChain.doFilter(ApplicationFilterChain.java:149)
	at org.apache.catalina.core.StandardWrapperValve.invoke(StandardWrapperValve.java:167)
	at org.apache.catalina.core.StandardContextValve.invoke(StandardContextValve.java:90)
	at org.apache.catalina.authenticator.AuthenticatorBase.invoke(AuthenticatorBase.java:482)
	at org.apache.catalina.core.StandardHostValve.invoke(StandardHostValve.java:115)
	at org.apache.catalina.valves.ErrorReportValve.invoke(ErrorReportValve.java:93)
	at org.apache.catalina.core.StandardEngineValve.invoke(StandardEngineValve.java:74)
	at org.apache.catalina.connector.CoyoteAdapter.service(CoyoteAdapter.java:340)
	at org.apache.coyote.http11.Http11Processor.service(Http11Processor.java:391)
	at org.apache.coyote.AbstractProcessorLight.process(AbstractProcessorLight.java:63)
	at org.apache.coyote.AbstractProtocol$ConnectionHandler.process(AbstractProtocol.java:896)
	at org.apache.tomcat.util.net.NioEndpoint$SocketProcessor.doRun(NioEndpoint.java:1744)
	at org.apache.tomcat.util.net.SocketProcessorBase.run(SocketProcessorBase.java:52)
	at org.apache.tomcat.util.threads.ThreadPoolExecutor.runWorker(ThreadPoolExecutor.java:1191)
	at org.apache.tomcat.util.threads.ThreadPoolExecutor$Worker.run(ThreadPoolExecutor.java:659)
	at org.apache.tomcat.util.threads.TaskThread$WrappingRunnable.run(TaskThread.java:61)
	at java.base/java.lang.Thread.run(Thread.java:840)
2026-03-22 13:56:13.884 [http-nio-8888-exec-4] [45982448fd0c4a20] INFO  com.musheng.aop.RequestLogAspect - [请求开始] traceId=45982448fd0c4a20 userId=未登录 POST /api/v1/auth/login ip=0:0:0:0:0:0:0:1 方法=AuthController.login 参数=[LoginRequest(username=admin, password=123456), org.apache.catalina.connector.RequestFacade@3ea78486]
2026-03-22 13:56:14.041 [http-nio-8888-exec-4] [45982448fd0c4a20] INFO  com.musheng.system.service.impl.AuthServiceImpl - User logged in successfully: admin
2026-03-22 13:56:14.051 [http-nio-8888-exec-4] [45982448fd0c4a20] INFO  com.musheng.aop.RequestLogAspect - [请求结束] traceId=45982448fd0c4a20 POST /api/v1/auth/login 耗时=172ms 响应=Result(code=0, message=success, data=LoginResponse(token=52403544-a8ae-44f5-911a-8e93f3cc9b6a, tokenType=Bearer, expiresIn=86400, userInfo=LoginResponse.UserInfo(id=1, username=admin, realName=System Administrator, role=admin, roleCode=admin, roleName=Administrator, avatar=null, email=null, phone=null, status=1, createTime=2026-01-19T20:38:39, lastLoginTime=2026-03-22T13:56:14.018931), permissions=[*]), timestamp=1774158974047, requestId=null)
2026-03-22 13:56:14.280 [http-nio-8888-exec-6] [28ab063baa254b3b] ERROR c.musheng.common.exception.GlobalExceptionHandler - 系统异常 /api/v1/document/settlement/list: No static resource v1/document/settlement/list.
org.springframework.web.servlet.resource.NoResourceFoundException: No static resource v1/document/settlement/list.
	at org.springframework.web.servlet.resource.ResourceHttpRequestHandler.handleRequest(ResourceHttpRequestHandler.java:585)
	at org.springframework.web.servlet.mvc.HttpRequestHandlerAdapter.handle(HttpRequestHandlerAdapter.java:52)
	at org.springframework.web.servlet.DispatcherServlet.doDispatch(DispatcherServlet.java:1089)
	at org.springframework.web.servlet.DispatcherServlet.doService(DispatcherServlet.java:979)
	at org.springframework.web.servlet.FrameworkServlet.processRequest(FrameworkServlet.java:1014)
	at org.springframework.web.servlet.FrameworkServlet.doGet(FrameworkServlet.java:903)
	at jakarta.servlet.http.HttpServlet.service(HttpServlet.java:564)
	at org.springframework.web.servlet.FrameworkServlet.service(FrameworkServlet.java:885)
	at jakarta.servlet.http.HttpServlet.service(HttpServlet.java:658)
	at org.apache.catalina.core.ApplicationFilterChain.internalDoFilter(ApplicationFilterChain.java:205)
	at org.apache.catalina.core.ApplicationFilterChain.doFilter(ApplicationFilterChain.java:149)
	at org.apache.tomcat.websocket.server.WsFilter.doFilter(WsFilter.java:51)
	at org.apache.catalina.core.ApplicationFilterChain.internalDoFilter(ApplicationFilterChain.java:174)
	at org.apache.catalina.core.ApplicationFilterChain.doFilter(ApplicationFilterChain.java:149)
	at com.musheng.filter.TraceIdFilter.doFilterInternal(TraceIdFilter.java:61)
	at org.springframework.web.filter.OncePerRequestFilter.doFilter(OncePerRequestFilter.java:116)
	at org.apache.catalina.core.ApplicationFilterChain.internalDoFilter(ApplicationFilterChain.java:174)
	at org.apache.catalina.core.ApplicationFilterChain.doFilter(ApplicationFilterChain.java:149)
	at cn.dev33.satoken.filter.SaServletFilter.doFilter(SaServletFilter.java:150)
	at org.apache.catalina.core.ApplicationFilterChain.internalDoFilter(ApplicationFilterChain.java:174)
	at org.apache.catalina.core.ApplicationFilterChain.doFilter(ApplicationFilterChain.java:149)
	at org.springframework.web.filter.RequestContextFilter.doFilterInternal(RequestContextFilter.java:100)
	at org.springframework.web.filter.OncePerRequestFilter.doFilter(OncePerRequestFilter.java:116)
	at org.apache.catalina.core.ApplicationFilterChain.internalDoFilter(ApplicationFilterChain.java:174)
	at org.apache.catalina.core.ApplicationFilterChain.doFilter(ApplicationFilterChain.java:149)
	at cn.dev33.satoken.filter.SaPathCheckFilterForJakartaServlet.doFilter(SaPathCheckFilterForJakartaServlet.java:55)
	at org.apache.catalina.core.ApplicationFilterChain.internalDoFilter(ApplicationFilterChain.java:174)
	at org.apache.catalina.core.ApplicationFilterChain.doFilter(ApplicationFilterChain.java:149)
	at org.springframework.web.filter.FormContentFilter.doFilterInternal(FormContentFilter.java:93)
	at org.springframework.web.filter.OncePerRequestFilter.doFilter(OncePerRequestFilter.java:116)
	at org.apache.catalina.core.ApplicationFilterChain.internalDoFilter(ApplicationFilterChain.java:174)
	at org.apache.catalina.core.ApplicationFilterChain.doFilter(ApplicationFilterChain.java:149)
	at org.springframework.web.filter.CharacterEncodingFilter.doFilterInternal(CharacterEncodingFilter.java:201)
	at org.springframework.web.filter.OncePerRequestFilter.doFilter(OncePerRequestFilter.java:116)
	at org.apache.catalina.core.ApplicationFilterChain.internalDoFilter(ApplicationFilterChain.java:174)
	at org.apache.catalina.core.ApplicationFilterChain.doFilter(ApplicationFilterChain.java:149)
	at org.apache.catalina.core.StandardWrapperValve.invoke(StandardWrapperValve.java:167)
	at org.apache.catalina.core.StandardContextValve.invoke(StandardContextValve.java:90)
	at org.apache.catalina.authenticator.AuthenticatorBase.invoke(AuthenticatorBase.java:482)
	at org.apache.catalina.core.StandardHostValve.invoke(StandardHostValve.java:115)
	at org.apache.catalina.valves.ErrorReportValve.invoke(ErrorReportValve.java:93)
	at org.apache.catalina.core.StandardEngineValve.invoke(StandardEngineValve.java:74)
	at org.apache.catalina.connector.CoyoteAdapter.service(CoyoteAdapter.java:340)
	at org.apache.coyote.http11.Http11Processor.service(Http11Processor.java:391)
	at org.apache.coyote.AbstractProcessorLight.process(AbstractProcessorLight.java:63)
	at org.apache.coyote.AbstractProtocol$ConnectionHandler.process(AbstractProtocol.java:896)
	at org.apache.tomcat.util.net.NioEndpoint$SocketProcessor.doRun(NioEndpoint.java:1744)
	at org.apache.tomcat.util.net.SocketProcessorBase.run(SocketProcessorBase.java:52)
	at org.apache.tomcat.util.threads.ThreadPoolExecutor.runWorker(ThreadPoolExecutor.java:1191)
	at org.apache.tomcat.util.threads.ThreadPoolExecutor$Worker.run(ThreadPoolExecutor.java:659)
	at org.apache.tomcat.util.threads.TaskThread$WrappingRunnable.run(TaskThread.java:61)
	at java.base/java.lang.Thread.run(Thread.java:840)
2026-03-22 13:56:23.427 [http-nio-8888-exec-7] [4b106485d3194304] INFO  com.musheng.aop.RequestLogAspect - [请求开始] traceId=4b106485d3194304 userId=未登录 POST /api/v1/auth/login ip=0:0:0:0:0:0:0:1 方法=AuthController.login 参数=[LoginRequest(username=admin, password=123456), org.apache.catalina.connector.RequestFacade@610a172b]
2026-03-22 13:56:23.520 [http-nio-8888-exec-7] [4b106485d3194304] INFO  com.musheng.system.service.impl.AuthServiceImpl - User logged in successfully: admin
2026-03-22 13:56:23.535 [http-nio-8888-exec-7] [4b106485d3194304] INFO  com.musheng.aop.RequestLogAspect - [请求结束] traceId=4b106485d3194304 POST /api/v1/auth/login 耗时=109ms 响应=Result(code=0, message=success, data=LoginResponse(token=52403544-a8ae-44f5-911a-8e93f3cc9b6a, tokenType=Bearer, expiresIn=86400, userInfo=LoginResponse.UserInfo(id=1, username=admin, realName=System Administrator, role=admin, roleCode=admin, roleName=Administrator, avatar=null, email=null, phone=null, status=1, createTime=2026-01-19T20:38:39, lastLoginTime=2026-03-22T13:56:23.510994), permissions=[*]), timestamp=1774158983534, requestId=null)
2026-03-22 13:56:24.090 [http-nio-8888-exec-8] [eeaa92f9969a44a4] INFO  com.musheng.aop.RequestLogAspect - [请求开始] traceId=eeaa92f9969a44a4 userId=1 GET /api/v3/api-docs ip=0:0:0:0:0:0:0:1 方法=OpenApiWebMvcResource.openapiJson 参数=[org.apache.catalina.connector.RequestFacade@2ab8223d, /v3/api-docs, zh_CN_#Hans]
2026-03-22 13:56:27.866 [http-nio-8888-exec-8] [eeaa92f9969a44a4] INFO  com.musheng.aop.RequestLogAspect - [请求结束] traceId=eeaa92f9969a44a4 GET /api/v3/api-docs 耗时=3776ms 响应=[B@1e32ba10
2026-03-22 13:56:31.033 [http-nio-8888-exec-9] [e9a5f8afb29748bb] INFO  com.musheng.aop.RequestLogAspect - [请求开始] traceId=e9a5f8afb29748bb userId=未登录 POST /api/v1/auth/login ip=0:0:0:0:0:0:0:1 方法=AuthController.login 参数=[LoginRequest(username=admin, password=123456), org.apache.catalina.connector.RequestFacade@1e163641]
2026-03-22 13:56:31.238 [http-nio-8888-exec-9] [e9a5f8afb29748bb] INFO  com.musheng.system.service.impl.AuthServiceImpl - User logged in successfully: admin
2026-03-22 13:56:31.244 [http-nio-8888-exec-9] [e9a5f8afb29748bb] INFO  com.musheng.aop.RequestLogAspect - [请求结束] traceId=e9a5f8afb29748bb POST /api/v1/auth/login 耗时=211ms 响应=Result(code=0, message=success, data=LoginResponse(token=52403544-a8ae-44f5-911a-8e93f3cc9b6a, tokenType=Bearer, expiresIn=86400, userInfo=LoginResponse.UserInfo(id=1, username=admin, realName=System Administrator, role=admin, roleCode=admin, roleName=Administrator, avatar=null, email=null, phone=null, status=1, createTime=2026-01-19T20:38:39, lastLoginTime=2026-03-22T13:56:31.129476), permissions=[*]), timestamp=1774158991240, requestId=null)
2026-03-22 13:56:31.439 [http-nio-8888-exec-1] [b2b08c6417524e0b] INFO  com.musheng.aop.RequestLogAspect - [请求开始] traceId=b2b08c6417524e0b userId=1 GET /api/v3/api-docs ip=0:0:0:0:0:0:0:1 方法=OpenApiWebMvcResource.openapiJson 参数=[org.apache.catalina.connector.RequestFacade@733b1bac, /v3/api-docs, zh_CN_#Hans]
2026-03-22 13:56:31.524 [http-nio-8888-exec-1] [b2b08c6417524e0b] INFO  com.musheng.aop.RequestLogAspect - [请求结束] traceId=b2b08c6417524e0b GET /api/v3/api-docs 耗时=85ms 响应=[B@539038e0
2026-03-22 13:56:38.747 [http-nio-8888-exec-2] [7c1e4672db6148a7] INFO  com.musheng.aop.RequestLogAspect - [请求开始] traceId=7c1e4672db6148a7 userId=未登录 POST /api/v1/auth/login ip=0:0:0:0:0:0:0:1 方法=AuthController.login 参数=[LoginRequest(username=admin, password=123456), org.apache.catalina.connector.RequestFacade@596afc87]
2026-03-22 13:56:38.894 [http-nio-8888-exec-2] [7c1e4672db6148a7] INFO  com.musheng.system.service.impl.AuthServiceImpl - User logged in successfully: admin
2026-03-22 13:56:38.910 [http-nio-8888-exec-2] [7c1e4672db6148a7] INFO  com.musheng.aop.RequestLogAspect - [请求结束] traceId=7c1e4672db6148a7 POST /api/v1/auth/login 耗时=164ms 响应=Result(code=0, message=success, data=LoginResponse(token=52403544-a8ae-44f5-911a-8e93f3cc9b6a, tokenType=Bearer, expiresIn=86400, userInfo=LoginResponse.UserInfo(id=1, username=admin, realName=System Administrator, role=admin, roleCode=admin, roleName=Administrator, avatar=null, email=null, phone=null, status=1, createTime=2026-01-19T20:38:39, lastLoginTime=2026-03-22T13:56:38.862669), permissions=[*]), timestamp=1774158998898, requestId=null)
2026-03-22 13:56:39.241 [http-nio-8888-exec-3] [6effcd671a754008] INFO  com.musheng.aop.RequestLogAspect - [请求开始] traceId=6effcd671a754008 userId=1 GET /api/v1/business/document-party-config/list ip=0:0:0:0:0:0:0:1 方法=DocumentPartyConfigController.list 参数=[]
2026-03-22 13:56:39.367 [http-nio-8888-exec-3] [6effcd671a754008] INFO  com.musheng.aop.RequestLogAspect - [请求结束] traceId=6effcd671a754008 GET /api/v1/business/document-party-config/list 耗时=111ms 响应=Result(code=0, message=success, data=[DocumentPartyConfigVO(id=2, siteCode=CA, buyerName=东莞市慕声商贸有限公司, buyerAddress=广东省东莞市虎门镇连升路82号虎门万达广场2栋606房, buyerPhone=18575382420, buyerNameEn=Dongguan Musheng Trade Co., Ltd., sellerName=Hong Kong Andeo Group Limited, sellerAddress=ROOM 1201, 12/F TAI SANG BANK BUILDING 130-132 DES VOEUX ROAD, CENTRAL HONGKONG, sellerPhone=00852-54682464, supplierName=Hong Kong Andeo Group Limited, customerNameTc=東莞市慕聲商貿有限公司, bankAccountName=Hong Kong Andeo Group Limited, ba...[已截断]
2026-03-22 13:56:48.884 [http-nio-8888-exec-4] [a25bb320c3034179] INFO  com.musheng.aop.RequestLogAspect - [请求开始] traceId=a25bb320c3034179 userId=未登录 POST /api/v1/auth/login ip=0:0:0:0:0:0:0:1 方法=AuthController.login 参数=[LoginRequest(username=admin, password=123456), org.apache.catalina.connector.RequestFacade@6d962aad]
2026-03-22 13:56:49.144 [http-nio-8888-exec-4] [a25bb320c3034179] INFO  com.musheng.system.service.impl.AuthServiceImpl - User logged in successfully: admin
2026-03-22 13:56:49.156 [http-nio-8888-exec-4] [a25bb320c3034179] INFO  com.musheng.aop.RequestLogAspect - [请求结束] traceId=a25bb320c3034179 POST /api/v1/auth/login 耗时=273ms 响应=Result(code=0, message=success, data=LoginResponse(token=52403544-a8ae-44f5-911a-8e93f3cc9b6a, tokenType=Bearer, expiresIn=86400, userInfo=LoginResponse.UserInfo(id=1, username=admin, realName=System Administrator, role=admin, roleCode=admin, roleName=Administrator, avatar=null, email=null, phone=null, status=1, createTime=2026-01-19T20:38:39, lastLoginTime=2026-03-22T13:56:49.008132), permissions=[*]), timestamp=1774159009146, requestId=null)
2026-03-22 13:56:49.581 [http-nio-8888-exec-5] [dfe82c790f264e8f] INFO  com.musheng.aop.RequestLogAspect - [请求开始] traceId=dfe82c790f264e8f userId=1 GET /api/v1/business/document/list ip=0:0:0:0:0:0:0:1 方法=DocumentController.listDocuments 参数=[null, null, null, null, 1, 20]
2026-03-22 13:56:49.584 [http-nio-8888-exec-5] [dfe82c790f264e8f] INFO  c.m.b.d.service.impl.DocumentQueryServiceImpl - 分页查询单据列表, 类型=null, 编号=null
2026-03-22 13:56:49.639 [http-nio-8888-exec-5] [dfe82c790f264e8f] INFO  com.musheng.aop.RequestLogAspect - [请求结束] traceId=dfe82c790f264e8f GET /api/v1/business/document/list 耗时=47ms 响应=Result(code=0, message=success, data=PageResult(records=[], total=0, page=1, size=20, pages=0), timestamp=1774159009627, requestId=null)
2026-03-22 13:56:56.235 [http-nio-8888-exec-7] [84fafb134e824c02] INFO  com.musheng.aop.RequestLogAspect - [请求开始] traceId=84fafb134e824c02 userId=未登录 POST /api/v1/auth/login ip=0:0:0:0:0:0:0:1 方法=AuthController.login 参数=[LoginRequest(username=admin, password=123456), org.apache.catalina.connector.RequestFacade@677cf157]
2026-03-22 13:56:56.324 [http-nio-8888-exec-7] [84fafb134e824c02] INFO  com.musheng.system.service.impl.AuthServiceImpl - User logged in successfully: admin
2026-03-22 13:56:56.326 [http-nio-8888-exec-7] [84fafb134e824c02] INFO  com.musheng.aop.RequestLogAspect - [请求结束] traceId=84fafb134e824c02 POST /api/v1/auth/login 耗时=92ms 响应=Result(code=0, message=success, data=LoginResponse(token=52403544-a8ae-44f5-911a-8e93f3cc9b6a, tokenType=Bearer, expiresIn=86400, userInfo=LoginResponse.UserInfo(id=1, username=admin, realName=System Administrator, role=admin, roleCode=admin, roleName=Administrator, avatar=null, email=null, phone=null, status=1, createTime=2026-01-19T20:38:39, lastLoginTime=2026-03-22T13:56:56.316224), permissions=[*]), timestamp=1774159016325, requestId=null)
2026-03-22 13:56:56.555 [http-nio-8888-exec-8] [13f21745cb5a4261] INFO  com.musheng.aop.RequestLogAspect - [请求开始] traceId=13f21745cb5a4261 userId=1 GET /api/v1/business/document/list ip=0:0:0:0:0:0:0:1 方法=DocumentController.listDocuments 参数=[null, null, null, null, 1, 20]
2026-03-22 13:56:56.556 [http-nio-8888-exec-8] [13f21745cb5a4261] INFO  c.m.b.d.service.impl.DocumentQueryServiceImpl - 分页查询单据列表, 类型=null, 编号=null
2026-03-22 13:56:56.572 [http-nio-8888-exec-8] [13f21745cb5a4261] INFO  com.musheng.aop.RequestLogAspect - [请求结束] traceId=13f21745cb5a4261 GET /api/v1/business/document/list 耗时=17ms 响应=Result(code=0, message=success, data=PageResult(records=[], total=0, page=1, size=20, pages=0), timestamp=1774159016571, requestId=null)
2026-03-22 13:58:00.726 [http-nio-8888-exec-10] [cde3a8ef35944664] INFO  com.musheng.aop.RequestLogAspect - [请求开始] traceId=cde3a8ef35944664 userId=未登录 POST /api/v1/auth/login ip=0:0:0:0:0:0:0:1 方法=AuthController.login 参数=[LoginRequest(username=admin, password=123456), org.apache.catalina.connector.RequestFacade@72c49551]
2026-03-22 13:58:00.838 [http-nio-8888-exec-10] [cde3a8ef35944664] INFO  com.musheng.system.service.impl.AuthServiceImpl - User logged in successfully: admin
2026-03-22 13:58:00.846 [http-nio-8888-exec-10] [cde3a8ef35944664] INFO  com.musheng.aop.RequestLogAspect - [请求结束] traceId=cde3a8ef35944664 POST /api/v1/auth/login 耗时=120ms 响应=Result(code=0, message=success, data=LoginResponse(token=52403544-a8ae-44f5-911a-8e93f3cc9b6a, tokenType=Bearer, expiresIn=86400, userInfo=LoginResponse.UserInfo(id=1, username=admin, realName=System Administrator, role=admin, roleCode=admin, roleName=Administrator, avatar=null, email=null, phone=null, status=1, createTime=2026-01-19T20:38:39, lastLoginTime=2026-03-22T13:58:00.822009), permissions=[*]), timestamp=1774159080841, requestId=null)
2026-03-22 13:58:01.352 [http-nio-8888-exec-2] [c6f6fafb97df476a] INFO  com.musheng.aop.RequestLogAspect - [请求开始] traceId=c6f6fafb97df476a userId=1 GET /api/v3/api-docs ip=0:0:0:0:0:0:0:1 方法=OpenApiWebMvcResource.openapiJson 参数=[org.apache.catalina.connector.RequestFacade@631f24a6, /v3/api-docs, zh_CN_#Hans]
2026-03-22 13:58:01.391 [http-nio-8888-exec-2] [c6f6fafb97df476a] INFO  com.musheng.aop.RequestLogAspect - [请求结束] traceId=c6f6fafb97df476a GET /api/v3/api-docs 耗时=40ms 响应=[B@7ef9c595
2026-03-22 13:58:08.244 [http-nio-8888-exec-3] [9f582791cba64d97] INFO  com.musheng.aop.RequestLogAspect - [请求开始] traceId=9f582791cba64d97 userId=未登录 POST /api/v1/auth/login ip=0:0:0:0:0:0:0:1 方法=AuthController.login 参数=[LoginRequest(username=admin, password=123456), org.apache.catalina.connector.RequestFacade@eeb8194]
2026-03-22 13:58:08.450 [http-nio-8888-exec-3] [9f582791cba64d97] INFO  com.musheng.system.service.impl.AuthServiceImpl - User logged in successfully: admin
2026-03-22 13:58:08.455 [http-nio-8888-exec-3] [9f582791cba64d97] INFO  com.musheng.aop.RequestLogAspect - [请求结束] traceId=9f582791cba64d97 POST /api/v1/auth/login 耗时=213ms 响应=Result(code=0, message=success, data=LoginResponse(token=52403544-a8ae-44f5-911a-8e93f3cc9b6a, tokenType=Bearer, expiresIn=86400, userInfo=LoginResponse.UserInfo(id=1, username=admin, realName=System Administrator, role=admin, roleCode=admin, roleName=Administrator, avatar=null, email=null, phone=null, status=1, createTime=2026-01-19T20:38:39, lastLoginTime=2026-03-22T13:58:08.404488), permissions=[*]), timestamp=1774159088453, requestId=null)
2026-03-22 13:58:08.751 [http-nio-8888-exec-5] [4b39e9f0d67c4a88] INFO  com.musheng.aop.RequestLogAspect - [请求开始] traceId=4b39e9f0d67c4a88 userId=1 GET /api/v3/api-docs ip=0:0:0:0:0:0:0:1 方法=OpenApiWebMvcResource.openapiJson 参数=[org.apache.catalina.connector.RequestFacade@2d19d34e, /v3/api-docs, zh_CN_#Hans]
2026-03-22 13:58:08.767 [http-nio-8888-exec-5] [4b39e9f0d67c4a88] INFO  com.musheng.aop.RequestLogAspect - [请求结束] traceId=4b39e9f0d67c4a88 GET /api/v3/api-docs 耗时=16ms 响应=[B@bcecce3
2026-03-22 13:58:17.627 [http-nio-8888-exec-6] [81847b61a5a144ab] INFO  com.musheng.aop.RequestLogAspect - [请求开始] traceId=81847b61a5a144ab userId=未登录 POST /api/v1/auth/login ip=0:0:0:0:0:0:0:1 方法=AuthController.login 参数=[LoginRequest(username=admin, password=123456), org.apache.catalina.connector.RequestFacade@2959f75e]
2026-03-22 13:58:17.718 [http-nio-8888-exec-6] [81847b61a5a144ab] INFO  com.musheng.system.service.impl.AuthServiceImpl - User logged in successfully: admin
2026-03-22 13:58:17.720 [http-nio-8888-exec-6] [81847b61a5a144ab] INFO  com.musheng.aop.RequestLogAspect - [请求结束] traceId=81847b61a5a144ab POST /api/v1/auth/login 耗时=94ms 响应=Result(code=0, message=success, data=LoginResponse(token=52403544-a8ae-44f5-911a-8e93f3cc9b6a, tokenType=Bearer, expiresIn=86400, userInfo=LoginResponse.UserInfo(id=1, username=admin, realName=System Administrator, role=admin, roleCode=admin, roleName=Administrator, avatar=null, email=null, phone=null, status=1, createTime=2026-01-19T20:38:39, lastLoginTime=2026-03-22T13:58:17.710277), permissions=[*]), timestamp=1774159097719, requestId=null)
2026-03-22 13:58:18.500 [http-nio-8888-exec-7] [b2e561a18cd34e94] INFO  com.musheng.aop.RequestLogAspect - [请求开始] traceId=b2e561a18cd34e94 userId=1 POST /api/v1/business/document/po/generate ip=0:0:0:0:0:0:0:1 方法=DocumentController.generatePo 参数=[PoGenerateRequest(shipmentIds=[54, 55, 56])]
2026-03-22 13:58:18.501 [http-nio-8888-exec-7] [b2e561a18cd34e94] INFO  c.m.b.document.controller.DocumentController - 生成PO采购订单，货件数量: 3
2026-03-22 13:58:18.502 [http-nio-8888-exec-7] [b2e561a18cd34e94] INFO  c.m.b.d.service.impl.DocumentGenerateServiceImpl - 开始生成PO采购订单，货件ID数量: 3
2026-03-22 13:58:18.624 [http-nio-8888-exec-7] [b2e561a18cd34e94] INFO  c.m.b.d.service.impl.DocumentGenerateServiceImpl - PO主表持久化成功，编号: 20250708001, ID: 76
2026-03-22 13:58:18.680 [http-nio-8888-exec-7] [b2e561a18cd34e94] INFO  c.m.b.d.service.impl.DocumentGenerateServiceImpl - PO明细持久化成功，明细数量: 29
2026-03-22 13:58:18.687 [http-nio-8888-exec-7] [b2e561a18cd34e94] INFO  com.musheng.aop.RequestLogAspect - [请求结束] traceId=b2e561a18cd34e94 POST /api/v1/business/document/po/generate 耗时=185ms 响应=Result(code=0, message=success, data=DocumentPo(shopId=1, documentNo=20250708001, siteCode=UK, poDate=2025-07-08, buyerName=东莞市慕声商贸有限公司, buyerAddress=广东省东莞市虎门镇连升路82号虎门万达广场2栋606房, sellerName=Hong Kong Andeo Group Limited, totalQuantity=474, shipmentCount=1), timestamp=1774159098681, requestId=null)
2026-03-22 13:58:25.594 [http-nio-8888-exec-8] [a7635ea199db4490] INFO  com.musheng.aop.RequestLogAspect - [请求开始] traceId=a7635ea199db4490 userId=未登录 POST /api/v1/auth/login ip=0:0:0:0:0:0:0:1 方法=AuthController.login 参数=[LoginRequest(username=admin, password=123456), org.apache.catalina.connector.RequestFacade@dcb082a]
2026-03-22 13:58:25.710 [http-nio-8888-exec-8] [a7635ea199db4490] INFO  com.musheng.system.service.impl.AuthServiceImpl - User logged in successfully: admin
2026-03-22 13:58:25.727 [http-nio-8888-exec-8] [a7635ea199db4490] INFO  com.musheng.aop.RequestLogAspect - [请求结束] traceId=a7635ea199db4490 POST /api/v1/auth/login 耗时=134ms 响应=Result(code=0, message=success, data=LoginResponse(token=52403544-a8ae-44f5-911a-8e93f3cc9b6a, tokenType=Bearer, expiresIn=86400, userInfo=LoginResponse.UserInfo(id=1, username=admin, realName=System Administrator, role=admin, roleCode=admin, roleName=Administrator, avatar=null, email=null, phone=null, status=1, createTime=2026-01-19T20:38:39, lastLoginTime=2026-03-22T13:58:25.676487), permissions=[*]), timestamp=1774159105726, requestId=null)
2026-03-22 13:58:26.129 [http-nio-8888-exec-9] [3790e7c60195444b] INFO  com.musheng.aop.RequestLogAspect - [请求开始] traceId=3790e7c60195444b userId=1 POST /api/v1/business/document/po/generate ip=0:0:0:0:0:0:0:1 方法=DocumentController.generatePo 参数=[PoGenerateRequest(shipmentIds=[50, 51, 52, 53])]
2026-03-22 13:58:26.129 [http-nio-8888-exec-9] [3790e7c60195444b] INFO  c.m.b.document.controller.DocumentController - 生成PO采购订单，货件数量: 4
2026-03-22 13:58:26.130 [http-nio-8888-exec-9] [3790e7c60195444b] INFO  c.m.b.d.service.impl.DocumentGenerateServiceImpl - 开始生成PO采购订单，货件ID数量: 4
2026-03-22 13:58:26.189 [http-nio-8888-exec-9] [3790e7c60195444b] INFO  c.m.b.d.service.impl.DocumentGenerateServiceImpl - PO主表持久化成功，编号: 20250819001, ID: 77
2026-03-22 13:58:26.263 [http-nio-8888-exec-9] [3790e7c60195444b] INFO  c.m.b.d.service.impl.DocumentGenerateServiceImpl - PO明细持久化成功，明细数量: 39
2026-03-22 13:58:26.265 [http-nio-8888-exec-9] [3790e7c60195444b] INFO  com.musheng.aop.RequestLogAspect - [请求结束] traceId=3790e7c60195444b POST /api/v1/business/document/po/generate 耗时=136ms 响应=Result(code=0, message=success, data=DocumentPo(shopId=1, documentNo=20250819001, siteCode=UK, poDate=2025-08-19, buyerName=东莞市慕声商贸有限公司, buyerAddress=广东省东莞市虎门镇连升路82号虎门万达广场2栋606房, sellerName=Hong Kong Andeo Group Limited, totalQuantity=1076, shipmentCount=2), timestamp=1774159106265, requestId=null)
2026-03-22 13:58:34.096 [http-nio-8888-exec-10] [5fe9eab453cb46c4] INFO  com.musheng.aop.RequestLogAspect - [请求开始] traceId=5fe9eab453cb46c4 userId=未登录 POST /api/v1/auth/login ip=0:0:0:0:0:0:0:1 方法=AuthController.login 参数=[LoginRequest(username=admin, password=123456), org.apache.catalina.connector.RequestFacade@31f88e15]
2026-03-22 13:58:34.193 [http-nio-8888-exec-10] [5fe9eab453cb46c4] INFO  com.musheng.system.service.impl.AuthServiceImpl - User logged in successfully: admin
2026-03-22 13:58:34.196 [http-nio-8888-exec-10] [5fe9eab453cb46c4] INFO  com.musheng.aop.RequestLogAspect - [请求结束] traceId=5fe9eab453cb46c4 POST /api/v1/auth/login 耗时=101ms 响应=Result(code=0, message=success, data=LoginResponse(token=52403544-a8ae-44f5-911a-8e93f3cc9b6a, tokenType=Bearer, expiresIn=86400, userInfo=LoginResponse.UserInfo(id=1, username=admin, realName=System Administrator, role=admin, roleCode=admin, roleName=Administrator, avatar=null, email=null, phone=null, status=1, createTime=2026-01-19T20:38:39, lastLoginTime=2026-03-22T13:58:34.185254), permissions=[*]), timestamp=1774159114196, requestId=null)
2026-03-22 13:58:34.665 [http-nio-8888-exec-2] [9f2d955fd65045cf] INFO  com.musheng.aop.RequestLogAspect - [请求开始] traceId=9f2d955fd65045cf userId=1 GET /api/v1/business/document/po/76 ip=0:0:0:0:0:0:0:1 方法=DocumentController.getPoDetail 参数=[76]
2026-03-22 13:58:34.666 [http-nio-8888-exec-2] [9f2d955fd65045cf] INFO  c.m.b.d.service.impl.DocumentQueryServiceImpl - 查询PO详情, id=76
2026-03-22 13:58:34.717 [http-nio-8888-exec-2] [9f2d955fd65045cf] INFO  com.musheng.aop.RequestLogAspect - [请求结束] traceId=9f2d955fd65045cf GET /api/v1/business/document/po/76 耗时=48ms 响应=Result(code=0, message=success, data=PoVO(id=76, documentNo=20250708001, poDate=2025-07-08, buyerName=东莞市慕声商贸有限公司, buyerAddress=广东省东莞市虎门镇连升路82号虎门万达广场2栋606房, sellerName=Hong Kong Andeo Group Limited, totalQuantity=474, shipmentCount=1, items=[PoItemVO(id=942, shipmentNo=FBA15KJQQXJ5, msku=MS-D06-2-4-, quantity=15, fbaAddress=Plot 1, Lyons Park,, Coventry, West Midlands, CV5 9PF, Great Britain (United Kingdom; England), sortOrder=1), PoItemVO(id=943, shipmentNo=FBA15KJQQXJ5, msku=MS-D22-2-2, quant...[已截断]
2026-03-22 13:59:16.846 [http-nio-8888-exec-4] [7d04de51a30a4b84] INFO  com.musheng.aop.RequestLogAspect - [请求开始] traceId=7d04de51a30a4b84 userId=未登录 POST /api/v1/auth/login ip=0:0:0:0:0:0:0:1 方法=AuthController.login 参数=[LoginRequest(username=admin, password=123456), org.apache.catalina.connector.RequestFacade@18bce6a0]
2026-03-22 13:59:17.119 [http-nio-8888-exec-4] [7d04de51a30a4b84] INFO  com.musheng.system.service.impl.AuthServiceImpl - User logged in successfully: admin
2026-03-22 13:59:17.130 [http-nio-8888-exec-4] [7d04de51a30a4b84] INFO  com.musheng.aop.RequestLogAspect - [请求结束] traceId=7d04de51a30a4b84 POST /api/v1/auth/login 耗时=284ms 响应=Result(code=0, message=success, data=LoginResponse(token=52403544-a8ae-44f5-911a-8e93f3cc9b6a, tokenType=Bearer, expiresIn=86400, userInfo=LoginResponse.UserInfo(id=1, username=admin, realName=System Administrator, role=admin, roleCode=admin, roleName=Administrator, avatar=null, email=null, phone=null, status=1, createTime=2026-01-19T20:38:39, lastLoginTime=2026-03-22T13:59:17.065742), permissions=[*]), timestamp=1774159157125, requestId=null)
2026-03-22 13:59:17.580 [http-nio-8888-exec-6] [853645ff9d124588] INFO  com.musheng.aop.RequestLogAspect - [请求开始] traceId=853645ff9d124588 userId=1 GET /api/v1/business/document/export/po/76 ip=0:0:0:0:0:0:0:1 方法=DocumentController.exportPo 参数=[76, org.apache.catalina.connector.ResponseFacade@69cf5195]
2026-03-22 13:59:17.581 [http-nio-8888-exec-6] [853645ff9d124588] INFO  c.m.b.document.controller.DocumentController - 导出PO Excel，ID: 76
2026-03-22 13:59:17.581 [http-nio-8888-exec-6] [853645ff9d124588] INFO  c.m.b.d.service.impl.DocumentExportServiceImpl - 导出PO Excel, poId=76
2026-03-22 13:59:20.193 [http-nio-8888-exec-6] [853645ff9d124588] INFO  com.musheng.aop.RequestLogAspect - [请求结束] traceId=853645ff9d124588 GET /api/v1/business/document/export/po/76 耗时=2613ms 响应=null
2026-03-22 13:59:24.904 [http-nio-8888-exec-8] [0f7396277fa640d7] INFO  com.musheng.aop.RequestLogAspect - [请求开始] traceId=0f7396277fa640d7 userId=未登录 POST /api/v1/auth/login ip=0:0:0:0:0:0:0:1 方法=AuthController.login 参数=[LoginRequest(username=admin, password=123456), org.apache.catalina.connector.RequestFacade@606fbdce]
2026-03-22 13:59:25.061 [http-nio-8888-exec-8] [0f7396277fa640d7] INFO  com.musheng.system.service.impl.AuthServiceImpl - User logged in successfully: admin
2026-03-22 13:59:25.087 [http-nio-8888-exec-8] [0f7396277fa640d7] INFO  com.musheng.aop.RequestLogAspect - [请求结束] traceId=0f7396277fa640d7 POST /api/v1/auth/login 耗时=182ms 响应=Result(code=0, message=success, data=LoginResponse(token=52403544-a8ae-44f5-911a-8e93f3cc9b6a, tokenType=Bearer, expiresIn=86400, userInfo=LoginResponse.UserInfo(id=1, username=admin, realName=System Administrator, role=admin, roleCode=admin, roleName=Administrator, avatar=null, email=null, phone=null, status=1, createTime=2026-01-19T20:38:39, lastLoginTime=2026-03-22T13:59:25.026129), permissions=[*]), timestamp=1774159165081, requestId=null)
2026-03-22 13:59:25.381 [http-nio-8888-exec-10] [a94b35a7c2c744f8] INFO  com.musheng.aop.RequestLogAspect - [请求开始] traceId=a94b35a7c2c744f8 userId=1 GET /api/v1/business/document/export/po/76 ip=0:0:0:0:0:0:0:1 方法=DocumentController.exportPo 参数=[76, org.apache.catalina.connector.ResponseFacade@325d1a44]
2026-03-22 13:59:25.385 [http-nio-8888-exec-10] [a94b35a7c2c744f8] INFO  c.m.b.document.controller.DocumentController - 导出PO Excel，ID: 76
2026-03-22 13:59:25.386 [http-nio-8888-exec-10] [a94b35a7c2c744f8] INFO  c.m.b.d.service.impl.DocumentExportServiceImpl - 导出PO Excel, poId=76
2026-03-22 13:59:25.586 [http-nio-8888-exec-10] [a94b35a7c2c744f8] INFO  com.musheng.aop.RequestLogAspect - [请求结束] traceId=a94b35a7c2c744f8 GET /api/v1/business/document/export/po/76 耗时=206ms 响应=null
2026-03-22 13:59:43.936 [http-nio-8888-exec-2] [fd1b8299daae45fd] INFO  com.musheng.aop.RequestLogAspect - [请求开始] traceId=fd1b8299daae45fd userId=未登录 POST /api/v1/auth/login ip=0:0:0:0:0:0:0:1 方法=AuthController.login 参数=[LoginRequest(username=admin, password=123456), org.apache.catalina.connector.RequestFacade@4ea4bb05]
2026-03-22 13:59:44.173 [http-nio-8888-exec-2] [fd1b8299daae45fd] INFO  com.musheng.system.service.impl.AuthServiceImpl - User logged in successfully: admin
2026-03-22 13:59:44.176 [http-nio-8888-exec-2] [fd1b8299daae45fd] INFO  com.musheng.aop.RequestLogAspect - [请求结束] traceId=fd1b8299daae45fd POST /api/v1/auth/login 耗时=241ms 响应=Result(code=0, message=success, data=LoginResponse(token=52403544-a8ae-44f5-911a-8e93f3cc9b6a, tokenType=Bearer, expiresIn=86400, userInfo=LoginResponse.UserInfo(id=1, username=admin, realName=System Administrator, role=admin, roleCode=admin, roleName=Administrator, avatar=null, email=null, phone=null, status=1, createTime=2026-01-19T20:38:39, lastLoginTime=2026-03-22T13:59:44.066297), permissions=[*]), timestamp=1774159184175, requestId=null)
2026-03-22 13:59:44.683 [http-nio-8888-exec-3] [549f04de57944148] INFO  com.musheng.aop.RequestLogAspect - [请求开始] traceId=549f04de57944148 userId=1 POST /api/v1/business/document/settlement/generate ip=0:0:0:0:0:0:0:1 方法=DocumentController.generateSettlements 参数=[SettlementGenerateRequest(periodStart=2025-07-01, periodEnd=2025-09-30, siteCodes=[UK])]
2026-03-22 13:59:44.683 [http-nio-8888-exec-3] [549f04de57944148] INFO  c.m.b.document.controller.DocumentController - 生成结算单，周期: 2025-07-01 ~ 2025-09-30，站点: [UK]
2026-03-22 13:59:44.684 [http-nio-8888-exec-3] [549f04de57944148] INFO  c.m.b.d.service.impl.DocumentGenerateServiceImpl - 开始生成结算单，周期: 2025-07-01 ~ 2025-09-30
2026-03-22 13:59:44.731 [http-nio-8888-exec-3] [549f04de57944148] INFO  c.m.b.d.service.impl.DocumentGenerateServiceImpl - 构建 SettlementInput 完成，共 383 条明细
2026-03-22 13:59:44.762 [http-nio-8888-exec-3] [549f04de57944148] INFO  c.m.b.d.service.impl.DocumentGenerateServiceImpl - 结算单生成 12 份，过滤空结算单后剩余 3 份（有数据）
2026-03-22 13:59:44.769 [http-nio-8888-exec-3] [549f04de57944148] INFO  c.m.b.d.service.impl.DocumentGenerateServiceImpl - 结算单主表持久化成功，编号: 20250805003, 站点: GBP
2026-03-22 13:59:45.129 [http-nio-8888-exec-3] [549f04de57944148] INFO  c.m.b.d.service.impl.DocumentGenerateServiceImpl - 结算单主表持久化成功，编号: 20250905003, 站点: GBP
2026-03-22 13:59:45.314 [http-nio-8888-exec-3] [549f04de57944148] INFO  c.m.b.d.service.impl.DocumentGenerateServiceImpl - 结算单主表持久化成功，编号: 20251008003, 站点: GBP
2026-03-22 13:59:45.463 [http-nio-8888-exec-3] [549f04de57944148] INFO  c.m.b.d.service.impl.DocumentGenerateServiceImpl - 结算单生成完成，共 3 份
2026-03-22 13:59:45.470 [http-nio-8888-exec-3] [549f04de57944148] INFO  com.musheng.aop.RequestLogAspect - [请求结束] traceId=549f04de57944148 POST /api/v1/business/document/settlement/generate 耗时=788ms 响应=Result(code=0, message=success, data=[DocumentSettlement(shopId=1, documentNo=20250805003, settlementDate=2025-08-05, periodStart=2025-07-01, periodEnd=2025-07-31, siteCode=GBP, siteSequence=003, buyerName=东莞市慕声商贸有限公司, buyerAddress=广东省东莞市虎门镇连升路82号虎门万达广场2栋606房, sellerName=Hong Kong Andeo Group Limited, totalQuantity=8890, totalAmount=51723.2800), DocumentSettlement(shopId=1, documentNo=20250905003, settlementDate=2025-09-05, periodStart=2025-08-01, periodEnd=2025-08-31, siteCode=GBP, siteSequence...[已截断]
2026-03-22 14:02:47.824 [main] [-] INFO  com.musheng.MushengApplication - Starting MushengApplication using Java 17.0.17 with PID 88955 (/Users/wanhua/project/慕声/musheng/musheng-tax-system/musheng-web/target/musheng-web-1.0.0-SNAPSHOT.jar started by wanhua in /Users/wanhua/project/慕声/musheng/musheng-tax-system)
2026-03-22 14:02:47.829 [main] [-] INFO  com.musheng.MushengApplication - The following 1 profile is active: "dev"
2026-03-22 14:02:55.357 [main] [-] INFO  c.m.business.sales.parser.SalesDataParserFactory - 注册销售数据解析器: ERP -> ErpSettlementParser
2026-03-22 14:02:55.360 [main] [-] INFO  c.m.business.sales.parser.SalesDataParserFactory - 注册销售数据解析器: ORIGINAL -> AmazonOriginalParser
2026-03-22 14:02:56.164 [main] [-] INFO  com.musheng.system.config.SaTokenCacheConfig - ========================================
2026-03-22 14:02:56.165 [main] [-] INFO  com.musheng.system.config.SaTokenCacheConfig - Sa-Token 缓存模式: Caffeine (本地缓存)
2026-03-22 14:02:56.165 [main] [-] INFO  com.musheng.system.config.SaTokenCacheConfig - 适用于: 单机部署、内部系统
2026-03-22 14:02:56.165 [main] [-] INFO  com.musheng.system.config.SaTokenCacheConfig - 注意: 服务重启后登录状态会丢失
2026-03-22 14:02:56.165 [main] [-] INFO  com.musheng.system.config.SaTokenCacheConfig - ========================================
2026-03-22 14:02:56.170 [main] [-] INFO  com.musheng.system.config.SaTokenCaffeineDao - Sa-Token Caffeine 本地缓存初始化完成
2026-03-22 14:02:59.014 [main] [-] INFO  com.musheng.MushengApplication - Started MushengApplication in 12.95 seconds (process running for 13.949)
2026-03-22 14:03:50.679 [http-nio-8888-exec-1] [0ccad8fb877b44a3] INFO  com.musheng.aop.RequestLogAspect - [请求开始] traceId=0ccad8fb877b44a3 userId=未登录 POST /api/v1/auth/login ip=0:0:0:0:0:0:0:1 方法=AuthController.login 参数=[LoginRequest(username=admin, password=123456), org.apache.catalina.connector.RequestFacade@77fcb940]
2026-03-22 14:03:51.332 [http-nio-8888-exec-1] [0ccad8fb877b44a3] INFO  com.musheng.system.service.impl.AuthServiceImpl - User logged in successfully: admin
2026-03-22 14:03:51.441 [http-nio-8888-exec-1] [0ccad8fb877b44a3] INFO  com.musheng.aop.RequestLogAspect - [请求结束] traceId=0ccad8fb877b44a3 POST /api/v1/auth/login 耗时=738ms 响应=Result(code=0, message=success, data=LoginResponse(token=4829dc8e-d4ae-4c5c-a8db-03ac80a874a2, tokenType=Bearer, expiresIn=86400, userInfo=LoginResponse.UserInfo(id=1, username=admin, realName=System Administrator, role=admin, roleCode=admin, roleName=Administrator, avatar=null, email=null, phone=null, status=1, createTime=2026-01-19T20:38:39, lastLoginTime=2026-03-22T14:03:51.208347), permissions=[*]), timestamp=1774159431351, requestId=null)
2026-03-22 14:04:36.235 [http-nio-8888-exec-3] [dcb49fef4a674cf5] ERROR c.musheng.common.exception.GlobalExceptionHandler - 系统异常 /api/v1/document/settlement/export/894: No static resource v1/document/settlement/export/894.
org.springframework.web.servlet.resource.NoResourceFoundException: No static resource v1/document/settlement/export/894.
	at org.springframework.web.servlet.resource.ResourceHttpRequestHandler.handleRequest(ResourceHttpRequestHandler.java:585)
	at org.springframework.web.servlet.mvc.HttpRequestHandlerAdapter.handle(HttpRequestHandlerAdapter.java:52)
	at org.springframework.web.servlet.DispatcherServlet.doDispatch(DispatcherServlet.java:1089)
	at org.springframework.web.servlet.DispatcherServlet.doService(DispatcherServlet.java:979)
	at org.springframework.web.servlet.FrameworkServlet.processRequest(FrameworkServlet.java:1014)
	at org.springframework.web.servlet.FrameworkServlet.doGet(FrameworkServlet.java:903)
	at jakarta.servlet.http.HttpServlet.service(HttpServlet.java:564)
	at org.springframework.web.servlet.FrameworkServlet.service(FrameworkServlet.java:885)
	at jakarta.servlet.http.HttpServlet.service(HttpServlet.java:658)
	at org.apache.catalina.core.ApplicationFilterChain.internalDoFilter(ApplicationFilterChain.java:205)
	at org.apache.catalina.core.ApplicationFilterChain.doFilter(ApplicationFilterChain.java:149)
	at org.apache.tomcat.websocket.server.WsFilter.doFilter(WsFilter.java:51)
	at org.apache.catalina.core.ApplicationFilterChain.internalDoFilter(ApplicationFilterChain.java:174)
	at org.apache.catalina.core.ApplicationFilterChain.doFilter(ApplicationFilterChain.java:149)
	at com.musheng.filter.TraceIdFilter.doFilterInternal(TraceIdFilter.java:61)
	at org.springframework.web.filter.OncePerRequestFilter.doFilter(OncePerRequestFilter.java:116)
	at org.apache.catalina.core.ApplicationFilterChain.internalDoFilter(ApplicationFilterChain.java:174)
	at org.apache.catalina.core.ApplicationFilterChain.doFilter(ApplicationFilterChain.java:149)
	at cn.dev33.satoken.filter.SaServletFilter.doFilter(SaServletFilter.java:150)
	at org.apache.catalina.core.ApplicationFilterChain.internalDoFilter(ApplicationFilterChain.java:174)
	at org.apache.catalina.core.ApplicationFilterChain.doFilter(ApplicationFilterChain.java:149)
	at org.springframework.web.filter.RequestContextFilter.doFilterInternal(RequestContextFilter.java:100)
	at org.springframework.web.filter.OncePerRequestFilter.doFilter(OncePerRequestFilter.java:116)
	at org.apache.catalina.core.ApplicationFilterChain.internalDoFilter(ApplicationFilterChain.java:174)
	at org.apache.catalina.core.ApplicationFilterChain.doFilter(ApplicationFilterChain.java:149)
	at cn.dev33.satoken.filter.SaPathCheckFilterForJakartaServlet.doFilter(SaPathCheckFilterForJakartaServlet.java:55)
	at org.apache.catalina.core.ApplicationFilterChain.internalDoFilter(ApplicationFilterChain.java:174)
	at org.apache.catalina.core.ApplicationFilterChain.doFilter(ApplicationFilterChain.java:149)
	at org.springframework.web.filter.FormContentFilter.doFilterInternal(FormContentFilter.java:93)
	at org.springframework.web.filter.OncePerRequestFilter.doFilter(OncePerRequestFilter.java:116)
	at org.apache.catalina.core.ApplicationFilterChain.internalDoFilter(ApplicationFilterChain.java:174)
	at org.apache.catalina.core.ApplicationFilterChain.doFilter(ApplicationFilterChain.java:149)
	at org.springframework.web.filter.CharacterEncodingFilter.doFilterInternal(CharacterEncodingFilter.java:201)
	at org.springframework.web.filter.OncePerRequestFilter.doFilter(OncePerRequestFilter.java:116)
	at org.apache.catalina.core.ApplicationFilterChain.internalDoFilter(ApplicationFilterChain.java:174)
	at org.apache.catalina.core.ApplicationFilterChain.doFilter(ApplicationFilterChain.java:149)
	at org.apache.catalina.core.StandardWrapperValve.invoke(StandardWrapperValve.java:167)
	at org.apache.catalina.core.StandardContextValve.invoke(StandardContextValve.java:90)
	at org.apache.catalina.authenticator.AuthenticatorBase.invoke(AuthenticatorBase.java:482)
	at org.apache.catalina.core.StandardHostValve.invoke(StandardHostValve.java:115)
	at org.apache.catalina.valves.ErrorReportValve.invoke(ErrorReportValve.java:93)
	at org.apache.catalina.core.StandardEngineValve.invoke(StandardEngineValve.java:74)
	at org.apache.catalina.connector.CoyoteAdapter.service(CoyoteAdapter.java:340)
	at org.apache.coyote.http11.Http11Processor.service(Http11Processor.java:391)
	at org.apache.coyote.AbstractProcessorLight.process(AbstractProcessorLight.java:63)
	at org.apache.coyote.AbstractProtocol$ConnectionHandler.process(AbstractProtocol.java:896)
	at org.apache.tomcat.util.net.NioEndpoint$SocketProcessor.doRun(NioEndpoint.java:1744)
	at org.apache.tomcat.util.net.SocketProcessorBase.run(SocketProcessorBase.java:52)
	at org.apache.tomcat.util.threads.ThreadPoolExecutor.runWorker(ThreadPoolExecutor.java:1191)
	at org.apache.tomcat.util.threads.ThreadPoolExecutor$Worker.run(ThreadPoolExecutor.java:659)
	at org.apache.tomcat.util.threads.TaskThread$WrappingRunnable.run(TaskThread.java:61)
	at java.base/java.lang.Thread.run(Thread.java:840)
2026-03-22 14:04:55.917 [http-nio-8888-exec-4] [edd333669f204b56] ERROR c.musheng.common.exception.GlobalExceptionHandler - 系统异常 /api/v1/document/settlement/list: No static resource v1/document/settlement/list.
org.springframework.web.servlet.resource.NoResourceFoundException: No static resource v1/document/settlement/list.
	at org.springframework.web.servlet.resource.ResourceHttpRequestHandler.handleRequest(ResourceHttpRequestHandler.java:585)
	at org.springframework.web.servlet.mvc.HttpRequestHandlerAdapter.handle(HttpRequestHandlerAdapter.java:52)
	at org.springframework.web.servlet.DispatcherServlet.doDispatch(DispatcherServlet.java:1089)
	at org.springframework.web.servlet.DispatcherServlet.doService(DispatcherServlet.java:979)
	at org.springframework.web.servlet.FrameworkServlet.processRequest(FrameworkServlet.java:1014)
	at org.springframework.web.servlet.FrameworkServlet.doGet(FrameworkServlet.java:903)
	at jakarta.servlet.http.HttpServlet.service(HttpServlet.java:564)
	at org.springframework.web.servlet.FrameworkServlet.service(FrameworkServlet.java:885)
	at jakarta.servlet.http.HttpServlet.service(HttpServlet.java:658)
	at org.apache.catalina.core.ApplicationFilterChain.internalDoFilter(ApplicationFilterChain.java:205)
	at org.apache.catalina.core.ApplicationFilterChain.doFilter(ApplicationFilterChain.java:149)
	at org.apache.tomcat.websocket.server.WsFilter.doFilter(WsFilter.java:51)
	at org.apache.catalina.core.ApplicationFilterChain.internalDoFilter(ApplicationFilterChain.java:174)
	at org.apache.catalina.core.ApplicationFilterChain.doFilter(ApplicationFilterChain.java:149)
	at com.musheng.filter.TraceIdFilter.doFilterInternal(TraceIdFilter.java:61)
	at org.springframework.web.filter.OncePerRequestFilter.doFilter(OncePerRequestFilter.java:116)
	at org.apache.catalina.core.ApplicationFilterChain.internalDoFilter(ApplicationFilterChain.java:174)
	at org.apache.catalina.core.ApplicationFilterChain.doFilter(ApplicationFilterChain.java:149)
	at cn.dev33.satoken.filter.SaServletFilter.doFilter(SaServletFilter.java:150)
	at org.apache.catalina.core.ApplicationFilterChain.internalDoFilter(ApplicationFilterChain.java:174)
	at org.apache.catalina.core.ApplicationFilterChain.doFilter(ApplicationFilterChain.java:149)
	at org.springframework.web.filter.RequestContextFilter.doFilterInternal(RequestContextFilter.java:100)
	at org.springframework.web.filter.OncePerRequestFilter.doFilter(OncePerRequestFilter.java:116)
	at org.apache.catalina.core.ApplicationFilterChain.internalDoFilter(ApplicationFilterChain.java:174)
	at org.apache.catalina.core.ApplicationFilterChain.doFilter(ApplicationFilterChain.java:149)
	at cn.dev33.satoken.filter.SaPathCheckFilterForJakartaServlet.doFilter(SaPathCheckFilterForJakartaServlet.java:55)
	at org.apache.catalina.core.ApplicationFilterChain.internalDoFilter(ApplicationFilterChain.java:174)
	at org.apache.catalina.core.ApplicationFilterChain.doFilter(ApplicationFilterChain.java:149)
	at org.springframework.web.filter.FormContentFilter.doFilterInternal(FormContentFilter.java:93)
	at org.springframework.web.filter.OncePerRequestFilter.doFilter(OncePerRequestFilter.java:116)
	at org.apache.catalina.core.ApplicationFilterChain.internalDoFilter(ApplicationFilterChain.java:174)
	at org.apache.catalina.core.ApplicationFilterChain.doFilter(ApplicationFilterChain.java:149)
	at org.springframework.web.filter.CharacterEncodingFilter.doFilterInternal(CharacterEncodingFilter.java:201)
	at org.springframework.web.filter.OncePerRequestFilter.doFilter(OncePerRequestFilter.java:116)
	at org.apache.catalina.core.ApplicationFilterChain.internalDoFilter(ApplicationFilterChain.java:174)
	at org.apache.catalina.core.ApplicationFilterChain.doFilter(ApplicationFilterChain.java:149)
	at org.apache.catalina.core.StandardWrapperValve.invoke(StandardWrapperValve.java:167)
	at org.apache.catalina.core.StandardContextValve.invoke(StandardContextValve.java:90)
	at org.apache.catalina.authenticator.AuthenticatorBase.invoke(AuthenticatorBase.java:482)
	at org.apache.catalina.core.StandardHostValve.invoke(StandardHostValve.java:115)
	at org.apache.catalina.valves.ErrorReportValve.invoke(ErrorReportValve.java:93)
	at org.apache.catalina.core.StandardEngineValve.invoke(StandardEngineValve.java:74)
	at org.apache.catalina.connector.CoyoteAdapter.service(CoyoteAdapter.java:340)
	at org.apache.coyote.http11.Http11Processor.service(Http11Processor.java:391)
	at org.apache.coyote.AbstractProcessorLight.process(AbstractProcessorLight.java:63)
	at org.apache.coyote.AbstractProtocol$ConnectionHandler.process(AbstractProtocol.java:896)
	at org.apache.tomcat.util.net.NioEndpoint$SocketProcessor.doRun(NioEndpoint.java:1744)
	at org.apache.tomcat.util.net.SocketProcessorBase.run(SocketProcessorBase.java:52)
	at org.apache.tomcat.util.threads.ThreadPoolExecutor.runWorker(ThreadPoolExecutor.java:1191)
	at org.apache.tomcat.util.threads.ThreadPoolExecutor$Worker.run(ThreadPoolExecutor.java:659)
	at org.apache.tomcat.util.threads.TaskThread$WrappingRunnable.run(TaskThread.java:61)
	at java.base/java.lang.Thread.run(Thread.java:840)
2026-03-22 14:05:02.748 [http-nio-8888-exec-5] [49898f587ef643a8] ERROR c.musheng.common.exception.GlobalExceptionHandler - 系统异常 /api/v1/document/settlement/list: No static resource v1/document/settlement/list.
org.springframework.web.servlet.resource.NoResourceFoundException: No static resource v1/document/settlement/list.
	at org.springframework.web.servlet.resource.ResourceHttpRequestHandler.handleRequest(ResourceHttpRequestHandler.java:585)
	at org.springframework.web.servlet.mvc.HttpRequestHandlerAdapter.handle(HttpRequestHandlerAdapter.java:52)
	at org.springframework.web.servlet.DispatcherServlet.doDispatch(DispatcherServlet.java:1089)
	at org.springframework.web.servlet.DispatcherServlet.doService(DispatcherServlet.java:979)
	at org.springframework.web.servlet.FrameworkServlet.processRequest(FrameworkServlet.java:1014)
	at org.springframework.web.servlet.FrameworkServlet.doGet(FrameworkServlet.java:903)
	at jakarta.servlet.http.HttpServlet.service(HttpServlet.java:564)
	at org.springframework.web.servlet.FrameworkServlet.service(FrameworkServlet.java:885)
	at jakarta.servlet.http.HttpServlet.service(HttpServlet.java:658)
	at org.apache.catalina.core.ApplicationFilterChain.internalDoFilter(ApplicationFilterChain.java:205)
	at org.apache.catalina.core.ApplicationFilterChain.doFilter(ApplicationFilterChain.java:149)
	at org.apache.tomcat.websocket.server.WsFilter.doFilter(WsFilter.java:51)
	at org.apache.catalina.core.ApplicationFilterChain.internalDoFilter(ApplicationFilterChain.java:174)
	at org.apache.catalina.core.ApplicationFilterChain.doFilter(ApplicationFilterChain.java:149)
	at com.musheng.filter.TraceIdFilter.doFilterInternal(TraceIdFilter.java:61)
	at org.springframework.web.filter.OncePerRequestFilter.doFilter(OncePerRequestFilter.java:116)
	at org.apache.catalina.core.ApplicationFilterChain.internalDoFilter(ApplicationFilterChain.java:174)
	at org.apache.catalina.core.ApplicationFilterChain.doFilter(ApplicationFilterChain.java:149)
	at cn.dev33.satoken.filter.SaServletFilter.doFilter(SaServletFilter.java:150)
	at org.apache.catalina.core.ApplicationFilterChain.internalDoFilter(ApplicationFilterChain.java:174)
	at org.apache.catalina.core.ApplicationFilterChain.doFilter(ApplicationFilterChain.java:149)
	at org.springframework.web.filter.RequestContextFilter.doFilterInternal(RequestContextFilter.java:100)
	at org.springframework.web.filter.OncePerRequestFilter.doFilter(OncePerRequestFilter.java:116)
	at org.apache.catalina.core.ApplicationFilterChain.internalDoFilter(ApplicationFilterChain.java:174)
	at org.apache.catalina.core.ApplicationFilterChain.doFilter(ApplicationFilterChain.java:149)
	at cn.dev33.satoken.filter.SaPathCheckFilterForJakartaServlet.doFilter(SaPathCheckFilterForJakartaServlet.java:55)
	at org.apache.catalina.core.ApplicationFilterChain.internalDoFilter(ApplicationFilterChain.java:174)
	at org.apache.catalina.core.ApplicationFilterChain.doFilter(ApplicationFilterChain.java:149)
	at org.springframework.web.filter.FormContentFilter.doFilterInternal(FormContentFilter.java:93)
	at org.springframework.web.filter.OncePerRequestFilter.doFilter(OncePerRequestFilter.java:116)
	at org.apache.catalina.core.ApplicationFilterChain.internalDoFilter(ApplicationFilterChain.java:174)
	at org.apache.catalina.core.ApplicationFilterChain.doFilter(ApplicationFilterChain.java:149)
	at org.springframework.web.filter.CharacterEncodingFilter.doFilterInternal(CharacterEncodingFilter.java:201)
	at org.springframework.web.filter.OncePerRequestFilter.doFilter(OncePerRequestFilter.java:116)
	at org.apache.catalina.core.ApplicationFilterChain.internalDoFilter(ApplicationFilterChain.java:174)
	at org.apache.catalina.core.ApplicationFilterChain.doFilter(ApplicationFilterChain.java:149)
	at org.apache.catalina.core.StandardWrapperValve.invoke(StandardWrapperValve.java:167)
	at org.apache.catalina.core.StandardContextValve.invoke(StandardContextValve.java:90)
	at org.apache.catalina.authenticator.AuthenticatorBase.invoke(AuthenticatorBase.java:482)
	at org.apache.catalina.core.StandardHostValve.invoke(StandardHostValve.java:115)
	at org.apache.catalina.valves.ErrorReportValve.invoke(ErrorReportValve.java:93)
	at org.apache.catalina.core.StandardEngineValve.invoke(StandardEngineValve.java:74)
	at org.apache.catalina.connector.CoyoteAdapter.service(CoyoteAdapter.java:340)
	at org.apache.coyote.http11.Http11Processor.service(Http11Processor.java:391)
	at org.apache.coyote.AbstractProcessorLight.process(AbstractProcessorLight.java:63)
	at org.apache.coyote.AbstractProtocol$ConnectionHandler.process(AbstractProtocol.java:896)
	at org.apache.tomcat.util.net.NioEndpoint$SocketProcessor.doRun(NioEndpoint.java:1744)
	at org.apache.tomcat.util.net.SocketProcessorBase.run(SocketProcessorBase.java:52)
	at org.apache.tomcat.util.threads.ThreadPoolExecutor.runWorker(ThreadPoolExecutor.java:1191)
	at org.apache.tomcat.util.threads.ThreadPoolExecutor$Worker.run(ThreadPoolExecutor.java:659)
	at org.apache.tomcat.util.threads.TaskThread$WrappingRunnable.run(TaskThread.java:61)
	at java.base/java.lang.Thread.run(Thread.java:840)
2026-03-22 14:05:14.983 [http-nio-8888-exec-7] [d9977cf558464598] INFO  com.musheng.aop.RequestLogAspect - [请求开始] traceId=d9977cf558464598 userId=1 GET /api/v1/business/document/settlement/894 ip=0:0:0:0:0:0:0:1 方法=DocumentController.getSettlementDetail 参数=[894]
2026-03-22 14:05:14.985 [http-nio-8888-exec-7] [d9977cf558464598] INFO  c.m.b.d.service.impl.DocumentQueryServiceImpl - 查询结算单详情, id=894
2026-03-22 14:05:15.374 [http-nio-8888-exec-7] [d9977cf558464598] INFO  com.musheng.aop.RequestLogAspect - [请求结束] traceId=d9977cf558464598 GET /api/v1/business/document/settlement/894 耗时=368ms 响应=Result(code=0, message=success, data=SettlementVO(id=894, documentNo=20250805003, settlementDate=2025-08-05, periodStart=2025-07-01, periodEnd=2025-07-31, siteCode=GBP, siteSequence=003, buyerName=东莞市慕声商贸有限公司, sellerName=Hong Kong Andeo Group Limited, totalQuantity=8890, totalAmount=51723.2800, items=[SettlementItemVO(id=13770, lineNo=1, msku=MS-D06-2-2-, currency=GBP, unitPrice=7.3600, quantity=34, amount=250.2400), SettlementItemVO(id=13771, lineNo=2, msku=MS-D06-2-3-, currency=GBP, unitPrice=...[已截断]
2026-03-22 14:05:26.802 [http-nio-8888-exec-9] [7865160599f043c2] INFO  com.musheng.aop.RequestLogAspect - [请求开始] traceId=7865160599f043c2 userId=1 GET /api/v1/business/document/export/settlement/894 ip=0:0:0:0:0:0:0:1 方法=DocumentController.exportSettlement 参数=[894, org.apache.catalina.connector.ResponseFacade@5543e0ff]
2026-03-22 14:05:26.803 [http-nio-8888-exec-9] [7865160599f043c2] INFO  c.m.b.document.controller.DocumentController - 导出结算单 Excel，ID: 894
2026-03-22 14:05:26.803 [http-nio-8888-exec-9] [7865160599f043c2] INFO  c.m.b.d.service.impl.DocumentExportServiceImpl - 导出结算单 Excel, settlementId=894
2026-03-22 14:05:29.343 [http-nio-8888-exec-9] [7865160599f043c2] INFO  com.musheng.aop.RequestLogAspect - [请求结束] traceId=7865160599f043c2 GET /api/v1/business/document/export/settlement/894 耗时=2541ms 响应=null
2026-03-22 14:06:21.103 [http-nio-8888-exec-1] [e711b6841f184859] INFO  com.musheng.aop.RequestLogAspect - [请求开始] traceId=e711b6841f184859 userId=未登录 POST /api/v1/auth/login ip=0:0:0:0:0:0:0:1 方法=AuthController.login 参数=[LoginRequest(username=admin, password=123456), org.apache.catalina.connector.RequestFacade@72c6f2d1]
2026-03-22 14:06:21.274 [http-nio-8888-exec-1] [e711b6841f184859] INFO  com.musheng.system.service.impl.AuthServiceImpl - User logged in successfully: admin
2026-03-22 14:06:21.281 [http-nio-8888-exec-1] [e711b6841f184859] INFO  com.musheng.aop.RequestLogAspect - [请求结束] traceId=e711b6841f184859 POST /api/v1/auth/login 耗时=179ms 响应=Result(code=0, message=success, data=LoginResponse(token=4829dc8e-d4ae-4c5c-a8db-03ac80a874a2, tokenType=Bearer, expiresIn=86400, userInfo=LoginResponse.UserInfo(id=1, username=admin, realName=System Administrator, role=admin, roleCode=admin, roleName=Administrator, avatar=null, email=null, phone=null, status=1, createTime=2026-01-19T20:38:39, lastLoginTime=2026-03-22T14:06:21.215838), permissions=[*]), timestamp=1774159581276, requestId=null)
2026-03-22 14:06:28.807 [http-nio-8888-exec-3] [6d34c98955c54bc0] INFO  com.musheng.aop.RequestLogAspect - [请求开始] traceId=6d34c98955c54bc0 userId=1 GET /api/v1/business/document/export/settlement/894 ip=0:0:0:0:0:0:0:1 方法=DocumentController.exportSettlement 参数=[894, org.apache.catalina.connector.ResponseFacade@7011d86e]
2026-03-22 14:06:28.808 [http-nio-8888-exec-3] [6d34c98955c54bc0] INFO  c.m.b.document.controller.DocumentController - 导出结算单 Excel，ID: 894
2026-03-22 14:06:28.808 [http-nio-8888-exec-3] [6d34c98955c54bc0] INFO  c.m.b.d.service.impl.DocumentExportServiceImpl - 导出结算单 Excel, settlementId=894
2026-03-22 14:06:29.445 [http-nio-8888-exec-3] [6d34c98955c54bc0] INFO  com.musheng.aop.RequestLogAspect - [请求结束] traceId=6d34c98955c54bc0 GET /api/v1/business/document/export/settlement/894 耗时=638ms 响应=null
2026-03-22 14:06:46.393 [http-nio-8888-exec-4] [3dce9f99def14e12] INFO  com.musheng.aop.RequestLogAspect - [请求开始] traceId=3dce9f99def14e12 userId=1 GET /api/v1/business/document/list ip=0:0:0:0:0:0:0:1 方法=DocumentController.listDocuments 参数=[INV, null, null, null, 1, 20]
2026-03-22 14:06:46.396 [http-nio-8888-exec-4] [3dce9f99def14e12] INFO  c.m.b.d.service.impl.DocumentQueryServiceImpl - 分页查询单据列表, 类型=INV, 编号=null
2026-03-22 14:06:46.549 [http-nio-8888-exec-4] [3dce9f99def14e12] INFO  com.musheng.aop.RequestLogAspect - [请求结束] traceId=3dce9f99def14e12 GET /api/v1/business/document/list 耗时=135ms 响应=Result(code=0, message=success, data=PageResult(records=[], total=0, page=1, size=20, pages=0), timestamp=1774159606528, requestId=null)
2026-03-22 14:06:52.979 [http-nio-8888-exec-6] [ee8bf9c14fb74929] INFO  com.musheng.aop.RequestLogAspect - [请求开始] traceId=ee8bf9c14fb74929 userId=1 POST /api/v1/business/document/inv/generate ip=0:0:0:0:0:0:0:1 方法=DocumentController.generateInvoices 参数=[[894, 895, 896]]
2026-03-22 14:06:52.980 [http-nio-8888-exec-6] [ee8bf9c14fb74929] INFO  c.m.b.document.controller.DocumentController - 生成INV发票，结算单数量: 3
2026-03-22 14:06:52.984 [http-nio-8888-exec-6] [ee8bf9c14fb74929] INFO  c.m.b.d.service.impl.DocumentGenerateServiceImpl - 开始生成INV发票，结算单ID数量: 3
2026-03-22 14:06:53.068 [http-nio-8888-exec-6] [ee8bf9c14fb74929] INFO  c.m.b.d.service.impl.DocumentGenerateServiceImpl - INV主表持久化成功，编号: 20250808001, 站点: GBP
2026-03-22 14:06:53.612 [http-nio-8888-exec-6] [ee8bf9c14fb74929] INFO  c.m.b.d.service.impl.DocumentGenerateServiceImpl - INV主表持久化成功，编号: 20250910002, 站点: GBP
2026-03-22 14:06:53.812 [http-nio-8888-exec-6] [ee8bf9c14fb74929] INFO  c.m.b.d.service.impl.DocumentGenerateServiceImpl - INV主表持久化成功，编号: 20251013003, 站点: GBP
2026-03-22 14:06:54.164 [http-nio-8888-exec-6] [ee8bf9c14fb74929] INFO  c.m.b.d.service.impl.DocumentGenerateServiceImpl - INV生成完成，共 3 份
2026-03-22 14:06:54.214 [http-nio-8888-exec-6] [ee8bf9c14fb74929] INFO  com.musheng.aop.RequestLogAspect - [请求结束] traceId=ee8bf9c14fb74929 POST /api/v1/business/document/inv/generate 耗时=1199ms 响应=Result(code=0, message=success, data=[DocumentInv(shopId=1, documentNo=20250808001, invDate=2025-08-08, settlementId=894, siteCode=GBP, siteSequence=003, sellerName=Hong Kong Andeo Group Limited, sellerAddress=ROOM 1201, 12/F TAI SANG BANK BUILDING 130-132 DES VOEUX ROAD, CENTRAL HONGKONG, buyerName=东莞市慕声商贸有限公司, buyerAddress=广东省东莞市虎门镇连升路82号虎门万达广场2栋606房, sellerPhone=00852-54682464, buyerPhone=18575382420, totalQuantity=8890, totalAmount=51723.2800, bankAccountName=Hong Kong Andeo Group Limited, b...[已截断]
2026-03-22 14:07:01.724 [http-nio-8888-exec-7] [98cf6380ebeb4314] INFO  com.musheng.aop.RequestLogAspect - [请求开始] traceId=98cf6380ebeb4314 userId=1 GET /api/v1/business/document/export/inv/565 ip=0:0:0:0:0:0:0:1 方法=DocumentController.exportInv 参数=[565, org.apache.catalina.connector.ResponseFacade@5e0cfa94]
2026-03-22 14:07:01.728 [http-nio-8888-exec-7] [98cf6380ebeb4314] INFO  c.m.b.document.controller.DocumentController - 导出INV Excel，ID: 565
2026-03-22 14:07:01.728 [http-nio-8888-exec-7] [98cf6380ebeb4314] INFO  c.m.b.d.service.impl.DocumentExportServiceImpl - 导出INV Excel, invId=565
2026-03-22 14:07:03.461 [http-nio-8888-exec-7] [98cf6380ebeb4314] INFO  com.musheng.aop.RequestLogAspect - [请求结束] traceId=98cf6380ebeb4314 GET /api/v1/business/document/export/inv/565 耗时=1739ms 响应=null
2026-03-22 14:07:21.451 [http-nio-8888-exec-9] [546109dad2aa4424] INFO  com.musheng.aop.RequestLogAspect - [请求开始] traceId=546109dad2aa4424 userId=1 GET /api/v1/business/document/list ip=0:0:0:0:0:0:0:1 方法=DocumentController.listDocuments 参数=[DN, null, null, null, 1, 20]
2026-03-22 14:07:21.457 [http-nio-8888-exec-9] [546109dad2aa4424] INFO  c.m.b.d.service.impl.DocumentQueryServiceImpl - 分页查询单据列表, 类型=DN, 编号=null
2026-03-22 14:07:21.559 [http-nio-8888-exec-9] [546109dad2aa4424] INFO  com.musheng.aop.RequestLogAspect - [请求结束] traceId=546109dad2aa4424 GET /api/v1/business/document/list 耗时=110ms 响应=Result(code=0, message=success, data=PageResult(records=[], total=0, page=1, size=20, pages=0), timestamp=1774159641559, requestId=null)
2026-03-22 14:07:34.139 [http-nio-8888-exec-10] [c44367d06d7c4a08] INFO  com.musheng.aop.RequestLogAspect - [请求开始] traceId=c44367d06d7c4a08 userId=1 POST /api/v1/business/document/dn/generate ip=0:0:0:0:0:0:0:1 方法=DocumentController.generateDn 参数=[DnGenerateRequest(anchorDate=2025-07-31, shipmentIds=[54, 55, 56])]
2026-03-22 14:07:34.140 [http-nio-8888-exec-10] [c44367d06d7c4a08] INFO  c.m.b.document.controller.DocumentController - 生成DN送货单，锚点日期: 2025-07-31，货件数量: 3
2026-03-22 14:07:34.149 [http-nio-8888-exec-10] [c44367d06d7c4a08] INFO  c.m.b.d.service.impl.DocumentGenerateServiceImpl - 开始生成DN送货单，锚点日期: 2025-07-31, 货件ID数量: 3
2026-03-22 14:07:34.369 [http-nio-8888-exec-10] [c44367d06d7c4a08] INFO  c.m.b.d.service.impl.DocumentGenerateServiceImpl - DN主表持久化成功，编号: 20250731001, ID: 50
2026-03-22 14:07:34.516 [http-nio-8888-exec-10] [c44367d06d7c4a08] INFO  c.m.b.d.service.impl.DocumentGenerateServiceImpl - DN明细持久化成功，明细数量: 89
2026-03-22 14:07:34.534 [http-nio-8888-exec-10] [c44367d06d7c4a08] INFO  com.musheng.aop.RequestLogAspect - [请求结束] traceId=c44367d06d7c4a08 POST /api/v1/business/document/dn/generate 耗时=392ms 响应=Result(code=0, message=success, data=DocumentDn(shopId=1, documentNo=20250731001, siteCode=UK, dnDate=2025-07-31, supplierName=Hong Kong Andeo Group Limited, customerName=東莞市慕聲商貿有限公司, totalQuantity=2552, periodStart=2025-07-02, periodEnd=2025-07-31), timestamp=1774159654518, requestId=null)
2026-03-22 14:07:47.080 [http-nio-8888-exec-1] [bdce5aca786d4c71] INFO  com.musheng.aop.RequestLogAspect - [请求开始] traceId=bdce5aca786d4c71 userId=1 GET /api/v1/business/document/export/dn/50 ip=0:0:0:0:0:0:0:1 方法=DocumentController.exportDn 参数=[50, org.apache.catalina.connector.ResponseFacade@56620d91]
2026-03-22 14:07:47.083 [http-nio-8888-exec-1] [bdce5aca786d4c71] INFO  c.m.b.document.controller.DocumentController - 导出DN Excel，ID: 50
2026-03-22 14:07:47.083 [http-nio-8888-exec-1] [bdce5aca786d4c71] INFO  c.m.b.d.service.impl.DocumentExportServiceImpl - 导出DN Excel, dnId=50
2026-03-22 14:07:47.384 [http-nio-8888-exec-1] [bdce5aca786d4c71] INFO  com.musheng.aop.RequestLogAspect - [请求结束] traceId=bdce5aca786d4c71 GET /api/v1/business/document/export/dn/50 耗时=305ms 响应=null
2026-03-22 14:08:37.289 [http-nio-8888-exec-8] [04c0ba7ab7664195] INFO  com.musheng.aop.RequestLogAspect - [请求开始] traceId=04c0ba7ab7664195 userId=未登录 POST /api/v1/auth/login ip=0:0:0:0:0:0:0:1 方法=AuthController.login 参数=[LoginRequest(username=admin, password=123456), org.apache.catalina.connector.RequestFacade@3bdec5b]
2026-03-22 14:08:37.448 [http-nio-8888-exec-8] [04c0ba7ab7664195] INFO  com.musheng.system.service.impl.AuthServiceImpl - User logged in successfully: admin
2026-03-22 14:08:37.460 [http-nio-8888-exec-8] [04c0ba7ab7664195] INFO  com.musheng.aop.RequestLogAspect - [请求结束] traceId=04c0ba7ab7664195 POST /api/v1/auth/login 耗时=169ms 响应=Result(code=0, message=success, data=LoginResponse(token=4829dc8e-d4ae-4c5c-a8db-03ac80a874a2, tokenType=Bearer, expiresIn=86400, userInfo=LoginResponse.UserInfo(id=1, username=admin, realName=System Administrator, role=admin, roleCode=admin, roleName=Administrator, avatar=null, email=null, phone=null, status=1, createTime=2026-01-19T20:38:39, lastLoginTime=2026-03-22T14:08:37.419478), permissions=[*]), timestamp=1774159717451, requestId=null)
2026-03-22 14:08:37.623 [http-nio-8888-exec-10] [18858852e1c542c2] INFO  com.musheng.aop.RequestLogAspect - [请求开始] traceId=18858852e1c542c2 userId=1 GET /api/v1/config/marketplaces/enabled ip=0:0:0:0:0:0:0:1 方法=MarketplaceController.getEnabled 参数=[]
2026-03-22 14:08:37.623 [http-nio-8888-exec-2] [5d19c8209cc440b3] INFO  com.musheng.aop.RequestLogAspect - [请求开始] traceId=5d19c8209cc440b3 userId=1 GET /api/v1/config/data-clean/modules ip=0:0:0:0:0:0:0:1 方法=DataCleanController.getModules 参数=[]
2026-03-22 14:08:37.623 [http-nio-8888-exec-3] [dfe9d16b1db7494c] INFO  com.musheng.aop.RequestLogAspect - [请求开始] traceId=dfe9d16b1db7494c userId=1 GET /api/v1/config/shop/options ip=0:0:0:0:0:0:0:1 方法=ShopController.options 参数=[]
2026-03-22 14:08:37.641 [http-nio-8888-exec-3] [dfe9d16b1db7494c] INFO  com.musheng.aop.RequestLogAspect - [请求结束] traceId=dfe9d16b1db7494c GET /api/v1/config/shop/options 耗时=19ms 响应=Result(code=0, message=success, data=[Shop(shopCode=DEFAULT, shopName=默认店铺, sellerId=null, companyName=东莞市慕声商贸有限公司, taxId=91441900MA4WNG4C6H, status=1, remark=系统默认店铺), Shop(shopCode=TEST-001, shopName=慕声北美店铺, sellerId=1234567654, companyName=1234567876543, taxId=1234567876543, status=1, remark=1234567654)], timestamp=1774159717641, requestId=null)
2026-03-22 14:08:37.644 [http-nio-8888-exec-10] [18858852e1c542c2] INFO  com.musheng.aop.RequestLogAspect - [请求结束] traceId=18858852e1c542c2 GET /api/v1/config/marketplaces/enabled 耗时=16ms 响应=Result(code=0, message=success, data=[Marketplace(siteCode=CA, siteName=加拿大站, marketplaceId=A2EUQ1WTGCTBG2, currencyCode=CAD, sellerId=APNDJLWNA7H88, headerLanguage=EN, dateFormat=MMM d, yyyy h:mm:ss a z, numberFormat=., timezone=America/Toronto, status=1), Marketplace(siteCode=DE, siteName=德国站, marketplaceId=A1PA6795UKMFR9, currencyCode=EUR, sellerId=A11Y51I5ZXY4AO, headerLanguage=DE, dateFormat=dd.MM.yyyy HH:mm:ss z, numberFormat=,, timezone=Europe/Berlin, status=1), Marketplace(siteCode=UK, s...[已截断]
2026-03-22 14:08:37.715 [http-nio-8888-exec-2] [5d19c8209cc440b3] INFO  com.musheng.aop.RequestLogAspect - [请求结束] traceId=5d19c8209cc440b3 GET /api/v1/config/data-clean/modules 耗时=91ms 响应=Result(code=0, message=success, data=[DataCleanModuleVO(moduleCode=sales, moduleName=销售数据, description=清理销售结算数据, dataCount=92169), DataCleanModuleVO(moduleCode=shipping, moduleName=配送数据, description=清理配送费用数据, dataCount=55702), DataCleanModuleVO(moduleCode=advertising, moduleName=广告数据, description=清理广告账单及明细, dataCount=426), DataCleanModuleVO(moduleCode=fba_shipment, moduleName=FBA货件, description=清理FBA货件及SKU明细, dataCount=171), DataCleanModuleVO(moduleCode=document_po_dn, moduleName=PO/DN单据, descri...[已截断]
2026-03-22 14:08:43.111 [http-nio-8888-exec-6] [53a85d0c7109481f] INFO  com.musheng.aop.RequestLogAspect - [请求开始] traceId=53a85d0c7109481f userId=1 DELETE /api/v1/config/data-clean/modules/document_po_dn ip=0:0:0:0:0:0:0:1 方法=DataCleanController.cleanModule 参数=[document_po_dn, null]
2026-03-22 14:08:43.116 [http-nio-8888-exec-6] [53a85d0c7109481f] INFO  c.m.c.dataclean.service.impl.DataCleanServiceImpl - 开始清理数据 - 店铺:1, 模块:PO/DN单据, 站点:全部
2026-03-22 14:08:43.128 [http-nio-8888-exec-6] [53a85d0c7109481f] INFO  c.m.c.dataclean.service.impl.DataCleanServiceImpl - 清理表 t_document_po_item - 删除 68 条
2026-03-22 14:08:43.172 [http-nio-8888-exec-6] [53a85d0c7109481f] INFO  c.m.c.dataclean.service.impl.DataCleanServiceImpl - 清理表 t_document_po - 删除 2 条
2026-03-22 14:08:43.173 [http-nio-8888-exec-6] [53a85d0c7109481f] INFO  c.m.c.dataclean.service.impl.DataCleanServiceImpl - 清理表 t_document_dn_item - 删除 89 条
2026-03-22 14:08:43.175 [http-nio-8888-exec-6] [53a85d0c7109481f] INFO  c.m.c.dataclean.service.impl.DataCleanServiceImpl - 清理表 t_document_dn - 删除 1 条
2026-03-22 14:08:43.175 [http-nio-8888-exec-6] [53a85d0c7109481f] INFO  c.m.c.dataclean.service.impl.DataCleanServiceImpl - 数据清理完成 - 店铺:1, 模块:PO/DN单据, 站点:全部, 共删除 160 条
2026-03-22 14:08:43.179 [http-nio-8888-exec-6] [53a85d0c7109481f] INFO  com.musheng.aop.RequestLogAspect - [请求结束] traceId=53a85d0c7109481f DELETE /api/v1/config/data-clean/modules/document_po_dn 耗时=68ms 响应=Result(code=0, message=success, data=160, timestamp=1774159723179, requestId=null)
2026-03-22 14:08:43.198 [http-nio-8888-exec-7] [2279598e48a74dd0] INFO  com.musheng.aop.RequestLogAspect - [请求开始] traceId=2279598e48a74dd0 userId=1 GET /api/v1/config/data-clean/modules ip=0:0:0:0:0:0:0:1 方法=DataCleanController.getModules 参数=[]
2026-03-22 14:08:43.258 [http-nio-8888-exec-7] [2279598e48a74dd0] INFO  com.musheng.aop.RequestLogAspect - [请求结束] traceId=2279598e48a74dd0 GET /api/v1/config/data-clean/modules 耗时=61ms 响应=Result(code=0, message=success, data=[DataCleanModuleVO(moduleCode=sales, moduleName=销售数据, description=清理销售结算数据, dataCount=92169), DataCleanModuleVO(moduleCode=shipping, moduleName=配送数据, description=清理配送费用数据, dataCount=55702), DataCleanModuleVO(moduleCode=advertising, moduleName=广告数据, description=清理广告账单及明细, dataCount=426), DataCleanModuleVO(moduleCode=fba_shipment, moduleName=FBA货件, description=清理FBA货件及SKU明细, dataCount=171), DataCleanModuleVO(moduleCode=document_po_dn, moduleName=PO/DN单据, descri...[已截断]
2026-03-22 14:08:46.344 [http-nio-8888-exec-9] [ce095eff603b4b2d] INFO  com.musheng.aop.RequestLogAspect - [请求开始] traceId=ce095eff603b4b2d userId=1 DELETE /api/v1/config/data-clean/modules/document_settlement_inv ip=0:0:0:0:0:0:0:1 方法=DataCleanController.cleanModule 参数=[document_settlement_inv, null]
2026-03-22 14:08:46.349 [http-nio-8888-exec-9] [ce095eff603b4b2d] INFO  c.m.c.dataclean.service.impl.DataCleanServiceImpl - 开始清理数据 - 店铺:1, 模块:结算单/INV, 站点:全部
2026-03-22 14:08:46.370 [http-nio-8888-exec-9] [ce095eff603b4b2d] INFO  c.m.c.dataclean.service.impl.DataCleanServiceImpl - 清理表 t_document_settlement_item - 删除 1149 条
2026-03-22 14:08:46.371 [http-nio-8888-exec-9] [ce095eff603b4b2d] INFO  c.m.c.dataclean.service.impl.DataCleanServiceImpl - 清理表 t_document_settlement - 删除 3 条
2026-03-22 14:08:46.395 [http-nio-8888-exec-9] [ce095eff603b4b2d] INFO  c.m.c.dataclean.service.impl.DataCleanServiceImpl - 清理表 t_document_inv_item - 删除 1149 条
2026-03-22 14:08:46.396 [http-nio-8888-exec-9] [ce095eff603b4b2d] INFO  c.m.c.dataclean.service.impl.DataCleanServiceImpl - 清理表 t_document_inv - 删除 3 条
2026-03-22 14:08:46.396 [http-nio-8888-exec-9] [ce095eff603b4b2d] INFO  c.m.c.dataclean.service.impl.DataCleanServiceImpl - 数据清理完成 - 店铺:1, 模块:结算单/INV, 站点:全部, 共删除 2304 条
2026-03-22 14:08:46.410 [http-nio-8888-exec-9] [ce095eff603b4b2d] INFO  com.musheng.aop.RequestLogAspect - [请求结束] traceId=ce095eff603b4b2d DELETE /api/v1/config/data-clean/modules/document_settlement_inv 耗时=66ms 响应=Result(code=0, message=success, data=2304, timestamp=1774159726404, requestId=null)
2026-03-22 14:08:46.447 [http-nio-8888-exec-1] [4b749331f20d497d] INFO  com.musheng.aop.RequestLogAspect - [请求开始] traceId=4b749331f20d497d userId=1 GET /api/v1/config/data-clean/modules ip=0:0:0:0:0:0:0:1 方法=DataCleanController.getModules 参数=[]
2026-03-22 14:08:46.482 [http-nio-8888-exec-1] [4b749331f20d497d] INFO  com.musheng.aop.RequestLogAspect - [请求结束] traceId=4b749331f20d497d GET /api/v1/config/data-clean/modules 耗时=35ms 响应=Result(code=0, message=success, data=[DataCleanModuleVO(moduleCode=sales, moduleName=销售数据, description=清理销售结算数据, dataCount=92169), DataCleanModuleVO(moduleCode=shipping, moduleName=配送数据, description=清理配送费用数据, dataCount=55702), DataCleanModuleVO(moduleCode=advertising, moduleName=广告数据, description=清理广告账单及明细, dataCount=426), DataCleanModuleVO(moduleCode=fba_shipment, moduleName=FBA货件, description=清理FBA货件及SKU明细, dataCount=171), DataCleanModuleVO(moduleCode=document_po_dn, moduleName=PO/DN单据, descri...[已截断]
2026-03-22 14:08:56.162 [http-nio-8888-exec-10] [4f6db73a22694b81] INFO  com.musheng.aop.RequestLogAspect - [请求开始] traceId=4f6db73a22694b81 userId=1 GET /api/v1/business/document-party-config/list ip=0:0:0:0:0:0:0:1 方法=DocumentPartyConfigController.list 参数=[]
2026-03-22 14:08:56.280 [http-nio-8888-exec-10] [4f6db73a22694b81] INFO  com.musheng.aop.RequestLogAspect - [请求结束] traceId=4f6db73a22694b81 GET /api/v1/business/document-party-config/list 耗时=83ms 响应=Result(code=0, message=success, data=[DocumentPartyConfigVO(id=2, siteCode=CA, buyerName=东莞市慕声商贸有限公司, buyerAddress=广东省东莞市虎门镇连升路82号虎门万达广场2栋606房, buyerPhone=18575382420, buyerNameEn=Dongguan Musheng Trade Co., Ltd., sellerName=Hong Kong Andeo Group Limited, sellerAddress=ROOM 1201, 12/F TAI SANG BANK BUILDING 130-132 DES VOEUX ROAD, CENTRAL HONGKONG, sellerPhone=00852-54682464, supplierName=Hong Kong Andeo Group Limited, customerNameTc=東莞市慕聲商貿有限公司, bankAccountName=Hong Kong Andeo Group Limited, ba...[已截断]
2026-03-22 14:10:06.321 [http-nio-8888-exec-4] [c242c071936e4a33] INFO  com.musheng.aop.RequestLogAspect - [请求开始] traceId=c242c071936e4a33 userId=1 PUT /api/v1/business/document-party-config/update ip=0:0:0:0:0:0:0:1 方法=DocumentPartyConfigController.update 参数=[DocumentPartyConfigDTO(id=3, siteCode=UK, buyerName=111111111111111, buyerAddress=3333333, buyerPhone=13540967787, buyerNameEn=2222222, sellerName=4444444444, sellerAddress=yewutetpweoupoweit[qir[pqwriqw[pitqe[ptuiewoptieropyueroituewoituwe, sellerPhone=00852-5555555, supplierName=4444444444, customerNameTc=11111111111111-0001, bankAccountName=Hong Kong Andeo Group Limited 003, bankAccountNumber=010-110-112-134, bankName=Bank of China (Hong Kong) Limited 004, bankAddress=Bank of China Tower, 1 Garden Road, Central, Hong Kong006, swiftCode=BKCHHKHH005)]
2026-03-22 14:10:06.428 [http-nio-8888-exec-4] [c242c071936e4a33] INFO  c.m.b.d.s.impl.DocumentPartyConfigServiceImpl - 修改交易方配置成功，id=3, siteCode=UK
2026-03-22 14:10:06.429 [http-nio-8888-exec-4] [c242c071936e4a33] INFO  com.musheng.aop.RequestLogAspect - [请求结束] traceId=c242c071936e4a33 PUT /api/v1/business/document-party-config/update 耗时=129ms 响应=Result(code=0, message=success, data=null, timestamp=1774159806429, requestId=null)
2026-03-22 14:10:06.475 [http-nio-8888-exec-8] [7b5d9f9338c544d2] INFO  com.musheng.aop.RequestLogAspect - [请求开始] traceId=7b5d9f9338c544d2 userId=1 GET /api/v1/business/document-party-config/list ip=0:0:0:0:0:0:0:1 方法=DocumentPartyConfigController.list 参数=[]
2026-03-22 14:10:06.490 [http-nio-8888-exec-8] [7b5d9f9338c544d2] INFO  com.musheng.aop.RequestLogAspect - [请求结束] traceId=7b5d9f9338c544d2 GET /api/v1/business/document-party-config/list 耗时=15ms 响应=Result(code=0, message=success, data=[DocumentPartyConfigVO(id=2, siteCode=CA, buyerName=东莞市慕声商贸有限公司, buyerAddress=广东省东莞市虎门镇连升路82号虎门万达广场2栋606房, buyerPhone=18575382420, buyerNameEn=Dongguan Musheng Trade Co., Ltd., sellerName=Hong Kong Andeo Group Limited, sellerAddress=ROOM 1201, 12/F TAI SANG BANK BUILDING 130-132 DES VOEUX ROAD, CENTRAL HONGKONG, sellerPhone=00852-54682464, supplierName=Hong Kong Andeo Group Limited, customerNameTc=東莞市慕聲商貿有限公司, bankAccountName=Hong Kong Andeo Group Limited, ba...[已截断]
2026-03-22 14:10:09.445 [http-nio-8888-exec-1] [c40a208a156b4644] INFO  com.musheng.aop.RequestLogAspect - [请求开始] traceId=c40a208a156b4644 userId=1 GET /api/v1/business/document/list ip=0:0:0:0:0:0:0:1 方法=DocumentController.listDocuments 参数=[null, null, null, null, 1, 20]
2026-03-22 14:10:09.447 [http-nio-8888-exec-1] [c40a208a156b4644] INFO  c.m.b.d.service.impl.DocumentQueryServiceImpl - 分页查询单据列表, 类型=null, 编号=null
2026-03-22 14:10:09.539 [http-nio-8888-exec-1] [c40a208a156b4644] INFO  com.musheng.aop.RequestLogAspect - [请求结束] traceId=c40a208a156b4644 GET /api/v1/business/document/list 耗时=94ms 响应=Result(code=0, message=success, data=PageResult(records=[], total=0, page=1, size=20, pages=0), timestamp=1774159809539, requestId=null)
2026-03-22 14:10:11.049 [http-nio-8888-exec-3] [80deeaf9bd064bbf] INFO  com.musheng.aop.RequestLogAspect - [请求开始] traceId=80deeaf9bd064bbf userId=1 GET /api/v1/config/marketplaces/enabled ip=0:0:0:0:0:0:0:1 方法=MarketplaceController.getEnabled 参数=[]
2026-03-22 14:10:11.062 [http-nio-8888-exec-3] [80deeaf9bd064bbf] INFO  com.musheng.aop.RequestLogAspect - [请求结束] traceId=80deeaf9bd064bbf GET /api/v1/config/marketplaces/enabled 耗时=14ms 响应=Result(code=0, message=success, data=[Marketplace(siteCode=CA, siteName=加拿大站, marketplaceId=A2EUQ1WTGCTBG2, currencyCode=CAD, sellerId=APNDJLWNA7H88, headerLanguage=EN, dateFormat=MMM d, yyyy h:mm:ss a z, numberFormat=., timezone=America/Toronto, status=1), Marketplace(siteCode=DE, siteName=德国站, marketplaceId=A1PA6795UKMFR9, currencyCode=EUR, sellerId=A11Y51I5ZXY4AO, headerLanguage=DE, dateFormat=dd.MM.yyyy HH:mm:ss z, numberFormat=,, timezone=Europe/Berlin, status=1), Marketplace(siteCode=UK, s...[已截断]
2026-03-22 14:10:12.105 [http-nio-8888-exec-2] [e599bee5b8194e3a] INFO  com.musheng.aop.RequestLogAspect - [请求开始] traceId=e599bee5b8194e3a userId=1 GET /api/v1/config/marketplaces/enabled ip=0:0:0:0:0:0:0:1 方法=MarketplaceController.getEnabled 参数=[]
2026-03-22 14:10:12.113 [http-nio-8888-exec-2] [e599bee5b8194e3a] INFO  com.musheng.aop.RequestLogAspect - [请求结束] traceId=e599bee5b8194e3a GET /api/v1/config/marketplaces/enabled 耗时=9ms 响应=Result(code=0, message=success, data=[Marketplace(siteCode=CA, siteName=加拿大站, marketplaceId=A2EUQ1WTGCTBG2, currencyCode=CAD, sellerId=APNDJLWNA7H88, headerLanguage=EN, dateFormat=MMM d, yyyy h:mm:ss a z, numberFormat=., timezone=America/Toronto, status=1), Marketplace(siteCode=DE, siteName=德国站, marketplaceId=A1PA6795UKMFR9, currencyCode=EUR, sellerId=A11Y51I5ZXY4AO, headerLanguage=DE, dateFormat=dd.MM.yyyy HH:mm:ss z, numberFormat=,, timezone=Europe/Berlin, status=1), Marketplace(siteCode=UK, s...[已截断]
2026-03-22 14:10:13.023 [http-nio-8888-exec-6] [579ad2b8aeb1461b] INFO  com.musheng.aop.RequestLogAspect - [请求开始] traceId=579ad2b8aeb1461b userId=1 GET /api/v1/config/marketplaces/enabled ip=0:0:0:0:0:0:0:1 方法=MarketplaceController.getEnabled 参数=[]
2026-03-22 14:10:13.032 [http-nio-8888-exec-6] [579ad2b8aeb1461b] INFO  com.musheng.aop.RequestLogAspect - [请求结束] traceId=579ad2b8aeb1461b GET /api/v1/config/marketplaces/enabled 耗时=8ms 响应=Result(code=0, message=success, data=[Marketplace(siteCode=CA, siteName=加拿大站, marketplaceId=A2EUQ1WTGCTBG2, currencyCode=CAD, sellerId=APNDJLWNA7H88, headerLanguage=EN, dateFormat=MMM d, yyyy h:mm:ss a z, numberFormat=., timezone=America/Toronto, status=1), Marketplace(siteCode=DE, siteName=德国站, marketplaceId=A1PA6795UKMFR9, currencyCode=EUR, sellerId=A11Y51I5ZXY4AO, headerLanguage=DE, dateFormat=dd.MM.yyyy HH:mm:ss z, numberFormat=,, timezone=Europe/Berlin, status=1), Marketplace(siteCode=UK, s...[已截断]
2026-03-22 14:10:16.561 [http-nio-8888-exec-7] [548dc6969c5e42e9] INFO  com.musheng.aop.RequestLogAspect - [请求开始] traceId=548dc6969c5e42e9 userId=1 GET /api/v1/business/fba-shipment/list ip=0:0:0:0:0:0:0:1 方法=FbaShipmentController.list 参数=[null, null, null, null, UK, 2025-07-01, 2025-09-30, 1, 200]
2026-03-22 14:10:16.644 [http-nio-8888-exec-7] [548dc6969c5e42e9] INFO  com.musheng.aop.RequestLogAspect - [请求结束] traceId=548dc6969c5e42e9 GET /api/v1/business/fba-shipment/list 耗时=62ms 响应=Result(code=0, message=success, data=PageResult(records=[FbaShipment(shopId=1, shipmentId=FBA15KS3Q60G, shipmentName=RP250828003, status=CLOSED, warehouseCode=BHX4, shopName=null, country=Great Britain (United Kingdom; England), siteCode=UK, state=West Midlands, city=Coventry, streetAddress=Plot 1, Lyons Park,, houseNumber=, createdDate=2025-08-29T17:55, updatedDate=2025-11-15T03:09, skuCount=32, totalQuantity=743, totalReceivedQuantity=743, recipient=Amazon EU SARL (UK), postalCode=CV5 9PF, imp...[已截断]
2026-03-22 14:10:21.670 [http-nio-8888-exec-9] [2c9e09e2ea16422d] INFO  com.musheng.aop.RequestLogAspect - [请求开始] traceId=2c9e09e2ea16422d userId=1 POST /api/v1/business/document/po/generate ip=0:0:0:0:0:0:0:1 方法=DocumentController.generatePo 参数=[PoGenerateRequest(shipmentIds=[51])]
2026-03-22 14:10:21.671 [http-nio-8888-exec-9] [2c9e09e2ea16422d] INFO  c.m.b.document.controller.DocumentController - 生成PO采购订单，货件数量: 1
2026-03-22 14:10:21.672 [http-nio-8888-exec-9] [2c9e09e2ea16422d] INFO  c.m.b.d.service.impl.DocumentGenerateServiceImpl - 开始生成PO采购订单，货件ID数量: 1
2026-03-22 14:10:21.704 [http-nio-8888-exec-9] [2c9e09e2ea16422d] INFO  c.m.b.d.service.impl.DocumentGenerateServiceImpl - PO主表持久化成功，编号: 20250902001, ID: 78
2026-03-22 14:10:21.732 [http-nio-8888-exec-9] [2c9e09e2ea16422d] INFO  c.m.b.d.service.impl.DocumentGenerateServiceImpl - PO明细持久化成功，明细数量: 11
2026-03-22 14:10:21.734 [http-nio-8888-exec-9] [2c9e09e2ea16422d] INFO  com.musheng.aop.RequestLogAspect - [请求结束] traceId=2c9e09e2ea16422d POST /api/v1/business/document/po/generate 耗时=65ms 响应=Result(code=0, message=success, data=DocumentPo(shopId=1, documentNo=20250902001, siteCode=UK, poDate=2025-09-02, buyerName=111111111111111, buyerAddress=3333333, sellerName=4444444444, totalQuantity=101, shipmentCount=1), timestamp=1774159821733, requestId=null)
2026-03-22 14:10:21.757 [http-nio-8888-exec-3] [8ec290229d5a40c3] INFO  com.musheng.aop.RequestLogAspect - [请求开始] traceId=8ec290229d5a40c3 userId=1 GET /api/v1/business/document/export/po/78 ip=0:0:0:0:0:0:0:1 方法=DocumentController.exportPo 参数=[78, org.apache.catalina.connector.ResponseFacade@b4883eb]
2026-03-22 14:10:21.757 [http-nio-8888-exec-3] [8ec290229d5a40c3] INFO  c.m.b.document.controller.DocumentController - 导出PO Excel，ID: 78
2026-03-22 14:10:21.758 [http-nio-8888-exec-3] [8ec290229d5a40c3] INFO  c.m.b.d.service.impl.DocumentExportServiceImpl - 导出PO Excel, poId=78
2026-03-22 14:10:21.876 [http-nio-8888-exec-3] [8ec290229d5a40c3] INFO  com.musheng.aop.RequestLogAspect - [请求结束] traceId=8ec290229d5a40c3 GET /api/v1/business/document/export/po/78 耗时=119ms 响应=null
2026-03-22 14:10:32.919 [http-nio-8888-exec-2] [d41f3f72b2b94939] INFO  com.musheng.aop.RequestLogAspect - [请求开始] traceId=d41f3f72b2b94939 userId=1 POST /api/v1/business/document/dn/generate ip=0:0:0:0:0:0:0:1 方法=DocumentController.generateDn 参数=[DnGenerateRequest(anchorDate=2025-09-02, shipmentIds=[51])]
2026-03-22 14:10:32.921 [http-nio-8888-exec-2] [d41f3f72b2b94939] INFO  c.m.b.document.controller.DocumentController - 生成DN送货单，锚点日期: 2025-09-02，货件数量: 1
2026-03-22 14:10:32.923 [http-nio-8888-exec-2] [d41f3f72b2b94939] INFO  c.m.b.d.service.impl.DocumentGenerateServiceImpl - 开始生成DN送货单，锚点日期: 2025-09-02, 货件ID数量: 1
2026-03-22 14:10:33.014 [http-nio-8888-exec-2] [d41f3f72b2b94939] INFO  c.m.b.d.service.impl.DocumentGenerateServiceImpl - DN主表持久化成功，编号: 20250902001, ID: 51
2026-03-22 14:10:33.023 [http-nio-8888-exec-2] [d41f3f72b2b94939] INFO  c.m.b.d.service.impl.DocumentGenerateServiceImpl - DN明细持久化成功，明细数量: 11
2026-03-22 14:10:33.025 [http-nio-8888-exec-2] [d41f3f72b2b94939] INFO  com.musheng.aop.RequestLogAspect - [请求结束] traceId=d41f3f72b2b94939 POST /api/v1/business/document/dn/generate 耗时=105ms 响应=Result(code=0, message=success, data=DocumentDn(shopId=1, documentNo=20250902001, siteCode=UK, dnDate=2025-09-02, supplierName=4444444444, customerName=11111111111111-0001, totalQuantity=101, periodStart=2025-08-29, periodEnd=2025-09-02), timestamp=1774159833024, requestId=null)
2026-03-22 14:10:33.058 [http-nio-8888-exec-5] [fdeeac48bfaf4e52] INFO  com.musheng.aop.RequestLogAspect - [请求开始] traceId=fdeeac48bfaf4e52 userId=1 GET /api/v1/business/document/export/dn/51 ip=0:0:0:0:0:0:0:1 方法=DocumentController.exportDn 参数=[51, org.apache.catalina.connector.ResponseFacade@68116d9c]
2026-03-22 14:10:33.059 [http-nio-8888-exec-5] [fdeeac48bfaf4e52] INFO  c.m.b.document.controller.DocumentController - 导出DN Excel，ID: 51
2026-03-22 14:10:33.059 [http-nio-8888-exec-5] [fdeeac48bfaf4e52] INFO  c.m.b.d.service.impl.DocumentExportServiceImpl - 导出DN Excel, dnId=51
2026-03-22 14:10:33.159 [http-nio-8888-exec-5] [fdeeac48bfaf4e52] INFO  com.musheng.aop.RequestLogAspect - [请求结束] traceId=fdeeac48bfaf4e52 GET /api/v1/business/document/export/dn/51 耗时=101ms 响应=null
2026-03-22 14:10:36.527 [http-nio-8888-exec-4] [48d6380ba6b84659] INFO  com.musheng.aop.RequestLogAspect - [请求开始] traceId=48d6380ba6b84659 userId=1 GET /api/v1/config/marketplaces/enabled ip=0:0:0:0:0:0:0:1 方法=MarketplaceController.getEnabled 参数=[]
2026-03-22 14:10:36.551 [http-nio-8888-exec-4] [48d6380ba6b84659] INFO  com.musheng.aop.RequestLogAspect - [请求结束] traceId=48d6380ba6b84659 GET /api/v1/config/marketplaces/enabled 耗时=22ms 响应=Result(code=0, message=success, data=[Marketplace(siteCode=CA, siteName=加拿大站, marketplaceId=A2EUQ1WTGCTBG2, currencyCode=CAD, sellerId=APNDJLWNA7H88, headerLanguage=EN, dateFormat=MMM d, yyyy h:mm:ss a z, numberFormat=., timezone=America/Toronto, status=1), Marketplace(siteCode=DE, siteName=德国站, marketplaceId=A1PA6795UKMFR9, currencyCode=EUR, sellerId=A11Y51I5ZXY4AO, headerLanguage=DE, dateFormat=dd.MM.yyyy HH:mm:ss z, numberFormat=,, timezone=Europe/Berlin, status=1), Marketplace(siteCode=UK, s...[已截断]
2026-03-22 14:10:41.691 [http-nio-8888-exec-7] [df67d69233124b5d] INFO  com.musheng.aop.RequestLogAspect - [请求开始] traceId=df67d69233124b5d userId=1 POST /api/v1/business/document/settlement/generate ip=0:0:0:0:0:0:0:1 方法=DocumentController.generateSettlements 参数=[SettlementGenerateRequest(periodStart=2025-07-01, periodEnd=2025-09-30, siteCodes=[UK])]
2026-03-22 14:10:41.691 [http-nio-8888-exec-7] [df67d69233124b5d] INFO  c.m.b.document.controller.DocumentController - 生成结算单，周期: 2025-07-01 ~ 2025-09-30，站点: [UK]
2026-03-22 14:10:41.693 [http-nio-8888-exec-7] [df67d69233124b5d] INFO  c.m.b.d.service.impl.DocumentGenerateServiceImpl - 开始生成结算单，周期: 2025-07-01 ~ 2025-09-30
2026-03-22 14:10:41.724 [http-nio-8888-exec-7] [df67d69233124b5d] INFO  c.m.b.d.service.impl.DocumentGenerateServiceImpl - 构建 SettlementInput 完成，共 383 条明细
2026-03-22 14:10:41.755 [http-nio-8888-exec-7] [df67d69233124b5d] INFO  c.m.b.d.service.impl.DocumentGenerateServiceImpl - 结算单生成 12 份，过滤空结算单后剩余 3 份（有数据）
2026-03-22 14:10:41.763 [http-nio-8888-exec-7] [df67d69233124b5d] INFO  c.m.b.d.service.impl.DocumentGenerateServiceImpl - 结算单主表持久化成功，编号: 20250805003, 站点: GBP
2026-03-22 14:10:41.919 [http-nio-8888-exec-7] [df67d69233124b5d] INFO  c.m.b.d.service.impl.DocumentGenerateServiceImpl - 结算单主表持久化成功，编号: 20250905003, 站点: GBP
2026-03-22 14:10:42.115 [http-nio-8888-exec-7] [df67d69233124b5d] INFO  c.m.b.d.service.impl.DocumentGenerateServiceImpl - 结算单主表持久化成功，编号: 20251008003, 站点: GBP
2026-03-22 14:10:42.273 [http-nio-8888-exec-7] [df67d69233124b5d] INFO  c.m.b.d.service.impl.DocumentGenerateServiceImpl - 结算单生成完成，共 3 份
2026-03-22 14:10:42.277 [http-nio-8888-exec-7] [df67d69233124b5d] INFO  com.musheng.aop.RequestLogAspect - [请求结束] traceId=df67d69233124b5d POST /api/v1/business/document/settlement/generate 耗时=587ms 响应=Result(code=0, message=success, data=[DocumentSettlement(shopId=1, documentNo=20250805003, settlementDate=2025-08-05, periodStart=2025-07-01, periodEnd=2025-07-31, siteCode=GBP, siteSequence=003, buyerName=111111111111111, buyerAddress=3333333, sellerName=4444444444, totalQuantity=8890, totalAmount=51723.2800), DocumentSettlement(shopId=1, documentNo=20250905003, settlementDate=2025-09-05, periodStart=2025-08-01, periodEnd=2025-08-31, siteCode=GBP, siteSequence=003, buyerName=111111111111111, bu...[已截断]
2026-03-22 14:10:42.298 [http-nio-8888-exec-9] [83fdc1e0629a403c] INFO  com.musheng.aop.RequestLogAspect - [请求开始] traceId=83fdc1e0629a403c userId=1 POST /api/v1/business/document/export/settlement/batch ip=0:0:0:0:0:0:0:1 方法=DocumentController.batchExportSettlement 参数=[[897, 898, 899], org.apache.catalina.connector.ResponseFacade@dd7d439]
2026-03-22 14:10:42.298 [http-nio-8888-exec-9] [83fdc1e0629a403c] INFO  c.m.b.document.controller.DocumentController - 批量导出结算单，数量: 3
2026-03-22 14:10:42.298 [http-nio-8888-exec-9] [83fdc1e0629a403c] INFO  c.m.b.d.service.impl.DocumentExportServiceImpl - 批量导出结算单, 数量=3
2026-03-22 14:10:43.026 [http-nio-8888-exec-9] [83fdc1e0629a403c] INFO  com.musheng.aop.RequestLogAspect - [请求结束] traceId=83fdc1e0629a403c POST /api/v1/business/document/export/settlement/batch 耗时=728ms 响应=null
2026-03-22 14:10:43.451 [http-nio-8888-exec-3] [e2f18982dc7f491b] INFO  com.musheng.aop.RequestLogAspect - [请求开始] traceId=e2f18982dc7f491b userId=1 POST /api/v1/business/document/inv/generate ip=0:0:0:0:0:0:0:1 方法=DocumentController.generateInvoices 参数=[[897, 898, 899]]
2026-03-22 14:10:43.451 [http-nio-8888-exec-3] [e2f18982dc7f491b] INFO  c.m.b.document.controller.DocumentController - 生成INV发票，结算单数量: 3
2026-03-22 14:10:43.453 [http-nio-8888-exec-3] [e2f18982dc7f491b] INFO  c.m.b.d.service.impl.DocumentGenerateServiceImpl - 开始生成INV发票，结算单ID数量: 3
2026-03-22 14:10:43.498 [http-nio-8888-exec-3] [e2f18982dc7f491b] INFO  c.m.b.d.service.impl.DocumentGenerateServiceImpl - INV主表持久化成功，编号: 20250808001, 站点: GBP
2026-03-22 14:10:43.731 [http-nio-8888-exec-3] [e2f18982dc7f491b] INFO  c.m.b.d.service.impl.DocumentGenerateServiceImpl - INV主表持久化成功，编号: 20250910002, 站点: GBP
2026-03-22 14:10:43.889 [http-nio-8888-exec-3] [e2f18982dc7f491b] INFO  c.m.b.d.service.impl.DocumentGenerateServiceImpl - INV主表持久化成功，编号: 20251013003, 站点: GBP
2026-03-22 14:10:43.990 [http-nio-8888-exec-3] [e2f18982dc7f491b] INFO  c.m.b.d.service.impl.DocumentGenerateServiceImpl - INV生成完成，共 3 份
2026-03-22 14:10:44.000 [http-nio-8888-exec-3] [e2f18982dc7f491b] INFO  com.musheng.aop.RequestLogAspect - [请求结束] traceId=e2f18982dc7f491b POST /api/v1/business/document/inv/generate 耗时=549ms 响应=Result(code=0, message=success, data=[DocumentInv(shopId=1, documentNo=20250808001, invDate=2025-08-08, settlementId=897, siteCode=GBP, siteSequence=003, sellerName=4444444444, sellerAddress=yewutetpweoupoweit[qir[pqwriqw[pitqe[ptuiewoptieropyueroituewoituwe, buyerName=111111111111111, buyerAddress=3333333, sellerPhone=00852-5555555, buyerPhone=13540967787, totalQuantity=8890, totalAmount=51723.2800, bankAccountName=Hong Kong Andeo Group Limited 003, bankAccountNumber=010-110-112-134, bankName=B...[已截断]
2026-03-22 14:10:44.040 [http-nio-8888-exec-2] [c9bad2a4af6a4cd9] INFO  com.musheng.aop.RequestLogAspect - [请求开始] traceId=c9bad2a4af6a4cd9 userId=1 POST /api/v1/business/document/export/inv/batch ip=0:0:0:0:0:0:0:1 方法=DocumentController.batchExportInv 参数=[[568, 569, 570], org.apache.catalina.connector.ResponseFacade@6f787ead]
2026-03-22 14:10:44.041 [http-nio-8888-exec-2] [c9bad2a4af6a4cd9] INFO  c.m.b.document.controller.DocumentController - 批量导出INV，数量: 3
2026-03-22 14:10:44.041 [http-nio-8888-exec-2] [c9bad2a4af6a4cd9] INFO  c.m.b.d.service.impl.DocumentExportServiceImpl - 批量导出INV, 数量=3
2026-03-22 14:10:45.398 [http-nio-8888-exec-6] [226eb0b0fd8f4075] INFO  com.musheng.aop.RequestLogAspect - [请求开始] traceId=226eb0b0fd8f4075 userId=1 GET /api/v1/business/document/export/settlement/898 ip=0:0:0:0:0:0:0:1 方法=DocumentController.exportSettlement 参数=[898, org.apache.catalina.connector.ResponseFacade@3e824db2]
2026-03-22 14:10:45.399 [http-nio-8888-exec-6] [226eb0b0fd8f4075] INFO  c.m.b.document.controller.DocumentController - 导出结算单 Excel，ID: 898
2026-03-22 14:10:45.399 [http-nio-8888-exec-6] [226eb0b0fd8f4075] INFO  c.m.b.d.service.impl.DocumentExportServiceImpl - 导出结算单 Excel, settlementId=898
2026-03-22 14:10:45.580 [http-nio-8888-exec-6] [226eb0b0fd8f4075] INFO  com.musheng.aop.RequestLogAspect - [请求结束] traceId=226eb0b0fd8f4075 GET /api/v1/business/document/export/settlement/898 耗时=182ms 响应=null
2026-03-22 14:10:47.709 [http-nio-8888-exec-2] [c9bad2a4af6a4cd9] INFO  com.musheng.aop.RequestLogAspect - [请求结束] traceId=c9bad2a4af6a4cd9 POST /api/v1/business/document/export/inv/batch 耗时=3670ms 响应=null
2026-03-22 14:10:48.262 [http-nio-8888-exec-7] [a01fa163518d43b7] INFO  com.musheng.aop.RequestLogAspect - [请求开始] traceId=a01fa163518d43b7 userId=1 GET /api/v1/business/document/export/inv/569 ip=0:0:0:0:0:0:0:1 方法=DocumentController.exportInv 参数=[569, org.apache.catalina.connector.ResponseFacade@3b37a468]
2026-03-22 14:10:48.262 [http-nio-8888-exec-7] [a01fa163518d43b7] INFO  c.m.b.document.controller.DocumentController - 导出INV Excel，ID: 569
2026-03-22 14:10:48.262 [http-nio-8888-exec-7] [a01fa163518d43b7] INFO  c.m.b.d.service.impl.DocumentExportServiceImpl - 导出INV Excel, invId=569
2026-03-22 14:10:49.426 [http-nio-8888-exec-7] [a01fa163518d43b7] INFO  com.musheng.aop.RequestLogAspect - [请求结束] traceId=a01fa163518d43b7 GET /api/v1/business/document/export/inv/569 耗时=1165ms 响应=null
