店铺,发票编号,发票状态,支付类型,账单周期,开具时间,付款币种,账单金额,广告活动,活动ID,计价方式,点击,平均点击单价,费用,其他费分摊,取值来源,承担商品,广告类型
慕声欧洲-UK,2012576M7PA25,PAID_IN_FULL,CREDIT_CARD,2025-06-27至2025-07-02,2025-07-01,GBP,513.39,D28手动广泛,205478948551481,CPC,6,0.42,2.49,0.00,业务报告,"MSUK-D28-209-3,MSUK-D28-268-3,MSUK-D28-2-5,MSUK-D28-20-5,MSUK-D28-206-5,MSUK-D28-209-2,MSUK-D28-20-2,MSUK-D28-209-5,MSUK-D28-6-5",SPONSORED PRODUCTS
慕声欧洲-UK,2012576M7PA25,PAID_IN_FULL,CREDIT_CARD,2025-06-27至2025-07-02,2025-07-01,GBP,513.39,D33手动,206422330535806,CPC,59,0.39,23.05,0.00,业务报告,"MSUK-D33-5-5,MSUK-D33-6-5,MSUK-D33-26-2,MSUK-D33-26-4,MSUK-D33-2-4,MSUK-D33-25-4",SPONSORED PRODUCTS
慕声欧洲-UK,2012576M7PA25,PAID_IN_FULL,CREDIT_CARD,2025-06-27至2025-07-02,2025-07-01,GBP,513.39,D33自动,227191886882379,CPC,63,0.26,16.38,0.00,业务报告,"MSUK-D33-2-4,MSUK-D33-25-4,MSUK-D33-26-4,MSUK-D33-6-5,MSUK-D33-26-2,MSUK-D33-5-5",SPONSORED PRODUCTS
慕声欧洲-UK,2012576M7PA25,PAID_IN_FULL,CREDIT_CARD,2025-06-27至2025-07-02,2025-07-01,GBP,513.39,D42手动,271743845417844,CPC,33,0.41,13.58,0.00,业务报告,"MSUK-D42-2-4,MSUK-D42-6-5,MSUK-D42-5-4,MSUK-D42-7-5,MSUK-D42-6-3,MSUK-D42-5-2,MSUK-D42-7-2,MSUK-D42-6-2,MSUK-D42-2-5,MSUK-D42-2-3,MSUK-D42-7-4,MSUK-D42-256-4,MSUK-D42-256-3,MSUK-D42-2-2,MSUK-D42-256-5,MSUK-D42-25-3,MSUK-D42-256-2,MSUK-D42-25-2,MSUK-D42-25-5,MSUK-D42-6-4,MSUK-D42-7-3,MSUK-D42-5-5,MSUK-D42-5-3,MSUK-D42-25-4",SPONSORED PRODUCTS
慕声欧洲-UK,2012576M7PA25,PAID_IN_FULL,CREDIT_CARD,2025-06-27至2025-07-02,2025-07-01,GBP,513.39,D63-精准3词,283094973144205,CPC,42,0.34,14.31,0.00,业务报告,"MSUK-D63-509-5,MSUK-D63-205-2,MSUK-D63-20-3,MSUK-D63-20-5,MSUK-D63-20-2,MSUK-D63-205-4,MSUK-D63-256-3,MSUK-D63-209-2,MSUK-D63-206-2,MSUK-D63-25-3,MSUK-D63-209-4,MSUK-D63-205-5,MSUK-D63-206-5,MSUK-D63-25-4",SPONSORED PRODUCTS
慕声欧洲-UK,2012576M7PA25,PAID_IN_FULL,CREDIT_CARD,2025-06-27至2025-07-02,2025-07-01,GBP,513.39,D75自动,292856546679709,CPC,57,0.37,20.91,0.00,业务报告,"MSUK-D75-268-2,MSUK-D75-206-5,MSUK-D75-268-4,MSUK-D75-206-2,MSUK-D75-2-4,MSUK-D75-2-5,MSUK-D75-208-4,MSUK-D75-2-3,MSUK-D75-2-2,MSUK-D75-20-3,MSUK-D75-20-4,MSUK-D75-206-3,MSUK-D75-20-2,MSUK-D75-206-4,MSUK-D75-208-2,MSUK-D75-208-5,MSUK-D75-20-5,MSUK-D75-208-3,MSUK-D75-268-5,MSUK-D75-268-3",SPONSORED PRODUCTS
慕声欧洲-UK,2012576M7PA25,PAID_IN_FULL,CREDIT_CARD,2025-06-27至2025-07-02,2025-07-01,GBP,513.39,D70自动,296350599943294,CPC,101,0.40,40.71,0.00,业务报告,"MSUK-D70-5-3,MSUK-D70-6-4,MSUK-D70-5-6,MSUK-D70-6-5,MSUK-D70-7-3,MSUK-D70-6-3,MSUK-D70-5-5,MSUK-D70-7-2,MSUK-D70-6-2,MSUK-D70-2-2,MSUK-D70-2-4,MSUK-D70-5-4,MSUK-D70-5-2,MSUK-D70-2-5,MSUK-D70-2-6,MSUK-D70-7-6,MSUK-D70-6-6,MSUK-D70-7-5,MSUK-D70-2-3,MSUK-D70-7-4",SPONSORED PRODUCTS
慕声欧洲-UK,2012576M7PA25,PAID_IN_FULL,CREDIT_CARD,2025-06-27至2025-07-02,2025-07-01,GBP,513.39,D70手动,307778534079657,CPC,84,0.43,35.94,0.00,业务报告,"MSUK-D70-2-6,MSUK-D70-7-5,MSUK-D70-6-3,MSUK-D70-2-5,MSUK-D70-5-6,MSUK-D70-2-3,MSUK-D70-7-3,MSUK-D70-5-3,MSUK-D70-7-2,MSUK-D70-2-2,MSUK-D70-7-6,MSUK-D70-6-2,MSUK-D70-5-2,MSUK-D70-7-4,MSUK-D70-2-4,MSUK-D70-5-5,MSUK-D70-5-4,MSUK-D70-6-4,MSUK-D70-6-6,MSUK-D70-6-5",SPONSORED PRODUCTS
慕声欧洲-UK,2012576M7PA25,PAID_IN_FULL,CREDIT_CARD,2025-06-27至2025-07-02,2025-07-01,GBP,513.39,D47-手动广泛,316931612471628,CPC,65,0.43,27.83,0.00,业务报告,"MSUK-D47-6-2,MSUK-D47-7-3,MSUK-D47-6-5,MSUK-D47-2-2,MSUK-D47-2-3,MSUK-D47-6-6,MSUK-D47-7-5,MSUK-D47-6-3,MSUK-D47-2-6,MSUK-D47-6-4,MSUK-D47-5-5,MSUK-D47-5-6,MSUK-D47-5-3,MSUK-D47-7-4,MSUK-D47-5-4,MSUK-D47-5-2,MSUK-D47-2-4,MSUK-D47-2-5",SPONSORED PRODUCTS
慕声欧洲-UK,2012576M7PA25,PAID_IN_FULL,CREDIT_CARD,2025-06-27至2025-07-02,2025-07-01,GBP,513.39,D22手动精准,32209886985230,CPC,32,0.36,11.63,0.00,业务报告,"MS-D22-25-2,MS-D22-2-3,MS-D22-5-2,MS-D22-5-4,MS-D22-0-5,MS-D22-506-4,MS-D22-0-2,MS-D22-5-3,MS-D22-25-5,MS-D22-7-4,MS-D22-27-5,MS-D22-6-5,MS-D22-5-5,MS-D22-25-4,MS-D22-506-2,MS-D22-2-5,MS-D22-25-3,MS-D22-2-2,MS-D22-27-3,MS-D22-7-2,MS-D22-7-5,MS-D22-205-4",SPONSORED PRODUCTS
慕声欧洲-UK,2012576M7PA25,PAID_IN_FULL,CREDIT_CARD,2025-06-27至2025-07-02,2025-07-01,GBP,513.39,D75手动,338343636569035,CPC,41,0.43,17.64,0.00,业务报告,"MSUK-D75-206-3,MSUK-D75-208-4,MSUK-D75-20-3,MSUK-D75-2-5,MSUK-D75-208-3,MSUK-D75-268-5,MSUK-D75-268-2,MSUK-D75-208-2,MSUK-D75-20-5,MSUK-D75-268-3,MSUK-D75-2-2,MSUK-D75-20-4,MSUK-D75-208-5,MSUK-D75-206-5,MSUK-D75-20-2,MSUK-D75-206-2,MSUK-D75-206-4,MSUK-D75-2-4,MSUK-D75-2-3,MSUK-D75-268-4",SPONSORED PRODUCTS
慕声欧洲-UK,2012576M7PA25,PAID_IN_FULL,CREDIT_CARD,2025-06-27至2025-07-02,2025-07-01,GBP,513.39,D23自动5.31,340918862675495,CPC,68,0.21,13.94,0.00,业务报告,"MS-D23-29-3,MS-D23-0-4,MS-D23-2-3,MS-D23-209-3,MS-D23-2-5,MS-D23-201-2,MS-D23-8-4,MS-D23-2-4,MS-D23-1-4,MS-D23-26-3,MS-D23-1-3",SPONSORED PRODUCTS
慕声欧洲-UK,2012576M7PA25,PAID_IN_FULL,CREDIT_CARD,2025-06-27至2025-07-02,2025-07-01,GBP,513.39,D72自动,361760978626676,CPC,45,0.38,16.97,0.00,业务报告,"MSUK-D72-26-2,MSUK-D72-216-2,MSUK-D72-216-5,MSUK-D72-26-5,MSUK-D72-201-2,MSUK-D72-201-4,MSUK-D72-201-5,MSUK-D72-206-3,MSUK-D72-206-2,MSUK-D72-206-4,MSUK-D72-26-3,MSUK-D72-216-4,MSUK-D72-20-2,MSUK-D72-20-5,MSUK-D72-26-4,MSUK-D72-20-4,MSUK-D72-20-3,MSUK-D72-216-3",SPONSORED PRODUCTS
慕声欧洲-UK,2012576M7PA25,PAID_IN_FULL,CREDIT_CARD,2025-06-27至2025-07-02,2025-07-01,GBP,513.39,D23手动1,385955122005696,CPC,39,0.45,17.51,0.00,业务报告,"MS-D23-1-3,MS-D23-201-5,MS-D23-208-3,MS-D23-216-2,MS-D23-29-4,MS-D23-26-2,MS-D23-20-4,MS-D23-201-4,MS-D23-8-4,MS-D23-20-5,MS-D23-208-4,MS-D23-0-5,MS-D23-209-3,MS-D23-0-3,MS-D23-2-4,MS-D23-201-2,MS-D23-2-3,MS-D23-1-2,MS-D23-26-3,MS-D23-20-3,MS-D23-209-4,MS-D23-0-4,MS-D23-29-3,MS-D23-1-4,MS-D23-1-5,MS-D23-201-3",SPONSORED PRODUCTS
慕声欧洲-UK,2012576M7PA25,PAID_IN_FULL,CREDIT_CARD,2025-06-27至2025-07-02,2025-07-01,GBP,513.39,D47-自动6.1,406284800434695,CPC,51,0.34,17.45,0.00,业务报告,"MSUK-D47-2-5,MSUK-D47-7-3,MSUK-D47-5-3,MSUK-D47-5-2,MSUK-D47-6-2,MSUK-D47-2-3,MSUK-D47-6-3,MSUK-D47-2-4,MSUK-D47-5-6,MSUK-D47-5-5,MSUK-D47-7-4,MSUK-D47-7-6,MSUK-D47-2-2,MSUK-D47-6-4,MSUK-D47-7-5,MSUK-D47-6-5,MSUK-D47-5-4,MSUK-D47-6-6",SPONSORED PRODUCTS
慕声欧洲-UK,2012576M7PA25,PAID_IN_FULL,CREDIT_CARD,2025-06-27至2025-07-02,2025-07-01,GBP,513.39,D74手动,412900525915003,CPC,37,0.55,20.32,0.00,业务报告,"MSUK-D74-5-3,MSUK-D74-2-4,MSUK-D74-6-5,MSUK-D74-6-3,MSUK-D74-5-4,MSUK-D74-6-6,MSUK-D74-5-6,MSUK-D74-7-5,MSUK-D74-2-6,MSUK-D74-7-2,MSUK-D74-7-3,MSUK-D74-5-2,MSUK-D74-2-2,MSUK-D74-2-5,MSUK-D74-6-2,MSUK-D74-5-5,MSUK-D74-2-3,MSUK-D74-7-4,MSUK-D74-6-4",SPONSORED PRODUCTS
慕声欧洲-UK,2012576M7PA25,PAID_IN_FULL,CREDIT_CARD,2025-06-27至2025-07-02,2025-07-01,GBP,513.39,新D06自动,421827185813581,CPC,112,0.27,29.94,0.00,业务报告,"MS-D06-20-2,MS-D06-208-4,MS-D06-2-2-,MS-D06-20-5,MS-D06-2-3-,MS-D06-26-2,MS-D06-20-3,MS-D06-2-4-,MS-D06-2-5-,MS-D06-348-4,MS-D06-209-3,MS-D06-208-3,MS-D06-20-4,MS-D06-209-2,MS-D06-209-5,MS-D06-206-2",SPONSORED PRODUCTS
慕声欧洲-UK,2012576M7PA25,PAID_IN_FULL,CREDIT_CARD,2025-06-27至2025-07-02,2025-07-01,GBP,513.39,D71自动,451712842798364,CPC,17,0.45,7.62,0.00,业务报告,"MSUK-D71-205-2,MSUK-D71-205-3,MSUK-D71-0-3,MSUK-D71-20-5,MSUK-D71-2-2,MSUK-D71-0-4,MSUK-D71-25-2,MSUK-D71-5-7,MSUK-D71-2-6,MSUK-D71-2-3,MSUK-D71-5-3",SPONSORED PRODUCTS
慕声欧洲-UK,2012576M7PA25,PAID_IN_FULL,CREDIT_CARD,2025-06-27至2025-07-02,2025-07-01,GBP,513.39,D60-自动,454472653050311,CPC,35,0.28,9.84,0.00,业务报告,"MSUK-D60-6-5,MSUK-D60-358-5,MSUK-D60-7-3,MSUK-D60-235-3,MSUK-D60-8-5,MSUK-D60-5-3,MSUK-D60-268-5,MSUK-D60-5-1,MSUK-D60-5-5,MSUK-D60-256-5,MSUK-D60-7-5,MSUK-D60-3-5,MSUK-D60-268-1,MSUK-D60-2-5,MSUK-D60-358-1,MSUK-D60-3-1,MSUK-D60-268-3,MSUK-D60-235-1,MSUK-D60-257-5,MSUK-D60-7-1,MSUK-D60-8-1,MSUK-D60-358-3,MSUK-D60-3-3,MSUK-D60-256-1,MSUK-D60-235-5,MSUK-D60-6-3,MSUK-D60-257-3,MSUK-D60-2-3,MSUK-D60-257-1,MSUK-D60-8-3,MSUK-D60-256-3",SPONSORED PRODUCTS
慕声欧洲-UK,2012576M7PA25,PAID_IN_FULL,CREDIT_CARD,2025-06-27至2025-07-02,2025-07-01,GBP,513.39,D25自动1,467321738791432,CPC,51,0.23,11.90,0.00,业务报告,"MSUK-D25-6-3,MSUK-D25-209-4,MSUK-D25-2-5,MSUK-D25-8-4,MSUK-D25-206-4,MSUK-D25-2-2,MSUK-D25-20-3,MSUK-D25-6-2,MSUK-D25-268-5,MSUK-D25-6-4,MSUK-D25-20-4-1,MSUK-D25-209-5,MSUK-D25-6-5,MSUK-D25-8-5,MSUK-D25-268-4,MSUK-D25-2-3,MSUK-D25-268-3,MSUK-D25-2-4,MSUK-D25-209-3,MSUK-D25-8-3,MSUK-D25-8-2,MSUK-D25-206-3,MSUK-D25-206-5",SPONSORED PRODUCTS
慕声欧洲-UK,2012576M7PA25,PAID_IN_FULL,CREDIT_CARD,2025-06-27至2025-07-02,2025-07-01,GBP,513.39,D63自动,468381222837440,CPC,31,0.45,13.87,0.00,业务报告,"MSUK-D63-205-3,MSUK-D63-209-4,MSUK-D63-206-5,MSUK-D63-205-5,MSUK-D63-2f-4,MSUK-D63-209-2,MSUK-D63-256-4,MSUK-D63-2f-3,MSUK-D63-209-3,MSUK-D63-20-3,MSUK-D63-206-4,MSUK-D63-205-4,MSUK-D63-20-5,MSUK-D63-2f-2,MSUK-D63-206-2,MSUK-D63-209-5,MSUK-D63-2f6-5,MSUK-D63-20f-5,MSUK-D63-20f-4,MSUK-D63-256-3",SPONSORED PRODUCTS
慕声欧洲-UK,2012576M7PA25,PAID_IN_FULL,CREDIT_CARD,2025-06-27至2025-07-02,2025-07-01,GBP,513.39,D30自动2-23,497562169763630,CPC,54,0.28,15.13,0.00,业务报告,"MSUK-D30-5-4,MSUK-D30-6-5,MSUK-D30-6-4,MSUK-D30-2-4-1,MSUK-D30-7-4,MSUK-D30-5-2,MSUK-D30-7-2,MSUK-D30-25-4-1,MSUK-D30-7-3,MSUK-D30-25-2,MSUK-D30-7-5,MSUK-D30-25-3,MSUK-D30-2-2,MSUK-D30-5-3,MSUK-D30-2-3,MSUK-D30-25-5,MSUK-D30-6-2,MSUK-D30-6-3,MSUK-D30-5-5,MSUK-D30-2-5",SPONSORED PRODUCTS
慕声欧洲-UK,2012576M7PA25,PAID_IN_FULL,CREDIT_CARD,2025-06-27至2025-07-02,2025-07-01,GBP,513.39,D71-手动精准,505070743851350,CPC,21,0.43,8.97,0.00,业务报告,"MSUK-D71-5-4,MSUK-D71-2-3,MSUK-D71-2-5,MSUK-D71-0-3,MSUK-D71-2-2,MSUK-D71-5-7,MSUK-D71-5-3,MSUK-D71-2-6,MSUK-D71-5-2,MSUK-D71-5-6",SPONSORED PRODUCTS
慕声欧洲-UK,2012576M7PA25,PAID_IN_FULL,CREDIT_CARD,2025-06-27至2025-07-02,2025-07-01,GBP,513.39,D47-手动精准,512596092807998,CPC,25,0.33,8.25,0.00,业务报告,"MSUK-D47-7-3,MSUK-D47-5-5,MSUK-D47-7-5,MSUK-D47-2-6,MSUK-D47-5-6,MSUK-D47-6-6,MSUK-D47-6-4,MSUK-D47-2-4,MSUK-D47-2-3,MSUK-D47-5-3,MSUK-D47-6-3,MSUK-D47-6-5,MSUK-D47-2-2,MSUK-D47-5-2,MSUK-D47-7-4",SPONSORED PRODUCTS
慕声欧洲-UK,2012576M7PA25,PAID_IN_FULL,CREDIT_CARD,2025-06-27至2025-07-02,2025-07-01,GBP,513.39,D74自动,519517451658382,CPC,41,0.43,17.70,0.00,业务报告,"MSUK-D74-2-5,MSUK-D74-7-5,MSUK-D74-2-2,MSUK-D74-2-4,MSUK-D74-2-6,MSUK-D74-7-3,MSUK-D74-5-2,MSUK-D74-6-5,MSUK-D74-7-2,MSUK-D74-5-3,MSUK-D74-5-6,MSUK-D74-2-3,MSUK-D74-6-3,MSUK-D74-5-4,MSUK-D74-7-4,MSUK-D74-5-5,MSUK-D74-6-6,MSUK-D74-6-2,MSUK-D74-7-6,MSUK-D74-6-4",SPONSORED PRODUCTS
慕声欧洲-UK,2012576M7PA25,PAID_IN_FULL,CREDIT_CARD,2025-06-27至2025-07-02,2025-07-01,GBP,513.39,D73-手动,520750068765726,CPC,35,0.52,18.15,0.00,业务报告,"MSUK-D73-269-3,MSUK-D73-26-5,MSUK-D73-206-3,MSUK-D73-209-3,MSUK-D73-206-5,MSUK-D73-209-5,MSUK-D73-209-4,MSUK-D73-269-4,MSUK-D73-20-2,MSUK-D73-20-3,MSUK-D73-20-5,MSUK-D73-269-5,MSUK-D73-26-3,MSUK-D73-206-4,MSUK-D73-206-2,MSUK-D73-26-4,MSUK-D73-20-4,MSUK-D73-269-2,MSUK-D73-26-2,MSUK-D73-209-2",SPONSORED PRODUCTS
慕声欧洲-UK,2012576M7PA25,PAID_IN_FULL,CREDIT_CARD,2025-06-27至2025-07-02,2025-07-01,GBP,513.39,D22自动新,527135057295761,CPC,83,0.28,23.17,0.00,业务报告,"MS-D22-5-4,MS-D22-6-5,MS-D22-0-5,MS-D22-2-3,MS-D22-205-2,MS-D22-2-2",SPONSORED PRODUCTS
慕声欧洲-UK,2012576M7PA25,PAID_IN_FULL,CREDIT_CARD,2025-06-27至2025-07-02,2025-07-01,GBP,513.39,D72-手动,532736007580196,CPC,34,0.44,15.05,0.00,业务报告,"MSUK-D72-216-3,MSUK-D72-216-2,MSUK-D72-216-4,MSUK-D72-206-4,MSUK-D72-26-4,MSUK-D72-26-3,MSUK-D72-20-5,MSUK-D72-26-5,MSUK-D72-201-3,MSUK-D72-20-2,MSUK-D72-201-2,MSUK-D72-20-4,MSUK-D72-216-5,MSUK-D72-201-5",SPONSORED PRODUCTS
慕声欧洲-UK,2012576M7PA25,PAID_IN_FULL,CREDIT_CARD,2025-06-27至2025-07-02,2025-07-01,GBP,513.39,D42-手动商品-陈,542904453274392,CPC,14,0.36,5.04,0.00,业务报告,"MSUK-D42-6-3,MSUK-D42-7-5,MSUK-D42-25-5,MSUK-D42-7-3,MSUK-D42-6-2,MSUK-D42-2-2,MSUK-D42-5-5,MSUK-D42-25-3,MSUK-D42-6-4,MSUK-D42-7-4,MSUK-D42-6-5,MSUK-D42-25-2,MSUK-D42-5-3,MSUK-D42-256-5,MSUK-D42-5-4,MSUK-D42-5-2,MSUK-D42-256-3,MSUK-D42-2-5,MSUK-D42-2-3,MSUK-D42-256-4,MSUK-D42-7-2,MSUK-D42-256-2",SPONSORED PRODUCTS
慕声欧洲-UK,2012576M7PA25,PAID_IN_FULL,CREDIT_CARD,2025-06-27至2025-07-02,2025-07-01,GBP,513.39,D73自动,552441102016304,CPC,44,0.41,18.10,0.00,业务报告,"MSUK-D73-206-5,MSUK-D73-26-3,MSUK-D73-20-5,MSUK-D73-269-3,MSUK-D73-206-2,MSUK-D73-20-3,MSUK-D73-209-4,MSUK-D73-269-5,MSUK-D73-26-4,MSUK-D73-26-5,MSUK-D73-20-2,MSUK-D73-209-3,MSUK-D73-26-2,MSUK-D73-206-3,MSUK-D73-209-2,MSUK-D73-20-4,MSUK-D73-269-2,MSUK-D73-209-5,MSUK-D73-269-4,MSUK-D73-206-4",SPONSORED PRODUCTS
慕声欧洲-UK,2024153M7PA25,PAID_IN_FULL,CREDIT_CARD,2025-07-01至2025-07-03,2025-07-02,GBP,115.82,D33手动,206422330535806,CPC,16,0.38,6.10,0.00,业务报告,"MSUK-D33-5-5,MSUK-D33-6-5,MSUK-D33-26-2,MSUK-D33-26-4,MSUK-D33-2-4,MSUK-D33-25-4",SPONSORED PRODUCTS
慕声欧洲-UK,2024153M7PA25,PAID_IN_FULL,CREDIT_CARD,2025-07-01至2025-07-03,2025-07-02,GBP,115.82,D33自动,227191886882379,CPC,17,0.25,4.19,0.00,业务报告,"MSUK-D33-2-4,MSUK-D33-26-4,MSUK-D33-6-5,MSUK-D33-26-2,MSUK-D33-5-5,MSUK-D33-25-4",SPONSORED PRODUCTS
慕声欧洲-UK,2024153M7PA25,PAID_IN_FULL,CREDIT_CARD,2025-07-01至2025-07-03,2025-07-02,GBP,115.82,D42手动,271743845417844,CPC,9,0.45,4.09,0.00,业务报告,"MSUK-D42-2-4,MSUK-D42-6-5,MSUK-D42-5-4,MSUK-D42-7-5,MSUK-D42-6-3,MSUK-D42-5-2,MSUK-D42-7-2,MSUK-D42-6-2,MSUK-D42-2-5,MSUK-D42-2-3,MSUK-D42-7-4,MSUK-D42-256-4,MSUK-D42-256-3,MSUK-D42-2-2,MSUK-D42-256-5,MSUK-D42-25-3,MSUK-D42-25-2,MSUK-D42-25-5,MSUK-D42-6-4,MSUK-D42-7-3,MSUK-D42-5-5,MSUK-D42-5-3,MSUK-D42-256-2,MSUK-D42-25-4",SPONSORED PRODUCTS
慕声欧洲-UK,2024153M7PA25,PAID_IN_FULL,CREDIT_CARD,2025-07-01至2025-07-03,2025-07-02,GBP,115.82,D63-精准3词,283094973144205,CPC,12,0.32,3.82,0.00,业务报告,"MSUK-D63-509-5,MSUK-D63-205-2,MSUK-D63-20-3,MSUK-D63-20-5,MSUK-D63-20-2,MSUK-D63-205-4,MSUK-D63-256-3,MSUK-D63-209-2,MSUK-D63-206-2,MSUK-D63-25-3,MSUK-D63-209-4,MSUK-D63-205-5,MSUK-D63-206-5,MSUK-D63-25-4",SPONSORED PRODUCTS
慕声欧洲-UK,2024153M7PA25,PAID_IN_FULL,CREDIT_CARD,2025-07-01至2025-07-03,2025-07-02,GBP,115.82,D75自动,292856546679709,CPC,17,0.36,6.07,0.00,业务报告,"MSUK-D75-268-2,MSUK-D75-206-5,MSUK-D75-268-4,MSUK-D75-206-2,MSUK-D75-2-4,MSUK-D75-2-5,MSUK-D75-208-4,MSUK-D75-2-3,MSUK-D75-2-2,MSUK-D75-20-3,MSUK-D75-20-4,MSUK-D75-206-3,MSUK-D75-20-2,MSUK-D75-206-4,MSUK-D75-208-2,MSUK-D75-208-5,MSUK-D75-20-5,MSUK-D75-208-3,MSUK-D75-268-5,MSUK-D75-268-3",SPONSORED PRODUCTS
慕声欧洲-UK,2024153M7PA25,PAID_IN_FULL,CREDIT_CARD,2025-07-01至2025-07-03,2025-07-02,GBP,115.82,D70自动,296350599943294,CPC,24,0.41,9.88,0.00,业务报告,"MSUK-D70-5-3,MSUK-D70-6-4,MSUK-D70-5-6,MSUK-D70-6-5,MSUK-D70-7-3,MSUK-D70-6-3,MSUK-D70-5-5,MSUK-D70-7-2,MSUK-D70-6-2,MSUK-D70-2-2,MSUK-D70-2-4,MSUK-D70-5-4,MSUK-D70-5-2,MSUK-D70-2-5,MSUK-D70-2-6,MSUK-D70-7-6,MSUK-D70-6-6,MSUK-D70-7-5,MSUK-D70-2-3,MSUK-D70-7-4",SPONSORED PRODUCTS
慕声欧洲-UK,2024153M7PA25,PAID_IN_FULL,CREDIT_CARD,2025-07-01至2025-07-03,2025-07-02,GBP,115.82,D70手动,307778534079657,CPC,16,0.43,6.89,0.00,业务报告,"MSUK-D70-2-6,MSUK-D70-7-5,MSUK-D70-6-3,MSUK-D70-2-5,MSUK-D70-5-6,MSUK-D70-2-3,MSUK-D70-7-3,MSUK-D70-5-3,MSUK-D70-7-2,MSUK-D70-2-2,MSUK-D70-7-6,MSUK-D70-6-2,MSUK-D70-5-2,MSUK-D70-7-4,MSUK-D70-2-4,MSUK-D70-5-5,MSUK-D70-5-4,MSUK-D70-6-4,MSUK-D70-6-6,MSUK-D70-6-5",SPONSORED PRODUCTS
慕声欧洲-UK,2024153M7PA25,PAID_IN_FULL,CREDIT_CARD,2025-07-01至2025-07-03,2025-07-02,GBP,115.82,D47-手动广泛,316931612471628,CPC,16,0.42,6.64,0.00,业务报告,"MSUK-D47-6-2,MSUK-D47-7-3,MSUK-D47-6-5,MSUK-D47-2-2,MSUK-D47-2-3,MSUK-D47-6-6,MSUK-D47-7-5,MSUK-D47-6-3,MSUK-D47-2-6,MSUK-D47-6-4,MSUK-D47-5-5,MSUK-D47-5-6,MSUK-D47-5-3,MSUK-D47-7-4,MSUK-D47-5-4,MSUK-D47-5-2,MSUK-D47-2-4,MSUK-D47-2-5",SPONSORED PRODUCTS
慕声欧洲-UK,2024153M7PA25,PAID_IN_FULL,CREDIT_CARD,2025-07-01至2025-07-03,2025-07-02,GBP,115.82,D22手动精准,32209886985230,CPC,6,0.34,2.04,0.00,业务报告,"MS-D22-25-2,MS-D22-2-3,MS-D22-5-2,MS-D22-5-4,MS-D22-0-5,MS-D22-0-2,MS-D22-5-3,MS-D22-25-5,MS-D22-27-5,MS-D22-6-5,MS-D22-5-5,MS-D22-25-4,MS-D22-27-3,MS-D22-2-5,MS-D22-2-2,MS-D22-7-4,MS-D22-506-2,MS-D22-7-2,MS-D22-7-5,MS-D22-25-3,MS-D22-205-4",SPONSORED PRODUCTS
慕声欧洲-UK,2024153M7PA25,PAID_IN_FULL,CREDIT_CARD,2025-07-01至2025-07-03,2025-07-02,GBP,115.82,D75手动,338343636569035,CPC,8,0.45,3.58,0.00,业务报告,"MSUK-D75-206-3,MSUK-D75-20-3,MSUK-D75-2-5,MSUK-D75-208-3,MSUK-D75-268-5,MSUK-D75-268-2,MSUK-D75-208-2,MSUK-D75-20-5,MSUK-D75-268-3,MSUK-D75-2-2,MSUK-D75-20-4,MSUK-D75-208-5,MSUK-D75-206-5,MSUK-D75-20-2,MSUK-D75-206-2,MSUK-D75-206-4,MSUK-D75-2-4,MSUK-D75-2-3,MSUK-D75-268-4,MSUK-D75-208-4",SPONSORED PRODUCTS
慕声欧洲-UK,2024153M7PA25,PAID_IN_FULL,CREDIT_CARD,2025-07-01至2025-07-03,2025-07-02,GBP,115.82,D23自动5.31,340918862675495,CPC,12,0.16,1.92,0.00,业务报告,"MS-D23-29-3,MS-D23-0-4,MS-D23-2-3,MS-D23-209-3,MS-D23-2-5,MS-D23-201-2,MS-D23-8-4,MS-D23-2-4,MS-D23-1-4,MS-D23-26-3,MS-D23-1-3",SPONSORED PRODUCTS
慕声欧洲-UK,2024153M7PA25,PAID_IN_FULL,CREDIT_CARD,2025-07-01至2025-07-03,2025-07-02,GBP,115.82,D72自动,361760978626676,CPC,12,0.39,4.68,0.00,业务报告,"MSUK-D72-26-2,MSUK-D72-216-2,MSUK-D72-216-5,MSUK-D72-26-5,MSUK-D72-201-2,MSUK-D72-201-4,MSUK-D72-201-5,MSUK-D72-206-3,MSUK-D72-206-2,MSUK-D72-206-4,MSUK-D72-26-3,MSUK-D72-216-4,MSUK-D72-20-2,MSUK-D72-20-5,MSUK-D72-26-4,MSUK-D72-20-4,MSUK-D72-20-3,MSUK-D72-216-3",SPONSORED PRODUCTS
慕声欧洲-UK,2024153M7PA25,PAID_IN_FULL,CREDIT_CARD,2025-07-01至2025-07-03,2025-07-02,GBP,115.82,D23手动1,385955122005696,CPC,8,0.41,3.27,0.00,业务报告,"MS-D23-1-3,MS-D23-201-5,MS-D23-208-3,MS-D23-216-2,MS-D23-29-4,MS-D23-26-2,MS-D23-20-4,MS-D23-201-4,MS-D23-8-4,MS-D23-20-5,MS-D23-208-4,MS-D23-0-5,MS-D23-209-3,MS-D23-0-3,MS-D23-2-4,MS-D23-201-2,MS-D23-2-3,MS-D23-1-2,MS-D23-26-3,MS-D23-20-3,MS-D23-209-4,MS-D23-0-4,MS-D23-29-3,MS-D23-1-4",SPONSORED PRODUCTS
慕声欧洲-UK,2024153M7PA25,PAID_IN_FULL,CREDIT_CARD,2025-07-01至2025-07-03,2025-07-02,GBP,115.82,D47-自动6.1,406284800434695,CPC,14,0.33,4.60,0.00,业务报告,"MSUK-D47-2-5,MSUK-D47-7-3,MSUK-D47-5-3,MSUK-D47-5-2,MSUK-D47-6-2,MSUK-D47-2-3,MSUK-D47-6-3,MSUK-D47-2-4,MSUK-D47-5-6,MSUK-D47-5-5,MSUK-D47-7-4,MSUK-D47-7-6,MSUK-D47-2-2,MSUK-D47-6-4,MSUK-D47-7-5,MSUK-D47-6-5,MSUK-D47-5-4,MSUK-D47-6-6",SPONSORED PRODUCTS
慕声欧洲-UK,2024153M7PA25,PAID_IN_FULL,CREDIT_CARD,2025-07-01至2025-07-03,2025-07-02,GBP,115.82,D74手动,412900525915003,CPC,4,0.56,2.23,0.00,业务报告,"MSUK-D74-5-3,MSUK-D74-2-4,MSUK-D74-6-5,MSUK-D74-6-3,MSUK-D74-5-4,MSUK-D74-6-6,MSUK-D74-5-6,MSUK-D74-7-5,MSUK-D74-2-6,MSUK-D74-7-2,MSUK-D74-7-3,MSUK-D74-5-2,MSUK-D74-2-2,MSUK-D74-2-5,MSUK-D74-6-2,MSUK-D74-5-5,MSUK-D74-2-3,MSUK-D74-7-4,MSUK-D74-6-4",SPONSORED PRODUCTS
慕声欧洲-UK,2024153M7PA25,PAID_IN_FULL,CREDIT_CARD,2025-07-01至2025-07-03,2025-07-02,GBP,115.82,新D06自动,421827185813581,CPC,24,0.26,6.15,0.00,业务报告,"MS-D06-20-2,MS-D06-208-4,MS-D06-2-2-,MS-D06-20-5,MS-D06-2-3-,MS-D06-26-2,MS-D06-20-3,MS-D06-2-4-,MS-D06-2-5-,MS-D06-348-4,MS-D06-209-3,MS-D06-208-3,MS-D06-20-4,MS-D06-209-2,MS-D06-209-5,MS-D06-206-2",SPONSORED PRODUCTS
慕声欧洲-UK,2024153M7PA25,PAID_IN_FULL,CREDIT_CARD,2025-07-01至2025-07-03,2025-07-02,GBP,115.82,D71自动,451712842798364,CPC,6,0.38,2.27,0.00,业务报告,"MSUK-D71-205-2,MSUK-D71-205-3,MSUK-D71-0-3,MSUK-D71-20-5,MSUK-D71-2-2,MSUK-D71-0-4,MSUK-D71-25-2,MSUK-D71-5-7,MSUK-D71-2-6,MSUK-D71-2-3,MSUK-D71-5-3",SPONSORED PRODUCTS
慕声欧洲-UK,2024153M7PA25,PAID_IN_FULL,CREDIT_CARD,2025-07-01至2025-07-03,2025-07-02,GBP,115.82,D60-自动,454472653050311,CPC,11,0.29,3.16,0.00,业务报告,"MSUK-D60-6-5,MSUK-D60-358-5,MSUK-D60-7-3,MSUK-D60-235-3,MSUK-D60-8-5,MSUK-D60-5-3,MSUK-D60-268-5,MSUK-D60-5-1,MSUK-D60-5-5,MSUK-D60-256-5,MSUK-D60-7-5,MSUK-D60-3-5,MSUK-D60-268-1,MSUK-D60-2-5,MSUK-D60-358-1,MSUK-D60-3-1,MSUK-D60-268-3,MSUK-D60-235-1,MSUK-D60-257-5,MSUK-D60-7-1,MSUK-D60-358-3,MSUK-D60-3-3,MSUK-D60-256-1,MSUK-D60-235-5,MSUK-D60-6-3,MSUK-D60-257-3,MSUK-D60-2-3,MSUK-D60-257-1,MSUK-D60-8-3,MSUK-D60-8-1",SPONSORED PRODUCTS
慕声欧洲-UK,2024153M7PA25,PAID_IN_FULL,CREDIT_CARD,2025-07-01至2025-07-03,2025-07-02,GBP,115.82,D25自动1,467321738791432,CPC,13,0.23,2.95,0.00,业务报告,"MSUK-D25-6-3,MSUK-D25-209-4,MSUK-D25-2-5,MSUK-D25-8-4,MSUK-D25-206-4,MSUK-D25-2-2,MSUK-D25-20-3,MSUK-D25-206-5,MSUK-D25-6-2,MSUK-D25-268-5,MSUK-D25-6-4,MSUK-D25-20-4-1,MSUK-D25-209-5,MSUK-D25-6-5,MSUK-D25-8-5,MSUK-D25-268-4,MSUK-D25-2-3,MSUK-D25-268-3,MSUK-D25-2-4,MSUK-D25-209-3,MSUK-D25-8-3,MSUK-D25-8-2,MSUK-D25-206-3",SPONSORED PRODUCTS
慕声欧洲-UK,2024153M7PA25,PAID_IN_FULL,CREDIT_CARD,2025-07-01至2025-07-03,2025-07-02,GBP,115.82,D63自动,468381222837440,CPC,8,0.45,3.63,0.00,业务报告,"MSUK-D63-205-3,MSUK-D63-209-4,MSUK-D63-206-5,MSUK-D63-2f-4,MSUK-D63-209-2,MSUK-D63-256-4,MSUK-D63-2f-3,MSUK-D63-209-3,MSUK-D63-20-3,MSUK-D63-206-4,MSUK-D63-20-5,MSUK-D63-2f-2,MSUK-D63-206-2,MSUK-D63-209-5,MSUK-D63-2f6-5,MSUK-D63-20f-5,MSUK-D63-20f-4,MSUK-D63-205-5,MSUK-D63-205-4,MSUK-D63-256-3",SPONSORED PRODUCTS
慕声欧洲-UK,2024153M7PA25,PAID_IN_FULL,CREDIT_CARD,2025-07-01至2025-07-03,2025-07-02,GBP,115.82,D30自动2-23,497562169763630,CPC,7,0.27,1.92,0.00,业务报告,"MSUK-D30-5-4,MSUK-D30-6-5,MSUK-D30-6-4,MSUK-D30-2-4-1,MSUK-D30-7-4,MSUK-D30-5-2,MSUK-D30-7-2,MSUK-D30-25-4-1,MSUK-D30-7-3,MSUK-D30-25-2,MSUK-D30-7-5,MSUK-D30-25-3,MSUK-D30-2-2,MSUK-D30-5-3,MSUK-D30-2-3,MSUK-D30-25-5,MSUK-D30-6-2,MSUK-D30-6-3,MSUK-D30-5-5,MSUK-D30-2-5",SPONSORED PRODUCTS
慕声欧洲-UK,2024153M7PA25,PAID_IN_FULL,CREDIT_CARD,2025-07-01至2025-07-03,2025-07-02,GBP,115.82,D71-手动精准,505070743851350,CPC,6,0.40,2.40,0.00,业务报告,"MSUK-D71-5-4,MSUK-D71-2-3,MSUK-D71-2-5,MSUK-D71-0-3,MSUK-D71-2-2,MSUK-D71-5-7,MSUK-D71-5-3,MSUK-D71-2-6,MSUK-D71-5-2,MSUK-D71-5-6",SPONSORED PRODUCTS
慕声欧洲-UK,2024153M7PA25,PAID_IN_FULL,CREDIT_CARD,2025-07-01至2025-07-03,2025-07-02,GBP,115.82,D47-手动精准,512596092807998,CPC,8,0.33,2.62,0.00,业务报告,"MSUK-D47-7-3,MSUK-D47-5-5,MSUK-D47-7-5,MSUK-D47-2-6,MSUK-D47-5-6,MSUK-D47-6-6,MSUK-D47-6-4,MSUK-D47-2-4,MSUK-D47-2-3,MSUK-D47-5-3,MSUK-D47-6-3,MSUK-D47-6-5,MSUK-D47-2-2,MSUK-D47-5-2,MSUK-D47-7-4",SPONSORED PRODUCTS
慕声欧洲-UK,2024153M7PA25,PAID_IN_FULL,CREDIT_CARD,2025-07-01至2025-07-03,2025-07-02,GBP,115.82,D74自动,519517451658382,CPC,13,0.41,5.27,0.00,业务报告,"MSUK-D74-2-5,MSUK-D74-7-5,MSUK-D74-2-2,MSUK-D74-2-4,MSUK-D74-2-6,MSUK-D74-7-3,MSUK-D74-6-4,MSUK-D74-5-2,MSUK-D74-6-5,MSUK-D74-7-2,MSUK-D74-5-3,MSUK-D74-5-6,MSUK-D74-2-3,MSUK-D74-6-3,MSUK-D74-5-4,MSUK-D74-7-4,MSUK-D74-5-5,MSUK-D74-6-6,MSUK-D74-6-2,MSUK-D74-7-6",SPONSORED PRODUCTS
慕声欧洲-UK,2024153M7PA25,PAID_IN_FULL,CREDIT_CARD,2025-07-01至2025-07-03,2025-07-02,GBP,115.82,D73-手动,520750068765726,CPC,7,0.48,3.36,0.00,业务报告,"MSUK-D73-269-3,MSUK-D73-26-5,MSUK-D73-206-3,MSUK-D73-209-3,MSUK-D73-206-5,MSUK-D73-209-5,MSUK-D73-209-4,MSUK-D73-269-4,MSUK-D73-20-2,MSUK-D73-20-3,MSUK-D73-20-5,MSUK-D73-269-5,MSUK-D73-26-3,MSUK-D73-206-4,MSUK-D73-206-2,MSUK-D73-26-4,MSUK-D73-20-4,MSUK-D73-269-2,MSUK-D73-26-2,MSUK-D73-209-2",SPONSORED PRODUCTS
慕声欧洲-UK,2024153M7PA25,PAID_IN_FULL,CREDIT_CARD,2025-07-01至2025-07-03,2025-07-02,GBP,115.82,D22自动新,527135057295761,CPC,17,0.29,4.93,0.00,业务报告,"MS-D22-5-4,MS-D22-6-5,MS-D22-0-5,MS-D22-2-3,MS-D22-205-2,MS-D22-2-2",SPONSORED PRODUCTS
慕声欧洲-UK,2024153M7PA25,PAID_IN_FULL,CREDIT_CARD,2025-07-01至2025-07-03,2025-07-02,GBP,115.82,D72-手动,532736007580196,CPC,6,0.48,2.86,0.00,业务报告,"MSUK-D72-216-3,MSUK-D72-216-2,MSUK-D72-216-4,MSUK-D72-206-4,MSUK-D72-26-4,MSUK-D72-26-3,MSUK-D72-20-5,MSUK-D72-26-5,MSUK-D72-201-3,MSUK-D72-20-2,MSUK-D72-201-2,MSUK-D72-20-4,MSUK-D72-216-5,MSUK-D72-201-5",SPONSORED PRODUCTS
慕声欧洲-UK,2024153M7PA25,PAID_IN_FULL,CREDIT_CARD,2025-07-01至2025-07-03,2025-07-02,GBP,115.82,D42-手动商品-陈,542904453274392,CPC,6,0.37,2.20,0.00,业务报告,"MSUK-D42-6-3,MSUK-D42-7-5,MSUK-D42-7-3,MSUK-D42-6-2,MSUK-D42-2-2,MSUK-D42-5-5,MSUK-D42-25-3,MSUK-D42-6-4,MSUK-D42-7-4,MSUK-D42-6-5,MSUK-D42-5-3,MSUK-D42-256-5,MSUK-D42-5-4,MSUK-D42-5-2,MSUK-D42-2-5,MSUK-D42-256-2,MSUK-D42-2-3,MSUK-D42-256-4,MSUK-D42-7-2,MSUK-D42-256-3,MSUK-D42-25-5,MSUK-D42-25-2",SPONSORED PRODUCTS
慕声欧洲-UK,2024153M7PA25,PAID_IN_FULL,CREDIT_CARD,2025-07-01至2025-07-03,2025-07-02,GBP,115.82,D73自动,552441102016304,CPC,5,0.42,2.10,0.00,业务报告,"MSUK-D73-206-5,MSUK-D73-26-3,MSUK-D73-20-5,MSUK-D73-269-3,MSUK-D73-206-2,MSUK-D73-20-3,MSUK-D73-209-4,MSUK-D73-269-5,MSUK-D73-26-4,MSUK-D73-26-5,MSUK-D73-20-2,MSUK-D73-209-3,MSUK-D73-26-2,MSUK-D73-206-3,MSUK-D73-209-2,MSUK-D73-20-4,MSUK-D73-269-2,MSUK-D73-209-5,MSUK-D73-269-4,MSUK-D73-206-4",SPONSORED PRODUCTS
慕声欧洲-UK,2137844M7PA25,PAID_IN_FULL,CREDIT_CARD,2025-07-02至2025-07-06,2025-07-05,GBP,509.88,D33手动,206422330535806,CPC,67,0.37,24.51,-0.07,业务报告,"MSUK-D33-5-5,MSUK-D33-26-2,MSUK-D33-26-4,MSUK-D33-2-4,MSUK-D33-6-5,MSUK-D33-25-4",SPONSORED PRODUCTS
慕声欧洲-UK,2137844M7PA25,PAID_IN_FULL,CREDIT_CARD,2025-07-02至2025-07-06,2025-07-05,GBP,509.88,D33自动,227191886882379,CPC,50,0.26,12.81,-0.04,业务报告,"MSUK-D33-2-4,MSUK-D33-26-4,MSUK-D33-6-5,MSUK-D33-26-2,MSUK-D33-5-5,MSUK-D33-25-4",SPONSORED PRODUCTS
慕声欧洲-UK,2137844M7PA25,PAID_IN_FULL,CREDIT_CARD,2025-07-02至2025-07-06,2025-07-05,GBP,509.88,D42手动,271743845417844,CPC,32,0.42,13.30,-0.04,业务报告,"MSUK-D42-2-4,MSUK-D42-6-5,MSUK-D42-5-4,MSUK-D42-7-5,MSUK-D42-6-3,MSUK-D42-5-2,MSUK-D42-7-2,MSUK-D42-6-2,MSUK-D42-2-5,MSUK-D42-2-3,MSUK-D42-7-4,MSUK-D42-256-4,MSUK-D42-256-3,MSUK-D42-2-2,MSUK-D42-256-5,MSUK-D42-25-3,MSUK-D42-256-2,MSUK-D42-25-2,MSUK-D42-25-5,MSUK-D42-6-4,MSUK-D42-7-3,MSUK-D42-5-5,MSUK-D42-5-3,MSUK-D42-25-4",SPONSORED PRODUCTS
慕声欧洲-UK,2137844M7PA25,PAID_IN_FULL,CREDIT_CARD,2025-07-02至2025-07-06,2025-07-05,GBP,509.88,D63-精准3词,283094973144205,CPC,26,0.33,8.70,-0.03,业务报告,"MSUK-D63-509-5,MSUK-D63-205-2,MSUK-D63-20-3,MSUK-D63-20-5,MSUK-D63-20-2,MSUK-D63-205-4,MSUK-D63-256-3,MSUK-D63-209-2,MSUK-D63-206-2,MSUK-D63-25-3,MSUK-D63-209-4,MSUK-D63-205-5,MSUK-D63-206-5,MSUK-D63-25-4",SPONSORED PRODUCTS
慕声欧洲-UK,2137844M7PA25,PAID_IN_FULL,CREDIT_CARD,2025-07-02至2025-07-06,2025-07-05,GBP,509.88,D75自动,292856546679709,CPC,60,0.37,22.20,-0.07,业务报告,"MSUK-D75-268-2,MSUK-D75-206-5,MSUK-D75-268-4,MSUK-D75-206-2,MSUK-D75-2-4,MSUK-D75-2-5,MSUK-D75-208-4,MSUK-D75-2-3,MSUK-D75-2-2,MSUK-D75-20-4,MSUK-D75-206-3,MSUK-D75-20-2,MSUK-D75-208-2,MSUK-D75-208-5,MSUK-D75-20-5,MSUK-D75-208-3,MSUK-D75-268-5,MSUK-D75-268-3,MSUK-D75-20-3,MSUK-D75-206-4",SPONSORED PRODUCTS
慕声欧洲-UK,2137844M7PA25,PAID_IN_FULL,CREDIT_CARD,2025-07-02至2025-07-06,2025-07-05,GBP,509.88,D70自动,296350599943294,CPC,117,0.42,48.68,-0.14,业务报告,"MSUK-D70-5-3,MSUK-D70-6-4,MSUK-D70-5-6,MSUK-D70-6-5,MSUK-D70-7-3,MSUK-D70-6-3,MSUK-D70-5-5,MSUK-D70-7-2,MSUK-D70-6-2,MSUK-D70-2-2,MSUK-D70-2-4,MSUK-D70-5-4,MSUK-D70-5-2,MSUK-D70-2-5,MSUK-D70-2-6,MSUK-D70-7-6,MSUK-D70-6-6,MSUK-D70-7-5,MSUK-D70-2-3,MSUK-D70-7-4",SPONSORED PRODUCTS
慕声欧洲-UK,2137844M7PA25,PAID_IN_FULL,CREDIT_CARD,2025-07-02至2025-07-06,2025-07-05,GBP,509.88,D70手动,307778534079657,CPC,140,0.43,60.85,-0.17,业务报告,"MSUK-D70-2-6,MSUK-D70-7-5,MSUK-D70-6-3,MSUK-D70-2-5,MSUK-D70-5-6,MSUK-D70-2-3,MSUK-D70-7-3,MSUK-D70-5-3,MSUK-D70-7-2,MSUK-D70-2-2,MSUK-D70-7-6,MSUK-D70-6-2,MSUK-D70-5-2,MSUK-D70-7-4,MSUK-D70-2-4,MSUK-D70-5-5,MSUK-D70-5-4,MSUK-D70-6-4,MSUK-D70-6-6,MSUK-D70-6-5",SPONSORED PRODUCTS
慕声欧洲-UK,2137844M7PA25,PAID_IN_FULL,CREDIT_CARD,2025-07-02至2025-07-06,2025-07-05,GBP,509.88,D47-手动广泛,316931612471628,CPC,84,0.40,33.60,-0.10,业务报告,"MSUK-D47-6-2,MSUK-D47-7-3,MSUK-D47-6-5,MSUK-D47-2-2,MSUK-D47-2-3,MSUK-D47-6-6,MSUK-D47-7-5,MSUK-D47-6-3,MSUK-D47-2-6,MSUK-D47-6-4,MSUK-D47-5-5,MSUK-D47-5-6,MSUK-D47-5-3,MSUK-D47-7-4,MSUK-D47-5-4,MSUK-D47-5-2,MSUK-D47-2-4,MSUK-D47-2-5",SPONSORED PRODUCTS
慕声欧洲-UK,2137844M7PA25,PAID_IN_FULL,CREDIT_CARD,2025-07-02至2025-07-06,2025-07-05,GBP,509.88,D22手动精准,32209886985230,CPC,36,0.35,12.50,-0.04,业务报告,"MS-D22-2-3,MS-D22-5-2,MS-D22-5-4,MS-D22-0-5,MS-D22-0-2,MS-D22-5-3,MS-D22-25-5,MS-D22-7-4,MS-D22-6-5,MS-D22-5-5,MS-D22-506-2,MS-D22-7-2,MS-D22-27-3,MS-D22-2-5,MS-D22-2-2,MS-D22-27-5,MS-D22-25-2,MS-D22-25-4,MS-D22-7-5,MS-D22-25-3,MS-D22-506-4",SPONSORED PRODUCTS
慕声欧洲-UK,2137844M7PA25,PAID_IN_FULL,CREDIT_CARD,2025-07-02至2025-07-06,2025-07-05,GBP,509.88,D75手动,338343636569035,CPC,30,0.48,14.30,-0.04,业务报告,"MSUK-D75-206-3,MSUK-D75-208-4,MSUK-D75-20-3,MSUK-D75-2-5,MSUK-D75-208-3,MSUK-D75-268-5,MSUK-D75-268-2,MSUK-D75-208-2,MSUK-D75-20-5,MSUK-D75-268-3,MSUK-D75-2-2,MSUK-D75-20-4,MSUK-D75-208-5,MSUK-D75-206-5,MSUK-D75-20-2,MSUK-D75-206-2,MSUK-D75-206-4,MSUK-D75-2-4,MSUK-D75-2-3,MSUK-D75-268-4",SPONSORED PRODUCTS
慕声欧洲-UK,2137844M7PA25,PAID_IN_FULL,CREDIT_CARD,2025-07-02至2025-07-06,2025-07-05,GBP,509.88,D23自动5.31,340918862675495,CPC,21,0.18,3.84,-0.01,业务报告,"MS-D23-29-3,MS-D23-0-4,MS-D23-2-3,MS-D23-209-3,MS-D23-2-5,MS-D23-201-2,MS-D23-8-4,MS-D23-2-4,MS-D23-1-4,MS-D23-26-3,MS-D23-1-3",SPONSORED PRODUCTS
慕声欧洲-UK,2137844M7PA25,PAID_IN_FULL,CREDIT_CARD,2025-07-02至2025-07-06,2025-07-05,GBP,509.88,D72自动,361760978626676,CPC,48,0.35,16.58,-0.05,业务报告,"MSUK-D72-26-2,MSUK-D72-216-2,MSUK-D72-216-5,MSUK-D72-26-5,MSUK-D72-201-2,MSUK-D72-201-4,MSUK-D72-201-3,MSUK-D72-201-5,MSUK-D72-206-3,MSUK-D72-206-2,MSUK-D72-26-3,MSUK-D72-216-4,MSUK-D72-20-2,MSUK-D72-20-5,MSUK-D72-26-4,MSUK-D72-20-4,MSUK-D72-20-3,MSUK-D72-216-3,MSUK-D72-206-4",SPONSORED PRODUCTS
慕声欧洲-UK,2137844M7PA25,PAID_IN_FULL,CREDIT_CARD,2025-07-02至2025-07-06,2025-07-05,GBP,509.88,D23手动1,385955122005696,CPC,55,0.43,23.67,-0.07,业务报告,"MS-D23-1-3,MS-D23-201-5,MS-D23-208-3,MS-D23-216-3,MS-D23-216-2,MS-D23-26-5,MS-D23-29-4,MS-D23-26-2,MS-D23-8-2,MS-D23-20-4,MS-D23-8-4,MS-D23-20-5,MS-D23-208-4,MS-D23-0-5,MS-D23-209-3,MS-D23-0-3,MS-D23-2-4,MS-D23-2-5,MS-D23-26-4,MS-D23-201-2,MS-D23-2-3,MS-D23-1-2,MS-D23-26-3,MS-D23-2-2,MS-D23-201-3,MS-D23-20-3,MS-D23-209-4,MS-D23-0-4,MS-D23-29-3,MS-D23-1-4,MS-D23-201-4",SPONSORED PRODUCTS
慕声欧洲-UK,2137844M7PA25,PAID_IN_FULL,CREDIT_CARD,2025-07-02至2025-07-06,2025-07-05,GBP,509.88,D47-自动6.1,406284800434695,CPC,66,0.35,23.02,-0.07,业务报告,"MSUK-D47-2-5,MSUK-D47-7-3,MSUK-D47-5-3,MSUK-D47-5-2,MSUK-D47-6-2,MSUK-D47-2-3,MSUK-D47-6-3,MSUK-D47-2-4,MSUK-D47-5-6,MSUK-D47-5-5,MSUK-D47-7-4,MSUK-D47-7-6,MSUK-D47-2-2,MSUK-D47-6-4,MSUK-D47-7-5,MSUK-D47-6-5,MSUK-D47-5-4,MSUK-D47-6-6",SPONSORED PRODUCTS
慕声欧洲-UK,2137844M7PA25,PAID_IN_FULL,CREDIT_CARD,2025-07-02至2025-07-06,2025-07-05,GBP,509.88,D74手动,412900525915003,CPC,55,0.53,29.08,-0.09,业务报告,"MSUK-D74-5-3,MSUK-D74-2-4,MSUK-D74-6-3,MSUK-D74-5-4,MSUK-D74-6-6,MSUK-D74-6-4,MSUK-D74-5-6,MSUK-D74-7-5,MSUK-D74-2-6,MSUK-D74-7-2,MSUK-D74-7-3,MSUK-D74-5-2,MSUK-D74-2-2,MSUK-D74-2-5,MSUK-D74-6-2,MSUK-D74-5-5,MSUK-D74-2-3,MSUK-D74-7-4,MSUK-D74-6-5",SPONSORED PRODUCTS
慕声欧洲-UK,2137844M7PA25,PAID_IN_FULL,CREDIT_CARD,2025-07-02至2025-07-06,2025-07-05,GBP,509.88,新D06自动,421827185813581,CPC,43,0.26,10.98,-0.03,业务报告,"MS-D06-20-2,MS-D06-208-4,MS-D06-2-2-,MS-D06-20-5,MS-D06-2-3-,MS-D06-26-2,MS-D06-20-3,MS-D06-2-4-,MS-D06-2-5-,MS-D06-348-4,MS-D06-209-3,MS-D06-208-3,MS-D06-20-4,MS-D06-209-2,MS-D06-209-5,MS-D06-206-2",SPONSORED PRODUCTS
慕声欧洲-UK,2137844M7PA25,PAID_IN_FULL,CREDIT_CARD,2025-07-02至2025-07-06,2025-07-05,GBP,509.88,D71自动,451712842798364,CPC,23,0.36,8.21,-0.02,业务报告,"MSUK-D71-205-2,MSUK-D71-205-3,MSUK-D71-0-3,MSUK-D71-20-5,MSUK-D71-2-2,MSUK-D71-0-4,MSUK-D71-25-2,MSUK-D71-5-7,MSUK-D71-2-6,MSUK-D71-2-3,MSUK-D71-5-3",SPONSORED PRODUCTS
慕声欧洲-UK,2137844M7PA25,PAID_IN_FULL,CREDIT_CARD,2025-07-02至2025-07-06,2025-07-05,GBP,509.88,D60-自动,454472653050311,CPC,35,0.26,9.13,-0.03,业务报告,"MSUK-D60-6-5,MSUK-D60-358-5,MSUK-D60-7-3,MSUK-D60-235-3,MSUK-D60-8-5,MSUK-D60-5-3,MSUK-D60-268-5,MSUK-D60-5-1,MSUK-D60-5-5,MSUK-D60-256-5,MSUK-D60-7-5,MSUK-D60-3-5,MSUK-D60-268-1,MSUK-D60-2-5,MSUK-D60-358-1,MSUK-D60-3-1,MSUK-D60-268-3,MSUK-D60-235-1,MSUK-D60-257-5,MSUK-D60-7-1,MSUK-D60-358-3,MSUK-D60-3-3,MSUK-D60-256-1,MSUK-D60-235-5,MSUK-D60-6-3,MSUK-D60-257-3,MSUK-D60-2-3,MSUK-D60-257-1,MSUK-D60-8-3,MSUK-D60-8-1",SPONSORED PRODUCTS
慕声欧洲-UK,2137844M7PA25,PAID_IN_FULL,CREDIT_CARD,2025-07-02至2025-07-06,2025-07-05,GBP,509.88,D25自动1,467321738791432,CPC,17,0.23,3.85,-0.01,业务报告,"MSUK-D25-6-3,MSUK-D25-209-4,MSUK-D25-2-5,MSUK-D25-8-4,MSUK-D25-206-4,MSUK-D25-2-2,MSUK-D25-20-3,MSUK-D25-206-5,MSUK-D25-6-2,MSUK-D25-268-5,MSUK-D25-6-4,MSUK-D25-20-4-1,MSUK-D25-209-5,MSUK-D25-6-5,MSUK-D25-8-5,MSUK-D25-268-4,MSUK-D25-2-3,MSUK-D25-268-3,MSUK-D25-2-4,MSUK-D25-209-3,MSUK-D25-8-3,MSUK-D25-8-2,MSUK-D25-206-3",SPONSORED PRODUCTS
慕声欧洲-UK,2137844M7PA25,PAID_IN_FULL,CREDIT_CARD,2025-07-02至2025-07-06,2025-07-05,GBP,509.88,D63自动,468381222837440,CPC,27,0.41,11.11,-0.03,业务报告,"MSUK-D63-205-3,MSUK-D63-209-4,MSUK-D63-206-5,MSUK-D63-2f-4,MSUK-D63-209-2,MSUK-D63-256-4,MSUK-D63-2f-3,MSUK-D63-209-3,MSUK-D63-20-3,MSUK-D63-206-4,MSUK-D63-20-5,MSUK-D63-2f-2,MSUK-D63-206-2,MSUK-D63-209-5,MSUK-D63-2f6-5,MSUK-D63-20f-5,MSUK-D63-20f-4,MSUK-D63-205-5,MSUK-D63-25-3,MSUK-D63-25-4,MSUK-D63-20-4,MSUK-D63-20-2,MSUK-D63-205-4,MSUK-D63-509-5,MSUK-D63-206-3,MSUK-D63-205-2,MSUK-D63-256-5,MSUK-D63-256-3",SPONSORED PRODUCTS
慕声欧洲-UK,2137844M7PA25,PAID_IN_FULL,CREDIT_CARD,2025-07-02至2025-07-06,2025-07-05,GBP,509.88,D30自动2-23,497562169763630,CPC,41,0.27,11.20,-0.03,业务报告,"MSUK-D30-5-4,MSUK-D30-6-5,MSUK-D30-6-4,MSUK-D30-2-4-1,MSUK-D30-7-4,MSUK-D30-5-2,MSUK-D30-7-2,MSUK-D30-25-4-1,MSUK-D30-7-3,MSUK-D30-25-2,MSUK-D30-7-5,MSUK-D30-25-3,MSUK-D30-2-2,MSUK-D30-5-3,MSUK-D30-2-3,MSUK-D30-25-5,MSUK-D30-6-2,MSUK-D30-6-3,MSUK-D30-5-5,MSUK-D30-2-5",SPONSORED PRODUCTS
慕声欧洲-UK,2137844M7PA25,PAID_IN_FULL,CREDIT_CARD,2025-07-02至2025-07-06,2025-07-05,GBP,509.88,D71-手动精准,505070743851350,CPC,19,0.40,7.58,-0.02,业务报告,"MSUK-D71-5-4,MSUK-D71-2-3,MSUK-D71-2-5,MSUK-D71-0-3,MSUK-D71-2-2,MSUK-D71-5-7,MSUK-D71-5-3,MSUK-D71-2-6,MSUK-D71-5-2,MSUK-D71-5-6,MSUK-D71-2-4,MSUK-D71-20-5,MSUK-D71-20-4,MSUK-D71-2-7,MSUK-D71-0-4,MSUK-D71-20-3,MSUK-D71-25-3,MSUK-D71-25-2,MSUK-D71-25-4,MSUK-D71-5-5,MSUK-D71-25-5,MSUK-D71-205-3,MSUK-D71-205-7,MSUK-D71-205-2,MSUK-D71-0-2",SPONSORED PRODUCTS
慕声欧洲-UK,2137844M7PA25,PAID_IN_FULL,CREDIT_CARD,2025-07-02至2025-07-06,2025-07-05,GBP,509.88,D47-手动精准,512596092807998,CPC,36,0.33,12.00,-0.04,业务报告,"MSUK-D47-7-3,MSUK-D47-5-5,MSUK-D47-7-5,MSUK-D47-2-6,MSUK-D47-5-6,MSUK-D47-6-6,MSUK-D47-6-4,MSUK-D47-2-4,MSUK-D47-2-3,MSUK-D47-5-3,MSUK-D47-6-3,MSUK-D47-6-5,MSUK-D47-2-2,MSUK-D47-5-2,MSUK-D47-7-4",SPONSORED PRODUCTS
慕声欧洲-UK,2137844M7PA25,PAID_IN_FULL,CREDIT_CARD,2025-07-02至2025-07-06,2025-07-05,GBP,509.88,D74自动,519517451658382,CPC,52,0.40,20.59,-0.06,业务报告,"MSUK-D74-2-5,MSUK-D74-7-5,MSUK-D74-2-2,MSUK-D74-2-4,MSUK-D74-2-6,MSUK-D74-7-3,MSUK-D74-6-4,MSUK-D74-5-2,MSUK-D74-7-2,MSUK-D74-5-3,MSUK-D74-5-6,MSUK-D74-2-3,MSUK-D74-6-3,MSUK-D74-5-4,MSUK-D74-7-4,MSUK-D74-5-5,MSUK-D74-6-6,MSUK-D74-6-2,MSUK-D74-7-6,MSUK-D74-6-5",SPONSORED PRODUCTS
慕声欧洲-UK,2137844M7PA25,PAID_IN_FULL,CREDIT_CARD,2025-07-02至2025-07-06,2025-07-05,GBP,509.88,D73-手动,520750068765726,CPC,26,0.49,12.85,-0.04,业务报告,"MSUK-D73-269-3,MSUK-D73-26-5,MSUK-D73-206-3,MSUK-D73-209-3,MSUK-D73-206-5,MSUK-D73-209-5,MSUK-D73-209-4,MSUK-D73-269-4,MSUK-D73-20-2,MSUK-D73-20-3,MSUK-D73-20-5,MSUK-D73-269-5,MSUK-D73-26-3,MSUK-D73-206-4,MSUK-D73-206-2,MSUK-D73-26-4,MSUK-D73-20-4,MSUK-D73-269-2,MSUK-D73-26-2,MSUK-D73-209-2",SPONSORED PRODUCTS
慕声欧洲-UK,2137844M7PA25,PAID_IN_FULL,CREDIT_CARD,2025-07-02至2025-07-06,2025-07-05,GBP,509.88,D22自动新,527135057295761,CPC,90,0.27,24.41,-0.07,业务报告,"MS-D22-5-4,MS-D22-6-5,MS-D22-0-5,MS-D22-2-3,MS-D22-205-2,MS-D22-2-2",SPONSORED PRODUCTS
慕声欧洲-UK,2137844M7PA25,PAID_IN_FULL,CREDIT_CARD,2025-07-02至2025-07-06,2025-07-05,GBP,509.88,D72-手动,532736007580196,CPC,28,0.46,12.92,-0.04,业务报告,"MSUK-D72-201-4,MSUK-D72-206-5,MSUK-D72-216-3,MSUK-D72-216-2,MSUK-D72-20-3,MSUK-D72-206-2,MSUK-D72-216-4,MSUK-D72-206-4,MSUK-D72-26-4,MSUK-D72-26-2,MSUK-D72-206-3,MSUK-D72-26-3,MSUK-D72-20-5,MSUK-D72-26-5,MSUK-D72-201-3,MSUK-D72-20-2,MSUK-D72-201-2,MSUK-D72-20-4,MSUK-D72-216-5,MSUK-D72-201-5",SPONSORED PRODUCTS
慕声欧洲-UK,2137844M7PA25,PAID_IN_FULL,CREDIT_CARD,2025-07-02至2025-07-06,2025-07-05,GBP,509.88,D42-手动商品-陈,542904453274392,CPC,21,0.32,6.68,-0.02,业务报告,"MSUK-D42-6-3,MSUK-D42-7-5,MSUK-D42-25-5,MSUK-D42-7-3,MSUK-D42-6-2,MSUK-D42-2-2,MSUK-D42-5-5,MSUK-D42-25-3,MSUK-D42-6-4,MSUK-D42-7-4,MSUK-D42-6-5,MSUK-D42-25-2,MSUK-D42-5-3,MSUK-D42-256-5,MSUK-D42-5-4,MSUK-D42-5-2,MSUK-D42-256-3,MSUK-D42-2-5,MSUK-D42-256-2,MSUK-D42-2-3,MSUK-D42-256-4,MSUK-D42-25-4,MSUK-D42-7-2",SPONSORED PRODUCTS
慕声欧洲-UK,2137844M7PA25,PAID_IN_FULL,CREDIT_CARD,2025-07-02至2025-07-06,2025-07-05,GBP,509.88,D73自动,552441102016304,CPC,31,0.39,12.24,-0.04,业务报告,"MSUK-D73-206-5,MSUK-D73-26-3,MSUK-D73-20-5,MSUK-D73-269-3,MSUK-D73-206-2,MSUK-D73-20-3,MSUK-D73-209-4,MSUK-D73-269-5,MSUK-D73-26-4,MSUK-D73-26-5,MSUK-D73-20-2,MSUK-D73-209-3,MSUK-D73-26-2,MSUK-D73-206-3,MSUK-D73-209-2,MSUK-D73-20-4,MSUK-D73-269-2,MSUK-D73-209-5,MSUK-D73-269-4,MSUK-D73-206-4",SPONSORED PRODUCTS
慕声欧洲-UK,2178516M7PA25,PAID_IN_FULL,CREDIT_CARD,2025-07-05至2025-07-10,2025-07-09,GBP,513.55,D33手动,206422330535806,CPC,60,0.36,21.58,0.00,业务报告,"MSUK-D33-5-5,MSUK-D33-26-2,MSUK-D33-26-4,MSUK-D33-2-4",SPONSORED PRODUCTS
慕声欧洲-UK,2178516M7PA25,PAID_IN_FULL,CREDIT_CARD,2025-07-05至2025-07-10,2025-07-09,GBP,513.55,D33自动,227191886882379,CPC,44,0.24,10.54,0.00,业务报告,"MSUK-D33-2-4,MSUK-D33-26-4,MSUK-D33-26-2,MSUK-D33-5-5,MSUK-D30-7-5,MSUK-D30-25-4-1,MSUK-D30-5-4,MSUK-D30-25-3,MSUK-D30-2-4-1,MSUK-D30-6-5,MSUK-D30-6-3,MSUK-D30-5-3,MSUK-D30-5-2,MSUK-D30-6-4",SPONSORED PRODUCTS
慕声欧洲-UK,2178516M7PA25,PAID_IN_FULL,CREDIT_CARD,2025-07-05至2025-07-10,2025-07-09,GBP,513.55,D42手动,271743845417844,CPC,35,0.39,13.69,0.00,业务报告,"MSUK-D42-2-4,MSUK-D42-6-5,MSUK-D42-5-4,MSUK-D42-7-5,MSUK-D42-6-3,MSUK-D42-5-2,MSUK-D42-7-2,MSUK-D42-6-2,MSUK-D42-2-5,MSUK-D42-2-3,MSUK-D42-7-4,MSUK-D42-256-4,MSUK-D42-256-3,MSUK-D42-2-2,MSUK-D42-256-5,MSUK-D42-25-3,MSUK-D42-256-2,MSUK-D42-25-5,MSUK-D42-6-4,MSUK-D42-7-3,MSUK-D42-5-5,MSUK-D42-5-3,MSUK-D42-25-2,MSUK-D42-25-4",SPONSORED PRODUCTS
慕声欧洲-UK,2178516M7PA25,PAID_IN_FULL,CREDIT_CARD,2025-07-05至2025-07-10,2025-07-09,GBP,513.55,D63-精准3词,283094973144205,CPC,38,0.32,12.32,0.00,业务报告,"MSUK-D63-509-5,MSUK-D63-205-2,MSUK-D63-20f-2,MSUK-D63-20-3,MSUK-D63-20-5,MSUK-D63-20-2,MSUK-D63-2f-4,MSUK-D63-205-4,MSUK-D63-256-3,MSUK-D63-209-2,MSUK-D63-206-2,MSUK-D63-25-3,MSUK-D63-2f-2,MSUK-D63-209-4,MSUK-D63-205-5,MSUK-D63-2f-3,MSUK-D63-206-5,MSUK-D63-25-4,MSUK-D63-2f-5,MSUK-D63-2f6-2,MSUK-D63-20f-3",SPONSORED PRODUCTS
慕声欧洲-UK,2178516M7PA25,PAID_IN_FULL,CREDIT_CARD,2025-07-05至2025-07-10,2025-07-09,GBP,513.55,D75自动,292856546679709,CPC,46,0.37,16.82,0.00,业务报告,"MSUK-D75-268-2,MSUK-D75-206-5,MSUK-D75-268-4,MSUK-D75-206-2,MSUK-D75-2-4,MSUK-D75-2-5,MSUK-D75-208-4,MSUK-D75-2-3,MSUK-D75-2-2,MSUK-D75-20-4,MSUK-D75-206-3,MSUK-D75-20-2,MSUK-D75-208-2,MSUK-D75-208-5,MSUK-D75-20-5,MSUK-D75-208-3,MSUK-D75-268-5,MSUK-D75-268-3,MSUK-D75-20-3,MSUK-D75-206-4",SPONSORED PRODUCTS
慕声欧洲-UK,2178516M7PA25,PAID_IN_FULL,CREDIT_CARD,2025-07-05至2025-07-10,2025-07-09,GBP,513.55,D70自动,296350599943294,CPC,123,0.42,51.90,0.00,业务报告,"MSUK-D70-5-3,MSUK-D70-6-4,MSUK-D70-5-6,MSUK-D70-6-5,MSUK-D70-6-3,MSUK-D70-5-5,MSUK-D70-7-2,MSUK-D70-7-4,MSUK-D70-6-2,MSUK-D70-2-2,MSUK-D70-2-4,MSUK-D70-5-4,MSUK-D70-5-2,MSUK-D70-2-5,MSUK-D70-2-6,MSUK-D70-7-6,MSUK-D70-6-6,MSUK-D70-7-5,MSUK-D70-2-3,MSUK-D70-7-3",SPONSORED PRODUCTS
慕声欧洲-UK,2178516M7PA25,PAID_IN_FULL,CREDIT_CARD,2025-07-05至2025-07-10,2025-07-09,GBP,513.55,D70手动,307778534079657,CPC,161,0.43,69.89,0.00,业务报告,"MSUK-D70-2-6,MSUK-D70-7-5,MSUK-D70-6-3,MSUK-D70-2-5,MSUK-D70-5-6,MSUK-D70-2-3,MSUK-D70-7-3,MSUK-D70-5-3,MSUK-D70-7-2,MSUK-D70-2-2,MSUK-D70-7-6,MSUK-D70-6-2,MSUK-D70-5-2,MSUK-D70-7-4,MSUK-D70-2-4,MSUK-D70-5-5,MSUK-D70-5-4,MSUK-D70-6-4,MSUK-D70-6-6,MSUK-D70-6-5",SPONSORED PRODUCTS
慕声欧洲-UK,2178516M7PA25,PAID_IN_FULL,CREDIT_CARD,2025-07-05至2025-07-10,2025-07-09,GBP,513.55,D47-手动广泛,316931612471628,CPC,67,0.38,25.63,0.00,业务报告,"MSUK-D47-6-2,MSUK-D47-7-3,MSUK-D47-6-5,MSUK-D47-2-2,MSUK-D47-2-3,MSUK-D47-6-6,MSUK-D47-7-5,MSUK-D47-6-3,MSUK-D47-2-6,MSUK-D47-6-4,MSUK-D47-5-5,MSUK-D47-5-6,MSUK-D47-5-3,MSUK-D47-7-4,MSUK-D47-5-4,MSUK-D47-5-2,MSUK-D47-2-4,MSUK-D47-2-5,MSUK-D47-7-2,MSUK-D47-7-6",SPONSORED PRODUCTS
慕声欧洲-UK,2178516M7PA25,PAID_IN_FULL,CREDIT_CARD,2025-07-05至2025-07-10,2025-07-09,GBP,513.55,D22手动精准,32209886985230,CPC,17,0.33,5.53,0.00,业务报告,"MS-D22-2-3,MS-D22-5-2,MS-D22-5-4,MS-D22-0-5,MS-D22-0-2,MS-D22-5-3,MS-D22-25-5,MS-D22-7-4,MS-D22-27-5,MS-D22-6-5,MS-D22-5-5,MS-D22-7-2,MS-D22-27-3,MS-D22-2-2,MS-D22-25-2,MS-D22-506-4,MS-D22-25-3,MS-D22-205-4,MS-D22-25-4,MS-D22-7-5,MS-D22-506-2,MS-D22-2-5",SPONSORED PRODUCTS
慕声欧洲-UK,2178516M7PA25,PAID_IN_FULL,CREDIT_CARD,2025-07-05至2025-07-10,2025-07-09,GBP,513.55,D75手动,338343636569035,CPC,32,0.51,16.36,0.00,业务报告,"MSUK-D75-206-3,MSUK-D75-208-4,MSUK-D75-20-3,MSUK-D75-2-5,MSUK-D75-208-3,MSUK-D75-268-5,MSUK-D75-268-2,MSUK-D75-208-2,MSUK-D75-20-5,MSUK-D75-268-3,MSUK-D75-2-2,MSUK-D75-20-4,MSUK-D75-208-5,MSUK-D75-206-5,MSUK-D75-20-2,MSUK-D75-206-2,MSUK-D75-206-4,MSUK-D75-2-4,MSUK-D75-2-3,MSUK-D75-268-4",SPONSORED PRODUCTS
慕声欧洲-UK,2178516M7PA25,PAID_IN_FULL,CREDIT_CARD,2025-07-05至2025-07-10,2025-07-09,GBP,513.55,D23自动5.31,340918862675495,CPC,60,0.17,10.32,0.00,业务报告,"MS-D23-29-3,MS-D23-0-4,MS-D23-2-3,MS-D23-209-3,MS-D23-2-5,MS-D23-201-2,MS-D23-8-4,MS-D23-2-4,MS-D23-1-4,MS-D23-26-3,MS-D23-1-3,MS-D23-0-5,MS-D23-0-2,MS-D23-1-2,MS-D23-29-4,MS-D23-29-2,MS-D23-209-2,MS-D23-29-5,MS-D23-2-2,MS-D23-208-3,MS-D23-208-5,MS-D23-208-2,MS-D23-216-4",SPONSORED PRODUCTS
慕声欧洲-UK,2178516M7PA25,PAID_IN_FULL,CREDIT_CARD,2025-07-05至2025-07-10,2025-07-09,GBP,513.55,D72自动,361760978626676,CPC,31,0.35,10.71,0.00,业务报告,"MSUK-D72-26-2,MSUK-D72-216-2,MSUK-D72-216-5,MSUK-D72-26-5,MSUK-D72-201-2,MSUK-D72-201-4,MSUK-D72-201-3,MSUK-D72-201-5,MSUK-D72-206-3,MSUK-D72-206-2,MSUK-D72-26-3,MSUK-D72-216-4,MSUK-D72-20-2,MSUK-D72-20-5,MSUK-D72-26-4,MSUK-D72-20-4,MSUK-D72-20-3,MSUK-D72-216-3,MSUK-D72-206-5,MSUK-D72-206-4",SPONSORED PRODUCTS
慕声欧洲-UK,2178516M7PA25,PAID_IN_FULL,CREDIT_CARD,2025-07-05至2025-07-10,2025-07-09,GBP,513.55,D23手动1,385955122005696,CPC,49,0.43,21.26,0.00,业务报告,"MS-D23-1-3,MS-D23-201-5,MS-D23-208-3,MS-D23-216-3,MS-D23-216-2,MS-D23-26-5,MS-D23-29-4,MS-D23-26-2,MS-D23-8-2,MS-D23-20-4,MS-D23-8-4,MS-D23-20-5,MS-D23-208-4,MS-D23-0-5,MS-D23-209-3,MS-D23-0-3,MS-D23-2-4,MS-D23-2-5,MS-D23-26-4,MS-D23-201-2,MS-D23-2-3,MS-D23-1-2,MS-D23-26-3,MS-D23-2-2,MS-D23-201-3,MS-D23-20-3,MS-D23-209-4,MS-D23-0-4,MS-D23-29-3,MS-D23-1-4,MS-D23-201-4,MS-D23-208-5,MS-D23-29-2,MS-D23-209-2,MS-D23-216-4,MS-D23-208-2,MS-D23-29-5,MS-D23-0-2",SPONSORED PRODUCTS
慕声欧洲-UK,2178516M7PA25,PAID_IN_FULL,CREDIT_CARD,2025-07-05至2025-07-10,2025-07-09,GBP,513.55,D47-自动6.1,406284800434695,CPC,64,0.33,21.04,0.00,业务报告,"MSUK-D47-2-5,MSUK-D47-7-3,MSUK-D47-5-3,MSUK-D47-5-2,MSUK-D47-6-2,MSUK-D47-2-3,MSUK-D47-6-3,MSUK-D47-2-4,MSUK-D47-5-6,MSUK-D47-5-5,MSUK-D47-7-4,MSUK-D47-7-6,MSUK-D47-2-2,MSUK-D47-6-4,MSUK-D47-7-5,MSUK-D47-6-5,MSUK-D47-5-4,MSUK-D47-6-6",SPONSORED PRODUCTS
慕声欧洲-UK,2178516M7PA25,PAID_IN_FULL,CREDIT_CARD,2025-07-05至2025-07-10,2025-07-09,GBP,513.55,D74手动,412900525915003,CPC,56,0.51,28.69,0.00,业务报告,"MSUK-D74-5-3,MSUK-D74-2-4,MSUK-D74-6-3,MSUK-D74-5-4,MSUK-D74-6-6,MSUK-D74-6-4,MSUK-D74-5-6,MSUK-D74-7-5,MSUK-D74-2-6,MSUK-D74-7-2,MSUK-D74-7-3,MSUK-D74-5-2,MSUK-D74-2-2,MSUK-D74-2-5,MSUK-D74-6-2,MSUK-D74-5-5,MSUK-D74-2-3,MSUK-D74-7-4",SPONSORED PRODUCTS
慕声欧洲-UK,2178516M7PA25,PAID_IN_FULL,CREDIT_CARD,2025-07-05至2025-07-10,2025-07-09,GBP,513.55,新D06自动,421827185813581,CPC,82,0.27,22.09,0.00,业务报告,"MS-D06-20-2,MS-D06-208-4,MS-D06-2-2-,MS-D06-20-5,MS-D06-2-3-,MS-D06-26-2,MS-D06-20-3,MS-D06-2-4-,MS-D06-2-5-,MS-D06-348-4,MS-D06-209-3,MS-D06-208-3,MS-D06-20-4,MS-D06-209-2,MS-D06-209-5,MS-D06-206-2,MS-D06-206-5,MS-D06-206-4,MS-D06-368-4,MS-D06-234-3,MS-D06-26-5,MS-D06-368-3,MS-D06-26-3,MS-D06-234-4,MS-D06-234-5,MS-D06-348-2,MS-D06-208-2,MS-D06-26-4,MS-D06-348-3,MS-D06-209-4,MS-D06-368-5,MS-D06-206-3,MS-D06-208-5,MS-D06-234-2",SPONSORED PRODUCTS
慕声欧洲-UK,2178516M7PA25,PAID_IN_FULL,CREDIT_CARD,2025-07-05至2025-07-10,2025-07-09,GBP,513.55,D71自动,451712842798364,CPC,44,0.37,16.24,0.00,业务报告,"MSUK-D71-205-2,MSUK-D71-205-3,MSUK-D71-0-3,MSUK-D71-20-5,MSUK-D71-2-2,MSUK-D71-0-4,MSUK-D71-25-2,MSUK-D71-5-7,MSUK-D71-2-6,MSUK-D71-2-3,MSUK-D71-5-3",SPONSORED PRODUCTS
慕声欧洲-UK,2178516M7PA25,PAID_IN_FULL,CREDIT_CARD,2025-07-05至2025-07-10,2025-07-09,GBP,513.55,D60-自动,454472653050311,CPC,35,0.25,8.81,0.00,业务报告,"MSUK-D60-6-5,MSUK-D60-358-5,MSUK-D60-7-3,MSUK-D60-235-3,MSUK-D60-8-5,MSUK-D60-5-3,MSUK-D60-268-5,MSUK-D60-5-1,MSUK-D60-5-5,MSUK-D60-256-5,MSUK-D60-3-5,MSUK-D60-268-1,MSUK-D60-2-5,MSUK-D60-358-1,MSUK-D60-3-1,MSUK-D60-268-3,MSUK-D60-235-1,MSUK-D60-257-5,MSUK-D60-7-1,MSUK-D60-8-1,MSUK-D60-358-3,MSUK-D60-3-3,MSUK-D60-256-1,MSUK-D60-235-5,MSUK-D60-6-3,MSUK-D60-257-3,MSUK-D60-2-3,MSUK-D60-257-1,MSUK-D60-8-3,MSUK-D60-256-3,MSUK-D60-7-5",SPONSORED PRODUCTS
慕声欧洲-UK,2178516M7PA25,PAID_IN_FULL,CREDIT_CARD,2025-07-05至2025-07-10,2025-07-09,GBP,513.55,D25自动1,467321738791432,CPC,35,0.22,7.75,0.00,业务报告,"MSUK-D25-6-3,MSUK-D25-209-4,MSUK-D25-2-5,MSUK-D25-8-4,MSUK-D25-206-4,MSUK-D25-2-2,MSUK-D25-20-3,MSUK-D25-206-5,MSUK-D25-6-2,MSUK-D25-268-5,MSUK-D25-6-4,MSUK-D25-20-4-1,MSUK-D25-209-5,MSUK-D25-6-5,MSUK-D25-8-5,MSUK-D25-268-4,MSUK-D25-2-3,MSUK-D25-268-3,MSUK-D25-2-4,MSUK-D25-209-3,MSUK-D25-8-3,MSUK-D25-8-2,MSUK-D25-206-3",SPONSORED PRODUCTS
慕声欧洲-UK,2178516M7PA25,PAID_IN_FULL,CREDIT_CARD,2025-07-05至2025-07-10,2025-07-09,GBP,513.55,D63自动,468381222837440,CPC,33,0.41,13.55,0.00,业务报告,"MSUK-D63-209-4,MSUK-D63-206-5,MSUK-D63-209-2,MSUK-D63-25-3,MSUK-D63-256-4,MSUK-D63-25-4,MSUK-D63-20-4,MSUK-D63-2f-3,MSUK-D63-20-2,MSUK-D63-209-3,MSUK-D63-20-3,MSUK-D63-206-4,MSUK-D63-205-4,MSUK-D63-20-5,MSUK-D63-509-5,MSUK-D63-2f-2,MSUK-D63-206-2,MSUK-D63-206-3,MSUK-D63-205-2,MSUK-D63-2f6-5,MSUK-D63-256-5,MSUK-D63-20f-5,MSUK-D63-20f-4,MSUK-D63-256-3,MSUK-D63-205-3,MSUK-D63-205-5,MSUK-D63-2f-4,MSUK-D63-209-5",SPONSORED PRODUCTS
慕声欧洲-UK,2178516M7PA25,PAID_IN_FULL,CREDIT_CARD,2025-07-05至2025-07-10,2025-07-09,GBP,513.55,D30自动2-23,497562169763630,CPC,38,0.28,10.69,0.00,业务报告,"MSUK-D30-5-4,MSUK-D30-6-5,MSUK-D30-6-4,MSUK-D30-2-4-1,MSUK-D30-7-4,MSUK-D30-5-2,MSUK-D30-7-2,MSUK-D30-25-4-1,MSUK-D30-7-3,MSUK-D30-25-2,MSUK-D30-7-5,MSUK-D30-25-3,MSUK-D30-2-2,MSUK-D30-5-3,MSUK-D30-2-3,MSUK-D30-25-5,MSUK-D30-6-2,MSUK-D30-6-3,MSUK-D30-5-5,MSUK-D30-2-5",SPONSORED PRODUCTS
慕声欧洲-UK,2178516M7PA25,PAID_IN_FULL,CREDIT_CARD,2025-07-05至2025-07-10,2025-07-09,GBP,513.55,D71-手动精准,505070743851350,CPC,6,0.43,2.57,0.00,业务报告,"MSUK-D71-2-4,MSUK-D71-20-5,MSUK-D71-20-4,MSUK-D71-5-4,MSUK-D71-2-3,MSUK-D71-2-7,MSUK-D71-0-4,MSUK-D71-0-2,MSUK-D71-25-3,MSUK-D71-25-2,MSUK-D71-2-5,MSUK-D71-0-3,MSUK-D71-25-4,MSUK-D71-2-2,MSUK-D71-5-5,MSUK-D71-5-7,MSUK-D71-5-3,MSUK-D71-25-5,MSUK-D71-205-3,MSUK-D71-2-6,MSUK-D71-5-2,MSUK-D71-205-2,MSUK-D71-205-7,MSUK-D71-5-6,MSUK-D71-20-3",SPONSORED PRODUCTS
慕声欧洲-UK,2178516M7PA25,PAID_IN_FULL,CREDIT_CARD,2025-07-05至2025-07-10,2025-07-09,GBP,513.55,D47-手动精准,512596092807998,CPC,45,0.35,15.86,0.00,业务报告,"MSUK-D47-7-3,MSUK-D47-5-5,MSUK-D47-7-5,MSUK-D47-5-4,MSUK-D47-2-6,MSUK-D47-5-6,MSUK-D47-6-6,MSUK-D47-2-5,MSUK-D47-7-6,MSUK-D47-6-4,MSUK-D47-7-2,MSUK-D47-2-4,MSUK-D47-2-3,MSUK-D47-5-3,MSUK-D47-6-3,MSUK-D47-6-5,MSUK-D47-2-2,MSUK-D47-6-2,MSUK-D47-5-2,MSUK-D47-7-4",SPONSORED PRODUCTS
慕声欧洲-UK,2178516M7PA25,PAID_IN_FULL,CREDIT_CARD,2025-07-05至2025-07-10,2025-07-09,GBP,513.55,D74自动,519517451658382,CPC,40,0.41,16.28,0.00,业务报告,"MSUK-D74-2-5,MSUK-D74-7-5,MSUK-D74-2-2,MSUK-D74-2-4,MSUK-D74-2-6,MSUK-D74-7-3,MSUK-D74-6-4,MSUK-D74-5-2,MSUK-D74-7-2,MSUK-D74-5-3,MSUK-D74-5-6,MSUK-D74-2-3,MSUK-D74-6-3,MSUK-D74-5-4,MSUK-D74-7-4,MSUK-D74-5-5,MSUK-D74-6-6,MSUK-D74-6-2,MSUK-D74-7-6",SPONSORED PRODUCTS
慕声欧洲-UK,2178516M7PA25,PAID_IN_FULL,CREDIT_CARD,2025-07-05至2025-07-10,2025-07-09,GBP,513.55,D73-手动,520750068765726,CPC,13,0.46,5.99,0.00,业务报告,"MSUK-D73-269-3,MSUK-D73-26-5,MSUK-D73-206-3,MSUK-D73-209-3,MSUK-D73-206-5,MSUK-D73-209-5,MSUK-D73-209-4,MSUK-D73-269-4,MSUK-D73-20-2,MSUK-D73-20-3,MSUK-D73-20-5,MSUK-D73-269-5,MSUK-D73-26-3,MSUK-D73-206-4,MSUK-D73-206-2,MSUK-D73-26-4,MSUK-D73-20-4,MSUK-D73-269-2,MSUK-D73-26-2,MSUK-D73-209-2",SPONSORED PRODUCTS
慕声欧洲-UK,2178516M7PA25,PAID_IN_FULL,CREDIT_CARD,2025-07-05至2025-07-10,2025-07-09,GBP,513.55,D22自动新,527135057295761,CPC,90,0.28,25.15,0.00,业务报告,"MS-D22-5-4,MS-D22-6-5,MS-D22-0-5,MS-D22-2-3,MS-D22-205-2,MS-D22-2-2",SPONSORED PRODUCTS
慕声欧洲-UK,2178516M7PA25,PAID_IN_FULL,CREDIT_CARD,2025-07-05至2025-07-10,2025-07-09,GBP,513.55,D72-手动,532736007580196,CPC,30,0.49,14.72,0.00,业务报告,"MSUK-D72-201-4,MSUK-D72-206-5,MSUK-D72-216-3,MSUK-D72-216-2,MSUK-D72-20-3,MSUK-D72-206-2,MSUK-D72-216-4,MSUK-D72-206-4,MSUK-D72-26-4,MSUK-D72-26-2,MSUK-D72-206-3,MSUK-D72-26-3,MSUK-D72-20-5,MSUK-D72-26-5,MSUK-D72-201-3,MSUK-D72-20-2,MSUK-D72-201-2,MSUK-D72-20-4,MSUK-D72-216-5,MSUK-D72-201-5",SPONSORED PRODUCTS
慕声欧洲-UK,2178516M7PA25,PAID_IN_FULL,CREDIT_CARD,2025-07-05至2025-07-10,2025-07-09,GBP,513.55,D42-手动商品-陈,542904453274392,CPC,22,0.32,6.99,0.00,业务报告,"MSUK-D42-6-3,MSUK-D42-7-5,MSUK-D42-25-5,MSUK-D42-7-3,MSUK-D42-6-2,MSUK-D42-2-2,MSUK-D42-5-5,MSUK-D42-6-4,MSUK-D42-6-5,MSUK-D42-5-3,MSUK-D42-256-5,MSUK-D42-5-4,MSUK-D42-5-2,MSUK-D42-256-3,MSUK-D42-256-2,MSUK-D42-2-3,MSUK-D42-256-4,MSUK-D42-7-2,MSUK-D42-25-3,MSUK-D42-25-2,MSUK-D42-7-4,MSUK-D42-2-5",SPONSORED PRODUCTS
慕声欧洲-UK,2178516M7PA25,PAID_IN_FULL,CREDIT_CARD,2025-07-05至2025-07-10,2025-07-09,GBP,513.55,D73自动,552441102016304,CPC,25,0.42,10.58,0.00,业务报告,"MSUK-D73-206-5,MSUK-D73-26-3,MSUK-D73-20-5,MSUK-D73-269-3,MSUK-D73-206-2,MSUK-D73-20-3,MSUK-D73-209-4,MSUK-D73-26-4,MSUK-D73-209-3,MSUK-D73-26-2,MSUK-D73-209-2,MSUK-D73-20-4,MSUK-D73-269-2,MSUK-D73-269-4,MSUK-D73-206-4,MSUK-D73-269-5,MSUK-D73-26-5,MSUK-D73-20-2,MSUK-D73-206-3,MSUK-D73-209-5",SPONSORED PRODUCTS
慕声欧洲-UK,2225370M7PA25,PAID_IN_FULL,CREDIT_CARD,2025-07-09至2025-07-14,2025-07-13,GBP,526.59,D33手动,206422330535806,CPC,37,0.37,13.65,0.00,业务报告,"MSUK-D33-5-5,MSUK-D33-26-2,MSUK-D33-26-4,MSUK-D33-2-4",SPONSORED PRODUCTS
慕声欧洲-UK,2225370M7PA25,PAID_IN_FULL,CREDIT_CARD,2025-07-09至2025-07-14,2025-07-13,GBP,526.59,D33自动,227191886882379,CPC,23,0.25,5.83,0.00,业务报告,"MSUK-D33-2-4,MSUK-D33-26-4,MSUK-D33-26-2,MSUK-D30-7-5,MSUK-D30-25-4-1,MSUK-D30-5-4,MSUK-D30-25-3,MSUK-D30-2-4-1,MSUK-D30-6-5,MSUK-D30-6-3,MSUK-D30-5-3,MSUK-D30-5-2,MSUK-D30-6-4,MSUK-D33-5-5",SPONSORED PRODUCTS
慕声欧洲-UK,2225370M7PA25,PAID_IN_FULL,CREDIT_CARD,2025-07-09至2025-07-14,2025-07-13,GBP,526.59,D42手动,271743845417844,CPC,32,0.40,12.93,0.00,业务报告,"MSUK-D42-2-4,MSUK-D42-6-5,MSUK-D42-5-4,MSUK-D42-7-5,MSUK-D42-6-3,MSUK-D42-5-2,MSUK-D42-7-2,MSUK-D42-6-2,MSUK-D42-2-5,MSUK-D42-2-3,MSUK-D42-256-4,MSUK-D42-2-2,MSUK-D42-25-4,MSUK-D42-25-2,MSUK-D42-25-5,MSUK-D42-6-4,MSUK-D42-7-3,MSUK-D42-5-5,MSUK-D42-5-3,MSUK-D42-7-4,MSUK-D42-256-5,MSUK-D42-25-3,MSUK-D42-256-2",SPONSORED PRODUCTS
慕声欧洲-UK,2225370M7PA25,PAID_IN_FULL,CREDIT_CARD,2025-07-09至2025-07-14,2025-07-13,GBP,526.59,D63-精准3词,283094973144205,CPC,20,0.33,6.66,0.00,业务报告,"MSUK-D63-509-5,MSUK-D63-205-2,MSUK-D63-20f-2,MSUK-D63-20-3,MSUK-D63-20-5,MSUK-D63-2f-4,MSUK-D63-205-4,MSUK-D63-209-2,MSUK-D63-206-2,MSUK-D63-25-3,MSUK-D63-2f-2,MSUK-D63-209-4,MSUK-D63-205-5,MSUK-D63-2f-3,MSUK-D63-206-5,MSUK-D63-25-4,MSUK-D63-2f-5,MSUK-D63-2f6-2,MSUK-D63-20-2,MSUK-D63-256-3,MSUK-D63-20f-3",SPONSORED PRODUCTS
慕声欧洲-UK,2225370M7PA25,PAID_IN_FULL,CREDIT_CARD,2025-07-09至2025-07-14,2025-07-13,GBP,526.59,D75自动,292856546679709,CPC,48,0.40,19.10,0.00,业务报告,"MSUK-D75-268-2,MSUK-D75-206-5,MSUK-D75-268-4,MSUK-D75-206-2,MSUK-D75-2-4,MSUK-D75-2-5,MSUK-D75-2-3,MSUK-D75-2-2,MSUK-D75-20-4,MSUK-D75-206-3,MSUK-D75-20-2,MSUK-D75-206-4,MSUK-D75-208-2,MSUK-D75-208-5,MSUK-D75-20-5,MSUK-D75-208-3,MSUK-D75-268-5,MSUK-D75-268-3,MSUK-D75-208-4,MSUK-D75-20-3",SPONSORED PRODUCTS
慕声欧洲-UK,2225370M7PA25,PAID_IN_FULL,CREDIT_CARD,2025-07-09至2025-07-14,2025-07-13,GBP,526.59,D70自动,296350599943294,CPC,160,0.43,69.42,0.00,业务报告,"MSUK-D70-5-3,MSUK-D70-6-4,MSUK-D70-5-6,MSUK-D70-6-5,MSUK-D70-6-3,MSUK-D70-5-5,MSUK-D70-7-2,MSUK-D70-7-4,MSUK-D70-6-2,MSUK-D70-2-2,MSUK-D70-2-4,MSUK-D70-5-4,MSUK-D70-5-2,MSUK-D70-2-5,MSUK-D70-2-6,MSUK-D70-7-6,MSUK-D70-6-6,MSUK-D70-7-5,MSUK-D70-2-3,MSUK-D70-7-3",SPONSORED PRODUCTS
慕声欧洲-UK,2225370M7PA25,PAID_IN_FULL,CREDIT_CARD,2025-07-09至2025-07-14,2025-07-13,GBP,526.59,D70手动,307778534079657,CPC,183,0.43,78.43,0.00,业务报告,"MSUK-D70-2-6,MSUK-D70-7-5,MSUK-D70-6-3,MSUK-D70-2-5,MSUK-D70-5-6,MSUK-D70-2-3,MSUK-D70-7-3,MSUK-D70-5-3,MSUK-D70-7-2,MSUK-D70-2-2,MSUK-D70-7-6,MSUK-D70-6-2,MSUK-D70-5-2,MSUK-D70-7-4,MSUK-D70-2-4,MSUK-D70-5-5,MSUK-D70-5-4,MSUK-D70-6-4,MSUK-D70-6-6,MSUK-D70-6-5",SPONSORED PRODUCTS
慕声欧洲-UK,2225370M7PA25,PAID_IN_FULL,CREDIT_CARD,2025-07-09至2025-07-14,2025-07-13,GBP,526.59,D47-手动广泛,316931612471628,CPC,63,0.37,23.40,0.00,业务报告,"MSUK-D47-6-2,MSUK-D47-7-3,MSUK-D47-6-5,MSUK-D47-2-2,MSUK-D47-2-3,MSUK-D47-6-6,MSUK-D47-7-2,MSUK-D47-7-5,MSUK-D47-6-3,MSUK-D47-2-6,MSUK-D47-6-4,MSUK-D47-5-5,MSUK-D47-5-6,MSUK-D47-5-3,MSUK-D47-7-4,MSUK-D47-5-4,MSUK-D47-7-6,MSUK-D47-5-2,MSUK-D47-2-4,MSUK-D47-2-5",SPONSORED PRODUCTS
慕声欧洲-UK,2225370M7PA25,PAID_IN_FULL,CREDIT_CARD,2025-07-09至2025-07-14,2025-07-13,GBP,526.59,D22手动精准,32209886985230,CPC,12,0.33,3.98,0.00,业务报告,"MS-D22-5-2,MS-D22-5-4,MS-D22-0-5,MS-D22-506-4,MS-D22-0-2,MS-D22-5-3,MS-D22-25-5,MS-D22-205-4,MS-D22-7-4,MS-D22-27-5,MS-D22-6-5,MS-D22-5-5,MS-D22-25-4,MS-D22-506-2,MS-D22-27-3,MS-D22-7-5,MS-D22-25-3,MS-D22-7-2,MS-D22-2-2,MS-D22-2-5",SPONSORED PRODUCTS
慕声欧洲-UK,2225370M7PA25,PAID_IN_FULL,CREDIT_CARD,2025-07-09至2025-07-14,2025-07-13,GBP,526.59,D75手动,338343636569035,CPC,53,0.48,25.31,0.00,业务报告,"MSUK-D75-206-3,MSUK-D75-208-4,MSUK-D75-20-3,MSUK-D75-2-5,MSUK-D75-208-3,MSUK-D75-268-5,MSUK-D75-268-2,MSUK-D75-208-2,MSUK-D75-20-5,MSUK-D75-268-3,MSUK-D75-2-2,MSUK-D75-20-4,MSUK-D75-208-5,MSUK-D75-206-5,MSUK-D75-20-2,MSUK-D75-206-2,MSUK-D75-206-4,MSUK-D75-2-4,MSUK-D75-2-3,MSUK-D75-268-4",SPONSORED PRODUCTS
慕声欧洲-UK,2225370M7PA25,PAID_IN_FULL,CREDIT_CARD,2025-07-09至2025-07-14,2025-07-13,GBP,526.59,D23自动5.31,340918862675495,CPC,58,0.16,9.08,0.00,业务报告,"MS-D23-29-3,MS-D23-0-5,MS-D23-0-4,MS-D23-0-2,MS-D23-2-3,MS-D23-209-3,MS-D23-1-2,MS-D23-2-5,MS-D23-201-2,MS-D23-29-4,MS-D23-29-2,MS-D23-208-3,MS-D23-8-4,MS-D23-2-4,MS-D23-209-2,MS-D23-208-5,MS-D23-208-2,MS-D23-1-4,MS-D23-26-3,MS-D23-29-5,MS-D23-216-4,MS-D23-1-3,MS-D23-2-2",SPONSORED PRODUCTS
慕声欧洲-UK,2225370M7PA25,PAID_IN_FULL,CREDIT_CARD,2025-07-09至2025-07-14,2025-07-13,GBP,526.59,D72自动,361760978626676,CPC,31,0.36,11.12,0.00,业务报告,"MSUK-D72-26-2,MSUK-D72-216-2,MSUK-D72-216-5,MSUK-D72-26-5,MSUK-D72-201-2,MSUK-D72-206-5,MSUK-D72-201-4,MSUK-D72-201-3,MSUK-D72-201-5,MSUK-D72-206-3,MSUK-D72-206-2,MSUK-D72-206-4,MSUK-D72-26-3,MSUK-D72-216-4,MSUK-D72-20-2,MSUK-D72-20-5,MSUK-D72-26-4,MSUK-D72-20-4,MSUK-D72-20-3,MSUK-D72-216-3",SPONSORED PRODUCTS
慕声欧洲-UK,2225370M7PA25,PAID_IN_FULL,CREDIT_CARD,2025-07-09至2025-07-14,2025-07-13,GBP,526.59,D23手动1,385955122005696,CPC,34,0.42,14.23,0.00,业务报告,"MS-D23-1-3,MS-D23-208-3,MS-D23-26-5,MS-D23-29-4,MS-D23-26-2,MS-D23-8-2,MS-D23-20-4,MS-D23-208-5,MS-D23-201-4,MS-D23-8-4,MS-D23-20-5,MS-D23-208-4,MS-D23-29-2,MS-D23-0-5,MS-D23-0-3,MS-D23-2-4,MS-D23-2-5,MS-D23-26-4,MS-D23-201-2,MS-D23-2-3,MS-D23-1-2,MS-D23-26-3,MS-D23-2-2,MS-D23-209-2,MS-D23-20-3,MS-D23-216-4,MS-D23-0-2,MS-D23-208-2,MS-D23-29-3,MS-D23-1-4,MS-D23-29-5,MS-D23-201-5,MS-D23-216-2,MS-D23-209-3,MS-D23-201-3,MS-D23-209-4,MS-D23-0-4",SPONSORED PRODUCTS
慕声欧洲-UK,2225370M7PA25,PAID_IN_FULL,CREDIT_CARD,2025-07-09至2025-07-14,2025-07-13,GBP,526.59,D47-自动6.1,406284800434695,CPC,57,0.35,19.79,0.00,业务报告,"MSUK-D47-2-5,MSUK-D47-7-3,MSUK-D47-5-3,MSUK-D47-5-2,MSUK-D47-6-2,MSUK-D47-2-3,MSUK-D47-6-3,MSUK-D47-2-4,MSUK-D47-5-6,MSUK-D47-5-5,MSUK-D47-7-4,MSUK-D47-7-6,MSUK-D47-2-2,MSUK-D47-6-4,MSUK-D47-7-5,MSUK-D47-6-5,MSUK-D47-5-4,MSUK-D47-6-6",SPONSORED PRODUCTS
慕声欧洲-UK,2225370M7PA25,PAID_IN_FULL,CREDIT_CARD,2025-07-09至2025-07-14,2025-07-13,GBP,526.59,D74手动,412900525915003,CPC,57,0.49,27.82,0.00,业务报告,"MSUK-D74-5-3,MSUK-D74-2-4,MSUK-D74-5-4,MSUK-D74-6-6,MSUK-D74-5-6,MSUK-D74-7-5,MSUK-D74-2-6,MSUK-D74-7-2,MSUK-D74-7-3,MSUK-D74-5-2,MSUK-D74-2-2,MSUK-D74-2-5,MSUK-D74-6-2,MSUK-D74-5-5,MSUK-D74-2-3,MSUK-D74-7-4,MSUK-D74-6-3",SPONSORED PRODUCTS
慕声欧洲-UK,2225370M7PA25,PAID_IN_FULL,CREDIT_CARD,2025-07-09至2025-07-14,2025-07-13,GBP,526.59,新D06自动,421827185813581,CPC,92,0.25,22.66,0.00,业务报告,"MS-D06-206-5,MS-D06-206-4,MS-D06-20-2,MS-D06-368-4,MS-D06-234-3,MS-D06-26-5,MS-D06-368-3,MS-D06-208-4,MS-D06-2-2-,MS-D06-26-3,MS-D06-234-4,MS-D06-20-5,MS-D06-2-3-,MS-D06-234-5,MS-D06-26-2,MS-D06-348-2,MS-D06-208-2,MS-D06-20-3,MS-D06-2-4-,MS-D06-2-5-,MS-D06-26-4,MS-D06-348-4,MS-D06-209-3,MS-D06-208-3,MS-D06-348-3,MS-D06-209-4,MS-D06-368-5,MS-D06-20-4,MS-D06-209-2,MS-D06-206-3,MS-D06-209-5,MS-D06-206-2,MS-D06-234-2,MS-D06-208-5",SPONSORED PRODUCTS
慕声欧洲-UK,2225370M7PA25,PAID_IN_FULL,CREDIT_CARD,2025-07-09至2025-07-14,2025-07-13,GBP,526.59,D71自动,451712842798364,CPC,28,0.42,11.77,0.00,业务报告,"MSUK-D71-205-2,MSUK-D71-205-3,MSUK-D71-0-3,MSUK-D71-20-5,MSUK-D71-2-2,MSUK-D71-0-4,MSUK-D71-25-2,MSUK-D71-5-7,MSUK-D71-2-6,MSUK-D71-2-3,MSUK-D71-5-3",SPONSORED PRODUCTS
慕声欧洲-UK,2225370M7PA25,PAID_IN_FULL,CREDIT_CARD,2025-07-09至2025-07-14,2025-07-13,GBP,526.59,D60-自动,454472653050311,CPC,26,0.23,5.95,0.00,业务报告,"MSUK-D60-6-5,MSUK-D60-358-5,MSUK-D60-7-3,MSUK-D60-235-3,MSUK-D60-8-5,MSUK-D60-5-3,MSUK-D60-5-1,MSUK-D60-5-5,MSUK-D60-256-5,MSUK-D60-3-5,MSUK-D60-2-5,MSUK-D60-358-1,MSUK-D60-235-1,MSUK-D60-257-5,MSUK-D60-7-1,MSUK-D60-358-3,MSUK-D60-256-1,MSUK-D60-235-5,MSUK-D60-6-3,MSUK-D60-257-3,MSUK-D60-2-3,MSUK-D60-257-1,MSUK-D60-8-3,MSUK-D60-256-3,MSUK-D60-268-5,MSUK-D60-7-5,MSUK-D60-268-1,MSUK-D60-3-1,MSUK-D60-268-3,MSUK-D60-8-1,MSUK-D60-3-3",SPONSORED PRODUCTS
慕声欧洲-UK,2225370M7PA25,PAID_IN_FULL,CREDIT_CARD,2025-07-09至2025-07-14,2025-07-13,GBP,526.59,D25自动1,467321738791432,CPC,39,0.21,8.13,0.00,业务报告,"MSUK-D25-6-3,MSUK-D25-209-4,MSUK-D25-2-5,MSUK-D25-8-4,MSUK-D25-206-4,MSUK-D25-2-2,MSUK-D25-20-3,MSUK-D25-206-5,MSUK-D25-6-2,MSUK-D25-268-5,MSUK-D25-6-4,MSUK-D25-20-4-1,MSUK-D25-209-5,MSUK-D25-6-5,MSUK-D25-8-5,MSUK-D25-268-4,MSUK-D25-2-3,MSUK-D25-268-3,MSUK-D25-2-4,MSUK-D25-209-3,MSUK-D25-8-3,MSUK-D25-8-2,MSUK-D25-206-3",SPONSORED PRODUCTS
慕声欧洲-UK,2225370M7PA25,PAID_IN_FULL,CREDIT_CARD,2025-07-09至2025-07-14,2025-07-13,GBP,526.59,D63自动,468381222837440,CPC,29,0.43,12.45,0.00,业务报告,"MSUK-D63-205-3,MSUK-D63-209-4,MSUK-D63-206-5,MSUK-D63-2f-4,MSUK-D63-209-2,MSUK-D63-25-3,MSUK-D63-256-4,MSUK-D63-25-4,MSUK-D63-20-4,MSUK-D63-2f-3,MSUK-D63-20-2,MSUK-D63-209-3,MSUK-D63-20-3,MSUK-D63-206-4,MSUK-D63-20-5,MSUK-D63-509-5,MSUK-D63-2f-2,MSUK-D63-206-2,MSUK-D63-206-3,MSUK-D63-205-2,MSUK-D63-209-5,MSUK-D63-2f6-5,MSUK-D63-256-5,MSUK-D63-20f-5,MSUK-D63-20f-4,MSUK-D63-256-3,MSUK-D63-205-5,MSUK-D63-205-4",SPONSORED PRODUCTS
慕声欧洲-UK,2225370M7PA25,PAID_IN_FULL,CREDIT_CARD,2025-07-09至2025-07-14,2025-07-13,GBP,526.59,D30自动2-23,497562169763630,CPC,35,0.28,9.91,0.00,业务报告,"MSUK-D30-5-4,MSUK-D30-6-5,MSUK-D30-6-4,MSUK-D30-2-4-1,MSUK-D30-7-4,MSUK-D30-5-2,MSUK-D30-7-2,MSUK-D30-25-4-1,MSUK-D30-7-3,MSUK-D30-25-2,MSUK-D30-7-5,MSUK-D30-25-3,MSUK-D30-2-2,MSUK-D30-5-3,MSUK-D30-2-3,MSUK-D30-25-5,MSUK-D30-6-2,MSUK-D30-6-3,MSUK-D30-5-5,MSUK-D30-2-5",SPONSORED PRODUCTS
慕声欧洲-UK,2225370M7PA25,PAID_IN_FULL,CREDIT_CARD,2025-07-09至2025-07-14,2025-07-13,GBP,526.59,D71-手动精准,505070743851350,CPC,14,0.44,6.13,0.00,业务报告,"MSUK-D71-2-4,MSUK-D71-20-5,MSUK-D71-20-4,MSUK-D71-5-4,MSUK-D71-2-3,MSUK-D71-2-7,MSUK-D71-0-4,MSUK-D71-20-3,MSUK-D71-25-3,MSUK-D71-2-5,MSUK-D71-0-3,MSUK-D71-25-4,MSUK-D71-2-2,MSUK-D71-5-5,MSUK-D71-5-7,MSUK-D71-5-3,MSUK-D71-25-5,MSUK-D71-2-6,MSUK-D71-5-2,MSUK-D71-205-2,MSUK-D71-205-7,MSUK-D71-5-6,MSUK-D71-25-2,MSUK-D71-205-3,MSUK-D71-0-2,MSUK-D71-0-5,MSUK-D71-0-7",SPONSORED PRODUCTS
慕声欧洲-UK,2225370M7PA25,PAID_IN_FULL,CREDIT_CARD,2025-07-09至2025-07-14,2025-07-13,GBP,526.59,D47-手动精准,512596092807998,CPC,33,0.35,11.71,0.00,业务报告,"MSUK-D47-7-3,MSUK-D47-5-5,MSUK-D47-7-5,MSUK-D47-5-4,MSUK-D47-2-6,MSUK-D47-5-6,MSUK-D47-6-6,MSUK-D47-2-5,MSUK-D47-7-6,MSUK-D47-6-4,MSUK-D47-7-2,MSUK-D47-2-4,MSUK-D47-2-3,MSUK-D47-6-3,MSUK-D47-6-5,MSUK-D47-2-2,MSUK-D47-6-2,MSUK-D47-5-2,MSUK-D47-7-4,MSUK-D47-5-3",SPONSORED PRODUCTS
慕声欧洲-UK,2225370M7PA25,PAID_IN_FULL,CREDIT_CARD,2025-07-09至2025-07-14,2025-07-13,GBP,526.59,D74自动,519517451658382,CPC,43,0.43,18.32,0.00,业务报告,"MSUK-D74-2-5,MSUK-D74-7-5,MSUK-D74-2-2,MSUK-D74-2-4,MSUK-D74-2-6,MSUK-D74-7-3,MSUK-D74-5-2,MSUK-D74-7-2,MSUK-D74-5-3,MSUK-D74-5-6,MSUK-D74-2-3,MSUK-D74-5-4,MSUK-D74-7-4,MSUK-D74-5-5,MSUK-D74-6-6,MSUK-D74-6-2,MSUK-D74-7-6,MSUK-D74-6-3",SPONSORED PRODUCTS
慕声欧洲-UK,2225370M7PA25,PAID_IN_FULL,CREDIT_CARD,2025-07-09至2025-07-14,2025-07-13,GBP,526.59,D73-手动,520750068765726,CPC,18,0.45,8.17,0.00,业务报告,"MSUK-D73-269-3,MSUK-D73-26-5,MSUK-D73-206-3,MSUK-D73-209-3,MSUK-D73-206-5,MSUK-D73-209-4,MSUK-D73-269-4,MSUK-D73-20-2,MSUK-D73-20-3,MSUK-D73-20-5,MSUK-D73-26-3,MSUK-D73-206-4,MSUK-D73-206-2,MSUK-D73-26-4,MSUK-D73-20-4,MSUK-D73-269-2,MSUK-D73-26-2,MSUK-D73-209-2,MSUK-D73-209-5,MSUK-D73-269-5",SPONSORED PRODUCTS
慕声欧洲-UK,2225370M7PA25,PAID_IN_FULL,CREDIT_CARD,2025-07-09至2025-07-14,2025-07-13,GBP,526.59,D22自动新,527135057295761,CPC,111,0.28,30.63,0.00,业务报告,"MS-D22-5-4,MS-D22-6-5,MS-D22-0-5,MS-D22-205-2,MS-D22-2-2",SPONSORED PRODUCTS
慕声欧洲-UK,2225370M7PA25,PAID_IN_FULL,CREDIT_CARD,2025-07-09至2025-07-14,2025-07-13,GBP,526.59,D72-手动,532736007580196,CPC,39,0.49,19.13,0.00,业务报告,"MSUK-D72-201-4,MSUK-D72-206-5,MSUK-D72-216-3,MSUK-D72-216-2,MSUK-D72-20-3,MSUK-D72-206-2,MSUK-D72-216-4,MSUK-D72-206-4,MSUK-D72-26-4,MSUK-D72-26-2,MSUK-D72-206-3,MSUK-D72-26-3,MSUK-D72-20-5,MSUK-D72-26-5,MSUK-D72-201-3,MSUK-D72-20-2,MSUK-D72-201-2,MSUK-D72-20-4,MSUK-D72-216-5,MSUK-D72-201-5",SPONSORED PRODUCTS
慕声欧洲-UK,2225370M7PA25,PAID_IN_FULL,CREDIT_CARD,2025-07-09至2025-07-14,2025-07-13,GBP,526.59,D42-手动商品-陈,542904453274392,CPC,8,0.34,2.75,0.00,业务报告,"MSUK-D42-6-3,MSUK-D42-7-5,MSUK-D42-25-5,MSUK-D42-7-3,MSUK-D42-2-2,MSUK-D42-5-5,MSUK-D42-25-3,MSUK-D42-6-4,MSUK-D42-6-5,MSUK-D42-25-2,MSUK-D42-5-3,MSUK-D42-256-5,MSUK-D42-5-4,MSUK-D42-5-2,MSUK-D42-2-3,MSUK-D42-256-4,MSUK-D42-7-2,MSUK-D42-2-5,MSUK-D42-7-4,MSUK-D42-256-2",SPONSORED PRODUCTS
慕声欧洲-UK,2225370M7PA25,PAID_IN_FULL,CREDIT_CARD,2025-07-09至2025-07-14,2025-07-13,GBP,526.59,D73自动,552441102016304,CPC,33,0.55,18.13,0.00,业务报告,"MSUK-D73-206-5,MSUK-D73-26-3,MSUK-D73-20-5,MSUK-D73-269-3,MSUK-D73-206-2,MSUK-D73-20-3,MSUK-D73-209-4,MSUK-D73-269-5,MSUK-D73-26-4,MSUK-D73-26-5,MSUK-D73-20-2,MSUK-D73-209-3,MSUK-D73-26-2,MSUK-D73-206-3,MSUK-D73-209-2,MSUK-D73-20-4,MSUK-D73-269-2,MSUK-D73-209-5,MSUK-D73-269-4,MSUK-D73-206-4",SPONSORED PRODUCTS
慕声欧洲-UK,2265880M7PA25,PAID_IN_FULL,CREDIT_CARD,2025-07-13至2025-07-18,2025-07-17,GBP,507.41,D33手动,206422330535806,CPC,35,0.36,12.62,0.00,业务报告,"MSUK-D33-26-2,MSUK-D33-26-4,MSUK-D33-2-4",SPONSORED PRODUCTS
慕声欧洲-UK,2265880M7PA25,PAID_IN_FULL,CREDIT_CARD,2025-07-13至2025-07-18,2025-07-17,GBP,507.41,D33自动,227191886882379,CPC,23,0.25,5.74,0.00,业务报告,"MSUK-D33-2-4,MSUK-D33-26-4,MSUK-D33-26-2,MSUK-D30-7-5,MSUK-D30-25-4-1,MSUK-D30-5-4,MSUK-D30-25-3,MSUK-D30-2-4-1,MSUK-D30-6-5,MSUK-D30-6-3,MSUK-D30-5-3,MSUK-D30-5-2,MSUK-D30-6-4",SPONSORED PRODUCTS
慕声欧洲-UK,2265880M7PA25,PAID_IN_FULL,CREDIT_CARD,2025-07-13至2025-07-18,2025-07-17,GBP,507.41,D42手动,271743845417844,CPC,29,0.40,11.62,0.00,业务报告,"MSUK-D42-2-4,MSUK-D42-6-5,MSUK-D42-5-4,MSUK-D42-7-5,MSUK-D42-6-3,MSUK-D42-5-2,MSUK-D42-7-2,MSUK-D42-6-2,MSUK-D42-2-5,MSUK-D42-2-3,MSUK-D42-256-4,MSUK-D42-2-2,MSUK-D42-25-4,MSUK-D42-25-2,MSUK-D42-25-5,MSUK-D42-6-4,MSUK-D42-7-3,MSUK-D42-5-5,MSUK-D42-5-3,MSUK-D42-7-4,MSUK-D42-256-5,MSUK-D42-25-3,MSUK-D42-256-2",SPONSORED PRODUCTS
慕声欧洲-UK,2265880M7PA25,PAID_IN_FULL,CREDIT_CARD,2025-07-13至2025-07-18,2025-07-17,GBP,507.41,D63-精准3词,283094973144205,CPC,14,0.35,4.93,0.00,业务报告,"MSUK-D63-509-5,MSUK-D63-205-2,MSUK-D63-20f-2,MSUK-D63-20-3,MSUK-D63-20-5,MSUK-D63-2f-4,MSUK-D63-205-4,MSUK-D63-209-2,MSUK-D63-206-2,MSUK-D63-25-3,MSUK-D63-2f-2,MSUK-D63-209-4,MSUK-D63-205-5,MSUK-D63-2f-3,MSUK-D63-206-5,MSUK-D63-25-4,MSUK-D63-2f-5,MSUK-D63-2f6-2,MSUK-D63-20-2,MSUK-D63-256-3,MSUK-D63-20f-3,MSUK-D63-2f6-4",SPONSORED PRODUCTS
慕声欧洲-UK,2265880M7PA25,PAID_IN_FULL,CREDIT_CARD,2025-07-13至2025-07-18,2025-07-17,GBP,507.41,D75自动,292856546679709,CPC,57,0.37,20.89,0.00,业务报告,"MSUK-D75-268-2,MSUK-D75-206-5,MSUK-D75-268-4,MSUK-D75-206-2,MSUK-D75-2-4,MSUK-D75-2-5,MSUK-D75-208-4,MSUK-D75-2-3,MSUK-D75-2-2,MSUK-D75-20-3,MSUK-D75-20-4,MSUK-D75-206-3,MSUK-D75-20-2,MSUK-D75-206-4,MSUK-D75-208-2,MSUK-D75-208-5,MSUK-D75-20-5,MSUK-D75-208-3,MSUK-D75-268-5,MSUK-D75-268-3",SPONSORED PRODUCTS
慕声欧洲-UK,2265880M7PA25,PAID_IN_FULL,CREDIT_CARD,2025-07-13至2025-07-18,2025-07-17,GBP,507.41,D70自动,296350599943294,CPC,145,0.42,61.10,0.00,业务报告,"MSUK-D70-5-3,MSUK-D70-6-4,MSUK-D70-5-6,MSUK-D70-6-5,MSUK-D70-7-3,MSUK-D70-6-3,MSUK-D70-5-5,MSUK-D70-7-2,MSUK-D70-7-4,MSUK-D70-6-2,MSUK-D70-2-2,MSUK-D70-2-4,MSUK-D70-5-4,MSUK-D70-5-2,MSUK-D70-2-5,MSUK-D70-2-6,MSUK-D70-7-6,MSUK-D70-6-6,MSUK-D70-7-5,MSUK-D70-2-3",SPONSORED PRODUCTS
慕声欧洲-UK,2265880M7PA25,PAID_IN_FULL,CREDIT_CARD,2025-07-13至2025-07-18,2025-07-17,GBP,507.41,D70手动,307778534079657,CPC,186,0.43,80.67,0.00,业务报告,"MSUK-D70-2-6,MSUK-D70-2-5,MSUK-D70-5-6,MSUK-D70-2-3,MSUK-D70-7-3,MSUK-D70-5-3,MSUK-D70-7-2,MSUK-D70-2-2,MSUK-D70-7-6,MSUK-D70-6-2,MSUK-D70-5-2,MSUK-D70-7-4,MSUK-D70-5-5,MSUK-D70-5-4,MSUK-D70-6-4,MSUK-D70-6-6,MSUK-D70-7-5,MSUK-D70-6-3,MSUK-D70-2-4,MSUK-D70-6-5",SPONSORED PRODUCTS
慕声欧洲-UK,2265880M7PA25,PAID_IN_FULL,CREDIT_CARD,2025-07-13至2025-07-18,2025-07-17,GBP,507.41,D47-手动广泛,316931612471628,CPC,52,0.37,19.14,0.00,业务报告,"MSUK-D47-6-2,MSUK-D47-7-3,MSUK-D47-6-5,MSUK-D47-2-2,MSUK-D47-2-3,MSUK-D47-6-6,MSUK-D47-7-2,MSUK-D47-7-5,MSUK-D47-6-3,MSUK-D47-2-6,MSUK-D47-6-4,MSUK-D47-5-5,MSUK-D47-5-6,MSUK-D47-5-3,MSUK-D47-7-4,MSUK-D47-5-4,MSUK-D47-7-6,MSUK-D47-5-2,MSUK-D47-2-4,MSUK-D47-2-5",SPONSORED PRODUCTS
慕声欧洲-UK,2265880M7PA25,PAID_IN_FULL,CREDIT_CARD,2025-07-13至2025-07-18,2025-07-17,GBP,507.41,D22手动精准,32209886985230,CPC,8,0.29,2.33,0.00,业务报告,"MS-D22-5-2,MS-D22-5-4,MS-D22-0-5,MS-D22-506-4,MS-D22-0-2,MS-D22-5-3,MS-D22-25-5,MS-D22-205-4,MS-D22-7-4,MS-D22-27-5,MS-D22-6-5,MS-D22-5-5,MS-D22-25-4,MS-D22-506-2,MS-D22-27-3,MS-D22-7-5,MS-D22-25-3,MS-D22-7-2,MS-D22-2-2,MS-D22-2-3",SPONSORED PRODUCTS
慕声欧洲-UK,2265880M7PA25,PAID_IN_FULL,CREDIT_CARD,2025-07-13至2025-07-18,2025-07-17,GBP,507.41,D75手动,338343636569035,CPC,65,0.46,30.09,0.00,业务报告,"MSUK-D75-206-3,MSUK-D75-208-4,MSUK-D75-20-3,MSUK-D75-2-5,MSUK-D75-208-3,MSUK-D75-268-5,MSUK-D75-268-2,MSUK-D75-208-2,MSUK-D75-20-5,MSUK-D75-268-3,MSUK-D75-2-2,MSUK-D75-20-4,MSUK-D75-208-5,MSUK-D75-206-5,MSUK-D75-20-2,MSUK-D75-206-2,MSUK-D75-206-4,MSUK-D75-2-4,MSUK-D75-2-3,MSUK-D75-268-4",SPONSORED PRODUCTS
慕声欧洲-UK,2265880M7PA25,PAID_IN_FULL,CREDIT_CARD,2025-07-13至2025-07-18,2025-07-17,GBP,507.41,D23自动5.31,340918862675495,CPC,51,0.15,7.75,0.00,业务报告,"MS-D23-29-3,MS-D23-0-5,MS-D23-0-4,MS-D23-0-2,MS-D23-2-3,MS-D23-209-3,MS-D23-1-2,MS-D23-2-5,MS-D23-201-2,MS-D23-29-4,MS-D23-29-2,MS-D23-208-3,MS-D23-8-4,MS-D23-2-4,MS-D23-209-2,MS-D23-208-5,MS-D23-208-2,MS-D23-1-4,MS-D23-26-3,MS-D23-29-5,MS-D23-216-4,MS-D23-1-3,MS-D23-2-2",SPONSORED PRODUCTS
慕声欧洲-UK,2265880M7PA25,PAID_IN_FULL,CREDIT_CARD,2025-07-13至2025-07-18,2025-07-17,GBP,507.41,D72自动,361760978626676,CPC,37,0.39,14.29,0.00,业务报告,"MSUK-D72-26-2,MSUK-D72-216-2,MSUK-D72-216-5,MSUK-D72-26-5,MSUK-D72-201-2,MSUK-D72-206-5,MSUK-D72-201-4,MSUK-D72-201-3,MSUK-D72-201-5,MSUK-D72-206-3,MSUK-D72-206-2,MSUK-D72-206-4,MSUK-D72-26-3,MSUK-D72-216-4,MSUK-D72-20-2,MSUK-D72-20-5,MSUK-D72-26-4,MSUK-D72-20-4,MSUK-D72-20-3,MSUK-D72-216-3",SPONSORED PRODUCTS
慕声欧洲-UK,2265880M7PA25,PAID_IN_FULL,CREDIT_CARD,2025-07-13至2025-07-18,2025-07-17,GBP,507.41,D23手动1,385955122005696,CPC,52,0.39,20.48,0.00,业务报告,"MS-D23-1-3,MS-D23-29-4,MS-D23-26-2,MS-D23-8-2,MS-D23-208-5,MS-D23-8-4,MS-D23-208-4,MS-D23-29-2,MS-D23-0-5,MS-D23-209-3,MS-D23-2-4,MS-D23-2-5,MS-D23-26-4,MS-D23-201-2,MS-D23-2-3,MS-D23-1-2,MS-D23-26-3,MS-D23-2-2,MS-D23-209-2,MS-D23-209-4,MS-D23-29-3,MS-D23-1-4,MS-D23-29-5,MS-D23-201-5,MS-D23-216-2,MS-D23-26-5,MS-D23-20-4,MS-D23-20-5,MS-D23-0-3,MS-D23-201-3,MS-D23-20-3,MS-D23-216-4,MS-D23-0-2,MS-D23-0-4,MS-D23-208-2,MS-D23-201-4,MS-D23-208-3,MS-D23-216-3",SPONSORED PRODUCTS
慕声欧洲-UK,2265880M7PA25,PAID_IN_FULL,CREDIT_CARD,2025-07-13至2025-07-18,2025-07-17,GBP,507.41,D47-自动6.1,406284800434695,CPC,38,0.34,12.91,0.00,业务报告,"MSUK-D47-2-5,MSUK-D47-7-3,MSUK-D47-5-3,MSUK-D47-5-2,MSUK-D47-6-2,MSUK-D47-2-3,MSUK-D47-6-3,MSUK-D47-2-4,MSUK-D47-5-6,MSUK-D47-5-5,MSUK-D47-7-4,MSUK-D47-7-6,MSUK-D47-2-2,MSUK-D47-6-4,MSUK-D47-7-5,MSUK-D47-6-5,MSUK-D47-5-4,MSUK-D47-6-6",SPONSORED PRODUCTS
慕声欧洲-UK,2265880M7PA25,PAID_IN_FULL,CREDIT_CARD,2025-07-13至2025-07-18,2025-07-17,GBP,507.41,D74手动,412900525915003,CPC,52,0.47,24.23,0.00,业务报告,"MSUK-D74-7-6,MSUK-D74-2-4,MSUK-D74-6-5,MSUK-D74-6-3,MSUK-D74-5-4,MSUK-D74-6-6,MSUK-D74-6-4,MSUK-D74-5-6,MSUK-D74-7-5,MSUK-D74-2-6,MSUK-D74-7-2,MSUK-D74-7-3,MSUK-D74-5-2,MSUK-D74-2-2,MSUK-D74-2-5,MSUK-D74-6-2,MSUK-D74-5-5,MSUK-D74-2-3,MSUK-D74-7-4,MSUK-D74-5-3",SPONSORED PRODUCTS
慕声欧洲-UK,2265880M7PA25,PAID_IN_FULL,CREDIT_CARD,2025-07-13至2025-07-18,2025-07-17,GBP,507.41,新D06自动,421827185813581,CPC,65,0.25,16.05,0.00,业务报告,"MS-D06-206-5,MS-D06-206-4,MS-D06-20-2,MS-D06-368-4,MS-D06-234-3,MS-D06-26-5,MS-D06-368-3,MS-D06-208-4,MS-D06-2-2-,MS-D06-26-3,MS-D06-234-4,MS-D06-20-5,MS-D06-2-3-,MS-D06-234-5,MS-D06-26-2,MS-D06-348-2,MS-D06-208-2,MS-D06-20-3,MS-D06-2-4-,MS-D06-2-5-,MS-D06-26-4,MS-D06-348-4,MS-D06-209-3,MS-D06-208-3,MS-D06-348-3,MS-D06-209-4,MS-D06-368-5,MS-D06-20-4,MS-D06-209-2,MS-D06-206-3,MS-D06-209-5,MS-D06-206-2,MS-D06-234-2",SPONSORED PRODUCTS
慕声欧洲-UK,2265880M7PA25,PAID_IN_FULL,CREDIT_CARD,2025-07-13至2025-07-18,2025-07-17,GBP,507.41,D71自动,451712842798364,CPC,41,0.37,15.35,0.00,业务报告,"MSUK-D71-205-2,MSUK-D71-205-3,MSUK-D71-0-3,MSUK-D71-20-5,MSUK-D71-2-2,MSUK-D71-0-4,MSUK-D71-25-2,MSUK-D71-5-7,MSUK-D71-2-6,MSUK-D71-2-3,MSUK-D71-5-3",SPONSORED PRODUCTS
慕声欧洲-UK,2265880M7PA25,PAID_IN_FULL,CREDIT_CARD,2025-07-13至2025-07-18,2025-07-17,GBP,507.41,D60-自动,454472653050311,CPC,18,0.24,4.26,0.00,业务报告,"MSUK-D60-6-5,MSUK-D60-358-5,MSUK-D60-7-3,MSUK-D60-235-3,MSUK-D60-8-5,MSUK-D60-5-3,MSUK-D60-268-5,MSUK-D60-5-1,MSUK-D60-5-5,MSUK-D60-256-5,MSUK-D60-7-5,MSUK-D60-3-5,MSUK-D60-268-1,MSUK-D60-2-5,MSUK-D60-358-1,MSUK-D60-3-1,MSUK-D60-268-3,MSUK-D60-235-1,MSUK-D60-257-5,MSUK-D60-7-1,MSUK-D60-8-1,MSUK-D60-358-3,MSUK-D60-3-3,MSUK-D60-256-1,MSUK-D60-235-5,MSUK-D60-6-3,MSUK-D60-257-3,MSUK-D60-2-3,MSUK-D60-257-1,MSUK-D60-8-3",SPONSORED PRODUCTS
慕声欧洲-UK,2265880M7PA25,PAID_IN_FULL,CREDIT_CARD,2025-07-13至2025-07-18,2025-07-17,GBP,507.41,D25自动1,467321738791432,CPC,29,0.21,6.00,0.00,业务报告,"MSUK-D25-6-3,MSUK-D25-209-4,MSUK-D25-2-5,MSUK-D25-8-4,MSUK-D25-206-4,MSUK-D25-2-2,MSUK-D25-6-2,MSUK-D25-268-5,MSUK-D25-6-4,MSUK-D25-209-5,MSUK-D25-6-5,MSUK-D25-8-5,MSUK-D25-268-4,MSUK-D25-2-3,MSUK-D25-268-3,MSUK-D25-2-4,MSUK-D25-209-3,MSUK-D25-8-3,MSUK-D25-8-2,MSUK-D25-206-3,MSUK-D25-20-3,MSUK-D25-206-5,MSUK-D25-20-4-1",SPONSORED PRODUCTS
慕声欧洲-UK,2265880M7PA25,PAID_IN_FULL,CREDIT_CARD,2025-07-13至2025-07-18,2025-07-17,GBP,507.41,D63自动,468381222837440,CPC,29,0.45,12.99,0.00,业务报告,"MSUK-D63-205-3,MSUK-D63-209-4,MSUK-D63-206-5,MSUK-D63-205-5,MSUK-D63-2f-4,MSUK-D63-209-2,MSUK-D63-25-3,MSUK-D63-256-4,MSUK-D63-25-4,MSUK-D63-20-4,MSUK-D63-2f-3,MSUK-D63-20-2,MSUK-D63-209-3,MSUK-D63-20-3,MSUK-D63-206-4,MSUK-D63-205-4,MSUK-D63-20-5,MSUK-D63-509-5,MSUK-D63-2f-2,MSUK-D63-206-2,MSUK-D63-206-3,MSUK-D63-205-2,MSUK-D63-209-5,MSUK-D63-2f6-5,MSUK-D63-256-5,MSUK-D63-20f-5,MSUK-D63-20f-4,MSUK-D63-256-3",SPONSORED PRODUCTS
慕声欧洲-UK,2265880M7PA25,PAID_IN_FULL,CREDIT_CARD,2025-07-13至2025-07-18,2025-07-17,GBP,507.41,D30自动2-23,497562169763630,CPC,27,0.29,7.74,0.00,业务报告,"MSUK-D30-5-4,MSUK-D30-6-5,MSUK-D30-6-4,MSUK-D30-2-4-1,MSUK-D30-7-4,MSUK-D30-5-2,MSUK-D30-7-2,MSUK-D30-25-4-1,MSUK-D30-7-3,MSUK-D30-25-2,MSUK-D30-7-5,MSUK-D30-25-3,MSUK-D30-2-2,MSUK-D30-5-3,MSUK-D30-2-3,MSUK-D30-25-5,MSUK-D30-6-2,MSUK-D30-6-3,MSUK-D30-5-5,MSUK-D30-2-5",SPONSORED PRODUCTS
慕声欧洲-UK,2265880M7PA25,PAID_IN_FULL,CREDIT_CARD,2025-07-13至2025-07-18,2025-07-17,GBP,507.41,D71-手动精准,505070743851350,CPC,14,0.43,6.05,0.00,业务报告,"MSUK-D71-2-4,MSUK-D71-20-5,MSUK-D71-20-4,MSUK-D71-5-4,MSUK-D71-2-3,MSUK-D71-2-7,MSUK-D71-20-3,MSUK-D71-25-3,MSUK-D71-0-6,MSUK-D71-25-2,MSUK-D71-2-5,MSUK-D71-0-3,MSUK-D71-2-2,MSUK-D71-5-7,MSUK-D71-5-3,MSUK-D71-25-5,MSUK-D71-205-3,MSUK-D71-2-6,MSUK-D71-5-2,MSUK-D71-205-2,MSUK-D71-5-6,MSUK-D71-0-7,MSUK-D71-0-4,MSUK-D71-0-5,MSUK-D71-25-4,MSUK-D71-5-5,MSUK-D71-205-7,MSUK-D71-0-2",SPONSORED PRODUCTS
慕声欧洲-UK,2265880M7PA25,PAID_IN_FULL,CREDIT_CARD,2025-07-13至2025-07-18,2025-07-17,GBP,507.41,D47-手动精准,512596092807998,CPC,21,0.35,7.43,0.00,业务报告,"MSUK-D47-7-3,MSUK-D47-5-5,MSUK-D47-7-5,MSUK-D47-5-4,MSUK-D47-2-6,MSUK-D47-5-6,MSUK-D47-6-6,MSUK-D47-2-5,MSUK-D47-7-6,MSUK-D47-6-4,MSUK-D47-7-2,MSUK-D47-2-4,MSUK-D47-2-3,MSUK-D47-5-3,MSUK-D47-6-3,MSUK-D47-6-5,MSUK-D47-2-2,MSUK-D47-6-2,MSUK-D47-5-2,MSUK-D47-7-4",SPONSORED PRODUCTS
慕声欧洲-UK,2265880M7PA25,PAID_IN_FULL,CREDIT_CARD,2025-07-13至2025-07-18,2025-07-17,GBP,507.41,D74自动,519517451658382,CPC,51,0.40,20.61,0.00,业务报告,"MSUK-D74-2-5,MSUK-D74-7-5,MSUK-D74-2-2,MSUK-D74-2-4,MSUK-D74-2-6,MSUK-D74-7-3,MSUK-D74-5-2,MSUK-D74-7-2,MSUK-D74-5-3,MSUK-D74-5-6,MSUK-D74-2-3,MSUK-D74-5-4,MSUK-D74-7-4,MSUK-D74-5-5,MSUK-D74-6-6,MSUK-D74-6-2,MSUK-D74-7-6,MSUK-D74-6-4,MSUK-D74-6-5,MSUK-D74-6-3",SPONSORED PRODUCTS
慕声欧洲-UK,2265880M7PA25,PAID_IN_FULL,CREDIT_CARD,2025-07-13至2025-07-18,2025-07-17,GBP,507.41,D73-手动,520750068765726,CPC,23,0.43,9.99,0.00,业务报告,"MSUK-D73-269-3,MSUK-D73-26-5,MSUK-D73-206-3,MSUK-D73-209-3,MSUK-D73-206-5,MSUK-D73-209-5,MSUK-D73-209-4,MSUK-D73-269-4,MSUK-D73-20-2,MSUK-D73-20-3,MSUK-D73-20-5,MSUK-D73-26-3,MSUK-D73-206-4,MSUK-D73-206-2,MSUK-D73-26-4,MSUK-D73-20-4,MSUK-D73-269-2,MSUK-D73-26-2,MSUK-D73-209-2,MSUK-D73-269-5",SPONSORED PRODUCTS
慕声欧洲-UK,2265880M7PA25,PAID_IN_FULL,CREDIT_CARD,2025-07-13至2025-07-18,2025-07-17,GBP,507.41,D22自动新,527135057295761,CPC,98,0.27,26.73,0.00,业务报告,"MS-D22-5-4,MS-D22-6-5,MS-D22-0-5,MS-D22-205-2,MS-D22-2-3,MS-D22-2-2",SPONSORED PRODUCTS
慕声欧洲-UK,2265880M7PA25,PAID_IN_FULL,CREDIT_CARD,2025-07-13至2025-07-18,2025-07-17,GBP,507.41,D72-手动,532736007580196,CPC,49,0.47,23.27,0.00,业务报告,"MSUK-D72-201-4,MSUK-D72-206-5,MSUK-D72-216-3,MSUK-D72-216-2,MSUK-D72-20-3,MSUK-D72-206-2,MSUK-D72-216-4,MSUK-D72-206-4,MSUK-D72-26-4,MSUK-D72-26-2,MSUK-D72-206-3,MSUK-D72-26-3,MSUK-D72-20-5,MSUK-D72-26-5,MSUK-D72-201-3,MSUK-D72-20-2,MSUK-D72-201-2,MSUK-D72-20-4,MSUK-D72-216-5,MSUK-D72-201-5",SPONSORED PRODUCTS
慕声欧洲-UK,2265880M7PA25,PAID_IN_FULL,CREDIT_CARD,2025-07-13至2025-07-18,2025-07-17,GBP,507.41,D42-手动商品-陈,542904453274392,CPC,11,0.33,3.61,0.00,业务报告,"MSUK-D42-6-3,MSUK-D42-7-5,MSUK-D42-25-5,MSUK-D42-7-3,MSUK-D42-2-2,MSUK-D42-5-5,MSUK-D42-25-3,MSUK-D42-25-2,MSUK-D42-5-3,MSUK-D42-5-4,MSUK-D42-5-2,MSUK-D42-2-3,MSUK-D42-256-4,MSUK-D42-7-2,MSUK-D42-6-4,MSUK-D42-7-4,MSUK-D42-6-5,MSUK-D42-2-5,MSUK-D42-256-2,MSUK-D42-256-5",SPONSORED PRODUCTS
慕声欧洲-UK,2265880M7PA25,PAID_IN_FULL,CREDIT_CARD,2025-07-13至2025-07-18,2025-07-17,GBP,507.41,D73自动,552441102016304,CPC,40,0.46,18.54,0.00,业务报告,"MSUK-D73-206-5,MSUK-D73-26-3,MSUK-D73-20-5,MSUK-D73-269-3,MSUK-D73-206-2,MSUK-D73-20-3,MSUK-D73-209-4,MSUK-D73-269-5,MSUK-D73-26-4,MSUK-D73-26-5,MSUK-D73-20-2,MSUK-D73-209-3,MSUK-D73-26-2,MSUK-D73-206-3,MSUK-D73-209-2,MSUK-D73-20-4,MSUK-D73-269-2,MSUK-D73-209-5,MSUK-D73-269-4,MSUK-D73-206-4",SPONSORED PRODUCTS
慕声欧洲-UK,2314104M7PA25,PAID_IN_FULL,CREDIT_CARD,2025-07-17至2025-07-23,2025-07-22,GBP,513.34,D33手动,206422330535806,CPC,15,0.35,5.32,0.00,业务报告,"MSUK-D33-26-2,MSUK-D33-26-4,MSUK-D33-2-4",SPONSORED PRODUCTS
慕声欧洲-UK,2314104M7PA25,PAID_IN_FULL,CREDIT_CARD,2025-07-17至2025-07-23,2025-07-22,GBP,513.34,D33自动,227191886882379,CPC,21,0.25,5.22,0.00,业务报告,"MSUK-D33-2-4,MSUK-D33-26-4,MSUK-D33-26-2,MSUK-D30-7-5,MSUK-D30-25-4-1,MSUK-D30-5-4,MSUK-D30-25-3,MSUK-D30-2-4-1,MSUK-D30-6-5,MSUK-D30-6-3,MSUK-D30-5-3,MSUK-D30-5-2,MSUK-D30-6-4",SPONSORED PRODUCTS
慕声欧洲-UK,2314104M7PA25,PAID_IN_FULL,CREDIT_CARD,2025-07-17至2025-07-23,2025-07-22,GBP,513.34,D42手动,271743845417844,CPC,27,0.37,10.03,0.00,业务报告,"MSUK-D42-2-4,MSUK-D42-6-5,MSUK-D42-5-4,MSUK-D42-7-5,MSUK-D42-6-3,MSUK-D42-5-2,MSUK-D42-7-2,MSUK-D42-6-2,MSUK-D42-2-5,MSUK-D42-2-3,MSUK-D42-7-4,MSUK-D42-256-4,MSUK-D42-2-2,MSUK-D42-256-5,MSUK-D42-25-3,MSUK-D42-256-2,MSUK-D42-25-4,MSUK-D42-25-2,MSUK-D42-25-5,MSUK-D42-6-4,MSUK-D42-7-3,MSUK-D42-5-5,MSUK-D42-5-3",SPONSORED PRODUCTS
慕声欧洲-UK,2314104M7PA25,PAID_IN_FULL,CREDIT_CARD,2025-07-17至2025-07-23,2025-07-22,GBP,513.34,D63-精准3词,283094973144205,CPC,41,0.36,14.62,0.00,业务报告,"MSUK-D63-509-5,MSUK-D63-205-2,MSUK-D63-20-3,MSUK-D63-20-5,MSUK-D63-20-2,MSUK-D63-2f-4,MSUK-D63-205-4,MSUK-D63-209-2,MSUK-D63-206-2,MSUK-D63-2f6-4,MSUK-D63-25-3,MSUK-D63-2f-2,MSUK-D63-209-4,MSUK-D63-205-5,MSUK-D63-2f-3,MSUK-D63-206-5,MSUK-D63-25-4,MSUK-D63-2f-5,MSUK-D63-20f-3,MSUK-D63-256-3",SPONSORED PRODUCTS
慕声欧洲-UK,2314104M7PA25,PAID_IN_FULL,CREDIT_CARD,2025-07-17至2025-07-23,2025-07-22,GBP,513.34,D75自动,292856546679709,CPC,69,0.38,26.29,0.00,业务报告,"MSUK-D75-268-2,MSUK-D75-206-5,MSUK-D75-268-4,MSUK-D75-206-2,MSUK-D75-2-4,MSUK-D75-2-5,MSUK-D75-208-4,MSUK-D75-2-3,MSUK-D75-2-2,MSUK-D75-20-3,MSUK-D75-20-4,MSUK-D75-206-3,MSUK-D75-20-2,MSUK-D75-206-4,MSUK-D75-208-2,MSUK-D75-208-5,MSUK-D75-20-5,MSUK-D75-208-3,MSUK-D75-268-5,MSUK-D75-268-3",SPONSORED PRODUCTS
慕声欧洲-UK,2314104M7PA25,PAID_IN_FULL,CREDIT_CARD,2025-07-17至2025-07-23,2025-07-22,GBP,513.34,D70自动,296350599943294,CPC,228,0.40,91.29,0.00,业务报告,"MSUK-D70-5-3,MSUK-D70-6-4,MSUK-D70-5-6,MSUK-D70-6-5,MSUK-D70-7-3,MSUK-D70-6-3,MSUK-D70-5-5,MSUK-D70-7-2,MSUK-D70-7-4,MSUK-D70-6-2,MSUK-D70-2-2,MSUK-D70-2-4,MSUK-D70-5-4,MSUK-D70-5-2,MSUK-D70-2-5,MSUK-D70-2-6,MSUK-D70-7-6,MSUK-D70-6-6,MSUK-D70-7-5,MSUK-D70-2-3",SPONSORED PRODUCTS
慕声欧洲-UK,2314104M7PA25,PAID_IN_FULL,CREDIT_CARD,2025-07-17至2025-07-23,2025-07-22,GBP,513.34,D70手动,307778534079657,CPC,212,0.44,92.91,0.00,业务报告,"MSUK-D70-2-6,MSUK-D70-2-5,MSUK-D70-5-6,MSUK-D70-2-3,MSUK-D70-7-3,MSUK-D70-5-3,MSUK-D70-7-2,MSUK-D70-2-2,MSUK-D70-7-6,MSUK-D70-6-2,MSUK-D70-5-2,MSUK-D70-7-4,MSUK-D70-5-5,MSUK-D70-5-4,MSUK-D70-6-4,MSUK-D70-6-6,MSUK-D70-7-5,MSUK-D70-6-3,MSUK-D70-2-4,MSUK-D70-6-5",SPONSORED PRODUCTS
慕声欧洲-UK,2314104M7PA25,PAID_IN_FULL,CREDIT_CARD,2025-07-17至2025-07-23,2025-07-22,GBP,513.34,D47-手动广泛,316931612471628,CPC,14,0.37,5.21,0.00,业务报告,"MSUK-D47-6-2,MSUK-D47-7-3,MSUK-D47-6-5,MSUK-D47-2-2,MSUK-D47-2-3,MSUK-D47-6-6,MSUK-D47-7-2,MSUK-D47-7-5,MSUK-D47-6-3,MSUK-D47-2-6,MSUK-D47-6-4,MSUK-D47-5-5,MSUK-D47-5-6,MSUK-D47-5-3,MSUK-D47-7-4,MSUK-D47-5-4,MSUK-D47-5-2,MSUK-D47-2-4,MSUK-D47-2-5,MSUK-D47-7-6",SPONSORED PRODUCTS
慕声欧洲-UK,2314104M7PA25,PAID_IN_FULL,CREDIT_CARD,2025-07-17至2025-07-23,2025-07-22,GBP,513.34,D22手动精准,32209886985230,CPC,11,0.33,3.65,0.00,业务报告,"MS-D22-5-4,MS-D22-0-5,MS-D22-25-5,MS-D22-27-5,MS-D22-6-5,MS-D22-5-5,MS-D22-506-2,MS-D22-2-2,MS-D22-25-2,MS-D22-7-4,MS-D22-7-2,MS-D22-5-3,MS-D22-5-2,MS-D22-506-4,MS-D22-0-2,MS-D22-7-5,MS-D22-27-3,MS-D22-25-3",SPONSORED PRODUCTS
慕声欧洲-UK,2314104M7PA25,PAID_IN_FULL,CREDIT_CARD,2025-07-17至2025-07-23,2025-07-22,GBP,513.34,D75手动,338343636569035,CPC,77,0.46,35.30,0.00,业务报告,"MSUK-D75-206-3,MSUK-D75-208-4,MSUK-D75-20-3,MSUK-D75-2-5,MSUK-D75-208-3,MSUK-D75-268-5,MSUK-D75-268-2,MSUK-D75-208-2,MSUK-D75-20-5,MSUK-D75-268-3,MSUK-D75-2-2,MSUK-D75-20-4,MSUK-D75-208-5,MSUK-D75-206-5,MSUK-D75-20-2,MSUK-D75-206-2,MSUK-D75-206-4,MSUK-D75-2-4,MSUK-D75-2-3,MSUK-D75-268-4",SPONSORED PRODUCTS
慕声欧洲-UK,2314104M7PA25,PAID_IN_FULL,CREDIT_CARD,2025-07-17至2025-07-23,2025-07-22,GBP,513.34,D23自动5.31,340918862675495,CPC,35,0.16,5.55,0.00,业务报告,"MS-D23-29-3,MS-D23-0-5,MS-D23-0-4,MS-D23-0-2,MS-D23-2-3,MS-D23-209-3,MS-D23-1-2,MS-D23-2-5,MS-D23-201-2,MS-D23-29-4,MS-D23-29-2,MS-D23-208-3,MS-D23-8-4,MS-D23-2-4,MS-D23-208-5,MS-D23-208-2,MS-D23-1-4,MS-D23-26-3,MS-D23-29-5,MS-D23-1-3,MS-D23-2-2,MS-D23-209-2,MS-D23-216-4",SPONSORED PRODUCTS
慕声欧洲-UK,2314104M7PA25,PAID_IN_FULL,CREDIT_CARD,2025-07-17至2025-07-23,2025-07-22,GBP,513.34,D72自动,361760978626676,CPC,39,0.35,13.83,0.00,业务报告,"MSUK-D72-26-2,MSUK-D72-216-2,MSUK-D72-216-5,MSUK-D72-26-5,MSUK-D72-201-2,MSUK-D72-206-5,MSUK-D72-201-4,MSUK-D72-201-3,MSUK-D72-201-5,MSUK-D72-206-3,MSUK-D72-206-2,MSUK-D72-206-4,MSUK-D72-26-3,MSUK-D72-216-4,MSUK-D72-20-2,MSUK-D72-20-5,MSUK-D72-26-4,MSUK-D72-20-4,MSUK-D72-20-3,MSUK-D72-216-3",SPONSORED PRODUCTS
慕声欧洲-UK,2314104M7PA25,PAID_IN_FULL,CREDIT_CARD,2025-07-17至2025-07-23,2025-07-22,GBP,513.34,D23手动1,385955122005696,CPC,26,0.41,10.67,0.00,业务报告,"MS-D23-1-3,MS-D23-201-5,MS-D23-29-4,MS-D23-26-2,MS-D23-8-2,MS-D23-20-4,MS-D23-208-5,MS-D23-8-4,MS-D23-20-5,MS-D23-208-4,MS-D23-29-2,MS-D23-0-5,MS-D23-209-3,MS-D23-2-4,MS-D23-2-5,MS-D23-26-4,MS-D23-201-2,MS-D23-2-3,MS-D23-1-2,MS-D23-26-3,MS-D23-2-2,MS-D23-209-2,MS-D23-20-3,MS-D23-0-2,MS-D23-29-3,MS-D23-1-4,MS-D23-29-5,MS-D23-208-3,MS-D23-26-5,MS-D23-0-3,MS-D23-201-3,MS-D23-209-4,MS-D23-0-4,MS-D23-208-2,MS-D23-216-4,MS-D23-216-3,MS-D23-216-2",SPONSORED PRODUCTS
慕声欧洲-UK,2314104M7PA25,PAID_IN_FULL,CREDIT_CARD,2025-07-17至2025-07-23,2025-07-22,GBP,513.34,D47-自动6.1,406284800434695,CPC,26,0.35,9.21,0.00,业务报告,"MSUK-D47-2-5,MSUK-D47-7-3,MSUK-D47-5-3,MSUK-D47-5-2,MSUK-D47-6-2,MSUK-D47-2-3,MSUK-D47-6-3,MSUK-D47-2-4,MSUK-D47-5-6,MSUK-D47-5-5,MSUK-D47-7-4,MSUK-D47-7-6,MSUK-D47-2-2,MSUK-D47-6-4,MSUK-D47-7-5,MSUK-D47-6-5,MSUK-D47-5-4,MSUK-D47-6-6",SPONSORED PRODUCTS
慕声欧洲-UK,2314104M7PA25,PAID_IN_FULL,CREDIT_CARD,2025-07-17至2025-07-23,2025-07-22,GBP,513.34,D74手动,412900525915003,CPC,31,0.46,14.37,0.00,业务报告,"MSUK-D74-7-6,MSUK-D74-2-4,MSUK-D74-6-5,MSUK-D74-6-3,MSUK-D74-5-4,MSUK-D74-6-6,MSUK-D74-6-4,MSUK-D74-5-6,MSUK-D74-7-5,MSUK-D74-2-6,MSUK-D74-7-2,MSUK-D74-7-3,MSUK-D74-5-2,MSUK-D74-2-2,MSUK-D74-2-5,MSUK-D74-6-2,MSUK-D74-5-5,MSUK-D74-2-3,MSUK-D74-7-4,MSUK-D74-5-3",SPONSORED PRODUCTS
慕声欧洲-UK,2314104M7PA25,PAID_IN_FULL,CREDIT_CARD,2025-07-17至2025-07-23,2025-07-22,GBP,513.34,新D06自动,421827185813581,CPC,38,0.23,8.83,0.00,业务报告,"MS-D06-206-5,MS-D06-206-4,MS-D06-20-2,MS-D06-368-4,MS-D06-234-3,MS-D06-368-3,MS-D06-208-4,MS-D06-2-2-,MS-D06-26-3,MS-D06-234-4,MS-D06-20-5,MS-D06-2-3-,MS-D06-234-5,MS-D06-26-2,MS-D06-348-2,MS-D06-208-2,MS-D06-20-3,MS-D06-2-4-,MS-D06-2-5-,MS-D06-26-4,MS-D06-348-4,MS-D06-209-3,MS-D06-208-3,MS-D06-348-3,MS-D06-209-4,MS-D06-368-5,MS-D06-20-4,MS-D06-209-2,MS-D06-206-3,MS-D06-209-5,MS-D06-206-2,MS-D06-234-2,MS-D06-26-5",SPONSORED PRODUCTS
慕声欧洲-UK,2314104M7PA25,PAID_IN_FULL,CREDIT_CARD,2025-07-17至2025-07-23,2025-07-22,GBP,513.34,D71自动,451712842798364,CPC,42,0.40,16.78,0.00,业务报告,"MSUK-D71-205-2,MSUK-D71-205-3,MSUK-D71-0-3,MSUK-D71-20-5,MSUK-D71-2-2,MSUK-D71-0-4,MSUK-D71-25-2,MSUK-D71-5-7,MSUK-D71-2-6,MSUK-D71-2-3,MSUK-D71-5-3",SPONSORED PRODUCTS
慕声欧洲-UK,2314104M7PA25,PAID_IN_FULL,CREDIT_CARD,2025-07-17至2025-07-23,2025-07-22,GBP,513.34,D60-自动,454472653050311,CPC,35,0.25,8.85,0.00,业务报告,"MSUK-D60-6-5,MSUK-D60-358-5,MSUK-D60-7-3,MSUK-D60-235-3,MSUK-D60-8-5,MSUK-D60-5-3,MSUK-D60-268-5,MSUK-D60-5-1,MSUK-D60-5-5,MSUK-D60-256-5,MSUK-D60-7-5,MSUK-D60-3-5,MSUK-D60-268-1,MSUK-D60-2-5,MSUK-D60-358-1,MSUK-D60-3-1,MSUK-D60-268-3,MSUK-D60-235-1,MSUK-D60-257-5,MSUK-D60-7-1,MSUK-D60-8-1,MSUK-D60-358-3,MSUK-D60-3-3,MSUK-D60-256-1,MSUK-D60-235-5,MSUK-D60-6-3,MSUK-D60-257-3,MSUK-D60-2-3,MSUK-D60-257-1,MSUK-D60-8-3",SPONSORED PRODUCTS
慕声欧洲-UK,2314104M7PA25,PAID_IN_FULL,CREDIT_CARD,2025-07-17至2025-07-23,2025-07-22,GBP,513.34,D25自动1,467321738791432,CPC,26,0.20,5.26,0.00,业务报告,"MSUK-D25-6-3,MSUK-D25-209-4,MSUK-D25-2-5,MSUK-D25-8-4,MSUK-D25-206-4,MSUK-D25-2-2,MSUK-D25-20-3,MSUK-D25-6-2,MSUK-D25-268-5,MSUK-D25-6-4,MSUK-D25-20-4-1,MSUK-D25-209-5,MSUK-D25-6-5,MSUK-D25-8-5,MSUK-D25-268-4,MSUK-D25-2-3,MSUK-D25-268-3,MSUK-D25-2-4,MSUK-D25-209-3,MSUK-D25-8-3,MSUK-D25-8-2,MSUK-D25-206-3,MSUK-D25-206-5",SPONSORED PRODUCTS
慕声欧洲-UK,2314104M7PA25,PAID_IN_FULL,CREDIT_CARD,2025-07-17至2025-07-23,2025-07-22,GBP,513.34,D63自动,468381222837440,CPC,23,0.43,9.97,0.00,业务报告,"MSUK-D63-205-3,MSUK-D63-209-4,MSUK-D63-206-5,MSUK-D63-205-5,MSUK-D63-2f-4,MSUK-D63-209-2,MSUK-D63-25-3,MSUK-D63-256-4,MSUK-D63-25-4,MSUK-D63-20-4,MSUK-D63-2f-3,MSUK-D63-20-2,MSUK-D63-209-3,MSUK-D63-20-3,MSUK-D63-206-4,MSUK-D63-205-4,MSUK-D63-20-5,MSUK-D63-509-5,MSUK-D63-2f-2,MSUK-D63-206-2,MSUK-D63-206-3,MSUK-D63-205-2,MSUK-D63-209-5,MSUK-D63-2f6-5,MSUK-D63-256-5,MSUK-D63-20f-5,MSUK-D63-20f-4,MSUK-D63-256-3",SPONSORED PRODUCTS
慕声欧洲-UK,2314104M7PA25,PAID_IN_FULL,CREDIT_CARD,2025-07-17至2025-07-23,2025-07-22,GBP,513.34,D30自动2-23,497562169763630,CPC,21,0.26,5.45,0.00,业务报告,"MSUK-D30-5-4,MSUK-D30-6-5,MSUK-D30-6-4,MSUK-D30-2-4-1,MSUK-D30-7-4,MSUK-D30-5-2,MSUK-D30-7-2,MSUK-D30-25-4-1,MSUK-D30-7-3,MSUK-D30-25-2,MSUK-D30-7-5,MSUK-D30-25-3,MSUK-D30-2-2,MSUK-D30-5-3,MSUK-D30-2-3,MSUK-D30-25-5,MSUK-D30-6-2,MSUK-D30-6-3,MSUK-D30-5-5,MSUK-D30-2-5",SPONSORED PRODUCTS
慕声欧洲-UK,2314104M7PA25,PAID_IN_FULL,CREDIT_CARD,2025-07-17至2025-07-23,2025-07-22,GBP,513.34,D71-手动精准,505070743851350,CPC,26,0.43,11.30,0.00,业务报告,"MSUK-D71-2-4,MSUK-D71-20-5,MSUK-D71-20-4,MSUK-D71-5-4,MSUK-D71-2-3,MSUK-D71-2-7,MSUK-D71-0-4,MSUK-D71-20-3,MSUK-D71-25-3,MSUK-D71-25-2,MSUK-D71-2-5,MSUK-D71-0-3,MSUK-D71-25-4,MSUK-D71-2-2,MSUK-D71-5-5,MSUK-D71-5-7,MSUK-D71-5-3,MSUK-D71-25-5,MSUK-D71-2-6,MSUK-D71-5-2,MSUK-D71-205-7,MSUK-D71-5-6,MSUK-D71-0-7,MSUK-D71-0-5,MSUK-D71-205-3,MSUK-D71-0-6,MSUK-D71-205-2,MSUK-D71-0-2",SPONSORED PRODUCTS
慕声欧洲-UK,2314104M7PA25,PAID_IN_FULL,CREDIT_CARD,2025-07-17至2025-07-23,2025-07-22,GBP,513.34,D47-手动精准,512596092807998,CPC,32,0.34,10.90,0.00,业务报告,"MSUK-D47-7-3,MSUK-D47-5-5,MSUK-D47-7-5,MSUK-D47-5-4,MSUK-D47-2-6,MSUK-D47-5-6,MSUK-D47-6-6,MSUK-D47-2-5,MSUK-D47-7-6,MSUK-D47-6-4,MSUK-D47-7-2,MSUK-D47-2-4,MSUK-D47-2-3,MSUK-D47-5-3,MSUK-D47-6-3,MSUK-D47-6-5,MSUK-D47-2-2,MSUK-D47-6-2,MSUK-D47-5-2,MSUK-D47-7-4",SPONSORED PRODUCTS
慕声欧洲-UK,2314104M7PA25,PAID_IN_FULL,CREDIT_CARD,2025-07-17至2025-07-23,2025-07-22,GBP,513.34,D74自动,519517451658382,CPC,50,0.42,20.96,0.00,业务报告,"MSUK-D74-2-5,MSUK-D74-7-5,MSUK-D74-2-2,MSUK-D74-2-4,MSUK-D74-2-6,MSUK-D74-7-3,MSUK-D74-6-4,MSUK-D74-5-2,MSUK-D74-6-5,MSUK-D74-7-2,MSUK-D74-5-3,MSUK-D74-5-6,MSUK-D74-2-3,MSUK-D74-6-3,MSUK-D74-5-4,MSUK-D74-7-4,MSUK-D74-5-5,MSUK-D74-6-6,MSUK-D74-6-2,MSUK-D74-7-6",SPONSORED PRODUCTS
慕声欧洲-UK,2314104M7PA25,PAID_IN_FULL,CREDIT_CARD,2025-07-17至2025-07-23,2025-07-22,GBP,513.34,D73-手动,520750068765726,CPC,22,0.45,9.82,0.00,业务报告,"MSUK-D73-269-3,MSUK-D73-26-5,MSUK-D73-206-3,MSUK-D73-209-3,MSUK-D73-206-5,MSUK-D73-209-5,MSUK-D73-209-4,MSUK-D73-269-4,MSUK-D73-20-2,MSUK-D73-20-3,MSUK-D73-20-5,MSUK-D73-269-5,MSUK-D73-26-3,MSUK-D73-206-4,MSUK-D73-206-2,MSUK-D73-26-4,MSUK-D73-20-4,MSUK-D73-269-2,MSUK-D73-26-2,MSUK-D73-209-2",SPONSORED PRODUCTS
慕声欧洲-UK,2314104M7PA25,PAID_IN_FULL,CREDIT_CARD,2025-07-17至2025-07-23,2025-07-22,GBP,513.34,D22自动新,527135057295761,CPC,57,0.27,15.40,0.00,业务报告,"MS-D22-5-4,MS-D22-6-5,MS-D22-0-5,MS-D22-2-3,MS-D22-205-2,MS-D22-2-2",SPONSORED PRODUCTS
慕声欧洲-UK,2314104M7PA25,PAID_IN_FULL,CREDIT_CARD,2025-07-17至2025-07-23,2025-07-22,GBP,513.34,D72-手动,532736007580196,CPC,51,0.46,23.52,0.00,业务报告,"MSUK-D72-201-4,MSUK-D72-216-3,MSUK-D72-216-2,MSUK-D72-20-3,MSUK-D72-206-2,MSUK-D72-216-4,MSUK-D72-206-4,MSUK-D72-26-4,MSUK-D72-26-2,MSUK-D72-206-3,MSUK-D72-26-3,MSUK-D72-20-5,MSUK-D72-26-5,MSUK-D72-201-3,MSUK-D72-20-2,MSUK-D72-201-2,MSUK-D72-20-4,MSUK-D72-216-5,MSUK-D72-201-5,MSUK-D72-206-5",SPONSORED PRODUCTS
慕声欧洲-UK,2314104M7PA25,PAID_IN_FULL,CREDIT_CARD,2025-07-17至2025-07-23,2025-07-22,GBP,513.34,D42-手动商品-陈,542904453274392,CPC,10,0.32,3.18,0.00,业务报告,"MSUK-D42-6-3,MSUK-D42-7-5,MSUK-D42-25-5,MSUK-D42-7-3,MSUK-D42-2-2,MSUK-D42-5-5,MSUK-D42-25-3,MSUK-D42-6-4,MSUK-D42-7-4,MSUK-D42-6-5,MSUK-D42-5-3,MSUK-D42-5-4,MSUK-D42-5-2,MSUK-D42-2-5,MSUK-D42-256-2,MSUK-D42-2-3,MSUK-D42-256-4,MSUK-D42-7-2,MSUK-D42-6-2,MSUK-D42-25-2,MSUK-D42-256-5,MSUK-D42-25-4",SPONSORED PRODUCTS
慕声欧洲-UK,2314104M7PA25,PAID_IN_FULL,CREDIT_CARD,2025-07-17至2025-07-23,2025-07-22,GBP,513.34,D73自动,552441102016304,CPC,55,0.36,19.65,0.00,业务报告,"MSUK-D73-206-5,MSUK-D73-26-3,MSUK-D73-20-5,MSUK-D73-269-3,MSUK-D73-206-2,MSUK-D73-20-3,MSUK-D73-209-4,MSUK-D73-269-5,MSUK-D73-26-4,MSUK-D73-26-5,MSUK-D73-20-2,MSUK-D73-209-3,MSUK-D73-26-2,MSUK-D73-206-3,MSUK-D73-209-2,MSUK-D73-20-4,MSUK-D73-269-2,MSUK-D73-209-5,MSUK-D73-269-4,MSUK-D73-206-4",SPONSORED PRODUCTS
慕声欧洲-UK,2377530M7PA25,PAID_IN_FULL,CREDIT_CARD,2025-07-22至2025-07-29,2025-07-28,GBP,507.42,D33手动,206422330535806,CPC,11,0.35,3.89,0.00,业务报告,"MSUK-D33-26-2,MSUK-D33-26-4,MSUK-D33-2-4",SPONSORED PRODUCTS
慕声欧洲-UK,2377530M7PA25,PAID_IN_FULL,CREDIT_CARD,2025-07-22至2025-07-29,2025-07-28,GBP,507.42,D33自动,227191886882379,CPC,29,0.25,7.16,0.00,业务报告,"MSUK-D33-2-4,MSUK-D33-26-4,MSUK-D33-26-2,MSUK-D30-7-5,MSUK-D30-25-4-1,MSUK-D30-5-4,MSUK-D30-25-3,MSUK-D30-2-4-1,MSUK-D30-6-5,MSUK-D30-6-3,MSUK-D30-5-3,MSUK-D30-5-2,MSUK-D30-6-4",SPONSORED PRODUCTS
慕声欧洲-UK,2377530M7PA25,PAID_IN_FULL,CREDIT_CARD,2025-07-22至2025-07-29,2025-07-28,GBP,507.42,D42手动,271743845417844,CPC,21,0.37,7.80,0.00,业务报告,"MSUK-D42-2-4,MSUK-D42-6-5,MSUK-D42-5-4,MSUK-D42-7-5,MSUK-D42-6-3,MSUK-D42-5-2,MSUK-D42-7-2,MSUK-D42-6-2,MSUK-D42-2-5,MSUK-D42-2-3,MSUK-D42-7-4,MSUK-D42-256-4,MSUK-D42-2-2,MSUK-D42-256-5,MSUK-D42-25-3,MSUK-D42-256-2,MSUK-D42-25-4,MSUK-D42-25-2,MSUK-D42-25-5,MSUK-D42-6-4,MSUK-D42-7-3,MSUK-D42-5-5,MSUK-D42-5-3",SPONSORED PRODUCTS
慕声欧洲-UK,2377530M7PA25,PAID_IN_FULL,CREDIT_CARD,2025-07-22至2025-07-29,2025-07-28,GBP,507.42,D63-精准3词,283094973144205,CPC,57,0.34,19.63,0.00,业务报告,"MSUK-D63-509-5,MSUK-D63-205-2,MSUK-D63-20-3,MSUK-D63-20-5,MSUK-D63-20-2,MSUK-D63-2f-4,MSUK-D63-205-4,MSUK-D63-209-2,MSUK-D63-206-2,MSUK-D63-2f6-4,MSUK-D63-25-3,MSUK-D63-2f-2,MSUK-D63-209-4,MSUK-D63-205-5,MSUK-D63-2f-3,MSUK-D63-206-5,MSUK-D63-25-4,MSUK-D63-2f-5,MSUK-D63-256-3,MSUK-D63-2f6-2,MSUK-D63-20f-3",SPONSORED PRODUCTS
慕声欧洲-UK,2377530M7PA25,PAID_IN_FULL,CREDIT_CARD,2025-07-22至2025-07-29,2025-07-28,GBP,507.42,D75自动,292856546679709,CPC,72,0.37,26.97,0.00,业务报告,"MSUK-D75-268-2,MSUK-D75-206-5,MSUK-D75-268-4,MSUK-D75-206-2,MSUK-D75-2-4,MSUK-D75-2-5,MSUK-D75-208-4,MSUK-D75-2-3,MSUK-D75-2-2,MSUK-D75-20-3,MSUK-D75-20-4,MSUK-D75-206-3,MSUK-D75-20-2,MSUK-D75-206-4,MSUK-D75-208-2,MSUK-D75-208-5,MSUK-D75-20-5,MSUK-D75-208-3,MSUK-D75-268-5,MSUK-D75-268-3",SPONSORED PRODUCTS
慕声欧洲-UK,2377530M7PA25,PAID_IN_FULL,CREDIT_CARD,2025-07-22至2025-07-29,2025-07-28,GBP,507.42,D70自动,296350599943294,CPC,241,0.40,96.76,0.00,业务报告,"MSUK-D70-5-3,MSUK-D70-6-4,MSUK-D70-5-6,MSUK-D70-6-5,MSUK-D70-7-3,MSUK-D70-6-3,MSUK-D70-5-5,MSUK-D70-7-2,MSUK-D70-7-4,MSUK-D70-6-2,MSUK-D70-2-2,MSUK-D70-2-4,MSUK-D70-5-4,MSUK-D70-5-2,MSUK-D70-2-5,MSUK-D70-2-6,MSUK-D70-7-6,MSUK-D70-6-6,MSUK-D70-7-5,MSUK-D70-2-3",SPONSORED PRODUCTS
慕声欧洲-UK,2377530M7PA25,PAID_IN_FULL,CREDIT_CARD,2025-07-22至2025-07-29,2025-07-28,GBP,507.42,D70手动,307778534079657,CPC,172,0.42,72.30,0.00,业务报告,"MSUK-D70-2-6,MSUK-D70-2-5,MSUK-D70-5-6,MSUK-D70-2-3,MSUK-D70-7-3,MSUK-D70-5-3,MSUK-D70-7-2,MSUK-D70-2-2,MSUK-D70-7-6,MSUK-D70-6-2,MSUK-D70-5-2,MSUK-D70-7-4,MSUK-D70-5-5,MSUK-D70-5-4,MSUK-D70-6-4,MSUK-D70-6-6,MSUK-D70-7-5,MSUK-D70-6-3,MSUK-D70-2-4,MSUK-D70-6-5",SPONSORED PRODUCTS
慕声欧洲-UK,2377530M7PA25,PAID_IN_FULL,CREDIT_CARD,2025-07-22至2025-07-29,2025-07-28,GBP,507.42,D47-手动广泛,316931612471628,CPC,21,0.38,7.96,0.00,业务报告,"MSUK-D47-6-2,MSUK-D47-7-3,MSUK-D47-6-5,MSUK-D47-2-2,MSUK-D47-2-3,MSUK-D47-6-6,MSUK-D47-7-2,MSUK-D47-7-5,MSUK-D47-6-3,MSUK-D47-2-6,MSUK-D47-6-4,MSUK-D47-5-5,MSUK-D47-5-6,MSUK-D47-5-3,MSUK-D47-7-4,MSUK-D47-5-4,MSUK-D47-5-2,MSUK-D47-2-4,MSUK-D47-2-5,MSUK-D47-7-6",SPONSORED PRODUCTS
慕声欧洲-UK,2377530M7PA25,PAID_IN_FULL,CREDIT_CARD,2025-07-22至2025-07-29,2025-07-28,GBP,507.42,D22手动精准,32209886985230,CPC,7,0.32,2.25,0.00,业务报告,"MS-D22-5-4,MS-D22-0-5,MS-D22-25-5,MS-D22-27-5,MS-D22-6-5,MS-D22-5-5,MS-D22-506-2,MS-D22-2-2,MS-D22-25-3,MS-D22-25-2,MS-D22-7-4,MS-D22-7-2,MS-D22-5-2,MS-D22-506-4,MS-D22-5-3,MS-D22-27-3",SPONSORED PRODUCTS
慕声欧洲-UK,2377530M7PA25,PAID_IN_FULL,CREDIT_CARD,2025-07-22至2025-07-29,2025-07-28,GBP,507.42,D75手动,338343636569035,CPC,72,0.46,33.30,0.00,业务报告,"MSUK-D75-206-3,MSUK-D75-208-4,MSUK-D75-20-3,MSUK-D75-2-5,MSUK-D75-208-3,MSUK-D75-268-5,MSUK-D75-268-2,MSUK-D75-208-2,MSUK-D75-20-5,MSUK-D75-268-3,MSUK-D75-2-2,MSUK-D75-20-4,MSUK-D75-208-5,MSUK-D75-206-5,MSUK-D75-20-2,MSUK-D75-206-2,MSUK-D75-206-4,MSUK-D75-2-4,MSUK-D75-2-3,MSUK-D75-268-4",SPONSORED PRODUCTS
慕声欧洲-UK,2377530M7PA25,PAID_IN_FULL,CREDIT_CARD,2025-07-22至2025-07-29,2025-07-28,GBP,507.42,D23自动5.31,340918862675495,CPC,71,0.16,11.27,0.00,业务报告,"MS-D23-0-5,MS-D23-0-4,MS-D23-0-2,MS-D23-2-3,MS-D23-209-3,MS-D23-1-2,MS-D23-2-5,MS-D23-201-2,MS-D23-29-4,MS-D23-29-2,MS-D23-208-3,MS-D23-8-4,MS-D23-209-2,MS-D23-208-2,MS-D23-1-4,MS-D23-26-3,MS-D23-29-5,MS-D23-216-4,MS-D23-2-2,MS-D23-29-3,MS-D23-2-4,MS-D23-1-3,MS-D23-208-5",SPONSORED PRODUCTS
慕声欧洲-UK,2377530M7PA25,PAID_IN_FULL,CREDIT_CARD,2025-07-22至2025-07-29,2025-07-28,GBP,507.42,D72自动,361760978626676,CPC,38,0.34,12.88,0.00,业务报告,"MSUK-D72-26-2,MSUK-D72-216-2,MSUK-D72-216-5,MSUK-D72-26-5,MSUK-D72-206-5,MSUK-D72-201-4,MSUK-D72-201-5,MSUK-D72-206-4,MSUK-D72-26-3,MSUK-D72-216-4,MSUK-D72-20-2,MSUK-D72-26-4,MSUK-D72-20-3,MSUK-D72-216-3,MSUK-D72-201-2,MSUK-D72-201-3,MSUK-D72-206-3,MSUK-D72-206-2,MSUK-D72-20-5,MSUK-D72-20-4",SPONSORED PRODUCTS
慕声欧洲-UK,2377530M7PA25,PAID_IN_FULL,CREDIT_CARD,2025-07-22至2025-07-29,2025-07-28,GBP,507.42,D23手动1,385955122005696,CPC,20,0.41,8.14,0.00,业务报告,"MS-D23-1-3,MS-D23-201-5,MS-D23-29-4,MS-D23-26-2,MS-D23-8-2,MS-D23-20-4,MS-D23-208-5,MS-D23-8-4,MS-D23-20-5,MS-D23-208-4,MS-D23-29-2,MS-D23-0-5,MS-D23-209-3,MS-D23-2-4,MS-D23-2-5,MS-D23-26-4,MS-D23-201-2,MS-D23-2-3,MS-D23-1-2,MS-D23-26-3,MS-D23-2-2,MS-D23-209-2,MS-D23-20-3,MS-D23-0-2,MS-D23-29-3,MS-D23-1-4,MS-D23-29-5,MS-D23-216-3,MS-D23-26-5,MS-D23-0-4,MS-D23-0-3,MS-D23-216-4,MS-D23-209-4,MS-D23-208-2,MS-D23-208-3,MS-D23-201-3",SPONSORED PRODUCTS
慕声欧洲-UK,2377530M7PA25,PAID_IN_FULL,CREDIT_CARD,2025-07-22至2025-07-29,2025-07-28,GBP,507.42,D47-自动6.1,406284800434695,CPC,47,0.32,15.06,0.00,业务报告,"MSUK-D47-2-5,MSUK-D47-7-3,MSUK-D47-5-3,MSUK-D47-5-2,MSUK-D47-6-2,MSUK-D47-2-3,MSUK-D47-6-3,MSUK-D47-2-4,MSUK-D47-5-6,MSUK-D47-5-5,MSUK-D47-7-4,MSUK-D47-7-6,MSUK-D47-2-2,MSUK-D47-6-4,MSUK-D47-7-5,MSUK-D47-6-5,MSUK-D47-5-4,MSUK-D47-6-6",SPONSORED PRODUCTS
慕声欧洲-UK,2377530M7PA25,PAID_IN_FULL,CREDIT_CARD,2025-07-22至2025-07-29,2025-07-28,GBP,507.42,D74手动,412900525915003,CPC,24,0.43,10.37,0.00,业务报告,"MSUK-D74-7-6,MSUK-D74-2-4,MSUK-D74-6-5,MSUK-D74-6-3,MSUK-D74-5-4,MSUK-D74-6-6,MSUK-D74-6-4,MSUK-D74-5-6,MSUK-D74-7-5,MSUK-D74-2-6,MSUK-D74-7-2,MSUK-D74-7-3,MSUK-D74-5-2,MSUK-D74-2-2,MSUK-D74-6-2,MSUK-D74-5-5,MSUK-D74-2-3,MSUK-D74-7-4,MSUK-D74-5-3,MSUK-D74-2-5",SPONSORED PRODUCTS
慕声欧洲-UK,2377530M7PA25,PAID_IN_FULL,CREDIT_CARD,2025-07-22至2025-07-29,2025-07-28,GBP,507.42,新D06自动,421827185813581,CPC,22,0.22,4.84,0.00,业务报告,"MS-D06-206-5,MS-D06-206-4,MS-D06-20-2,MS-D06-368-4,MS-D06-234-3,MS-D06-368-3,MS-D06-208-4,MS-D06-2-2-,MS-D06-26-3,MS-D06-234-4,MS-D06-20-5,MS-D06-2-3-,MS-D06-234-5,MS-D06-26-2,MS-D06-348-2,MS-D06-208-2,MS-D06-20-3,MS-D06-2-4-,MS-D06-2-5-,MS-D06-26-4,MS-D06-348-4,MS-D06-209-3,MS-D06-208-3,MS-D06-348-3,MS-D06-209-4,MS-D06-20-4,MS-D06-209-2,MS-D06-206-3,MS-D06-209-5,MS-D06-206-2,MS-D06-234-2,MS-D06-368-5",SPONSORED PRODUCTS
慕声欧洲-UK,2377530M7PA25,PAID_IN_FULL,CREDIT_CARD,2025-07-22至2025-07-29,2025-07-28,GBP,507.42,D71自动,451712842798364,CPC,31,0.34,10.43,0.00,业务报告,"MSUK-D71-205-3,MSUK-D71-20-5,MSUK-D71-2-2,MSUK-D71-0-4,MSUK-D71-25-2,MSUK-D71-2-6,MSUK-D71-2-3,MSUK-D71-5-3,MSUK-D71-205-2,MSUK-D71-0-3,MSUK-D71-5-7",SPONSORED PRODUCTS
慕声欧洲-UK,2377530M7PA25,PAID_IN_FULL,CREDIT_CARD,2025-07-22至2025-07-29,2025-07-28,GBP,507.42,D60-自动,454472653050311,CPC,36,0.23,8.23,0.00,业务报告,"MSUK-D60-6-5,MSUK-D60-358-5,MSUK-D60-256-3,MSUK-D60-7-3,MSUK-D60-235-3,MSUK-D60-5-3,MSUK-D60-268-5,MSUK-D60-5-1,MSUK-D60-256-5,MSUK-D60-3-5,MSUK-D60-268-1,MSUK-D60-2-5,MSUK-D60-358-1,MSUK-D60-3-1,MSUK-D60-257-5,MSUK-D60-7-1,MSUK-D60-8-1,MSUK-D60-358-3,MSUK-D60-256-1,MSUK-D60-235-5,MSUK-D60-6-3,MSUK-D60-257-3,MSUK-D60-2-3,MSUK-D60-257-1,MSUK-D60-8-5,MSUK-D60-5-5,MSUK-D60-7-5,MSUK-D60-235-1,MSUK-D60-3-3",SPONSORED PRODUCTS
慕声欧洲-UK,2377530M7PA25,PAID_IN_FULL,CREDIT_CARD,2025-07-22至2025-07-29,2025-07-28,GBP,507.42,D25自动1,467321738791432,CPC,18,0.21,3.76,0.00,业务报告,"MSUK-D25-6-3,MSUK-D25-209-4,MSUK-D25-2-5,MSUK-D25-8-4,MSUK-D25-206-4,MSUK-D25-2-2,MSUK-D25-20-3,MSUK-D25-206-5,MSUK-D25-6-2,MSUK-D25-268-5,MSUK-D25-6-4,MSUK-D25-20-4-1,MSUK-D25-209-5,MSUK-D25-6-5,MSUK-D25-8-5,MSUK-D25-268-4,MSUK-D25-2-3,MSUK-D25-268-3,MSUK-D25-2-4,MSUK-D25-209-3,MSUK-D25-8-3,MSUK-D25-8-2,MSUK-D25-206-3",SPONSORED PRODUCTS
慕声欧洲-UK,2377530M7PA25,PAID_IN_FULL,CREDIT_CARD,2025-07-22至2025-07-29,2025-07-28,GBP,507.42,D63自动,468381222837440,CPC,34,0.42,14.23,0.00,业务报告,"MSUK-D63-209-4,MSUK-D63-206-5,MSUK-D63-205-5,MSUK-D63-2f-4,MSUK-D63-209-2,MSUK-D63-25-3,MSUK-D63-256-4,MSUK-D63-25-4,MSUK-D63-20-4,MSUK-D63-2f-3,MSUK-D63-20-2,MSUK-D63-209-3,MSUK-D63-20-3,MSUK-D63-206-4,MSUK-D63-205-4,MSUK-D63-20-5,MSUK-D63-509-5,MSUK-D63-2f-2,MSUK-D63-206-2,MSUK-D63-206-3,MSUK-D63-205-2,MSUK-D63-209-5,MSUK-D63-2f6-5,MSUK-D63-256-5,MSUK-D63-20f-5,MSUK-D63-20f-4,MSUK-D63-256-3,MSUK-D63-205-3",SPONSORED PRODUCTS
慕声欧洲-UK,2377530M7PA25,PAID_IN_FULL,CREDIT_CARD,2025-07-22至2025-07-29,2025-07-28,GBP,507.42,D30自动2-23,497562169763630,CPC,26,0.26,6.72,0.00,业务报告,"MSUK-D30-5-4,MSUK-D30-6-5,MSUK-D30-6-4,MSUK-D30-2-4-1,MSUK-D30-5-2,MSUK-D30-7-2,MSUK-D30-25-4-1,MSUK-D30-7-3,MSUK-D30-25-2,MSUK-D30-7-5,MSUK-D30-25-3,MSUK-D30-2-2,MSUK-D30-5-3,MSUK-D30-2-3,MSUK-D30-25-5,MSUK-D30-6-2,MSUK-D30-6-3,MSUK-D30-5-5,MSUK-D30-2-5,MSUK-D30-7-4",SPONSORED PRODUCTS
慕声欧洲-UK,2377530M7PA25,PAID_IN_FULL,CREDIT_CARD,2025-07-22至2025-07-29,2025-07-28,GBP,507.42,D71-手动精准,505070743851350,CPC,7,0.42,2.93,0.00,业务报告,"MSUK-D71-2-4,MSUK-D71-20-5,MSUK-D71-20-4,MSUK-D71-5-4,MSUK-D71-2-3,MSUK-D71-2-7,MSUK-D71-0-4,MSUK-D71-20-3,MSUK-D71-25-3,MSUK-D71-25-2,MSUK-D71-2-5,MSUK-D71-0-3,MSUK-D71-25-4,MSUK-D71-2-2,MSUK-D71-5-5,MSUK-D71-5-7,MSUK-D71-5-3,MSUK-D71-25-5,MSUK-D71-2-6,MSUK-D71-5-2,MSUK-D71-205-7,MSUK-D71-5-6,MSUK-D71-0-2,MSUK-D71-0-6,MSUK-D71-205-3,MSUK-D71-205-2",SPONSORED PRODUCTS
慕声欧洲-UK,2377530M7PA25,PAID_IN_FULL,CREDIT_CARD,2025-07-22至2025-07-29,2025-07-28,GBP,507.42,D47-手动精准,512596092807998,CPC,40,0.34,13.61,0.00,业务报告,"MSUK-D47-7-3,MSUK-D47-5-5,MSUK-D47-7-5,MSUK-D47-5-4,MSUK-D47-2-6,MSUK-D47-5-6,MSUK-D47-6-6,MSUK-D47-2-5,MSUK-D47-7-6,MSUK-D47-6-4,MSUK-D47-7-2,MSUK-D47-2-4,MSUK-D47-2-3,MSUK-D47-5-3,MSUK-D47-6-3,MSUK-D47-6-5,MSUK-D47-2-2,MSUK-D47-6-2,MSUK-D47-5-2,MSUK-D47-7-4",SPONSORED PRODUCTS
慕声欧洲-UK,2377530M7PA25,PAID_IN_FULL,CREDIT_CARD,2025-07-22至2025-07-29,2025-07-28,GBP,507.42,D74自动,519517451658382,CPC,55,0.44,24.18,0.00,业务报告,"MSUK-D74-2-5,MSUK-D74-7-5,MSUK-D74-2-2,MSUK-D74-2-4,MSUK-D74-2-6,MSUK-D74-7-3,MSUK-D74-6-4,MSUK-D74-5-2,MSUK-D74-6-5,MSUK-D74-7-2,MSUK-D74-5-3,MSUK-D74-5-6,MSUK-D74-2-3,MSUK-D74-6-3,MSUK-D74-5-4,MSUK-D74-7-4,MSUK-D74-5-5,MSUK-D74-6-6,MSUK-D74-6-2,MSUK-D74-7-6",SPONSORED PRODUCTS
慕声欧洲-UK,2377530M7PA25,PAID_IN_FULL,CREDIT_CARD,2025-07-22至2025-07-29,2025-07-28,GBP,507.42,D73-手动,520750068765726,CPC,26,0.46,11.83,0.00,业务报告,"MSUK-D73-269-3,MSUK-D73-206-3,MSUK-D73-206-5,MSUK-D73-209-5,MSUK-D73-209-4,MSUK-D73-269-4,MSUK-D73-20-2,MSUK-D73-20-3,MSUK-D73-20-5,MSUK-D73-269-5,MSUK-D73-26-3,MSUK-D73-206-4,MSUK-D73-206-2,MSUK-D73-26-4,MSUK-D73-20-4,MSUK-D73-269-2,MSUK-D73-26-2,MSUK-D73-209-2,MSUK-D73-26-5,MSUK-D73-209-3",SPONSORED PRODUCTS
慕声欧洲-UK,2377530M7PA25,PAID_IN_FULL,CREDIT_CARD,2025-07-22至2025-07-29,2025-07-28,GBP,507.42,D22自动新,527135057295761,CPC,75,0.27,19.96,0.00,业务报告,"MS-D22-5-4,MS-D22-6-5,MS-D22-0-5,MS-D22-2-3,MS-D22-205-2,MS-D22-2-2",SPONSORED PRODUCTS
慕声欧洲-UK,2377530M7PA25,PAID_IN_FULL,CREDIT_CARD,2025-07-22至2025-07-29,2025-07-28,GBP,507.42,D72-手动,532736007580196,CPC,41,0.56,22.89,0.00,业务报告,"MSUK-D72-201-4,MSUK-D72-216-3,MSUK-D72-216-2,MSUK-D72-206-4,MSUK-D72-26-4,MSUK-D72-26-3,MSUK-D72-20-5,MSUK-D72-26-5,MSUK-D72-201-3,MSUK-D72-20-2,MSUK-D72-20-4,MSUK-D72-216-5,MSUK-D72-20-3,MSUK-D72-206-2,MSUK-D72-216-4,MSUK-D72-26-2,MSUK-D72-206-3,MSUK-D72-201-2,MSUK-D72-201-5,MSUK-D72-206-5",SPONSORED PRODUCTS
慕声欧洲-UK,2377530M7PA25,PAID_IN_FULL,CREDIT_CARD,2025-07-22至2025-07-29,2025-07-28,GBP,507.42,D42-手动商品-陈,542904453274392,CPC,13,0.32,4.14,0.00,业务报告,"MSUK-D42-6-3,MSUK-D42-7-5,MSUK-D42-7-3,MSUK-D42-6-2,MSUK-D42-2-2,MSUK-D42-5-5,MSUK-D42-25-3,MSUK-D42-6-4,MSUK-D42-7-4,MSUK-D42-5-3,MSUK-D42-5-4,MSUK-D42-5-2,MSUK-D42-256-2,MSUK-D42-2-3,MSUK-D42-256-4,MSUK-D42-25-4,MSUK-D42-7-2,MSUK-D42-6-5,MSUK-D42-256-5,MSUK-D42-2-5,MSUK-D42-25-5,MSUK-D42-25-2",SPONSORED PRODUCTS
慕声欧洲-UK,2377530M7PA25,PAID_IN_FULL,CREDIT_CARD,2025-07-22至2025-07-29,2025-07-28,GBP,507.42,D73自动,552441102016304,CPC,68,0.35,23.93,0.00,业务报告,"MSUK-D73-206-5,MSUK-D73-26-3,MSUK-D73-20-5,MSUK-D73-269-3,MSUK-D73-206-2,MSUK-D73-20-3,MSUK-D73-209-4,MSUK-D73-269-5,MSUK-D73-26-4,MSUK-D73-26-5,MSUK-D73-20-2,MSUK-D73-209-3,MSUK-D73-26-2,MSUK-D73-206-3,MSUK-D73-209-2,MSUK-D73-20-4,MSUK-D73-269-2,MSUK-D73-209-5,MSUK-D73-269-4,MSUK-D73-206-4",SPONSORED PRODUCTS
慕声欧洲-UK,2439934M7PA25,PAID_IN_FULL,CREDIT_CARD,2025-07-28至2025-08-03,2025-08-02,GBP,245.77,D33手动,206422330535806,CPC,13,0.38,4.96,0.00,业务报告,"MSUK-D33-26-2,MSUK-D33-26-4,MSUK-D33-2-4",SPONSORED PRODUCTS
慕声欧洲-UK,2439934M7PA25,PAID_IN_FULL,CREDIT_CARD,2025-07-28至2025-08-03,2025-08-02,GBP,245.77,D33自动,227191886882379,CPC,18,0.27,4.77,0.00,业务报告,"MSUK-D33-2-4,MSUK-D33-26-4,MSUK-D33-26-2,MSUK-D30-7-5,MSUK-D30-2-4-1,MSUK-D30-6-5,MSUK-D30-6-3,MSUK-D30-5-3,MSUK-D30-5-2,MSUK-D30-6-4,MSUK-D30-25-4-1,MSUK-D30-5-4,MSUK-D30-25-3",SPONSORED PRODUCTS
慕声欧洲-UK,2439934M7PA25,PAID_IN_FULL,CREDIT_CARD,2025-07-28至2025-08-03,2025-08-02,GBP,245.77,D42手动,271743845417844,CPC,23,0.37,8.54,0.00,业务报告,"MSUK-D42-2-4,MSUK-D42-6-5,MSUK-D42-5-4,MSUK-D42-7-5,MSUK-D42-6-3,MSUK-D42-5-2,MSUK-D42-7-2,MSUK-D42-6-2,MSUK-D42-2-5,MSUK-D42-2-3,MSUK-D42-7-4,MSUK-D42-256-4,MSUK-D42-2-2,MSUK-D42-256-5,MSUK-D42-25-3,MSUK-D42-256-2,MSUK-D42-25-4,MSUK-D42-25-5,MSUK-D42-6-4,MSUK-D42-7-3,MSUK-D42-5-5,MSUK-D42-25-2,MSUK-D42-5-3",SPONSORED PRODUCTS
慕声欧洲-UK,2439934M7PA25,PAID_IN_FULL,CREDIT_CARD,2025-07-28至2025-08-03,2025-08-02,GBP,245.77,D63-精准3词,283094973144205,CPC,26,0.33,8.53,0.00,业务报告,"MSUK-D63-509-5,MSUK-D63-205-2,MSUK-D63-20-3,MSUK-D63-20-5,MSUK-D63-20-2,MSUK-D63-2f-4,MSUK-D63-205-4,MSUK-D63-256-3,MSUK-D63-209-2,MSUK-D63-206-2,MSUK-D63-25-3,MSUK-D63-2f-2,MSUK-D63-209-4,MSUK-D63-205-5,MSUK-D63-2f-3,MSUK-D63-206-5,MSUK-D63-25-4,MSUK-D63-2f-5,MSUK-D63-2f6-4",SPONSORED PRODUCTS
慕声欧洲-UK,2439934M7PA25,PAID_IN_FULL,CREDIT_CARD,2025-07-28至2025-08-03,2025-08-02,GBP,245.77,D75自动,292856546679709,CPC,47,0.33,15.59,0.00,业务报告,"MSUK-D75-268-2,MSUK-D75-268-4,MSUK-D75-206-2,MSUK-D75-2-4,MSUK-D75-2-5,MSUK-D75-208-4,MSUK-D75-2-3,MSUK-D75-2-2,MSUK-D75-20-3,MSUK-D75-20-4,MSUK-D75-206-3,MSUK-D75-20-2,MSUK-D75-206-4,MSUK-D75-208-5,MSUK-D75-20-5,MSUK-D75-208-3,MSUK-D75-268-3",SPONSORED PRODUCTS
慕声欧洲-UK,2439934M7PA25,PAID_IN_FULL,CREDIT_CARD,2025-07-28至2025-08-03,2025-08-02,GBP,245.77,D70自动,296350599943294,CPC,103,0.39,40.43,0.00,业务报告,"MSUK-D70-5-3,MSUK-D70-6-4,MSUK-D70-5-6,MSUK-D70-6-5,MSUK-D70-7-3,MSUK-D70-6-3,MSUK-D70-5-5,MSUK-D70-7-2,MSUK-D70-7-4,MSUK-D70-6-2,MSUK-D70-2-2,MSUK-D70-2-4,MSUK-D70-5-4,MSUK-D70-5-2,MSUK-D70-2-5,MSUK-D70-2-6,MSUK-D70-7-6,MSUK-D70-6-6,MSUK-D70-7-5,MSUK-D70-2-3",SPONSORED PRODUCTS
慕声欧洲-UK,2439934M7PA25,PAID_IN_FULL,CREDIT_CARD,2025-07-28至2025-08-03,2025-08-02,GBP,245.77,D70手动,307778534079657,CPC,52,0.40,20.98,0.00,业务报告,"MSUK-D70-2-6,MSUK-D70-7-5,MSUK-D70-6-3,MSUK-D70-2-5,MSUK-D70-5-6,MSUK-D70-2-3,MSUK-D70-7-3,MSUK-D70-5-3,MSUK-D70-7-2,MSUK-D70-2-2,MSUK-D70-7-6,MSUK-D70-6-2,MSUK-D70-5-2,MSUK-D70-7-4,MSUK-D70-2-4,MSUK-D70-5-5,MSUK-D70-5-4,MSUK-D70-6-4,MSUK-D70-6-6,MSUK-D70-6-5",SPONSORED PRODUCTS
慕声欧洲-UK,2439934M7PA25,PAID_IN_FULL,CREDIT_CARD,2025-07-28至2025-08-03,2025-08-02,GBP,245.77,D47-手动广泛,316931612471628,CPC,11,0.38,4.23,0.00,业务报告,"MSUK-D47-6-2,MSUK-D47-7-3,MSUK-D47-6-5,MSUK-D47-2-2,MSUK-D47-2-3,MSUK-D47-7-2,MSUK-D47-7-5,MSUK-D47-6-3,MSUK-D47-2-6,MSUK-D47-6-4,MSUK-D47-5-5,MSUK-D47-5-6,MSUK-D47-5-3,MSUK-D47-7-4,MSUK-D47-5-4,MSUK-D47-7-6,MSUK-D47-5-2,MSUK-D47-2-4,MSUK-D47-2-5,MSUK-D47-6-6",SPONSORED PRODUCTS
慕声欧洲-UK,2439934M7PA25,PAID_IN_FULL,CREDIT_CARD,2025-07-28至2025-08-03,2025-08-02,GBP,245.77,D22手动精准,32209886985230,CPC,7,0.32,2.22,0.00,业务报告,"MS-D22-25-2,MS-D22-5-4,MS-D22-0-5,MS-D22-5-3,MS-D22-7-4,MS-D22-27-5,MS-D22-6-5,MS-D22-5-5,MS-D22-7-3,MS-D22-7-2,MS-D22-27-3,MS-D22-2-2,MS-D22-5-2,MS-D22-506-4,MS-D22-0-2,MS-D22-25-3,MS-D22-25-5",SPONSORED PRODUCTS
慕声欧洲-UK,2439934M7PA25,PAID_IN_FULL,CREDIT_CARD,2025-07-28至2025-08-03,2025-08-02,GBP,245.77,D75手动,338343636569035,CPC,29,0.42,12.04,0.00,业务报告,"MSUK-D75-206-3,MSUK-D75-208-4,MSUK-D75-20-3,MSUK-D75-2-5,MSUK-D75-208-3,MSUK-D75-268-5,MSUK-D75-268-2,MSUK-D75-208-2,MSUK-D75-20-5,MSUK-D75-268-3,MSUK-D75-2-2,MSUK-D75-20-4,MSUK-D75-208-5,MSUK-D75-206-5,MSUK-D75-20-2,MSUK-D75-206-2,MSUK-D75-206-4,MSUK-D75-2-4,MSUK-D75-2-3,MSUK-D75-268-4",SPONSORED PRODUCTS
慕声欧洲-UK,2439934M7PA25,PAID_IN_FULL,CREDIT_CARD,2025-07-28至2025-08-03,2025-08-02,GBP,245.77,D23自动5.31,340918862675495,CPC,48,0.16,7.68,0.00,业务报告,"MS-D23-0-5,MS-D23-0-4,MS-D23-0-2,MS-D23-2-3,MS-D23-209-3,MS-D23-1-2,MS-D23-2-5,MS-D23-201-2,MS-D23-29-4,MS-D23-29-2,MS-D23-208-3,MS-D23-8-4,MS-D23-208-5,MS-D23-1-4,MS-D23-26-3,MS-D23-29-5,MS-D23-2-2,MS-D23-209-2,MS-D23-208-2,MS-D23-216-4",SPONSORED PRODUCTS
慕声欧洲-UK,2439934M7PA25,PAID_IN_FULL,CREDIT_CARD,2025-07-28至2025-08-03,2025-08-02,GBP,245.77,D72自动,361760978626676,CPC,27,0.34,9.22,0.00,业务报告,"MSUK-D72-26-2,MSUK-D72-216-2,MSUK-D72-216-5,MSUK-D72-26-5,MSUK-D72-206-5,MSUK-D72-201-4,MSUK-D72-201-5,MSUK-D72-206-4,MSUK-D72-26-3,MSUK-D72-216-4,MSUK-D72-20-2,MSUK-D72-26-4,MSUK-D72-20-3,MSUK-D72-216-3",SPONSORED PRODUCTS
慕声欧洲-UK,2439934M7PA25,PAID_IN_FULL,CREDIT_CARD,2025-07-28至2025-08-03,2025-08-02,GBP,245.77,D23手动1,385955122005696,CPC,14,0.48,6.72,0.00,业务报告,"MS-D23-201-5,MS-D23-216-3,MS-D23-26-5,MS-D23-29-4,MS-D23-26-2,MS-D23-20-4,MS-D23-208-5,MS-D23-8-4,MS-D23-20-5,MS-D23-29-2,MS-D23-0-5,MS-D23-209-3,MS-D23-2-5,MS-D23-26-4,MS-D23-201-2,MS-D23-2-3,MS-D23-1-2,MS-D23-26-3,MS-D23-2-2,MS-D23-209-2,MS-D23-20-3,MS-D23-0-2,MS-D23-0-4,MS-D23-1-4,MS-D23-29-5,MS-D23-208-3,MS-D23-8-2,MS-D23-208-4,MS-D23-208-2,MS-D23-0-3,MS-D23-209-4,MS-D23-216-2",SPONSORED PRODUCTS
慕声欧洲-UK,2439934M7PA25,PAID_IN_FULL,CREDIT_CARD,2025-07-28至2025-08-03,2025-08-02,GBP,245.77,D47-自动6.1,406284800434695,CPC,35,0.34,12.03,0.00,业务报告,"MSUK-D47-2-5,MSUK-D47-7-3,MSUK-D47-5-3,MSUK-D47-5-2,MSUK-D47-6-2,MSUK-D47-2-3,MSUK-D47-6-3,MSUK-D47-2-4,MSUK-D47-5-6,MSUK-D47-5-5,MSUK-D47-7-4,MSUK-D47-7-6,MSUK-D47-2-2,MSUK-D47-6-4,MSUK-D47-7-5,MSUK-D47-6-5,MSUK-D47-5-4,MSUK-D47-6-6",SPONSORED PRODUCTS
慕声欧洲-UK,2439934M7PA25,PAID_IN_FULL,CREDIT_CARD,2025-07-28至2025-08-03,2025-08-02,GBP,245.77,D74手动,412900525915003,CPC,14,0.41,5.67,0.00,业务报告,"MSUK-D74-5-3,MSUK-D74-2-4,MSUK-D74-6-3,MSUK-D74-5-4,MSUK-D74-6-4,MSUK-D74-5-6,MSUK-D74-7-5,MSUK-D74-7-2,MSUK-D74-7-3,MSUK-D74-5-2,MSUK-D74-2-2,MSUK-D74-6-2,MSUK-D74-5-5,MSUK-D74-2-3,MSUK-D74-7-4",SPONSORED PRODUCTS
慕声欧洲-UK,2439934M7PA25,PAID_IN_FULL,CREDIT_CARD,2025-07-28至2025-08-03,2025-08-02,GBP,245.77,新D06自动,421827185813581,CPC,17,0.24,4.00,0.00,业务报告,"MS-D06-206-5,MS-D06-206-4,MS-D06-20-2,MS-D06-368-4,MS-D06-234-3,MS-D06-368-3,MS-D06-208-4,MS-D06-2-2-,MS-D06-26-3,MS-D06-234-4,MS-D06-20-5,MS-D06-2-3-,MS-D06-234-5,MS-D06-26-2,MS-D06-348-2,MS-D06-208-2,MS-D06-20-3,MS-D06-2-4-,MS-D06-2-5-,MS-D06-26-4,MS-D06-348-4,MS-D06-209-3,MS-D06-208-3,MS-D06-348-3,MS-D06-209-4,MS-D06-20-4,MS-D06-209-2,MS-D06-206-3,MS-D06-209-5,MS-D06-206-2,MS-D06-234-2",SPONSORED PRODUCTS
慕声欧洲-UK,2439934M7PA25,PAID_IN_FULL,CREDIT_CARD,2025-07-28至2025-08-03,2025-08-02,GBP,245.77,D71自动,451712842798364,CPC,18,0.27,4.81,0.00,业务报告,"MSUK-D71-205-3,MSUK-D71-20-5,MSUK-D71-2-2,MSUK-D71-0-4,MSUK-D71-25-2,MSUK-D71-2-6,MSUK-D71-2-3,MSUK-D71-5-3",SPONSORED PRODUCTS
慕声欧洲-UK,2439934M7PA25,PAID_IN_FULL,CREDIT_CARD,2025-07-28至2025-08-03,2025-08-02,GBP,245.77,D60-自动,454472653050311,CPC,18,0.19,3.47,0.00,业务报告,"MSUK-D60-6-5,MSUK-D60-358-5,MSUK-D60-256-3,MSUK-D60-7-3,MSUK-D60-235-3,MSUK-D60-8-5,MSUK-D60-5-3,MSUK-D60-268-5,MSUK-D60-5-1,MSUK-D60-5-5,MSUK-D60-256-5,MSUK-D60-7-5,MSUK-D60-268-1,MSUK-D60-2-5,MSUK-D60-358-1,MSUK-D60-3-1,MSUK-D60-235-1,MSUK-D60-257-5,MSUK-D60-7-1,MSUK-D60-8-1,MSUK-D60-358-3,MSUK-D60-3-3,MSUK-D60-256-1,MSUK-D60-235-5,MSUK-D60-6-3,MSUK-D60-257-3,MSUK-D60-2-3,MSUK-D60-257-1,MSUK-D60-3-5",SPONSORED PRODUCTS
慕声欧洲-UK,2439934M7PA25,PAID_IN_FULL,CREDIT_CARD,2025-07-28至2025-08-03,2025-08-02,GBP,245.77,D25自动1,467321738791432,CPC,24,0.21,5.13,0.00,业务报告,"MSUK-D25-6-3,MSUK-D25-209-4,MSUK-D25-2-5,MSUK-D25-8-4,MSUK-D25-206-4,MSUK-D25-2-2,MSUK-D25-20-3,MSUK-D25-206-5,MSUK-D25-6-2,MSUK-D25-268-5,MSUK-D25-6-4,MSUK-D25-20-4-1,MSUK-D25-6-5,MSUK-D25-8-5,MSUK-D25-268-4,MSUK-D25-2-3,MSUK-D25-268-3,MSUK-D25-2-4,MSUK-D25-209-3,MSUK-D25-8-3,MSUK-D25-8-2,MSUK-D25-206-3,MSUK-D25-209-5",SPONSORED PRODUCTS
慕声欧洲-UK,2439934M7PA25,PAID_IN_FULL,CREDIT_CARD,2025-07-28至2025-08-03,2025-08-02,GBP,245.77,D63自动,468381222837440,CPC,22,0.39,8.54,0.00,业务报告,"MSUK-D63-209-4,MSUK-D63-206-5,MSUK-D63-205-5,MSUK-D63-2f-4,MSUK-D63-209-2,MSUK-D63-25-3,MSUK-D63-256-4,MSUK-D63-25-4,MSUK-D63-20-4,MSUK-D63-2f-3,MSUK-D63-20-2,MSUK-D63-209-3,MSUK-D63-20-3,MSUK-D63-206-4,MSUK-D63-205-4,MSUK-D63-20-5,MSUK-D63-509-5,MSUK-D63-2f-2,MSUK-D63-206-2,MSUK-D63-206-3,MSUK-D63-205-2,MSUK-D63-209-5,MSUK-D63-2f6-5,MSUK-D63-256-5,MSUK-D63-20f-5,MSUK-D63-20f-4,MSUK-D63-256-3,MSUK-D63-205-3",SPONSORED PRODUCTS
慕声欧洲-UK,2439934M7PA25,PAID_IN_FULL,CREDIT_CARD,2025-07-28至2025-08-03,2025-08-02,GBP,245.77,D30自动2-23,497562169763630,CPC,15,0.23,3.47,0.00,业务报告,"MSUK-D30-5-4,MSUK-D30-6-5,MSUK-D30-6-4,MSUK-D30-2-4-1,MSUK-D30-5-2,MSUK-D30-7-2,MSUK-D30-25-4-1,MSUK-D30-25-2,MSUK-D30-7-5,MSUK-D30-25-3,MSUK-D30-2-2,MSUK-D30-5-3,MSUK-D30-2-3,MSUK-D30-25-5,MSUK-D30-6-2,MSUK-D30-6-3,MSUK-D30-5-5,MSUK-D30-2-5,MSUK-D30-7-3",SPONSORED PRODUCTS
慕声欧洲-UK,2439934M7PA25,PAID_IN_FULL,CREDIT_CARD,2025-07-28至2025-08-03,2025-08-02,GBP,245.77,D47-手动精准,512596092807998,CPC,24,0.33,7.97,0.00,业务报告,"MSUK-D47-7-3,MSUK-D47-5-5,MSUK-D47-7-5,MSUK-D47-5-4,MSUK-D47-2-6,MSUK-D47-5-6,MSUK-D47-6-6,MSUK-D47-2-5,MSUK-D47-7-6,MSUK-D47-6-4,MSUK-D47-7-2,MSUK-D47-2-4,MSUK-D47-2-3,MSUK-D47-5-3,MSUK-D47-6-3,MSUK-D47-6-5,MSUK-D47-2-2,MSUK-D47-6-2,MSUK-D47-5-2,MSUK-D47-7-4",SPONSORED PRODUCTS
慕声欧洲-UK,2439934M7PA25,PAID_IN_FULL,CREDIT_CARD,2025-07-28至2025-08-03,2025-08-02,GBP,245.77,D74自动,519517451658382,CPC,12,0.36,4.33,0.00,业务报告,"MSUK-D74-7-5,MSUK-D74-2-2,MSUK-D74-2-4,MSUK-D74-2-6,MSUK-D74-7-3,MSUK-D74-6-4,MSUK-D74-5-2,MSUK-D74-6-5,MSUK-D74-7-2,MSUK-D74-5-6,MSUK-D74-6-3,MSUK-D74-5-4,MSUK-D74-7-4,MSUK-D74-5-5,MSUK-D74-6-6,MSUK-D74-7-6,MSUK-D74-2-5,MSUK-D74-2-3,MSUK-D74-6-2",SPONSORED PRODUCTS
慕声欧洲-UK,2439934M7PA25,PAID_IN_FULL,CREDIT_CARD,2025-07-28至2025-08-03,2025-08-02,GBP,245.77,D22自动新,527135057295761,CPC,47,0.27,12.58,0.00,业务报告,"MS-D22-5-4,MS-D22-6-5,MS-D22-0-5,MS-D22-2-3,MS-D22-205-2,MS-D22-2-2",SPONSORED PRODUCTS
慕声欧洲-UK,2439934M7PA25,PAID_IN_FULL,CREDIT_CARD,2025-07-28至2025-08-03,2025-08-02,GBP,245.77,D72-手动,532736007580196,CPC,17,0.53,9.08,0.00,业务报告,"MSUK-D72-201-4,MSUK-D72-216-3,MSUK-D72-216-2,MSUK-D72-206-4,MSUK-D72-26-4,MSUK-D72-26-3,MSUK-D72-20-5,MSUK-D72-26-5,MSUK-D72-201-3,MSUK-D72-20-2,MSUK-D72-20-4,MSUK-D72-216-5",SPONSORED PRODUCTS
慕声欧洲-UK,2439934M7PA25,PAID_IN_FULL,CREDIT_CARD,2025-07-28至2025-08-03,2025-08-02,GBP,245.77,D06-手动,534754424133174,CPC,9,0.25,2.22,0.00,业务报告,"MS-D06-2-5-,MS-D06-206-4,MS-D06-206-2,MS-D06-209-3,MS-D06-206-5,MS-D06-20-2,MS-D06-206-3,MS-D06-20-3,MS-D06-209-5,MS-D06-2-2-,MS-D06-20-5,MS-D06-209-4,MS-D06-2-4-,MS-D06-20-4,MS-D06-208-2,MS-D06-2-3-",SPONSORED PRODUCTS
慕声欧洲-UK,2439934M7PA25,PAID_IN_FULL,CREDIT_CARD,2025-07-28至2025-08-03,2025-08-02,GBP,245.77,D42-手动商品-陈,542904453274392,CPC,7,0.33,2.32,0.00,业务报告,"MSUK-D42-6-3,MSUK-D42-7-5,MSUK-D42-7-3,MSUK-D42-6-2,MSUK-D42-2-2,MSUK-D42-5-5,MSUK-D42-25-3,MSUK-D42-6-4,MSUK-D42-7-4,MSUK-D42-5-3,MSUK-D42-5-4,MSUK-D42-5-2,MSUK-D42-256-2,MSUK-D42-2-3,MSUK-D42-256-4,MSUK-D42-25-4,MSUK-D42-7-2,MSUK-D42-256-5,MSUK-D42-25-5,MSUK-D42-6-5,MSUK-D42-2-5",SPONSORED PRODUCTS
慕声欧洲-UK,2439934M7PA25,PAID_IN_FULL,CREDIT_CARD,2025-07-28至2025-08-03,2025-08-02,GBP,245.77,D73自动,552441102016304,CPC,40,0.36,14.24,0.00,业务报告,"MSUK-D73-206-5,MSUK-D73-26-3,MSUK-D73-20-5,MSUK-D73-206-2,MSUK-D73-20-3,MSUK-D73-209-4,MSUK-D73-26-4,MSUK-D73-26-5,MSUK-D73-20-2,MSUK-D73-206-3,MSUK-D73-209-2,MSUK-D73-20-4,MSUK-D73-269-2,MSUK-D73-269-4,MSUK-D73-206-4,MSUK-D73-26-2",SPONSORED PRODUCTS
慕声欧洲-UK,2578427M7PA25,PAID_IN_FULL,CREDIT_CARD,2025-08-02至2025-08-11,2025-08-10,GBP,507.16,D33手动,206422330535806,CPC,28,0.36,10.20,0.00,业务报告,"MSUK-D33-26-2,MSUK-D33-26-4,MSUK-D33-2-4",SPONSORED PRODUCTS
慕声欧洲-UK,2578427M7PA25,PAID_IN_FULL,CREDIT_CARD,2025-08-02至2025-08-11,2025-08-10,GBP,507.16,D33自动,227191886882379,CPC,28,0.26,7.17,0.00,业务报告,"MSUK-D33-2-4,MSUK-D33-26-4,MSUK-D33-26-2,MSUK-D30-7-5,MSUK-D30-25-4-1,MSUK-D30-5-4,MSUK-D30-2-4-1,MSUK-D30-6-5,MSUK-D30-6-3,MSUK-D30-5-3,MSUK-D30-5-2,MSUK-D30-6-4",SPONSORED PRODUCTS
慕声欧洲-UK,2578427M7PA25,PAID_IN_FULL,CREDIT_CARD,2025-08-02至2025-08-11,2025-08-10,GBP,507.16,D42手动,271743845417844,CPC,32,0.35,11.14,0.00,业务报告,"MSUK-D42-2-4,MSUK-D42-6-5,MSUK-D42-7-5,MSUK-D42-6-3,MSUK-D42-5-2,MSUK-D42-7-2,MSUK-D42-6-2,MSUK-D42-2-5,MSUK-D42-2-3,MSUK-D42-256-4,MSUK-D42-256-5,MSUK-D42-25-3,MSUK-D42-256-2,MSUK-D42-7-3,MSUK-D42-5-5,MSUK-D42-5-4,MSUK-D42-7-4,MSUK-D42-2-2,MSUK-D42-25-5,MSUK-D42-6-4,MSUK-D42-25-2",SPONSORED PRODUCTS
慕声欧洲-UK,2578427M7PA25,PAID_IN_FULL,CREDIT_CARD,2025-08-02至2025-08-11,2025-08-10,GBP,507.16,D63-精准3词,283094973144205,CPC,51,0.33,16.93,0.00,业务报告,"MSUK-D63-509-5,MSUK-D63-205-2,MSUK-D63-20-3,MSUK-D63-20-5,MSUK-D63-20-2,MSUK-D63-2f-4,MSUK-D63-205-4,MSUK-D63-256-3,MSUK-D63-209-2,MSUK-D63-25-3,MSUK-D63-2f-2,MSUK-D63-209-4,MSUK-D63-205-5,MSUK-D63-2f-3,MSUK-D63-206-5,MSUK-D63-25-4,MSUK-D63-2f-5,MSUK-D63-206-2,MSUK-D63-20f-2,MSUK-D63-20f-3,MSUK-D63-2f6-4",SPONSORED PRODUCTS
慕声欧洲-UK,2578427M7PA25,PAID_IN_FULL,CREDIT_CARD,2025-08-02至2025-08-11,2025-08-10,GBP,507.16,D75自动,292856546679709,CPC,80,0.33,26.22,0.00,业务报告,"MSUK-D75-268-2,MSUK-D75-268-4,MSUK-D75-206-2,MSUK-D75-2-4,MSUK-D75-2-5,MSUK-D75-208-4,MSUK-D75-2-3,MSUK-D75-2-2,MSUK-D75-20-3,MSUK-D75-20-4,MSUK-D75-206-3,MSUK-D75-20-2,MSUK-D75-206-4,MSUK-D75-208-5,MSUK-D75-20-5,MSUK-D75-208-3,MSUK-D75-268-3",SPONSORED PRODUCTS
慕声欧洲-UK,2578427M7PA25,PAID_IN_FULL,CREDIT_CARD,2025-08-02至2025-08-11,2025-08-10,GBP,507.16,D70自动,296350599943294,CPC,135,0.40,53.49,0.00,业务报告,"MSUK-D70-5-3,MSUK-D70-6-4,MSUK-D70-5-6,MSUK-D70-6-5,MSUK-D70-6-3,MSUK-D70-5-5,MSUK-D70-7-2,MSUK-D70-7-4,MSUK-D70-6-2,MSUK-D70-2-2,MSUK-D70-2-4,MSUK-D70-5-4,MSUK-D70-5-2,MSUK-D70-2-5,MSUK-D70-2-6,MSUK-D70-7-6,MSUK-D70-6-6,MSUK-D70-7-5,MSUK-D70-2-3,MSUK-D70-7-3",SPONSORED PRODUCTS
慕声欧洲-UK,2578427M7PA25,PAID_IN_FULL,CREDIT_CARD,2025-08-02至2025-08-11,2025-08-10,GBP,507.16,D70手动,307778534079657,CPC,153,0.41,62.64,0.00,业务报告,"MSUK-D70-2-6,MSUK-D70-7-5,MSUK-D70-6-3,MSUK-D70-2-5,MSUK-D70-5-6,MSUK-D70-2-3,MSUK-D70-7-3,MSUK-D70-5-3,MSUK-D70-7-2,MSUK-D70-2-2,MSUK-D70-7-6,MSUK-D70-6-2,MSUK-D70-5-2,MSUK-D70-7-4,MSUK-D70-2-4,MSUK-D70-5-5,MSUK-D70-5-4,MSUK-D70-6-4,MSUK-D70-6-6,MSUK-D70-6-5",SPONSORED PRODUCTS
慕声欧洲-UK,2578427M7PA25,PAID_IN_FULL,CREDIT_CARD,2025-08-02至2025-08-11,2025-08-10,GBP,507.16,D47-手动广泛,316931612471628,CPC,43,0.38,16.26,0.00,业务报告,"MSUK-D47-6-2,MSUK-D47-7-3,MSUK-D47-6-5,MSUK-D47-2-2,MSUK-D47-2-3,MSUK-D47-6-6,MSUK-D47-7-2,MSUK-D47-7-5,MSUK-D47-6-3,MSUK-D47-2-6,MSUK-D47-6-4,MSUK-D47-5-5,MSUK-D47-5-6,MSUK-D47-5-3,MSUK-D47-7-4,MSUK-D47-5-4,MSUK-D47-5-2,MSUK-D47-2-4,MSUK-D47-2-5,MSUK-D47-7-6",SPONSORED PRODUCTS
慕声欧洲-UK,2578427M7PA25,PAID_IN_FULL,CREDIT_CARD,2025-08-02至2025-08-11,2025-08-10,GBP,507.16,D22手动精准,32209886985230,CPC,11,0.31,3.41,0.00,业务报告,"MS-D22-25-2,MS-D22-5-2,MS-D22-5-4,MS-D22-0-5,MS-D22-506-4,MS-D22-5-3,MS-D22-7-4,MS-D22-27-5,MS-D22-6-5,MS-D22-5-5,MS-D22-27-3,MS-D22-2-2,MS-D22-25-4,MS-D22-506-2,MS-D22-7-5,MS-D22-25-3,MS-D22-7-2,MS-D22-2-3,MS-D22-0-2,MS-D22-25-5,MS-D22-205-4,MS-D22-2-5",SPONSORED PRODUCTS
慕声欧洲-UK,2578427M7PA25,PAID_IN_FULL,CREDIT_CARD,2025-08-02至2025-08-11,2025-08-10,GBP,507.16,D75手动,338343636569035,CPC,69,0.40,27.46,0.00,业务报告,"MSUK-D75-206-3,MSUK-D75-208-4,MSUK-D75-20-3,MSUK-D75-2-5,MSUK-D75-208-3,MSUK-D75-268-5,MSUK-D75-268-2,MSUK-D75-208-2,MSUK-D75-20-5,MSUK-D75-268-3,MSUK-D75-2-2,MSUK-D75-20-4,MSUK-D75-208-5,MSUK-D75-206-5,MSUK-D75-20-2,MSUK-D75-206-2,MSUK-D75-206-4,MSUK-D75-2-4,MSUK-D75-2-3,MSUK-D75-268-4",SPONSORED PRODUCTS
慕声欧洲-UK,2578427M7PA25,PAID_IN_FULL,CREDIT_CARD,2025-08-02至2025-08-11,2025-08-10,GBP,507.16,D23自动5.31,340918862675495,CPC,70,0.15,10.38,0.00,业务报告,"MS-D23-0-5,MS-D23-0-4,MS-D23-0-2,MS-D23-2-3,MS-D23-209-3,MS-D23-1-2,MS-D23-2-5,MS-D23-201-2,MS-D23-29-4,MS-D23-29-2,MS-D23-208-3,MS-D23-8-4,MS-D23-1-4,MS-D23-26-3,MS-D23-216-4,MS-D23-2-2,MS-D23-208-5,MS-D23-29-5,MS-D23-209-2,MS-D23-208-2",SPONSORED PRODUCTS
慕声欧洲-UK,2578427M7PA25,PAID_IN_FULL,CREDIT_CARD,2025-08-02至2025-08-11,2025-08-10,GBP,507.16,D73手动商品,344797869728832,CPC,10,0.46,4.64,0.00,业务报告,"MSUK-D73-269-3,MSUK-D73-269-5,MSUK-D73-206-3,MSUK-D73-20-2,MSUK-D73-209-5,MSUK-D73-209-2,MSUK-D73-20-5,MSUK-D73-206-5,MSUK-D73-26-4,MSUK-D73-26-3,MSUK-D73-209-4,MSUK-D73-26-5,MSUK-D73-269-4,MSUK-D73-20-3,MSUK-D73-20-4,MSUK-D73-206-4,MSUK-D73-269-2,MSUK-D73-26-2,MSUK-D73-206-2,MSUK-D73-209-3",SPONSORED PRODUCTS
慕声欧洲-UK,2578427M7PA25,PAID_IN_FULL,CREDIT_CARD,2025-08-02至2025-08-11,2025-08-10,GBP,507.16,D72自动,361760978626676,CPC,49,0.33,16.11,0.00,业务报告,"MSUK-D72-26-2,MSUK-D72-216-2,MSUK-D72-216-5,MSUK-D72-26-5,MSUK-D72-206-5,MSUK-D72-201-4,MSUK-D72-201-5,MSUK-D72-206-4,MSUK-D72-26-3,MSUK-D72-216-4,MSUK-D72-20-2,MSUK-D72-26-4,MSUK-D72-20-3,MSUK-D72-216-3",SPONSORED PRODUCTS
慕声欧洲-UK,2578427M7PA25,PAID_IN_FULL,CREDIT_CARD,2025-08-02至2025-08-11,2025-08-10,GBP,507.16,D23手动1,385955122005696,CPC,28,0.49,13.83,0.00,业务报告,"MS-D23-201-5,MS-D23-208-3,MS-D23-29-4,MS-D23-26-2,MS-D23-8-2,MS-D23-208-5,MS-D23-8-4,MS-D23-208-4,MS-D23-29-2,MS-D23-0-5,MS-D23-209-3,MS-D23-2-5,MS-D23-2-3,MS-D23-1-2,MS-D23-26-3,MS-D23-2-2,MS-D23-20-3,MS-D23-208-2,MS-D23-1-4,MS-D23-29-5,MS-D23-216-2,MS-D23-26-5,MS-D23-20-5,MS-D23-26-4,MS-D23-201-2,MS-D23-209-2,MS-D23-209-4,MS-D23-0-2,MS-D23-0-4,MS-D23-216-3,MS-D23-0-3,MS-D23-201-3,MS-D23-20-4,MS-D23-216-4,MS-D23-201-4",SPONSORED PRODUCTS
慕声欧洲-UK,2578427M7PA25,PAID_IN_FULL,CREDIT_CARD,2025-08-02至2025-08-11,2025-08-10,GBP,507.16,D47-自动6.1,406284800434695,CPC,78,0.34,26.80,0.00,业务报告,"MSUK-D47-2-5,MSUK-D47-7-3,MSUK-D47-5-3,MSUK-D47-5-2,MSUK-D47-6-2,MSUK-D47-2-3,MSUK-D47-6-3,MSUK-D47-2-4,MSUK-D47-5-6,MSUK-D47-5-5,MSUK-D47-7-4,MSUK-D47-7-6,MSUK-D47-2-2,MSUK-D47-6-4,MSUK-D47-7-5,MSUK-D47-6-5,MSUK-D47-5-4,MSUK-D47-6-6",SPONSORED PRODUCTS
慕声欧洲-UK,2578427M7PA25,PAID_IN_FULL,CREDIT_CARD,2025-08-02至2025-08-11,2025-08-10,GBP,507.16,D74手动,412900525915003,CPC,44,0.37,16.36,0.00,业务报告,"MSUK-D74-5-3,MSUK-D74-2-4,MSUK-D74-6-3,MSUK-D74-5-4,MSUK-D74-6-4,MSUK-D74-5-6,MSUK-D74-7-5,MSUK-D74-7-2,MSUK-D74-7-3,MSUK-D74-5-2,MSUK-D74-2-2,MSUK-D74-6-2,MSUK-D74-5-5,MSUK-D74-2-3,MSUK-D74-7-4,MSUK-D74-7-6,MSUK-D74-6-5,MSUK-D74-6-6,MSUK-D74-2-6,MSUK-D74-2-5",SPONSORED PRODUCTS
慕声欧洲-UK,2578427M7PA25,PAID_IN_FULL,CREDIT_CARD,2025-08-02至2025-08-11,2025-08-10,GBP,507.16,新D06自动,421827185813581,CPC,30,0.24,7.17,0.00,业务报告,"MS-D06-206-5,MS-D06-206-4,MS-D06-20-2,MS-D06-234-3,MS-D06-368-3,MS-D06-208-4,MS-D06-2-2-,MS-D06-26-3,MS-D06-234-4,MS-D06-20-5,MS-D06-2-3-,MS-D06-234-5,MS-D06-26-2,MS-D06-348-2,MS-D06-208-2,MS-D06-20-3,MS-D06-2-4-,MS-D06-2-5-,MS-D06-26-4,MS-D06-348-4,MS-D06-209-3,MS-D06-208-3,MS-D06-348-3,MS-D06-209-4,MS-D06-20-4,MS-D06-209-2,MS-D06-206-3,MS-D06-209-5,MS-D06-206-2,MS-D06-234-2,MS-D06-368-4",SPONSORED PRODUCTS
慕声欧洲-UK,2578427M7PA25,PAID_IN_FULL,CREDIT_CARD,2025-08-02至2025-08-11,2025-08-10,GBP,507.16,D71自动,451712842798364,CPC,44,0.26,11.29,0.00,业务报告,"MSUK-D71-205-3,MSUK-D71-20-5,MSUK-D71-2-2,MSUK-D71-0-4,MSUK-D71-25-2,MSUK-D71-2-6,MSUK-D71-2-3,MSUK-D71-5-3,MSUK-D71-205-2,MSUK-D71-0-3,MSUK-D71-5-7",SPONSORED PRODUCTS
慕声欧洲-UK,2578427M7PA25,PAID_IN_FULL,CREDIT_CARD,2025-08-02至2025-08-11,2025-08-10,GBP,507.16,D60-自动,454472653050311,CPC,42,0.21,8.67,0.00,业务报告,"MSUK-D60-6-5,MSUK-D60-358-5,MSUK-D60-256-3,MSUK-D60-7-3,MSUK-D60-235-3,MSUK-D60-8-5,MSUK-D60-5-3,MSUK-D60-268-5,MSUK-D60-5-1,MSUK-D60-5-5,MSUK-D60-256-5,MSUK-D60-7-5,MSUK-D60-268-1,MSUK-D60-2-5,MSUK-D60-358-1,MSUK-D60-3-1,MSUK-D60-268-3,MSUK-D60-235-1,MSUK-D60-257-5,MSUK-D60-8-1,MSUK-D60-358-3,MSUK-D60-256-1,MSUK-D60-235-5,MSUK-D60-6-3,MSUK-D60-257-3,MSUK-D60-2-3,MSUK-D60-257-1,MSUK-D60-7-1,MSUK-D60-3-3,MSUK-D60-3-5",SPONSORED PRODUCTS
慕声欧洲-UK,2578427M7PA25,PAID_IN_FULL,CREDIT_CARD,2025-08-02至2025-08-11,2025-08-10,GBP,507.16,D25自动1,467321738791432,CPC,36,0.22,7.74,0.00,业务报告,"MSUK-D25-6-3,MSUK-D25-209-4,MSUK-D25-2-5,MSUK-D25-206-4,MSUK-D25-2-2,MSUK-D25-20-3,MSUK-D25-206-5,MSUK-D25-6-2,MSUK-D25-268-5,MSUK-D25-6-4,MSUK-D25-20-4-1,MSUK-D25-209-5,MSUK-D25-8-5,MSUK-D25-268-4,MSUK-D25-2-3,MSUK-D25-268-3,MSUK-D25-2-4,MSUK-D25-209-3,MSUK-D25-8-3,MSUK-D25-8-2,MSUK-D25-206-3,MSUK-D25-8-4,MSUK-D25-6-5",SPONSORED PRODUCTS
慕声欧洲-UK,2578427M7PA25,PAID_IN_FULL,CREDIT_CARD,2025-08-02至2025-08-11,2025-08-10,GBP,507.16,D63自动,468381222837440,CPC,47,0.40,18.65,0.00,业务报告,"MSUK-D63-205-3,MSUK-D63-209-4,MSUK-D63-206-5,MSUK-D63-2f-4,MSUK-D63-209-2,MSUK-D63-25-3,MSUK-D63-256-4,MSUK-D63-25-4,MSUK-D63-20-4,MSUK-D63-2f-3,MSUK-D63-20-2,MSUK-D63-209-3,MSUK-D63-20-3,MSUK-D63-206-4,MSUK-D63-20-5,MSUK-D63-509-5,MSUK-D63-2f-2,MSUK-D63-206-2,MSUK-D63-206-3,MSUK-D63-209-5,MSUK-D63-2f6-5,MSUK-D63-256-5,MSUK-D63-20f-5,MSUK-D63-20f-4,MSUK-D63-256-3,MSUK-D63-205-5,MSUK-D63-205-4,MSUK-D63-205-2",SPONSORED PRODUCTS
慕声欧洲-UK,2578427M7PA25,PAID_IN_FULL,CREDIT_CARD,2025-08-02至2025-08-11,2025-08-10,GBP,507.16,D30自动2-23,497562169763630,CPC,37,0.27,10.07,0.00,业务报告,"MSUK-D30-6-5,MSUK-D30-6-4,MSUK-D30-2-4-1,MSUK-D30-7-4,MSUK-D30-5-2,MSUK-D30-7-2,MSUK-D30-25-2,MSUK-D30-7-5,MSUK-D30-2-2,MSUK-D30-5-3,MSUK-D30-2-3,MSUK-D30-25-5,MSUK-D30-6-2,MSUK-D30-6-3,MSUK-D30-5-5,MSUK-D30-2-5,MSUK-D30-5-4,MSUK-D30-25-4-1",SPONSORED PRODUCTS
慕声欧洲-UK,2578427M7PA25,PAID_IN_FULL,CREDIT_CARD,2025-08-02至2025-08-11,2025-08-10,GBP,507.16,D47-手动精准,512596092807998,CPC,27,0.31,8.30,0.00,业务报告,"MSUK-D47-7-3,MSUK-D47-5-5,MSUK-D47-7-5,MSUK-D47-5-4,MSUK-D47-2-6,MSUK-D47-5-6,MSUK-D47-6-6,MSUK-D47-2-5,MSUK-D47-6-4,MSUK-D47-7-2,MSUK-D47-2-4,MSUK-D47-2-3,MSUK-D47-5-3,MSUK-D47-6-3,MSUK-D47-6-5,MSUK-D47-2-2,MSUK-D47-6-2,MSUK-D47-5-2,MSUK-D47-7-4,MSUK-D47-7-6",SPONSORED PRODUCTS
慕声欧洲-UK,2578427M7PA25,PAID_IN_FULL,CREDIT_CARD,2025-08-02至2025-08-11,2025-08-10,GBP,507.16,D60手动,513979701181143,CPC,40,0.41,16.26,0.00,业务报告,"MSUK-D60-2-3,MSUK-D60-2-5,MSUK-D60-257-3,MSUK-D60-6-5,MSUK-D60-7-3,MSUK-D60-358-3,MSUK-D60-5-3",SPONSORED PRODUCTS
慕声欧洲-UK,2578427M7PA25,PAID_IN_FULL,CREDIT_CARD,2025-08-02至2025-08-11,2025-08-10,GBP,507.16,D74自动,519517451658382,CPC,42,0.29,12.38,0.00,业务报告,"MSUK-D74-7-5,MSUK-D74-2-2,MSUK-D74-2-4,MSUK-D74-2-6,MSUK-D74-7-3,MSUK-D74-6-4,MSUK-D74-5-2,MSUK-D74-6-5,MSUK-D74-7-2,MSUK-D74-5-6,MSUK-D74-6-3,MSUK-D74-5-4,MSUK-D74-7-4,MSUK-D74-5-5,MSUK-D74-6-6,MSUK-D74-7-6,MSUK-D74-2-5,MSUK-D74-5-3,MSUK-D74-2-3,MSUK-D74-6-2",SPONSORED PRODUCTS
慕声欧洲-UK,2578427M7PA25,PAID_IN_FULL,CREDIT_CARD,2025-08-02至2025-08-11,2025-08-10,GBP,507.16,D22自动新,527135057295761,CPC,76,0.26,19.73,0.00,业务报告,"MS-D22-5-4,MS-D22-6-5,MS-D22-0-5,MS-D22-2-3,MS-D22-205-2,MS-D22-2-2",SPONSORED PRODUCTS
慕声欧洲-UK,2578427M7PA25,PAID_IN_FULL,CREDIT_CARD,2025-08-02至2025-08-11,2025-08-10,GBP,507.16,D72-手动,532736007580196,CPC,40,0.44,17.69,0.00,业务报告,"MSUK-D72-201-4,MSUK-D72-216-3,MSUK-D72-216-2,MSUK-D72-206-4,MSUK-D72-26-4,MSUK-D72-26-3,MSUK-D72-20-5,MSUK-D72-26-5,MSUK-D72-201-3,MSUK-D72-20-2,MSUK-D72-20-4,MSUK-D72-216-5,MSUK-D72-20-3,MSUK-D72-206-2,MSUK-D72-216-4,MSUK-D72-26-2,MSUK-D72-201-2,MSUK-D72-201-5,MSUK-D72-206-5,MSUK-D72-206-3",SPONSORED PRODUCTS
慕声欧洲-UK,2578427M7PA25,PAID_IN_FULL,CREDIT_CARD,2025-08-02至2025-08-11,2025-08-10,GBP,507.16,D06-手动,534754424133174,CPC,82,0.26,21.50,0.00,业务报告,"MS-D06-2-5-,MS-D06-206-4,MS-D06-206-2,MS-D06-209-3,MS-D06-206-5,MS-D06-20-2,MS-D06-206-3,MS-D06-20-3,MS-D06-209-5,MS-D06-2-2-,MS-D06-20-5,MS-D06-209-4,MS-D06-2-4-,MS-D06-20-4,MS-D06-208-2,MS-D06-2-3-",SPONSORED PRODUCTS
慕声欧洲-UK,2578427M7PA25,PAID_IN_FULL,CREDIT_CARD,2025-08-02至2025-08-11,2025-08-10,GBP,507.16,D42-手动商品-陈,542904453274392,CPC,9,0.34,3.05,0.00,业务报告,"MSUK-D42-6-3,MSUK-D42-7-3,MSUK-D42-2-2,MSUK-D42-5-5,MSUK-D42-256-5,MSUK-D42-5-4,MSUK-D42-5-2,MSUK-D42-2-3,MSUK-D42-7-2,MSUK-D42-7-5,MSUK-D42-25-3,MSUK-D42-6-5,MSUK-D42-2-5,MSUK-D42-25-5,MSUK-D42-6-2,MSUK-D42-256-4,MSUK-D42-7-4,MSUK-D42-25-2,MSUK-D42-256-2,MSUK-D42-6-4,MSUK-D42-25-4",SPONSORED PRODUCTS
慕声欧洲-UK,2578427M7PA25,PAID_IN_FULL,CREDIT_CARD,2025-08-02至2025-08-11,2025-08-10,GBP,507.16,D73自动,552441102016304,CPC,66,0.33,21.62,0.00,业务报告,"MSUK-D73-206-5,MSUK-D73-26-3,MSUK-D73-20-5,MSUK-D73-269-3,MSUK-D73-206-2,MSUK-D73-20-3,MSUK-D73-209-4,MSUK-D73-269-5,MSUK-D73-26-4,MSUK-D73-26-5,MSUK-D73-20-2,MSUK-D73-209-3,MSUK-D73-26-2,MSUK-D73-206-3,MSUK-D73-209-2,MSUK-D73-20-4,MSUK-D73-269-2,MSUK-D73-209-5,MSUK-D73-269-4,MSUK-D73-206-4",SPONSORED PRODUCTS
慕声欧洲-UK,2678665M7PA25,PAID_IN_FULL,CREDIT_CARD,2025-08-10至2025-08-22,2025-08-21,GBP,506.78,D28手动广泛,205478948551481,CPC,4,0.30,1.21,0.00,业务报告,"MSUK-D28-209-3,MSUK-D28-2-5,MSUK-D28-20-5,MSUK-D28-206-5,MSUK-D28-209-2,MSUK-D28-20-2",SPONSORED PRODUCTS
慕声欧洲-UK,2678665M7PA25,PAID_IN_FULL,CREDIT_CARD,2025-08-10至2025-08-22,2025-08-21,GBP,506.78,D33手动,206422330535806,CPC,5,0.37,1.83,0.00,业务报告,MSUK-D33-26-2,SPONSORED PRODUCTS
慕声欧洲-UK,2678665M7PA25,PAID_IN_FULL,CREDIT_CARD,2025-08-10至2025-08-22,2025-08-21,GBP,506.78,D33自动,227191886882379,CPC,4,0.25,0.98,0.00,业务报告,"MSUK-D33-26-2,MSUK-D30-5-4,MSUK-D30-2-4-1,MSUK-D30-6-3,MSUK-D30-5-2,MSUK-D30-7-5,MSUK-D30-25-4-1,MSUK-D30-6-5,MSUK-D30-6-4",SPONSORED PRODUCTS
慕声欧洲-UK,2678665M7PA25,PAID_IN_FULL,CREDIT_CARD,2025-08-10至2025-08-22,2025-08-21,GBP,506.78,D42手动,271743845417844,CPC,40,0.31,12.48,0.00,业务报告,"MSUK-D42-2-4,MSUK-D42-6-5,MSUK-D42-7-5,MSUK-D42-6-3,MSUK-D42-5-2,MSUK-D42-7-2,MSUK-D42-6-2,MSUK-D42-2-5,MSUK-D42-2-3,MSUK-D42-256-4,MSUK-D42-256-5,MSUK-D42-25-3,MSUK-D42-256-2,MSUK-D42-7-3,MSUK-D42-5-5,MSUK-D42-7-4,MSUK-D42-2-2,MSUK-D42-25-5,MSUK-D42-6-4,MSUK-D42-25-2,MSUK-D42-5-3,MSUK-D42-5-4,MSUK-D42-25-4,MSUK-D42-256-3",SPONSORED PRODUCTS
慕声欧洲-UK,2678665M7PA25,PAID_IN_FULL,CREDIT_CARD,2025-08-10至2025-08-22,2025-08-21,GBP,506.78,D63-手动精准,283094973144205,CPC,65,0.34,22.10,0.00,业务报告,"MSUK-D63-509-5,MSUK-D63-205-2,MSUK-D63-20-3,MSUK-D63-20-5,MSUK-D63-20-2,MSUK-D63-2f-4,MSUK-D63-205-4,MSUK-D63-256-3,MSUK-D63-209-2,MSUK-D63-25-3,MSUK-D63-2f-2,MSUK-D63-209-4,MSUK-D63-205-5,MSUK-D63-2f-3,MSUK-D63-206-5,MSUK-D63-25-4,MSUK-D63-2f-5,MSUK-D63-206-2,MSUK-D63-2f6-4,MSUK-D63-20f-3,MSUK-D63-2f6-2,MSUK-D63-2f6-3",SPONSORED PRODUCTS
慕声欧洲-UK,2678665M7PA25,PAID_IN_FULL,CREDIT_CARD,2025-08-10至2025-08-22,2025-08-21,GBP,506.78,D75自动,292856546679709,CPC,101,0.32,32.62,0.00,业务报告,"MSUK-D75-268-2,MSUK-D75-268-4,MSUK-D75-206-2,MSUK-D75-2-4,MSUK-D75-2-5,MSUK-D75-208-4,MSUK-D75-2-3,MSUK-D75-2-2,MSUK-D75-20-3,MSUK-D75-20-4,MSUK-D75-206-3,MSUK-D75-20-2,MSUK-D75-206-4,MSUK-D75-208-5,MSUK-D75-20-5,MSUK-D75-208-3,MSUK-D75-268-3",SPONSORED PRODUCTS
慕声欧洲-UK,2678665M7PA25,PAID_IN_FULL,CREDIT_CARD,2025-08-10至2025-08-22,2025-08-21,GBP,506.78,D70自动,296350599943294,CPC,127,0.40,50.23,0.00,业务报告,"MSUK-D70-5-3,MSUK-D70-6-4,MSUK-D70-5-6,MSUK-D70-6-5,MSUK-D70-7-3,MSUK-D70-6-3,MSUK-D70-5-5,MSUK-D70-7-2,MSUK-D70-7-4,MSUK-D70-6-2,MSUK-D70-2-2,MSUK-D70-2-4,MSUK-D70-5-4,MSUK-D70-5-2,MSUK-D70-2-5,MSUK-D70-2-6,MSUK-D70-7-6,MSUK-D70-6-6,MSUK-D70-7-5,MSUK-D70-2-3",SPONSORED PRODUCTS
慕声欧洲-UK,2678665M7PA25,PAID_IN_FULL,CREDIT_CARD,2025-08-10至2025-08-22,2025-08-21,GBP,506.78,D70手动,307778534079657,CPC,176,0.40,69.79,0.00,业务报告,"MSUK-D70-2-6,MSUK-D70-7-5,MSUK-D70-6-3,MSUK-D70-2-5,MSUK-D70-5-6,MSUK-D70-2-3,MSUK-D70-7-3,MSUK-D70-5-3,MSUK-D70-7-2,MSUK-D70-2-2,MSUK-D70-7-6,MSUK-D70-6-2,MSUK-D70-5-2,MSUK-D70-7-4,MSUK-D70-2-4,MSUK-D70-5-5,MSUK-D70-5-4,MSUK-D70-6-4,MSUK-D70-6-6,MSUK-D70-6-5",SPONSORED PRODUCTS
慕声欧洲-UK,2678665M7PA25,PAID_IN_FULL,CREDIT_CARD,2025-08-10至2025-08-22,2025-08-21,GBP,506.78,D47-手动广泛,316931612471628,CPC,12,0.38,4.56,0.00,业务报告,"MSUK-D47-6-2,MSUK-D47-7-3,MSUK-D47-6-5,MSUK-D47-2-2,MSUK-D47-2-3,MSUK-D47-6-6,MSUK-D47-7-2,MSUK-D47-7-5,MSUK-D47-6-3,MSUK-D47-2-6,MSUK-D47-6-4,MSUK-D47-5-5,MSUK-D47-5-6,MSUK-D47-5-3,MSUK-D47-7-4,MSUK-D47-5-4,MSUK-D47-7-6,MSUK-D47-5-2,MSUK-D47-2-4,MSUK-D47-2-5",SPONSORED PRODUCTS
慕声欧洲-UK,2678665M7PA25,PAID_IN_FULL,CREDIT_CARD,2025-08-10至2025-08-22,2025-08-21,GBP,506.78,D22手动精准,32209886985230,CPC,17,0.28,4.82,0.00,业务报告,"MS-D22-25-2,MS-D22-2-3,MS-D22-5-2,MS-D22-5-4,MS-D22-0-5,MS-D22-506-4,MS-D22-5-3,MS-D22-25-5,MS-D22-205-4,MS-D22-7-4,MS-D22-27-5,MS-D22-6-5,MS-D22-205-3,MS-D22-5-5,MS-D22-25-4,MS-D22-7-2,MS-D22-506-5,MS-D22-25-3,MS-D22-2-2,MS-D22-0-2,MS-D22-7-3,MS-D22-506-2,MS-D22-27-3,MS-D22-2-5,MS-D22-7-5",SPONSORED PRODUCTS
慕声欧洲-UK,2678665M7PA25,PAID_IN_FULL,CREDIT_CARD,2025-08-10至2025-08-22,2025-08-21,GBP,506.78,D75手动,338343636569035,CPC,59,0.37,21.82,0.00,业务报告,"MSUK-D75-206-3,MSUK-D75-208-4,MSUK-D75-20-3,MSUK-D75-2-5,MSUK-D75-208-3,MSUK-D75-268-5,MSUK-D75-268-2,MSUK-D75-208-2,MSUK-D75-20-5,MSUK-D75-268-3,MSUK-D75-2-2,MSUK-D75-20-4,MSUK-D75-208-5,MSUK-D75-206-5,MSUK-D75-20-2,MSUK-D75-206-2,MSUK-D75-2-4,MSUK-D75-2-3,MSUK-D75-268-4,MSUK-D75-206-4",SPONSORED PRODUCTS
慕声欧洲-UK,2678665M7PA25,PAID_IN_FULL,CREDIT_CARD,2025-08-10至2025-08-22,2025-08-21,GBP,506.78,D23自动5.31,340918862675495,CPC,58,0.15,8.59,0.00,业务报告,"MS-D23-0-5,MS-D23-0-4,MS-D23-0-2,MS-D23-2-3,MS-D23-209-3,MS-D23-1-2,MS-D23-2-5,MS-D23-201-2,MS-D23-29-4,MS-D23-208-3,MS-D23-8-4,MS-D23-209-2,MS-D23-208-5,MS-D23-1-4,MS-D23-26-3,MS-D23-216-4,MS-D23-2-2,MS-D23-208-2",SPONSORED PRODUCTS
慕声欧洲-UK,2678665M7PA25,PAID_IN_FULL,CREDIT_CARD,2025-08-10至2025-08-22,2025-08-21,GBP,506.78,D73手动商品,344797869728832,CPC,29,0.37,10.75,0.00,业务报告,"MSUK-D73-269-3,MSUK-D73-269-5,MSUK-D73-206-3,MSUK-D73-20-2,MSUK-D73-209-5,MSUK-D73-209-2,MSUK-D73-20-5,MSUK-D73-206-5,MSUK-D73-26-4,MSUK-D73-26-3,MSUK-D73-209-4,MSUK-D73-26-5,MSUK-D73-269-4,MSUK-D73-20-3,MSUK-D73-20-4,MSUK-D73-206-4,MSUK-D73-269-2,MSUK-D73-26-2,MSUK-D73-206-2,MSUK-D73-209-3",SPONSORED PRODUCTS
慕声欧洲-UK,2678665M7PA25,PAID_IN_FULL,CREDIT_CARD,2025-08-10至2025-08-22,2025-08-21,GBP,506.78,D72自动,361760978626676,CPC,33,0.34,11.24,0.00,业务报告,"MSUK-D72-26-2,MSUK-D72-216-2,MSUK-D72-216-5,MSUK-D72-26-5,MSUK-D72-206-5,MSUK-D72-201-4,MSUK-D72-201-5,MSUK-D72-206-4,MSUK-D72-26-3,MSUK-D72-216-4,MSUK-D72-20-2,MSUK-D72-26-4,MSUK-D72-20-3,MSUK-D72-216-3",SPONSORED PRODUCTS
慕声欧洲-UK,2678665M7PA25,PAID_IN_FULL,CREDIT_CARD,2025-08-10至2025-08-22,2025-08-21,GBP,506.78,D23手动1,385955122005696,CPC,38,0.49,18.61,0.00,业务报告,"MS-D23-201-5,MS-D23-208-3,MS-D23-216-3,MS-D23-216-2,MS-D23-26-5,MS-D23-29-4,MS-D23-26-2,MS-D23-8-2,MS-D23-20-4,MS-D23-208-5,MS-D23-8-4,MS-D23-20-5,MS-D23-208-4,MS-D23-0-5,MS-D23-209-3,MS-D23-2-5,MS-D23-26-4,MS-D23-201-2,MS-D23-2-3,MS-D23-1-2,MS-D23-26-3,MS-D23-2-2,MS-D23-209-2,MS-D23-216-4,MS-D23-0-2,MS-D23-0-4,MS-D23-208-2,MS-D23-1-4,MS-D23-20-3,MS-D23-0-3,MS-D23-209-4,MS-D23-201-4,MS-D23-201-3",SPONSORED PRODUCTS
慕声欧洲-UK,2678665M7PA25,PAID_IN_FULL,CREDIT_CARD,2025-08-10至2025-08-22,2025-08-21,GBP,506.78,D47-自动6.1,406284800434695,CPC,96,0.33,31.84,0.00,业务报告,"MSUK-D47-2-5,MSUK-D47-7-3,MSUK-D47-5-3,MSUK-D47-5-2,MSUK-D47-6-2,MSUK-D47-2-3,MSUK-D47-6-3,MSUK-D47-2-4,MSUK-D47-5-6,MSUK-D47-5-5,MSUK-D47-7-4,MSUK-D47-7-6,MSUK-D47-2-2,MSUK-D47-6-4,MSUK-D47-7-5,MSUK-D47-6-5,MSUK-D47-5-4,MSUK-D47-6-6",SPONSORED PRODUCTS
慕声欧洲-UK,2678665M7PA25,PAID_IN_FULL,CREDIT_CARD,2025-08-10至2025-08-22,2025-08-21,GBP,506.78,D74手动,412900525915003,CPC,50,0.32,16.06,0.00,业务报告,"MSUK-D74-5-3,MSUK-D74-7-6,MSUK-D74-2-4,MSUK-D74-6-5,MSUK-D74-6-3,MSUK-D74-5-4,MSUK-D74-6-6,MSUK-D74-6-4,MSUK-D74-5-6,MSUK-D74-7-5,MSUK-D74-2-6,MSUK-D74-7-2,MSUK-D74-7-3,MSUK-D74-5-2,MSUK-D74-2-2,MSUK-D74-2-5,MSUK-D74-6-2,MSUK-D74-5-5,MSUK-D74-2-3,MSUK-D74-7-4",SPONSORED PRODUCTS
慕声欧洲-UK,2678665M7PA25,PAID_IN_FULL,CREDIT_CARD,2025-08-10至2025-08-22,2025-08-21,GBP,506.78,新D06自动,421827185813581,CPC,49,0.20,9.81,0.00,业务报告,"MS-D06-206-5,MS-D06-206-4,MS-D06-20-2,MS-D06-234-3,MS-D06-368-3,MS-D06-208-4,MS-D06-2-2-,MS-D06-26-3,MS-D06-234-4,MS-D06-20-5,MS-D06-2-3-,MS-D06-234-5,MS-D06-26-2,MS-D06-348-2,MS-D06-208-2,MS-D06-20-3,MS-D06-2-4-,MS-D06-2-5-,MS-D06-26-4,MS-D06-348-4,MS-D06-209-3,MS-D06-208-3,MS-D06-348-3,MS-D06-209-4,MS-D06-20-4,MS-D06-209-2,MS-D06-206-3,MS-D06-209-5,MS-D06-206-2,MS-D06-234-2,MS-D06-208-5,MS-D06-368-4",SPONSORED PRODUCTS
慕声欧洲-UK,2678665M7PA25,PAID_IN_FULL,CREDIT_CARD,2025-08-10至2025-08-22,2025-08-21,GBP,506.78,D71自动,451712842798364,CPC,46,0.26,11.83,0.00,业务报告,"MSUK-D71-205-2,MSUK-D71-205-3,MSUK-D71-0-3,MSUK-D71-20-5,MSUK-D71-2-2,MSUK-D71-0-4,MSUK-D71-25-2,MSUK-D71-5-7,MSUK-D71-2-6,MSUK-D71-2-3,MSUK-D71-5-3",SPONSORED PRODUCTS
慕声欧洲-UK,2678665M7PA25,PAID_IN_FULL,CREDIT_CARD,2025-08-10至2025-08-22,2025-08-21,GBP,506.78,D60-自动,454472653050311,CPC,57,0.20,11.48,0.00,业务报告,"MSUK-D60-6-5,MSUK-D60-358-5,MSUK-D60-7-3,MSUK-D60-235-3,MSUK-D60-8-5,MSUK-D60-5-3,MSUK-D60-268-5,MSUK-D60-5-1,MSUK-D60-256-5,MSUK-D60-3-5,MSUK-D60-268-1,MSUK-D60-2-5,MSUK-D60-358-1,MSUK-D60-3-1,MSUK-D60-268-3,MSUK-D60-235-1,MSUK-D60-257-5,MSUK-D60-7-1,MSUK-D60-358-3,MSUK-D60-3-3,MSUK-D60-256-1,MSUK-D60-235-5,MSUK-D60-257-3,MSUK-D60-2-3,MSUK-D60-257-1,MSUK-D60-5-5,MSUK-D60-7-5,MSUK-D60-6-3,MSUK-D60-8-1,MSUK-D60-256-3",SPONSORED PRODUCTS
慕声欧洲-UK,2678665M7PA25,PAID_IN_FULL,CREDIT_CARD,2025-08-10至2025-08-22,2025-08-21,GBP,506.78,D25自动1,467321738791432,CPC,52,0.22,11.21,0.00,业务报告,"MSUK-D25-6-3,MSUK-D25-209-4,MSUK-D25-2-5,MSUK-D25-8-4,MSUK-D25-206-4,MSUK-D25-2-2,MSUK-D25-20-3,MSUK-D25-206-5,MSUK-D25-6-2,MSUK-D25-268-5,MSUK-D25-6-4,MSUK-D25-20-4-1,MSUK-D25-209-5,MSUK-D25-6-5,MSUK-D25-8-5,MSUK-D25-268-4,MSUK-D25-2-3,MSUK-D25-268-3,MSUK-D25-2-4,MSUK-D25-209-3,MSUK-D25-8-3,MSUK-D25-8-2,MSUK-D25-206-3",SPONSORED PRODUCTS
慕声欧洲-UK,2678665M7PA25,PAID_IN_FULL,CREDIT_CARD,2025-08-10至2025-08-22,2025-08-21,GBP,506.78,D63自动,468381222837440,CPC,39,0.39,15.19,0.00,业务报告,"MSUK-D63-2f-5,MSUK-D63-205-3,MSUK-D63-209-4,MSUK-D63-206-5,MSUK-D63-205-5,MSUK-D63-209-2,MSUK-D63-25-3,MSUK-D63-20f-3,MSUK-D63-256-4,MSUK-D63-25-4,MSUK-D63-20-4,MSUK-D63-2f-3,MSUK-D63-20-2,MSUK-D63-209-3,MSUK-D63-20-3,MSUK-D63-2f6-2,MSUK-D63-206-4,MSUK-D63-2f6-3,MSUK-D63-205-4,MSUK-D63-20-5,MSUK-D63-509-5,MSUK-D63-2f-2,MSUK-D63-206-2,MSUK-D63-206-3,MSUK-D63-2f6-4,MSUK-D63-20f-2,MSUK-D63-205-2,MSUK-D63-209-5,MSUK-D63-2f6-5,MSUK-D63-256-5,MSUK-D63-20f-5,MSUK-D63-20f-4,MSUK-D63-256-3,MSUK-D63-2f-4",SPONSORED PRODUCTS
慕声欧洲-UK,2678665M7PA25,PAID_IN_FULL,CREDIT_CARD,2025-08-10至2025-08-22,2025-08-21,GBP,506.78,D30自动2-23,497562169763630,CPC,39,0.24,9.46,0.00,业务报告,"MSUK-D30-5-4,MSUK-D30-6-4,MSUK-D30-2-4-1,MSUK-D30-7-4,MSUK-D30-5-2,MSUK-D30-7-2,MSUK-D30-25-4-1,MSUK-D30-25-2,MSUK-D30-7-5,MSUK-D30-2-2,MSUK-D30-5-3,MSUK-D30-2-3,MSUK-D30-25-5,MSUK-D30-6-2,MSUK-D30-6-3,MSUK-D30-5-5,MSUK-D30-2-5,MSUK-D30-6-5",SPONSORED PRODUCTS
慕声欧洲-UK,2678665M7PA25,PAID_IN_FULL,CREDIT_CARD,2025-08-10至2025-08-22,2025-08-21,GBP,506.78,D47-手动精准,512596092807998,CPC,12,0.27,3.24,0.00,业务报告,"MSUK-D47-7-3,MSUK-D47-5-5,MSUK-D47-7-5,MSUK-D47-5-4,MSUK-D47-2-6,MSUK-D47-5-6,MSUK-D47-6-6,MSUK-D47-2-5,MSUK-D47-7-6,MSUK-D47-6-4,MSUK-D47-7-2,MSUK-D47-2-4,MSUK-D47-2-3,MSUK-D47-5-3,MSUK-D47-6-3,MSUK-D47-2-2,MSUK-D47-6-2,MSUK-D47-5-2,MSUK-D47-7-4,MSUK-D47-6-5",SPONSORED PRODUCTS
慕声欧洲-UK,2678665M7PA25,PAID_IN_FULL,CREDIT_CARD,2025-08-10至2025-08-22,2025-08-21,GBP,506.78,D60手动,513979701181143,CPC,34,0.39,13.34,0.00,业务报告,"MSUK-D60-2-3,MSUK-D60-2-5,MSUK-D60-257-3,MSUK-D60-6-5,MSUK-D60-7-3,MSUK-D60-358-3,MSUK-D60-8-5,MSUK-D60-5-3",SPONSORED PRODUCTS
慕声欧洲-UK,2678665M7PA25,PAID_IN_FULL,CREDIT_CARD,2025-08-10至2025-08-22,2025-08-21,GBP,506.78,D74自动,519517451658382,CPC,68,0.34,22.85,0.00,业务报告,"MSUK-D74-2-5,MSUK-D74-7-5,MSUK-D74-2-2,MSUK-D74-2-4,MSUK-D74-2-6,MSUK-D74-7-3,MSUK-D74-6-4,MSUK-D74-5-2,MSUK-D74-6-5,MSUK-D74-7-2,MSUK-D74-5-3,MSUK-D74-5-6,MSUK-D74-2-3,MSUK-D74-6-3,MSUK-D74-5-4,MSUK-D74-7-4,MSUK-D74-5-5,MSUK-D74-6-6,MSUK-D74-6-2,MSUK-D74-7-6",SPONSORED PRODUCTS
慕声欧洲-UK,2678665M7PA25,PAID_IN_FULL,CREDIT_CARD,2025-08-10至2025-08-22,2025-08-21,GBP,506.78,D22自动新,527135057295761,CPC,86,0.25,21.60,0.00,业务报告,"MS-D22-5-5,MS-D22-7-4,MS-D22-25-3,MS-D22-25-2,MS-D22-5-4,MS-D22-506-5,MS-D22-0-2,MS-D22-205-3,MS-D22-25-4,MS-D22-6-5,MS-D22-27-2,MS-D22-0-5,MS-D22-5-2,MS-D22-506-4,MS-D22-2-3,MS-D22-5-3,MS-D22-506-2,MS-D22-25-5,MS-D22-7-3,MS-D22-7-2,MS-D22-205-2,MS-D22-2-2,MS-D22-2-5,MS-D22-506-3,MS-D22-205-4",SPONSORED PRODUCTS
慕声欧洲-UK,2678665M7PA25,PAID_IN_FULL,CREDIT_CARD,2025-08-10至2025-08-22,2025-08-21,GBP,506.78,D72-手动,532736007580196,CPC,28,0.44,12.31,0.00,业务报告,"MSUK-D72-201-4,MSUK-D72-206-5,MSUK-D72-216-3,MSUK-D72-216-2,MSUK-D72-20-3,MSUK-D72-206-2,MSUK-D72-216-4,MSUK-D72-206-4,MSUK-D72-26-4,MSUK-D72-26-2,MSUK-D72-206-3,MSUK-D72-26-3,MSUK-D72-20-5,MSUK-D72-26-5,MSUK-D72-201-3,MSUK-D72-20-2,MSUK-D72-201-2,MSUK-D72-20-4,MSUK-D72-216-5,MSUK-D72-201-5",SPONSORED PRODUCTS
慕声欧洲-UK,2678665M7PA25,PAID_IN_FULL,CREDIT_CARD,2025-08-10至2025-08-22,2025-08-21,GBP,506.78,D06-手动,534754424133174,CPC,88,0.30,26.26,0.00,业务报告,"MS-D06-2-5-,MS-D06-206-4,MS-D06-206-2,MS-D06-209-3,MS-D06-206-5,MS-D06-20-2,MS-D06-206-3,MS-D06-20-3,MS-D06-209-5,MS-D06-2-2-,MS-D06-20-5,MS-D06-209-4,MS-D06-2-4-,MS-D06-20-4,MS-D06-208-2,MS-D06-2-3-",SPONSORED PRODUCTS
慕声欧洲-UK,2678665M7PA25,PAID_IN_FULL,CREDIT_CARD,2025-08-10至2025-08-22,2025-08-21,GBP,506.78,D42-手动商品-陈,542904453274392,CPC,13,0.32,4.20,0.00,业务报告,"MSUK-D42-6-3,MSUK-D42-7-5,MSUK-D42-25-5,MSUK-D42-7-3,MSUK-D42-6-2,MSUK-D42-2-2,MSUK-D42-5-5,MSUK-D42-25-3,MSUK-D42-6-4,MSUK-D42-5-3,MSUK-D42-256-5,MSUK-D42-5-2,MSUK-D42-256-3,MSUK-D42-2-3,MSUK-D42-256-4,MSUK-D42-7-2,MSUK-D42-5-4,MSUK-D42-6-5,MSUK-D42-25-2,MSUK-D42-2-5,MSUK-D42-256-2,MSUK-D42-7-4,MSUK-D42-25-4",SPONSORED PRODUCTS
慕声欧洲-UK,2678665M7PA25,PAID_IN_FULL,CREDIT_CARD,2025-08-10至2025-08-22,2025-08-21,GBP,506.78,D73自动,552441102016304,CPC,51,0.28,14.47,0.00,业务报告,"MSUK-D73-206-5,MSUK-D73-26-3,MSUK-D73-20-5,MSUK-D73-269-3,MSUK-D73-206-2,MSUK-D73-20-3,MSUK-D73-209-4,MSUK-D73-269-5,MSUK-D73-26-4,MSUK-D73-26-5,MSUK-D73-20-2,MSUK-D73-209-3,MSUK-D73-26-2,MSUK-D73-206-3,MSUK-D73-209-2,MSUK-D73-20-4,MSUK-D73-269-2,MSUK-D73-209-5,MSUK-D73-269-4,MSUK-D73-206-4",SPONSORED PRODUCTS
慕声欧洲-UK,2789507M7PA25,PAID_IN_FULL,CREDIT_CARD,2025-08-21至2025-09-02,2025-09-01,GBP,506.90,D42手动,271743845417844,CPC,30,0.30,9.09,0.00,业务报告,"MSUK-D42-2-4,MSUK-D42-6-5,MSUK-D42-5-4,MSUK-D42-7-5,MSUK-D42-6-3,MSUK-D42-5-2,MSUK-D42-7-2,MSUK-D42-6-2,MSUK-D42-2-5,MSUK-D42-2-3,MSUK-D42-7-4,MSUK-D42-256-4,MSUK-D42-256-3,MSUK-D42-2-2,MSUK-D42-256-5,MSUK-D42-25-3,MSUK-D42-256-2,MSUK-D42-25-5,MSUK-D42-6-4,MSUK-D42-7-3,MSUK-D42-5-5,MSUK-D42-5-3,MSUK-D42-25-2,MSUK-D42-25-4",SPONSORED PRODUCTS
慕声欧洲-UK,2789507M7PA25,PAID_IN_FULL,CREDIT_CARD,2025-08-21至2025-09-02,2025-09-01,GBP,506.90,D63-手动精准,283094973144205,CPC,65,0.34,21.85,0.00,业务报告,"MSUK-D63-509-5,MSUK-D63-205-2,MSUK-D63-20-3,MSUK-D63-20-5,MSUK-D63-20-2,MSUK-D63-2f-4,MSUK-D63-205-4,MSUK-D63-256-3,MSUK-D63-209-2,MSUK-D63-20f-3,MSUK-D63-206-2,MSUK-D63-25-3,MSUK-D63-2f-2,MSUK-D63-209-4,MSUK-D63-205-5,MSUK-D63-2f-3,MSUK-D63-206-5,MSUK-D63-25-4,MSUK-D63-2f-5,MSUK-D63-2f6-2,MSUK-D63-2f6-4,MSUK-D63-20f-2",SPONSORED PRODUCTS
慕声欧洲-UK,2789507M7PA25,PAID_IN_FULL,CREDIT_CARD,2025-08-21至2025-09-02,2025-09-01,GBP,506.90,D75自动,292856546679709,CPC,102,0.32,32.45,0.00,业务报告,"MSUK-D75-268-2,MSUK-D75-268-4,MSUK-D75-206-2,MSUK-D75-2-4,MSUK-D75-2-5,MSUK-D75-208-4,MSUK-D75-2-3,MSUK-D75-2-2,MSUK-D75-20-3,MSUK-D75-20-4,MSUK-D75-206-3,MSUK-D75-20-2,MSUK-D75-206-4,MSUK-D75-208-5,MSUK-D75-20-5,MSUK-D75-208-3,MSUK-D75-268-3",SPONSORED PRODUCTS
慕声欧洲-UK,2789507M7PA25,PAID_IN_FULL,CREDIT_CARD,2025-08-21至2025-09-02,2025-09-01,GBP,506.90,D70自动,296350599943294,CPC,112,0.39,43.12,0.00,业务报告,"MSUK-D70-5-3,MSUK-D70-6-4,MSUK-D70-5-6,MSUK-D70-6-5,MSUK-D70-7-3,MSUK-D70-6-3,MSUK-D70-5-5,MSUK-D70-7-2,MSUK-D70-7-4,MSUK-D70-6-2,MSUK-D70-2-2,MSUK-D70-2-4,MSUK-D70-5-4,MSUK-D70-5-2,MSUK-D70-2-5,MSUK-D70-2-6,MSUK-D70-7-6,MSUK-D70-6-6,MSUK-D70-7-5,MSUK-D70-2-3",SPONSORED PRODUCTS
慕声欧洲-UK,2789507M7PA25,PAID_IN_FULL,CREDIT_CARD,2025-08-21至2025-09-02,2025-09-01,GBP,506.90,D70手动,307778534079657,CPC,206,0.41,84.76,0.00,业务报告,"MSUK-D70-2-6,MSUK-D70-7-5,MSUK-D70-6-3,MSUK-D70-2-5,MSUK-D70-5-6,MSUK-D70-2-3,MSUK-D70-7-3,MSUK-D70-5-3,MSUK-D70-7-2,MSUK-D70-2-2,MSUK-D70-7-6,MSUK-D70-6-2,MSUK-D70-5-2,MSUK-D70-7-4,MSUK-D70-2-4,MSUK-D70-5-5,MSUK-D70-5-4,MSUK-D70-6-4,MSUK-D70-6-6,MSUK-D70-6-5",SPONSORED PRODUCTS
慕声欧洲-UK,2789507M7PA25,PAID_IN_FULL,CREDIT_CARD,2025-08-21至2025-09-02,2025-09-01,GBP,506.90,D22手动精准,32209886985230,CPC,17,0.30,5.17,0.00,业务报告,"MS-D22-25-2,MS-D22-2-3,MS-D22-5-2,MS-D22-5-4,MS-D22-0-5,MS-D22-5-3,MS-D22-7-4,MS-D22-27-5,MS-D22-205-3,MS-D22-5-5,MS-D22-25-4,MS-D22-7-2,MS-D22-2-5,MS-D22-25-3,MS-D22-2-2,MS-D22-506-4,MS-D22-25-5,MS-D22-6-5,MS-D22-0-2,MS-D22-506-5,MS-D22-205-4,MS-D22-7-3,MS-D22-506-2,MS-D22-7-5",SPONSORED PRODUCTS
慕声欧洲-UK,2789507M7PA25,PAID_IN_FULL,CREDIT_CARD,2025-08-21至2025-09-02,2025-09-01,GBP,506.90,D75手动,338343636569035,CPC,32,0.34,10.92,0.00,业务报告,"MSUK-D75-206-3,MSUK-D75-208-4,MSUK-D75-20-3,MSUK-D75-2-5,MSUK-D75-208-3,MSUK-D75-268-5,MSUK-D75-268-2,MSUK-D75-208-2,MSUK-D75-20-5,MSUK-D75-268-3,MSUK-D75-2-2,MSUK-D75-20-4,MSUK-D75-208-5,MSUK-D75-206-5,MSUK-D75-20-2,MSUK-D75-206-2,MSUK-D75-206-4,MSUK-D75-2-4,MSUK-D75-2-3,MSUK-D75-268-4",SPONSORED PRODUCTS
慕声欧洲-UK,2789507M7PA25,PAID_IN_FULL,CREDIT_CARD,2025-08-21至2025-09-02,2025-09-01,GBP,506.90,D23自动5.31,340918862675495,CPC,64,0.15,9.91,0.00,业务报告,"MS-D23-29-3,MS-D23-0-5,MS-D23-0-4,MS-D23-0-2,MS-D23-2-3,MS-D23-209-3,MS-D23-1-2,MS-D23-2-5,MS-D23-201-2,MS-D23-208-3,MS-D23-8-4,MS-D23-209-2,MS-D23-208-5,MS-D23-208-2,MS-D23-1-4,MS-D23-26-3,MS-D23-1-3,MS-D23-2-2,MS-D23-216-4",SPONSORED PRODUCTS
慕声欧洲-UK,2789507M7PA25,PAID_IN_FULL,CREDIT_CARD,2025-08-21至2025-09-02,2025-09-01,GBP,506.90,D73手动商品,344797869728832,CPC,16,0.34,5.42,0.00,业务报告,"MSUK-D73-269-3,MSUK-D73-269-5,MSUK-D73-206-3,MSUK-D73-20-2,MSUK-D73-209-5,MSUK-D73-209-2,MSUK-D73-20-5,MSUK-D73-206-5,MSUK-D73-26-4,MSUK-D73-26-3,MSUK-D73-209-4,MSUK-D73-269-4,MSUK-D73-20-3,MSUK-D73-269-2,MSUK-D73-26-2,MSUK-D73-206-2,MSUK-D73-209-3,MSUK-D73-20-4,MSUK-D73-26-5,MSUK-D73-206-4",SPONSORED PRODUCTS
慕声欧洲-UK,2789507M7PA25,PAID_IN_FULL,CREDIT_CARD,2025-08-21至2025-09-02,2025-09-01,GBP,506.90,D72自动,361760978626676,CPC,59,0.32,19.08,0.00,业务报告,"MSUK-D72-26-2,MSUK-D72-216-2,MSUK-D72-216-5,MSUK-D72-26-5,MSUK-D72-206-5,MSUK-D72-201-4,MSUK-D72-201-5,MSUK-D72-206-4,MSUK-D72-26-3,MSUK-D72-216-4,MSUK-D72-20-2,MSUK-D72-26-4,MSUK-D72-20-3,MSUK-D72-216-3",SPONSORED PRODUCTS
慕声欧洲-UK,2789507M7PA25,PAID_IN_FULL,CREDIT_CARD,2025-08-21至2025-09-02,2025-09-01,GBP,506.90,D23手动1,385955122005696,CPC,16,0.43,6.85,0.00,业务报告,"MS-D23-201-5,MS-D23-208-3,MS-D23-216-3,MS-D23-216-2,MS-D23-26-5,MS-D23-26-2,MS-D23-208-5,MS-D23-8-4,MS-D23-20-5,MS-D23-208-4,MS-D23-0-5,MS-D23-209-3,MS-D23-0-3,MS-D23-2-5,MS-D23-26-4,MS-D23-201-2,MS-D23-2-3,MS-D23-1-2,MS-D23-26-3,MS-D23-2-2,MS-D23-209-2,MS-D23-20-3,MS-D23-216-4,MS-D23-0-2,MS-D23-0-4,MS-D23-208-2,MS-D23-29-3,MS-D23-1-4,MS-D23-8-2,MS-D23-20-4,MS-D23-201-3,MS-D23-201-4",SPONSORED PRODUCTS
慕声欧洲-UK,2789507M7PA25,PAID_IN_FULL,CREDIT_CARD,2025-08-21至2025-09-02,2025-09-01,GBP,506.90,D47-自动6.1,406284800434695,CPC,96,0.34,32.73,0.00,业务报告,"MSUK-D47-2-5,MSUK-D47-7-3,MSUK-D47-5-3,MSUK-D47-5-2,MSUK-D47-6-2,MSUK-D47-2-3,MSUK-D47-6-3,MSUK-D47-2-4,MSUK-D47-5-6,MSUK-D47-5-5,MSUK-D47-7-4,MSUK-D47-7-6,MSUK-D47-2-2,MSUK-D47-6-4,MSUK-D47-7-5,MSUK-D47-6-5,MSUK-D47-5-4,MSUK-D47-6-6",SPONSORED PRODUCTS
慕声欧洲-UK,2789507M7PA25,PAID_IN_FULL,CREDIT_CARD,2025-08-21至2025-09-02,2025-09-01,GBP,506.90,D74手动,412900525915003,CPC,48,0.30,14.42,0.00,业务报告,"MSUK-D74-5-3,MSUK-D74-7-6,MSUK-D74-2-4,MSUK-D74-6-5,MSUK-D74-6-3,MSUK-D74-5-4,MSUK-D74-6-6,MSUK-D74-6-4,MSUK-D74-5-6,MSUK-D74-7-5,MSUK-D74-7-2,MSUK-D74-7-3,MSUK-D74-5-2,MSUK-D74-2-2,MSUK-D74-2-5,MSUK-D74-6-2,MSUK-D74-5-5,MSUK-D74-2-3,MSUK-D74-7-4,MSUK-D74-2-6",SPONSORED PRODUCTS
慕声欧洲-UK,2789507M7PA25,PAID_IN_FULL,CREDIT_CARD,2025-08-21至2025-09-02,2025-09-01,GBP,506.90,新D06自动,421827185813581,CPC,35,0.19,6.51,0.00,业务报告,"MS-D06-206-5,MS-D06-206-4,MS-D06-20-2,MS-D06-368-4,MS-D06-234-3,MS-D06-26-5,MS-D06-368-3,MS-D06-208-4,MS-D06-2-2-,MS-D06-26-3,MS-D06-234-4,MS-D06-20-5,MS-D06-2-3-,MS-D06-234-5,MS-D06-26-2,MS-D06-348-2,MS-D06-208-2,MS-D06-20-3,MS-D06-2-4-,MS-D06-2-5-,MS-D06-26-4,MS-D06-348-4,MS-D06-209-3,MS-D06-208-3,MS-D06-348-3,MS-D06-209-4,MS-D06-20-4,MS-D06-209-2,MS-D06-206-3,MS-D06-209-5,MS-D06-208-5,MS-D06-206-2,MS-D06-234-2",SPONSORED PRODUCTS
慕声欧洲-UK,2789507M7PA25,PAID_IN_FULL,CREDIT_CARD,2025-08-21至2025-09-02,2025-09-01,GBP,506.90,D71自动,451712842798364,CPC,53,0.25,13.44,0.00,业务报告,"MSUK-D71-205-2,MSUK-D71-205-3,MSUK-D71-0-3,MSUK-D71-20-5,MSUK-D71-2-2,MSUK-D71-0-4,MSUK-D71-25-2,MSUK-D71-5-7,MSUK-D71-2-6,MSUK-D71-2-3,MSUK-D71-5-3",SPONSORED PRODUCTS
慕声欧洲-UK,2789507M7PA25,PAID_IN_FULL,CREDIT_CARD,2025-08-21至2025-09-02,2025-09-01,GBP,506.90,D60-自动,454472653050311,CPC,58,0.20,11.61,0.00,业务报告,"MSUK-D60-6-5,MSUK-D60-358-5,MSUK-D60-7-3,MSUK-D60-235-3,MSUK-D60-8-5,MSUK-D60-5-3,MSUK-D60-268-5,MSUK-D60-5-1,MSUK-D60-5-5,MSUK-D60-256-5,MSUK-D60-7-5,MSUK-D60-3-5,MSUK-D60-268-1,MSUK-D60-2-5,MSUK-D60-358-1,MSUK-D60-3-1,MSUK-D60-268-3,MSUK-D60-235-1,MSUK-D60-257-5,MSUK-D60-7-1,MSUK-D60-358-3,MSUK-D60-3-3,MSUK-D60-256-1,MSUK-D60-235-5,MSUK-D60-257-3,MSUK-D60-2-3,MSUK-D60-257-1,MSUK-D60-6-3",SPONSORED PRODUCTS
慕声欧洲-UK,2789507M7PA25,PAID_IN_FULL,CREDIT_CARD,2025-08-21至2025-09-02,2025-09-01,GBP,506.90,D25自动1,467321738791432,CPC,58,0.21,12.20,0.00,业务报告,"MSUK-D25-6-3,MSUK-D25-209-4,MSUK-D25-2-5,MSUK-D25-8-4,MSUK-D25-206-4,MSUK-D25-2-2,MSUK-D25-20-3,MSUK-D25-206-5,MSUK-D25-6-2,MSUK-D25-268-5,MSUK-D25-6-4,MSUK-D25-20-4-1,MSUK-D25-209-5,MSUK-D25-6-5,MSUK-D25-8-5,MSUK-D25-268-4,MSUK-D25-2-3,MSUK-D25-268-3,MSUK-D25-2-4,MSUK-D25-209-3,MSUK-D25-8-3,MSUK-D25-8-2,MSUK-D25-206-3",SPONSORED PRODUCTS
慕声欧洲-UK,2789507M7PA25,PAID_IN_FULL,CREDIT_CARD,2025-08-21至2025-09-02,2025-09-01,GBP,506.90,D63自动,468381222837440,CPC,77,0.39,29.93,0.00,业务报告,"MSUK-D63-2f-5,MSUK-D63-205-3,MSUK-D63-209-4,MSUK-D63-206-5,MSUK-D63-205-5,MSUK-D63-2f-4,MSUK-D63-209-2,MSUK-D63-25-3,MSUK-D63-20f-3,MSUK-D63-256-4,MSUK-D63-25-4,MSUK-D63-20-4,MSUK-D63-2f-3,MSUK-D63-20-2,MSUK-D63-209-3,MSUK-D63-20-3,MSUK-D63-2f6-2,MSUK-D63-206-4,MSUK-D63-2f6-3,MSUK-D63-205-4,MSUK-D63-20-5,MSUK-D63-509-5,MSUK-D63-2f-2,MSUK-D63-206-2,MSUK-D63-206-3,MSUK-D63-2f6-4,MSUK-D63-20f-2,MSUK-D63-205-2,MSUK-D63-209-5,MSUK-D63-2f6-5,MSUK-D63-20f-5,MSUK-D63-256-3,MSUK-D63-256-5,MSUK-D63-20f-4",SPONSORED PRODUCTS
慕声欧洲-UK,2789507M7PA25,PAID_IN_FULL,CREDIT_CARD,2025-08-21至2025-09-02,2025-09-01,GBP,506.90,D30自动2-23,497562169763630,CPC,81,0.24,19.79,0.00,业务报告,"MSUK-D30-5-4,MSUK-D30-6-4,MSUK-D30-2-4-1,MSUK-D30-5-2,MSUK-D30-7-2,MSUK-D30-25-4-1,MSUK-D30-25-2,MSUK-D30-7-5,MSUK-D30-2-2,MSUK-D30-2-3,MSUK-D30-25-5,MSUK-D30-6-2,MSUK-D30-6-3,MSUK-D30-5-5,MSUK-D30-2-5,MSUK-D30-5-3,MSUK-D30-7-4",SPONSORED PRODUCTS
慕声欧洲-UK,2789507M7PA25,PAID_IN_FULL,CREDIT_CARD,2025-08-21至2025-09-02,2025-09-01,GBP,506.90,D47-手动精准,512596092807998,CPC,10,0.27,2.70,0.00,业务报告,"MSUK-D47-7-3,MSUK-D47-5-5,MSUK-D47-7-5,MSUK-D47-5-4,MSUK-D47-2-6,MSUK-D47-5-6,MSUK-D47-6-6,MSUK-D47-2-5,MSUK-D47-6-4,MSUK-D47-7-2,MSUK-D47-2-4,MSUK-D47-2-3,MSUK-D47-5-3,MSUK-D47-2-2,MSUK-D47-6-2,MSUK-D47-5-2,MSUK-D47-7-4,MSUK-D47-6-3,MSUK-D47-6-5,MSUK-D47-7-6",SPONSORED PRODUCTS
慕声欧洲-UK,2789507M7PA25,PAID_IN_FULL,CREDIT_CARD,2025-08-21至2025-09-02,2025-09-01,GBP,506.90,D74自动,519517451658382,CPC,110,0.31,33.82,0.00,业务报告,"MSUK-D74-2-5,MSUK-D74-7-5,MSUK-D74-2-2,MSUK-D74-2-4,MSUK-D74-2-6,MSUK-D74-7-3,MSUK-D74-6-4,MSUK-D74-5-2,MSUK-D74-6-5,MSUK-D74-7-2,MSUK-D74-5-3,MSUK-D74-5-6,MSUK-D74-2-3,MSUK-D74-6-3,MSUK-D74-5-4,MSUK-D74-7-4,MSUK-D74-5-5,MSUK-D74-6-6,MSUK-D74-6-2,MSUK-D74-7-6",SPONSORED PRODUCTS
慕声欧洲-UK,2789507M7PA25,PAID_IN_FULL,CREDIT_CARD,2025-08-21至2025-09-02,2025-09-01,GBP,506.90,D22自动新,527135057295761,CPC,107,0.25,27.27,0.00,业务报告,"MS-D22-5-5,MS-D22-7-4,MS-D22-25-3,MS-D22-25-2,MS-D22-5-4,MS-D22-506-5,MS-D22-0-2,MS-D22-205-3,MS-D22-25-4,MS-D22-6-5,MS-D22-27-2,MS-D22-0-5,MS-D22-5-2,MS-D22-506-4,MS-D22-2-3,MS-D22-5-3,MS-D22-506-2,MS-D22-25-5,MS-D22-7-3,MS-D22-7-2,MS-D22-205-2,MS-D22-2-2,MS-D22-2-5,MS-D22-506-3,MS-D22-205-4",SPONSORED PRODUCTS
慕声欧洲-UK,2789507M7PA25,PAID_IN_FULL,CREDIT_CARD,2025-08-21至2025-09-02,2025-09-01,GBP,506.90,D72-手动,532736007580196,CPC,28,0.43,11.96,0.00,业务报告,"MSUK-D72-201-4,MSUK-D72-206-5,MSUK-D72-216-3,MSUK-D72-216-2,MSUK-D72-20-3,MSUK-D72-206-2,MSUK-D72-216-4,MSUK-D72-206-4,MSUK-D72-26-4,MSUK-D72-26-2,MSUK-D72-206-3,MSUK-D72-26-3,MSUK-D72-20-5,MSUK-D72-26-5,MSUK-D72-201-3,MSUK-D72-20-2,MSUK-D72-201-2,MSUK-D72-20-4,MSUK-D72-216-5,MSUK-D72-201-5",SPONSORED PRODUCTS
慕声欧洲-UK,2789507M7PA25,PAID_IN_FULL,CREDIT_CARD,2025-08-21至2025-09-02,2025-09-01,GBP,506.90,D06-手动,534754424133174,CPC,62,0.34,21.31,0.00,业务报告,"MS-D06-2-5-,MS-D06-206-4,MS-D06-206-2,MS-D06-209-3,MS-D06-206-5,MS-D06-20-2,MS-D06-206-3,MS-D06-20-3,MS-D06-209-5,MS-D06-2-2-,MS-D06-20-5,MS-D06-209-4,MS-D06-2-4-,MS-D06-20-4,MS-D06-208-2,MS-D06-2-3-",SPONSORED PRODUCTS
慕声欧洲-UK,2789507M7PA25,PAID_IN_FULL,CREDIT_CARD,2025-08-21至2025-09-02,2025-09-01,GBP,506.90,D42-手动商品-陈,542904453274392,CPC,2,0.32,0.63,0.00,业务报告,"MSUK-D42-6-3,MSUK-D42-7-5,MSUK-D42-7-3,MSUK-D42-2-2,MSUK-D42-5-5,MSUK-D42-5-3,MSUK-D42-256-5,MSUK-D42-5-4,MSUK-D42-5-2,MSUK-D42-256-3,MSUK-D42-2-3,MSUK-D42-256-4,MSUK-D42-7-2,MSUK-D42-6-2,MSUK-D42-7-4,MSUK-D42-25-3,MSUK-D42-25-4,MSUK-D42-6-5,MSUK-D42-25-5,MSUK-D42-2-5",SPONSORED PRODUCTS
慕声欧洲-UK,2789507M7PA25,PAID_IN_FULL,CREDIT_CARD,2025-08-21至2025-09-02,2025-09-01,GBP,506.90,D73自动,552441102016304,CPC,75,0.27,19.96,0.00,业务报告,"MSUK-D73-206-5,MSUK-D73-26-3,MSUK-D73-20-5,MSUK-D73-269-3,MSUK-D73-206-2,MSUK-D73-20-3,MSUK-D73-209-4,MSUK-D73-269-5,MSUK-D73-26-4,MSUK-D73-26-5,MSUK-D73-20-2,MSUK-D73-209-3,MSUK-D73-26-2,MSUK-D73-206-3,MSUK-D73-209-2,MSUK-D73-20-4,MSUK-D73-269-2,MSUK-D73-209-5,MSUK-D73-269-4,MSUK-D73-206-4",SPONSORED PRODUCTS
慕声欧洲-UK,2798406M7PA25,PAID_IN_FULL,CREDIT_CARD,2025-09-01至2025-09-03,2025-09-02,GBP,20.06,D42手动,271743845417844,CPC,3,0.33,0.98,0.00,业务报告,"MSUK-D42-2-4,MSUK-D42-6-5,MSUK-D42-5-4,MSUK-D42-7-5,MSUK-D42-6-3,MSUK-D42-5-2,MSUK-D42-7-2,MSUK-D42-6-2,MSUK-D42-2-3,MSUK-D42-256-4,MSUK-D42-256-3,MSUK-D42-2-2,MSUK-D42-256-5,MSUK-D42-25-3,MSUK-D42-6-4,MSUK-D42-7-3,MSUK-D42-5-5,MSUK-D42-5-3,MSUK-D42-2-5,MSUK-D42-7-4,MSUK-D42-256-2,MSUK-D42-25-5",SPONSORED PRODUCTS
慕声欧洲-UK,2798406M7PA25,PAID_IN_FULL,CREDIT_CARD,2025-09-01至2025-09-03,2025-09-02,GBP,20.06,D63-手动精准,283094973144205,CPC,4,0.33,1.30,0.00,业务报告,"MSUK-D63-509-5,MSUK-D63-205-2,MSUK-D63-20-3,MSUK-D63-20-5,MSUK-D63-20-2,MSUK-D63-2f-4,MSUK-D63-205-4,MSUK-D63-209-2,MSUK-D63-20f-3,MSUK-D63-206-2,MSUK-D63-2f6-4,MSUK-D63-25-3,MSUK-D63-2f-2,MSUK-D63-209-4,MSUK-D63-205-5,MSUK-D63-2f-3,MSUK-D63-206-5,MSUK-D63-25-4,MSUK-D63-2f6-2",SPONSORED PRODUCTS
慕声欧洲-UK,2798406M7PA25,PAID_IN_FULL,CREDIT_CARD,2025-09-01至2025-09-03,2025-09-02,GBP,20.06,D75自动,292856546679709,CPC,6,0.30,1.82,0.00,业务报告,"MSUK-D75-268-2,MSUK-D75-268-4,MSUK-D75-2-4,MSUK-D75-2-5,MSUK-D75-208-4,MSUK-D75-2-3,MSUK-D75-2-2,MSUK-D75-20-3,MSUK-D75-20-4,MSUK-D75-206-3,MSUK-D75-20-2,MSUK-D75-206-4,MSUK-D75-208-5,MSUK-D75-20-5,MSUK-D75-208-3,MSUK-D75-268-3",SPONSORED PRODUCTS
慕声欧洲-UK,2798406M7PA25,PAID_IN_FULL,CREDIT_CARD,2025-09-01至2025-09-03,2025-09-02,GBP,20.06,D70自动,296350599943294,CPC,2,0.43,0.85,0.00,业务报告,"MSUK-D70-5-3,MSUK-D70-6-4,MSUK-D70-5-6,MSUK-D70-6-5,MSUK-D70-7-3,MSUK-D70-6-3,MSUK-D70-5-5,MSUK-D70-7-2,MSUK-D70-7-4,MSUK-D70-6-2,MSUK-D70-2-2,MSUK-D70-2-4,MSUK-D70-5-4,MSUK-D70-5-2,MSUK-D70-2-5,MSUK-D70-2-6,MSUK-D70-7-6,MSUK-D70-6-6,MSUK-D70-7-5,MSUK-D70-2-3",SPONSORED PRODUCTS
慕声欧洲-UK,2798406M7PA25,PAID_IN_FULL,CREDIT_CARD,2025-09-01至2025-09-03,2025-09-02,GBP,20.06,D22手动精准,32209886985230,CPC,2,0.31,0.62,0.00,业务报告,"MS-D22-25-2,MS-D22-5-2,MS-D22-5-4,MS-D22-0-5,MS-D22-506-4,MS-D22-5-3,MS-D22-25-5,MS-D22-205-4,MS-D22-7-4,MS-D22-27-5,MS-D22-25-4,MS-D22-506-2,MS-D22-7-2,MS-D22-25-3,MS-D22-2-2,MS-D22-6-5,MS-D22-5-5,MS-D22-0-2,MS-D22-7-5",SPONSORED PRODUCTS
慕声欧洲-UK,2798406M7PA25,PAID_IN_FULL,CREDIT_CARD,2025-09-01至2025-09-03,2025-09-02,GBP,20.06,D75手动,338343636569035,CPC,2,0.35,0.69,0.00,业务报告,"MSUK-D75-206-3,MSUK-D75-208-4,MSUK-D75-20-3,MSUK-D75-2-5,MSUK-D75-208-3,MSUK-D75-268-5,MSUK-D75-268-2,MSUK-D75-208-2,MSUK-D75-20-5,MSUK-D75-268-3,MSUK-D75-2-2,MSUK-D75-20-4,MSUK-D75-208-5,MSUK-D75-206-5,MSUK-D75-20-2,MSUK-D75-206-4,MSUK-D75-2-4,MSUK-D75-2-3,MSUK-D75-268-4",SPONSORED PRODUCTS
慕声欧洲-UK,2798406M7PA25,PAID_IN_FULL,CREDIT_CARD,2025-09-01至2025-09-03,2025-09-02,GBP,20.06,D23自动5.31,340918862675495,CPC,4,0.15,0.60,0.00,业务报告,"MS-D23-29-3,MS-D23-0-5,MS-D23-0-4,MS-D23-0-2,MS-D23-2-3,MS-D23-209-3,MS-D23-1-2,MS-D23-2-5,MS-D23-201-2,MS-D23-208-3,MS-D23-8-4,MS-D23-209-2,MS-D23-208-5,MS-D23-208-2,MS-D23-1-4,MS-D23-26-3,MS-D23-1-3,MS-D23-2-2",SPONSORED PRODUCTS
慕声欧洲-UK,2798406M7PA25,PAID_IN_FULL,CREDIT_CARD,2025-09-01至2025-09-03,2025-09-02,GBP,20.06,D73手动商品,344797869728832,CPC,3,0.38,1.14,0.00,业务报告,"MSUK-D73-269-3,MSUK-D73-269-5,MSUK-D73-206-3,MSUK-D73-209-3,MSUK-D73-20-2,MSUK-D73-209-5,MSUK-D73-20-5,MSUK-D73-206-5,MSUK-D73-26-4,MSUK-D73-26-3,MSUK-D73-209-4,MSUK-D73-26-5,MSUK-D73-269-4,MSUK-D73-20-3,MSUK-D73-269-2,MSUK-D73-26-2,MSUK-D73-206-2,MSUK-D73-209-2,MSUK-D73-20-4,MSUK-D73-206-4",SPONSORED PRODUCTS
慕声欧洲-UK,2798406M7PA25,PAID_IN_FULL,CREDIT_CARD,2025-09-01至2025-09-03,2025-09-02,GBP,20.06,D72自动,361760978626676,CPC,4,0.30,1.20,0.00,业务报告,"MSUK-D72-26-2,MSUK-D72-216-2,MSUK-D72-216-5,MSUK-D72-26-5,MSUK-D72-206-5,MSUK-D72-201-4,MSUK-D72-201-5,MSUK-D72-206-4,MSUK-D72-26-3,MSUK-D72-216-4,MSUK-D72-20-2,MSUK-D72-26-4,MSUK-D72-20-3,MSUK-D72-216-3",SPONSORED PRODUCTS
慕声欧洲-UK,2798406M7PA25,PAID_IN_FULL,CREDIT_CARD,2025-09-01至2025-09-03,2025-09-02,GBP,20.06,D23手动1,385955122005696,CPC,1,0.43,0.43,0.00,业务报告,"MS-D23-201-5,MS-D23-208-3,MS-D23-216-2,MS-D23-26-5,MS-D23-26-2,MS-D23-8-2,MS-D23-208-5,MS-D23-8-4,MS-D23-20-5,MS-D23-208-4,MS-D23-0-5,MS-D23-209-3,MS-D23-0-3,MS-D23-2-5,MS-D23-26-4,MS-D23-201-2,MS-D23-2-3,MS-D23-1-2,MS-D23-26-3,MS-D23-2-2,MS-D23-209-2,MS-D23-20-3,MS-D23-0-2,MS-D23-0-4,MS-D23-208-2,MS-D23-29-3,MS-D23-1-4,MS-D23-216-3,MS-D23-201-4,MS-D23-216-4,MS-D23-20-4",SPONSORED PRODUCTS
慕声欧洲-UK,2798406M7PA25,PAID_IN_FULL,CREDIT_CARD,2025-09-01至2025-09-03,2025-09-02,GBP,20.06,D47-自动6.1,406284800434695,CPC,5,0.34,1.72,0.00,业务报告,"MSUK-D47-2-5,MSUK-D47-7-3,MSUK-D47-5-3,MSUK-D47-5-2,MSUK-D47-6-2,MSUK-D47-2-3,MSUK-D47-6-3,MSUK-D47-2-4,MSUK-D47-5-6,MSUK-D47-5-5,MSUK-D47-7-4,MSUK-D47-7-6,MSUK-D47-2-2,MSUK-D47-6-4,MSUK-D47-7-5,MSUK-D47-6-5,MSUK-D47-5-4,MSUK-D47-6-6",SPONSORED PRODUCTS
慕声欧洲-UK,2798406M7PA25,PAID_IN_FULL,CREDIT_CARD,2025-09-01至2025-09-03,2025-09-02,GBP,20.06,D74手动,412900525915003,CPC,1,0.29,0.29,0.00,业务报告,"MSUK-D74-5-3,MSUK-D74-7-6,MSUK-D74-2-4,MSUK-D74-6-5,MSUK-D74-6-3,MSUK-D74-5-4,MSUK-D74-6-6,MSUK-D74-6-4,MSUK-D74-5-6,MSUK-D74-7-5,MSUK-D74-7-2,MSUK-D74-7-3,MSUK-D74-5-2,MSUK-D74-2-2,MSUK-D74-2-5,MSUK-D74-6-2,MSUK-D74-5-5,MSUK-D74-2-3,MSUK-D74-7-4",SPONSORED PRODUCTS
慕声欧洲-UK,2798406M7PA25,PAID_IN_FULL,CREDIT_CARD,2025-09-01至2025-09-03,2025-09-02,GBP,20.06,新D06自动,421827185813581,CPC,1,0.24,0.24,0.00,业务报告,"MS-D06-206-5,MS-D06-206-4,MS-D06-20-2,MS-D06-368-4,MS-D06-234-3,MS-D06-368-3,MS-D06-208-4,MS-D06-2-2-,MS-D06-26-3,MS-D06-234-4,MS-D06-20-5,MS-D06-2-3-,MS-D06-234-5,MS-D06-26-2,MS-D06-348-2,MS-D06-208-2,MS-D06-20-3,MS-D06-2-4-,MS-D06-2-5-,MS-D06-26-4,MS-D06-348-4,MS-D06-209-3,MS-D06-208-3,MS-D06-348-3,MS-D06-209-4,MS-D06-20-4,MS-D06-209-2,MS-D06-206-3,MS-D06-209-5,MS-D06-208-5,MS-D06-206-2,MS-D06-234-2,MS-D06-26-5",SPONSORED PRODUCTS
慕声欧洲-UK,2798406M7PA25,PAID_IN_FULL,CREDIT_CARD,2025-09-01至2025-09-03,2025-09-02,GBP,20.06,D71自动,451712842798364,CPC,3,0.27,0.80,0.00,业务报告,"MSUK-D71-205-2,MSUK-D71-205-3,MSUK-D71-0-3,MSUK-D71-20-5,MSUK-D71-2-2,MSUK-D71-0-4,MSUK-D71-25-2,MSUK-D71-5-7,MSUK-D71-2-6,MSUK-D71-2-3,MSUK-D71-5-3",SPONSORED PRODUCTS
慕声欧洲-UK,2798406M7PA25,PAID_IN_FULL,CREDIT_CARD,2025-09-01至2025-09-03,2025-09-02,GBP,20.06,D30自动2-23,497562169763630,CPC,4,0.25,1.01,0.00,业务报告,"MSUK-D30-5-4,MSUK-D30-6-4,MSUK-D30-2-4-1,MSUK-D30-5-2,MSUK-D30-7-2,MSUK-D30-25-4-1,MSUK-D30-25-2,MSUK-D30-7-5,MSUK-D30-2-2,MSUK-D30-2-3,MSUK-D30-25-5,MSUK-D30-6-2,MSUK-D30-6-3,MSUK-D30-5-5,MSUK-D30-2-5",SPONSORED PRODUCTS
慕声欧洲-UK,2798406M7PA25,PAID_IN_FULL,CREDIT_CARD,2025-09-01至2025-09-03,2025-09-02,GBP,20.06,D47-手动精准,512596092807998,CPC,1,0.27,0.27,0.00,业务报告,"MSUK-D47-7-3,MSUK-D47-5-5,MSUK-D47-7-5,MSUK-D47-5-4,MSUK-D47-2-6,MSUK-D47-5-6,MSUK-D47-6-6,MSUK-D47-2-5,MSUK-D47-7-6,MSUK-D47-6-4,MSUK-D47-7-2,MSUK-D47-2-4,MSUK-D47-2-3,MSUK-D47-5-3,MSUK-D47-6-3,MSUK-D47-6-5,MSUK-D47-2-2,MSUK-D47-6-2,MSUK-D47-5-2,MSUK-D47-7-4",SPONSORED PRODUCTS
慕声欧洲-UK,2798406M7PA25,PAID_IN_FULL,CREDIT_CARD,2025-09-01至2025-09-03,2025-09-02,GBP,20.06,D74自动,519517451658382,CPC,7,0.27,1.91,0.00,业务报告,"MSUK-D74-2-5,MSUK-D74-7-5,MSUK-D74-2-2,MSUK-D74-2-4,MSUK-D74-7-3,MSUK-D74-6-4,MSUK-D74-5-2,MSUK-D74-6-5,MSUK-D74-7-2,MSUK-D74-5-3,MSUK-D74-5-6,MSUK-D74-2-3,MSUK-D74-6-3,MSUK-D74-5-4,MSUK-D74-7-4,MSUK-D74-5-5,MSUK-D74-6-6,MSUK-D74-6-2,MSUK-D74-7-6",SPONSORED PRODUCTS
慕声欧洲-UK,2798406M7PA25,PAID_IN_FULL,CREDIT_CARD,2025-09-01至2025-09-03,2025-09-02,GBP,20.06,D22自动新,527135057295761,CPC,6,0.26,1.58,0.00,业务报告,"MS-D22-5-5,MS-D22-7-4,MS-D22-25-3,MS-D22-25-2,MS-D22-5-4,MS-D22-506-5,MS-D22-0-2,MS-D22-205-3,MS-D22-25-4,MS-D22-6-5,MS-D22-27-2,MS-D22-0-5,MS-D22-5-2,MS-D22-506-4,MS-D22-2-3,MS-D22-5-3,MS-D22-506-2,MS-D22-25-5,MS-D22-7-3,MS-D22-7-2,MS-D22-205-2,MS-D22-2-2,MS-D22-2-5,MS-D22-506-3,MS-D22-205-4",SPONSORED PRODUCTS
慕声欧洲-UK,2798406M7PA25,PAID_IN_FULL,CREDIT_CARD,2025-09-01至2025-09-03,2025-09-02,GBP,20.06,D72-手动,532736007580196,CPC,2,0.42,0.84,0.00,业务报告,"MSUK-D72-201-4,MSUK-D72-206-5,MSUK-D72-216-3,MSUK-D72-216-2,MSUK-D72-20-3,MSUK-D72-206-2,MSUK-D72-216-4,MSUK-D72-26-4,MSUK-D72-26-2,MSUK-D72-26-3,MSUK-D72-26-5,MSUK-D72-20-2,MSUK-D72-201-2,MSUK-D72-20-4,MSUK-D72-216-5,MSUK-D72-201-5,MSUK-D72-206-4,MSUK-D72-206-3,MSUK-D72-20-5,MSUK-D72-201-3",SPONSORED PRODUCTS
慕声欧洲-UK,2798406M7PA25,PAID_IN_FULL,CREDIT_CARD,2025-09-01至2025-09-03,2025-09-02,GBP,20.06,D42-手动商品-陈,542904453274392,CPC,3,0.32,0.97,0.00,业务报告,"MSUK-D42-6-3,MSUK-D42-7-5,MSUK-D42-7-3,MSUK-D42-2-2,MSUK-D42-5-5,MSUK-D42-5-3,MSUK-D42-256-5,MSUK-D42-5-4,MSUK-D42-5-2,MSUK-D42-256-3,MSUK-D42-2-3,MSUK-D42-256-4,MSUK-D42-7-2,MSUK-D42-25-3,MSUK-D42-7-4,MSUK-D42-25-5,MSUK-D42-6-2",SPONSORED PRODUCTS
慕声欧洲-UK,2798406M7PA25,PAID_IN_FULL,CREDIT_CARD,2025-09-01至2025-09-03,2025-09-02,GBP,20.06,D73自动,552441102016304,CPC,3,0.27,0.80,0.00,业务报告,"MSUK-D73-206-5,MSUK-D73-26-3,MSUK-D73-20-5,MSUK-D73-269-3,MSUK-D73-206-2,MSUK-D73-20-3,MSUK-D73-209-4,MSUK-D73-269-5,MSUK-D73-26-4,MSUK-D73-26-5,MSUK-D73-20-2,MSUK-D73-209-3,MSUK-D73-26-2,MSUK-D73-206-3,MSUK-D73-209-2,MSUK-D73-20-4,MSUK-D73-269-2,MSUK-D73-209-5,MSUK-D73-269-4,MSUK-D73-206-4",SPONSORED PRODUCTS
慕声欧洲-UK,3019683M7PA25,PAID_IN_FULL,CREDIT_CARD,2025-09-02至2025-09-17,2025-09-16,GBP,507.99,D42手动,271743845417844,CPC,71,0.33,23.66,-0.04,业务报告,"MSUK-D42-2-4,MSUK-D42-6-5,MSUK-D42-5-4,MSUK-D42-7-5,MSUK-D42-6-3,MSUK-D42-5-2,MSUK-D42-7-2,MSUK-D42-6-2,MSUK-D42-2-5,MSUK-D42-2-3,MSUK-D42-7-4,MSUK-D42-256-4,MSUK-D42-256-3,MSUK-D42-2-2,MSUK-D42-256-5,MSUK-D42-25-3,MSUK-D42-256-2,MSUK-D42-25-2,MSUK-D42-25-5,MSUK-D42-6-4,MSUK-D42-7-3,MSUK-D42-5-5,MSUK-D42-5-3,MSUK-D42-25-4",SPONSORED PRODUCTS
慕声欧洲-UK,3019683M7PA25,PAID_IN_FULL,CREDIT_CARD,2025-09-02至2025-09-17,2025-09-16,GBP,507.99,D63-手动精准,283094973144205,CPC,66,0.34,22.14,-0.03,业务报告,"MSUK-D63-509-5,MSUK-D63-205-2,MSUK-D63-20-3,MSUK-D63-20-5,MSUK-D63-20-2,MSUK-D63-2f-4,MSUK-D63-205-4,MSUK-D63-256-3,MSUK-D63-209-2,MSUK-D63-20f-3,MSUK-D63-206-2,MSUK-D63-2f6-4,MSUK-D63-25-3,MSUK-D63-2f-2,MSUK-D63-209-4,MSUK-D63-205-5,MSUK-D63-2f-3,MSUK-D63-206-5,MSUK-D63-25-4,MSUK-D63-2f-5,MSUK-D63-2f6-2,MSUK-D63-20f-2,MSUK-D63-2f6-3",SPONSORED PRODUCTS
慕声欧洲-UK,3019683M7PA25,PAID_IN_FULL,CREDIT_CARD,2025-09-02至2025-09-17,2025-09-16,GBP,507.99,D75自动,292856546679709,CPC,68,0.31,21.19,-0.03,业务报告,"MSUK-D75-268-2,MSUK-D75-268-4,MSUK-D75-2-4,MSUK-D75-2-5,MSUK-D75-208-4,MSUK-D75-2-3,MSUK-D75-2-2,MSUK-D75-20-3,MSUK-D75-20-4,MSUK-D75-206-3,MSUK-D75-20-2,MSUK-D75-206-4,MSUK-D75-208-5,MSUK-D75-20-5,MSUK-D75-208-3,MSUK-D75-268-3,MSUK-D75-206-2",SPONSORED PRODUCTS
慕声欧洲-UK,3019683M7PA25,PAID_IN_FULL,CREDIT_CARD,2025-09-02至2025-09-17,2025-09-16,GBP,507.99,D70自动,296350599943294,CPC,145,0.40,57.32,-0.09,业务报告,"MSUK-D70-5-3,MSUK-D70-6-4,MSUK-D70-5-6,MSUK-D70-6-5,MSUK-D70-7-3,MSUK-D70-6-3,MSUK-D70-5-5,MSUK-D70-7-2,MSUK-D70-7-4,MSUK-D70-6-2,MSUK-D70-2-2,MSUK-D70-2-4,MSUK-D70-5-4,MSUK-D70-5-2,MSUK-D70-2-5,MSUK-D70-2-6,MSUK-D70-7-6,MSUK-D70-6-6,MSUK-D70-7-5,MSUK-D70-2-3",SPONSORED PRODUCTS
慕声欧洲-UK,3019683M7PA25,PAID_IN_FULL,CREDIT_CARD,2025-09-02至2025-09-17,2025-09-16,GBP,507.99,D70手动,307778534079657,CPC,186,0.41,76.99,-0.13,业务报告,"MSUK-D70-2-6,MSUK-D70-7-5,MSUK-D70-6-3,MSUK-D70-2-5,MSUK-D70-5-6,MSUK-D70-2-3,MSUK-D70-7-3,MSUK-D70-5-3,MSUK-D70-7-2,MSUK-D70-2-2,MSUK-D70-7-6,MSUK-D70-6-2,MSUK-D70-5-2,MSUK-D70-7-4,MSUK-D70-2-4,MSUK-D70-5-5,MSUK-D70-5-4,MSUK-D70-6-4,MSUK-D70-6-6,MSUK-D70-6-5",SPONSORED PRODUCTS
慕声欧洲-UK,3019683M7PA25,PAID_IN_FULL,CREDIT_CARD,2025-09-02至2025-09-17,2025-09-16,GBP,507.99,D22手动精准,32209886985230,CPC,13,0.27,3.47,-0.01,业务报告,"MS-D22-25-2,MS-D22-5-2,MS-D22-5-4,MS-D22-0-5,MS-D22-5-3,MS-D22-7-4,MS-D22-27-5,MS-D22-25-4,MS-D22-506-2,MS-D22-25-3,MS-D22-2-2,MS-D22-2-3,MS-D22-25-5,MS-D22-506-5,MS-D22-2-5,MS-D22-506-4,MS-D22-205-4,MS-D22-7-2,MS-D22-6-5,MS-D22-5-5,MS-D22-0-2,MS-D22-205-3,MS-D22-7-5,MS-D22-7-3",SPONSORED PRODUCTS
慕声欧洲-UK,3019683M7PA25,PAID_IN_FULL,CREDIT_CARD,2025-09-02至2025-09-17,2025-09-16,GBP,507.99,D75手动,338343636569035,CPC,42,0.35,14.64,-0.02,业务报告,"MSUK-D75-208-4,MSUK-D75-20-3,MSUK-D75-2-5,MSUK-D75-208-3,MSUK-D75-268-5,MSUK-D75-268-2,MSUK-D75-20-5,MSUK-D75-268-3,MSUK-D75-2-2,MSUK-D75-20-4,MSUK-D75-208-5,MSUK-D75-206-5,MSUK-D75-20-2,MSUK-D75-206-2,MSUK-D75-206-4,MSUK-D75-2-4,MSUK-D75-2-3,MSUK-D75-206-3,MSUK-D75-208-2,MSUK-D75-268-4",SPONSORED PRODUCTS
慕声欧洲-UK,3019683M7PA25,PAID_IN_FULL,CREDIT_CARD,2025-09-02至2025-09-17,2025-09-16,GBP,507.99,D23自动5.31,340918862675495,CPC,75,0.14,10.57,-0.02,业务报告,"MS-D23-0-5,MS-D23-26-4,MS-D23-0-4,MS-D23-20-4,MS-D23-0-2,MS-D23-8-2,MS-D23-2-3,MS-D23-209-3,MS-D23-26-2,MS-D23-216-2,MS-D23-1-2,MS-D23-2-5,MS-D23-201-2,MS-D23-201-4,MS-D23-216-5,MS-D23-208-3,MS-D23-0-3,MS-D23-201-5,MS-D23-20-3,MS-D23-1-5,MS-D23-8-5,MS-D23-208-5,MS-D23-1-4,MS-D23-216-3,MS-D23-26-3,MS-D23-20-5,MS-D23-1-3,MS-D23-20-2,MS-D23-2-2,MS-D23-8-4,MS-D23-209-2,MS-D23-201-3,MS-D23-208-4,MS-D23-208-2,MS-D23-209-5,MS-D23-216-4,MS-D23-29-3,MS-D23-26-5",SPONSORED PRODUCTS
慕声欧洲-UK,3019683M7PA25,PAID_IN_FULL,CREDIT_CARD,2025-09-02至2025-09-17,2025-09-16,GBP,507.99,D73手动商品,344797869728832,CPC,27,0.33,8.87,-0.01,业务报告,"MSUK-D73-269-3,MSUK-D73-269-5,MSUK-D73-206-3,MSUK-D73-209-3,MSUK-D73-20-2,MSUK-D73-209-5,MSUK-D73-209-2,MSUK-D73-20-5,MSUK-D73-206-5,MSUK-D73-26-4,MSUK-D73-26-3,MSUK-D73-209-4,MSUK-D73-26-5,MSUK-D73-269-4,MSUK-D73-20-3,MSUK-D73-20-4,MSUK-D73-206-4,MSUK-D73-269-2,MSUK-D73-26-2,MSUK-D73-206-2",SPONSORED PRODUCTS
慕声欧洲-UK,3019683M7PA25,PAID_IN_FULL,CREDIT_CARD,2025-09-02至2025-09-17,2025-09-16,GBP,507.99,D72自动,361760978626676,CPC,48,0.31,15.05,-0.02,业务报告,"MSUK-D72-26-2,MSUK-D72-216-2,MSUK-D72-216-5,MSUK-D72-26-5,MSUK-D72-206-5,MSUK-D72-201-4,MSUK-D72-201-5,MSUK-D72-206-4,MSUK-D72-26-3,MSUK-D72-216-4,MSUK-D72-20-2,MSUK-D72-26-4,MSUK-D72-20-3,MSUK-D72-216-3",SPONSORED PRODUCTS
慕声欧洲-UK,3019683M7PA25,PAID_IN_FULL,CREDIT_CARD,2025-09-02至2025-09-17,2025-09-16,GBP,507.99,D23手动1,385955122005696,CPC,14,0.39,5.52,-0.01,业务报告,"MS-D23-201-5,MS-D23-208-3,MS-D23-216-3,MS-D23-216-2,MS-D23-26-5,MS-D23-26-2,MS-D23-20-4,MS-D23-208-5,MS-D23-8-4,MS-D23-20-5,MS-D23-208-4,MS-D23-0-5,MS-D23-209-3,MS-D23-0-3,MS-D23-2-5,MS-D23-26-4,MS-D23-201-2,MS-D23-2-3,MS-D23-1-2,MS-D23-26-3,MS-D23-2-2,MS-D23-216-4,MS-D23-0-4,MS-D23-29-3,MS-D23-1-4,MS-D23-8-2,MS-D23-209-2,MS-D23-20-3,MS-D23-0-2,MS-D23-201-4,MS-D23-208-2,MS-D23-29-5,MS-D23-201-3",SPONSORED PRODUCTS
慕声欧洲-UK,3019683M7PA25,PAID_IN_FULL,CREDIT_CARD,2025-09-02至2025-09-17,2025-09-16,GBP,507.99,D47-自动6.1,406284800434695,CPC,54,0.33,17.61,-0.03,业务报告,"MSUK-D47-2-5,MSUK-D47-7-3,MSUK-D47-5-3,MSUK-D47-5-2,MSUK-D47-6-2,MSUK-D47-2-3,MSUK-D47-6-3,MSUK-D47-2-4,MSUK-D47-5-6,MSUK-D47-5-5,MSUK-D47-7-4,MSUK-D47-7-6,MSUK-D47-2-2,MSUK-D47-6-4,MSUK-D47-7-5,MSUK-D47-6-5,MSUK-D47-5-4,MSUK-D47-6-6",SPONSORED PRODUCTS
慕声欧洲-UK,3019683M7PA25,PAID_IN_FULL,CREDIT_CARD,2025-09-02至2025-09-17,2025-09-16,GBP,507.99,D74手动,412900525915003,CPC,54,0.30,16.09,-0.02,业务报告,"MSUK-D74-5-3,MSUK-D74-7-6,MSUK-D74-2-4,MSUK-D74-6-5,MSUK-D74-6-3,MSUK-D74-5-4,MSUK-D74-6-6,MSUK-D74-6-4,MSUK-D74-5-6,MSUK-D74-7-5,MSUK-D74-7-2,MSUK-D74-7-3,MSUK-D74-5-2,MSUK-D74-2-2,MSUK-D74-2-5,MSUK-D74-6-2,MSUK-D74-5-5,MSUK-D74-2-3,MSUK-D74-7-4,MSUK-D74-2-6",SPONSORED PRODUCTS
慕声欧洲-UK,3019683M7PA25,PAID_IN_FULL,CREDIT_CARD,2025-09-02至2025-09-17,2025-09-16,GBP,507.99,新D06自动,421827185813581,CPC,61,0.20,12.24,-0.02,业务报告,"MS-D06-206-5,MS-D06-206-4,MS-D06-20-2,MS-D06-368-4,MS-D06-234-3,MS-D06-368-3,MS-D06-208-4,MS-D06-2-2-,MS-D06-26-3,MS-D06-234-4,MS-D06-20-5,MS-D06-2-3-,MS-D06-234-5,MS-D06-26-2,MS-D06-348-2,MS-D06-208-2,MS-D06-20-3,MS-D06-2-4-,MS-D06-2-5-,MS-D06-26-4,MS-D06-348-4,MS-D06-209-3,MS-D06-208-3,MS-D06-348-3,MS-D06-209-4,MS-D06-20-4,MS-D06-209-2,MS-D06-206-3,MS-D06-209-5,MS-D06-208-5,MS-D06-206-2,MS-D06-234-2,MS-D06-348-5,MS-D06-26-5",SPONSORED PRODUCTS
慕声欧洲-UK,3019683M7PA25,PAID_IN_FULL,CREDIT_CARD,2025-09-02至2025-09-17,2025-09-16,GBP,507.99,D71自动,451712842798364,CPC,55,0.25,13.75,-0.02,业务报告,"MSUK-D71-205-2,MSUK-D71-205-3,MSUK-D71-0-3,MSUK-D71-20-5,MSUK-D71-2-2,MSUK-D71-0-4,MSUK-D71-25-2,MSUK-D71-5-7,MSUK-D71-2-6,MSUK-D71-2-3,MSUK-D71-5-3,MSUK-D71-20-3,MSUK-D71-5-4,MSUK-D71-2-4,MSUK-D71-20-7,MSUK-D71-2-5,MSUK-D71-25-3",SPONSORED PRODUCTS
慕声欧洲-UK,3019683M7PA25,PAID_IN_FULL,CREDIT_CARD,2025-09-02至2025-09-17,2025-09-16,GBP,507.99,D60-自动,454472653050311,CPC,80,0.17,13.51,-0.02,业务报告,"MSUK-D60-6-5,MSUK-D60-358-5,MSUK-D60-7-3,MSUK-D60-235-3,MSUK-D60-8-5,MSUK-D60-5-3,MSUK-D60-268-5,MSUK-D60-5-1,MSUK-D60-5-5,MSUK-D60-256-5,MSUK-D60-7-5,MSUK-D60-3-5,MSUK-D60-2-5,MSUK-D60-358-1,MSUK-D60-3-1,MSUK-D60-268-3,MSUK-D60-235-1,MSUK-D60-257-5,MSUK-D60-7-1,MSUK-D60-358-3,MSUK-D60-3-3,MSUK-D60-256-1,MSUK-D60-235-5,MSUK-D60-257-3,MSUK-D60-2-3,MSUK-D60-257-1,MSUK-D60-268-1",SPONSORED PRODUCTS
慕声欧洲-UK,3019683M7PA25,PAID_IN_FULL,CREDIT_CARD,2025-09-02至2025-09-17,2025-09-16,GBP,507.99,D25自动1,467321738791432,CPC,57,0.18,10.35,-0.02,业务报告,"MSUK-D25-6-3,MSUK-D25-209-4,MSUK-D25-2-5,MSUK-D25-8-4,MSUK-D25-2-2,MSUK-D25-206-5,MSUK-D25-6-2,MSUK-D25-268-5,MSUK-D25-6-4,MSUK-D25-20-4-1,MSUK-D25-209-5,MSUK-D25-6-5,MSUK-D25-8-5,MSUK-D25-268-4,MSUK-D25-2-3,MSUK-D25-268-3,MSUK-D25-2-4,MSUK-D25-8-3,MSUK-D25-8-2,MSUK-D25-206-3,MSUK-D25-206-4,MSUK-D25-20-3,MSUK-D25-209-3",SPONSORED PRODUCTS
慕声欧洲-UK,3019683M7PA25,PAID_IN_FULL,CREDIT_CARD,2025-09-02至2025-09-17,2025-09-16,GBP,507.99,D63自动,468381222837440,CPC,56,0.39,21.59,-0.03,业务报告,"MSUK-D63-2f-5,MSUK-D63-205-3,MSUK-D63-209-4,MSUK-D63-206-5,MSUK-D63-205-5,MSUK-D63-2f-4,MSUK-D63-209-2,MSUK-D63-25-3,MSUK-D63-20f-3,MSUK-D63-256-4,MSUK-D63-25-4,MSUK-D63-20-4,MSUK-D63-2f-3,MSUK-D63-20-2,MSUK-D63-209-3,MSUK-D63-20-3,MSUK-D63-2f6-2,MSUK-D63-206-4,MSUK-D63-2f6-3,MSUK-D63-205-4,MSUK-D63-20-5,MSUK-D63-509-5,MSUK-D63-2f-2,MSUK-D63-206-2,MSUK-D63-206-3,MSUK-D63-2f6-4,MSUK-D63-20f-2,MSUK-D63-205-2,MSUK-D63-209-5,MSUK-D63-2f6-5,MSUK-D63-20f-5,MSUK-D63-20f-4,MSUK-D63-256-3,MSUK-D63-256-5",SPONSORED PRODUCTS
慕声欧洲-UK,3019683M7PA25,PAID_IN_FULL,CREDIT_CARD,2025-09-02至2025-09-17,2025-09-16,GBP,507.99,D30自动2-23,497562169763630,CPC,63,0.23,14.25,-0.02,业务报告,"MSUK-D30-5-4,MSUK-D30-6-4,MSUK-D30-2-4-1,MSUK-D30-7-4,MSUK-D30-5-2,MSUK-D30-7-2,MSUK-D30-25-4-1,MSUK-D30-25-2,MSUK-D30-7-5,MSUK-D30-2-2,MSUK-D30-2-3,MSUK-D30-25-5,MSUK-D30-6-2,MSUK-D30-6-3,MSUK-D30-5-5,MSUK-D30-2-5",SPONSORED PRODUCTS
慕声欧洲-UK,3019683M7PA25,PAID_IN_FULL,CREDIT_CARD,2025-09-02至2025-09-17,2025-09-16,GBP,507.99,D47-手动精准,512596092807998,CPC,3,0.26,0.78,0.00,业务报告,"MSUK-D47-5-5,MSUK-D47-5-4,MSUK-D47-5-6,MSUK-D47-2-5,MSUK-D47-7-2,MSUK-D47-2-4,MSUK-D47-2-3,MSUK-D47-5-3,MSUK-D47-6-3,MSUK-D47-2-2,MSUK-D47-6-2,MSUK-D47-5-2,MSUK-D47-7-4,MSUK-D47-7-3,MSUK-D47-7-5,MSUK-D47-2-6,MSUK-D47-6-6,MSUK-D47-7-6,MSUK-D47-6-5,MSUK-D47-6-4",SPONSORED PRODUCTS
慕声欧洲-UK,3019683M7PA25,PAID_IN_FULL,CREDIT_CARD,2025-09-02至2025-09-17,2025-09-16,GBP,507.99,D74自动,519517451658382,CPC,96,0.30,28.54,-0.04,业务报告,"MSUK-D74-2-5,MSUK-D74-7-5,MSUK-D74-2-2,MSUK-D74-2-4,MSUK-D74-7-3,MSUK-D74-6-4,MSUK-D74-5-2,MSUK-D74-6-5,MSUK-D74-7-2,MSUK-D74-5-3,MSUK-D74-5-6,MSUK-D74-2-3,MSUK-D74-6-3,MSUK-D74-5-4,MSUK-D74-7-4,MSUK-D74-5-5,MSUK-D74-6-6,MSUK-D74-6-2,MSUK-D74-7-6,MSUK-D74-2-6",SPONSORED PRODUCTS
慕声欧洲-UK,3019683M7PA25,PAID_IN_FULL,CREDIT_CARD,2025-09-02至2025-09-17,2025-09-16,GBP,507.99,D22自动新,527135057295761,CPC,112,0.26,29.41,-0.05,业务报告,"MS-D22-5-5,MS-D22-7-4,MS-D22-25-3,MS-D22-25-2,MS-D22-5-4,MS-D22-506-5,MS-D22-0-2,MS-D22-205-3,MS-D22-25-4,MS-D22-6-5,MS-D22-27-2,MS-D22-0-5,MS-D22-5-2,MS-D22-506-4,MS-D22-2-3,MS-D22-5-3,MS-D22-506-2,MS-D22-25-5,MS-D22-7-3,MS-D22-7-2,MS-D22-205-2,MS-D22-2-2,MS-D22-2-5,MS-D22-506-3,MS-D22-205-4",SPONSORED PRODUCTS
慕声欧洲-UK,3019683M7PA25,PAID_IN_FULL,CREDIT_CARD,2025-09-02至2025-09-17,2025-09-16,GBP,507.99,D72-手动,532736007580196,CPC,57,0.41,23.22,-0.04,业务报告,"MSUK-D72-201-4,MSUK-D72-206-5,MSUK-D72-216-3,MSUK-D72-216-2,MSUK-D72-20-3,MSUK-D72-206-2,MSUK-D72-216-4,MSUK-D72-206-4,MSUK-D72-26-4,MSUK-D72-26-2,MSUK-D72-26-3,MSUK-D72-20-5,MSUK-D72-26-5,MSUK-D72-20-2,MSUK-D72-201-2,MSUK-D72-20-4,MSUK-D72-216-5,MSUK-D72-201-5,MSUK-D72-206-3,MSUK-D72-201-3",SPONSORED PRODUCTS
慕声欧洲-UK,3019683M7PA25,PAID_IN_FULL,CREDIT_CARD,2025-09-02至2025-09-17,2025-09-16,GBP,507.99,D06-手动,534754424133174,CPC,70,0.39,27.62,-0.04,业务报告,"MS-D06-2-5-,MS-D06-206-2,MS-D06-209-3,MS-D06-206-5,MS-D06-206-3,MS-D06-20-3,MS-D06-2-2-,MS-D06-209-4,MS-D06-2-4-,MS-D06-208-2,MS-D06-2-3-,MS-D06-206-4,MS-D06-348-2,MS-D06-208-5,MS-D06-208-4,MS-D06-26-2,MS-D06-20-2,MS-D06-209-5,MS-D06-209-2,MS-D06-208-3,MS-D06-20-5,MS-D06-348-5,MS-D06-20-4,MS-D06-26-3,MS-D06-348-4",SPONSORED PRODUCTS
慕声欧洲-UK,3019683M7PA25,PAID_IN_FULL,CREDIT_CARD,2025-09-02至2025-09-17,2025-09-16,GBP,507.99,D42-手动商品-陈,542904453274392,CPC,7,0.32,2.21,0.00,业务报告,"MSUK-D42-6-3,MSUK-D42-7-5,MSUK-D42-7-3,MSUK-D42-2-2,MSUK-D42-5-5,MSUK-D42-5-3,MSUK-D42-256-5,MSUK-D42-5-4,MSUK-D42-5-2,MSUK-D42-256-3,MSUK-D42-2-3,MSUK-D42-256-4,MSUK-D42-7-2,MSUK-D42-7-4,MSUK-D42-2-5,MSUK-D42-256-2,MSUK-D42-25-5,MSUK-D42-6-4,MSUK-D42-25-2,MSUK-D42-25-3,MSUK-D42-6-2,MSUK-D42-25-4,MSUK-D42-6-5",SPONSORED PRODUCTS
慕声欧洲-UK,3019683M7PA25,PAID_IN_FULL,CREDIT_CARD,2025-09-02至2025-09-17,2025-09-16,GBP,507.99,D73自动,552441102016304,CPC,79,0.23,18.19,-0.03,业务报告,"MSUK-D73-206-5,MSUK-D73-26-3,MSUK-D73-20-5,MSUK-D73-269-3,MSUK-D73-206-2,MSUK-D73-20-3,MSUK-D73-209-4,MSUK-D73-269-5,MSUK-D73-26-4,MSUK-D73-26-5,MSUK-D73-20-2,MSUK-D73-209-3,MSUK-D73-26-2,MSUK-D73-206-3,MSUK-D73-209-2,MSUK-D73-20-4,MSUK-D73-269-2,MSUK-D73-209-5,MSUK-D73-269-4,MSUK-D73-206-4",SPONSORED PRODUCTS
慕声欧洲-UK,3146723M7PA25,PAID_IN_FULL,CREDIT_CARD,2025-09-16至2025-09-30,2025-09-29,GBP,506.88,D28手动广泛,205478948551481,CPC,4,0.29,1.14,0.00,业务报告,"MSUK-D28-209-3,MSUK-D28-20-5,MSUK-D28-206-5,MSUK-D28-209-2,MSUK-D28-20-2,MSUK-D28-6-3",SPONSORED PRODUCTS
慕声欧洲-UK,3146723M7PA25,PAID_IN_FULL,CREDIT_CARD,2025-09-16至2025-09-30,2025-09-29,GBP,506.88,D28自动,269266024159260,CPC,8,0.21,1.64,0.00,业务报告,"MSUK-D28-209-3,MSUK-D28-20-5,MSUK-D28-209-2,MSUK-D28-206-5,MSUK-D28-20-2,MSUK-D28-6-3",SPONSORED PRODUCTS
慕声欧洲-UK,3146723M7PA25,PAID_IN_FULL,CREDIT_CARD,2025-09-16至2025-09-30,2025-09-29,GBP,506.88,D42手动,271743845417844,CPC,41,0.28,11.67,0.00,业务报告,"MSUK-D42-2-4,MSUK-D42-6-5,MSUK-D42-5-4,MSUK-D42-7-5,MSUK-D42-6-3,MSUK-D42-7-2,MSUK-D42-6-2,MSUK-D42-2-5,MSUK-D42-2-3,MSUK-D42-7-4,MSUK-D42-256-4,MSUK-D42-256-3,MSUK-D42-2-2,MSUK-D42-256-5,MSUK-D42-256-2,MSUK-D42-25-2,MSUK-D42-25-5,MSUK-D42-6-4,MSUK-D42-7-3,MSUK-D42-5-5,MSUK-D42-5-3,MSUK-D42-25-3,MSUK-D42-25-4",SPONSORED PRODUCTS
慕声欧洲-UK,3146723M7PA25,PAID_IN_FULL,CREDIT_CARD,2025-09-16至2025-09-30,2025-09-29,GBP,506.88,D63-手动精准,283094973144205,CPC,65,0.33,21.75,0.00,业务报告,"MSUK-D63-509-5,MSUK-D63-205-2,MSUK-D63-20f-2,MSUK-D63-20-3,MSUK-D63-20-5,MSUK-D63-20-2,MSUK-D63-2f-4,MSUK-D63-205-4,MSUK-D63-209-2,MSUK-D63-20f-3,MSUK-D63-206-2,MSUK-D63-25-3,MSUK-D63-2f-2,MSUK-D63-209-4,MSUK-D63-205-5,MSUK-D63-2f-3,MSUK-D63-206-5,MSUK-D63-25-4,MSUK-D63-2f-5,MSUK-D63-2f6-2,MSUK-D63-256-3,MSUK-D63-2f6-4,MSUK-D63-206-4,MSUK-D63-209-5,MSUK-D63-206-3,MSUK-D63-205-3,MSUK-D63-20-4,MSUK-D63-2f6-3",SPONSORED PRODUCTS
慕声欧洲-UK,3146723M7PA25,PAID_IN_FULL,CREDIT_CARD,2025-09-16至2025-09-30,2025-09-29,GBP,506.88,D75自动,292856546679709,CPC,53,0.31,16.65,0.00,业务报告,"MSUK-D75-268-2,MSUK-D75-268-4,MSUK-D75-206-2,MSUK-D75-2-4,MSUK-D75-2-5,MSUK-D75-208-4,MSUK-D75-2-3,MSUK-D75-2-2,MSUK-D75-20-3,MSUK-D75-206-3,MSUK-D75-20-2,MSUK-D75-206-4,MSUK-D75-208-5,MSUK-D75-20-5,MSUK-D75-208-3,MSUK-D75-268-3,MSUK-D75-20-4",SPONSORED PRODUCTS
慕声欧洲-UK,3146723M7PA25,PAID_IN_FULL,CREDIT_CARD,2025-09-16至2025-09-30,2025-09-29,GBP,506.88,D70自动,296350599943294,CPC,178,0.41,72.17,0.00,业务报告,"MSUK-D70-5-3,MSUK-D70-6-4,MSUK-D70-5-6,MSUK-D70-6-5,MSUK-D70-7-3,MSUK-D70-6-3,MSUK-D70-5-5,MSUK-D70-7-2,MSUK-D70-7-4,MSUK-D70-6-2,MSUK-D70-2-2,MSUK-D70-2-4,MSUK-D70-5-4,MSUK-D70-5-2,MSUK-D70-2-5,MSUK-D70-2-6,MSUK-D70-7-6,MSUK-D70-6-6,MSUK-D70-7-5,MSUK-D70-2-3",SPONSORED PRODUCTS
慕声欧洲-UK,3146723M7PA25,PAID_IN_FULL,CREDIT_CARD,2025-09-16至2025-09-30,2025-09-29,GBP,506.88,D70手动,307778534079657,CPC,180,0.45,81.85,0.00,业务报告,"MSUK-D70-2-6,MSUK-D70-7-5,MSUK-D70-6-3,MSUK-D70-2-5,MSUK-D70-5-6,MSUK-D70-2-3,MSUK-D70-7-3,MSUK-D70-5-3,MSUK-D70-7-2,MSUK-D70-2-2,MSUK-D70-7-6,MSUK-D70-6-2,MSUK-D70-5-2,MSUK-D70-7-4,MSUK-D70-2-4,MSUK-D70-5-5,MSUK-D70-5-4,MSUK-D70-6-4,MSUK-D70-6-6,MSUK-D70-6-5",SPONSORED PRODUCTS
慕声欧洲-UK,3146723M7PA25,PAID_IN_FULL,CREDIT_CARD,2025-09-16至2025-09-30,2025-09-29,GBP,506.88,D47-手动广泛,316931612471628,CPC,35,0.37,13.11,0.00,业务报告,"MSUK-D47-6-2,MSUK-D47-7-3,MSUK-D47-6-5,MSUK-D47-2-2,MSUK-D47-2-3,MSUK-D47-6-6,MSUK-D47-7-2,MSUK-D47-7-5,MSUK-D47-6-3,MSUK-D47-2-6,MSUK-D47-6-4,MSUK-D47-5-5,MSUK-D47-5-6,MSUK-D47-5-3,MSUK-D47-7-4,MSUK-D47-5-4,MSUK-D47-7-6,MSUK-D47-5-2,MSUK-D47-2-4,MSUK-D47-2-5",SPONSORED PRODUCTS
慕声欧洲-UK,3146723M7PA25,PAID_IN_FULL,CREDIT_CARD,2025-09-16至2025-09-30,2025-09-29,GBP,506.88,D22手动精准,32209886985230,CPC,29,0.39,11.45,0.00,业务报告,"MS-D22-25-2,MS-D22-5-2,MS-D22-0-5,MS-D22-506-4,MS-D22-0-2,MS-D22-5-3,MS-D22-25-5,MS-D22-205-4,MS-D22-7-4,MS-D22-27-5,MS-D22-205-3,MS-D22-25-4,MS-D22-7-2,MS-D22-25-3,MS-D22-2-2,MS-D22-5-4,MS-D22-6-5,MS-D22-5-5,MS-D22-506-2,MS-D22-506-5,MS-D22-7-5,MS-D22-2-5,MS-D22-2-3,MS-D22-7-3",SPONSORED PRODUCTS
慕声欧洲-UK,3146723M7PA25,PAID_IN_FULL,CREDIT_CARD,2025-09-16至2025-09-30,2025-09-29,GBP,506.88,D75手动,338343636569035,CPC,47,0.34,16.13,0.00,业务报告,"MSUK-D75-206-3,MSUK-D75-208-4,MSUK-D75-20-3,MSUK-D75-2-5,MSUK-D75-208-3,MSUK-D75-268-5,MSUK-D75-268-2,MSUK-D75-208-2,MSUK-D75-20-5,MSUK-D75-268-3,MSUK-D75-2-2,MSUK-D75-20-4,MSUK-D75-208-5,MSUK-D75-206-5,MSUK-D75-20-2,MSUK-D75-206-2,MSUK-D75-206-4,MSUK-D75-2-4,MSUK-D75-2-3,MSUK-D75-268-4",SPONSORED PRODUCTS
慕声欧洲-UK,3146723M7PA25,PAID_IN_FULL,CREDIT_CARD,2025-09-16至2025-09-30,2025-09-29,GBP,506.88,D23自动5.31,340918862675495,CPC,27,0.12,3.35,0.00,业务报告,"MS-D23-0-4,MS-D23-20-4,MS-D23-0-2,MS-D23-8-2,MS-D23-2-3,MS-D23-209-3,MS-D23-216-2,MS-D23-1-2,MS-D23-201-2,MS-D23-216-5,MS-D23-8-4,MS-D23-0-3,MS-D23-201-5,MS-D23-20-3,MS-D23-208-4,MS-D23-1-5,MS-D23-8-5,MS-D23-208-2,MS-D23-1-4,MS-D23-216-3,MS-D23-26-3,MS-D23-20-5,MS-D23-209-5,MS-D23-1-3,MS-D23-2-2,MS-D23-0-5,MS-D23-2-5,MS-D23-208-3,MS-D23-29-5,MS-D23-201-4,MS-D23-26-5,MS-D23-201-3,MS-D23-216-4,MS-D23-26-2,MS-D23-208-5,MS-D23-209-2,MS-D23-26-4",SPONSORED PRODUCTS
慕声欧洲-UK,3146723M7PA25,PAID_IN_FULL,CREDIT_CARD,2025-09-16至2025-09-30,2025-09-29,GBP,506.88,D73手动商品,344797869728832,CPC,12,0.34,4.04,0.00,业务报告,"MSUK-D73-269-5,MSUK-D73-209-3,MSUK-D73-209-5,MSUK-D73-209-2,MSUK-D73-26-4,MSUK-D73-26-3,MSUK-D73-209-4,MSUK-D73-26-5,MSUK-D73-269-4,MSUK-D73-206-4,MSUK-D73-269-2,MSUK-D73-26-2,MSUK-D73-206-2,MSUK-D73-269-3,MSUK-D73-206-5,MSUK-D73-20-3,MSUK-D73-206-3,MSUK-D73-20-2,MSUK-D73-20-5,MSUK-D73-20-4",SPONSORED PRODUCTS
慕声欧洲-UK,3146723M7PA25,PAID_IN_FULL,CREDIT_CARD,2025-09-16至2025-09-30,2025-09-29,GBP,506.88,D72自动,361760978626676,CPC,59,0.33,19.23,0.00,业务报告,"MSUK-D72-26-2,MSUK-D72-216-2,MSUK-D72-216-5,MSUK-D72-26-5,MSUK-D72-206-5,MSUK-D72-201-4,MSUK-D72-201-5,MSUK-D72-206-4,MSUK-D72-26-3,MSUK-D72-216-4,MSUK-D72-20-2,MSUK-D72-26-4,MSUK-D72-20-3,MSUK-D72-216-3",SPONSORED PRODUCTS
慕声欧洲-UK,3146723M7PA25,PAID_IN_FULL,CREDIT_CARD,2025-09-16至2025-09-30,2025-09-29,GBP,506.88,D23手动1,385955122005696,CPC,27,0.39,10.50,0.00,业务报告,"MS-D23-201-5,MS-D23-208-3,MS-D23-216-2,MS-D23-26-5,MS-D23-26-2,MS-D23-20-4,MS-D23-208-5,MS-D23-8-4,MS-D23-20-5,MS-D23-208-4,MS-D23-0-5,MS-D23-209-3,MS-D23-0-3,MS-D23-2-5,MS-D23-26-4,MS-D23-201-2,MS-D23-2-3,MS-D23-1-2,MS-D23-26-3,MS-D23-2-2,MS-D23-209-2,MS-D23-20-3,MS-D23-0-2,MS-D23-0-4,MS-D23-208-2,MS-D23-1-4,MS-D23-29-5,MS-D23-201-3,MS-D23-216-4,MS-D23-216-3,MS-D23-8-2,MS-D23-201-4",SPONSORED PRODUCTS
慕声欧洲-UK,3146723M7PA25,PAID_IN_FULL,CREDIT_CARD,2025-09-16至2025-09-30,2025-09-29,GBP,506.88,D06手动精准新-3词,392574593263145,CPC,3,0.48,1.45,0.00,业务报告,"MS-D06-2-4-,MS-D06-209-5,MS-D06-209-4,MS-D06-20-4,MS-D06-2-5-,MS-D06-348-4,MS-D06-348-5,MS-D06-206-2,MS-D06-2-3-,MS-D06-234-5,MS-D06-209-2,MS-D06-26-3,MS-D06-234-3,MS-D06-234-4,MS-D06-234-2,MS-D06-2-2-,MS-D06-348-2,MS-D06-206-3,MS-D06-209-3,MS-D06-20-2,MS-D06-206-5,MS-D06-20-5,MS-D06-20-3",SPONSORED PRODUCTS
慕声欧洲-UK,3146723M7PA25,PAID_IN_FULL,CREDIT_CARD,2025-09-16至2025-09-30,2025-09-29,GBP,506.88,D47-自动6.1,406284800434695,CPC,41,0.31,12.68,0.00,业务报告,"MSUK-D47-2-5,MSUK-D47-7-3,MSUK-D47-5-3,MSUK-D47-5-2,MSUK-D47-6-2,MSUK-D47-2-3,MSUK-D47-6-3,MSUK-D47-2-4,MSUK-D47-5-5,MSUK-D47-7-4,MSUK-D47-7-6,MSUK-D47-2-2,MSUK-D47-6-4,MSUK-D47-7-5,MSUK-D47-6-5,MSUK-D47-5-4,MSUK-D47-6-6,MSUK-D47-5-6",SPONSORED PRODUCTS
慕声欧洲-UK,3146723M7PA25,PAID_IN_FULL,CREDIT_CARD,2025-09-16至2025-09-30,2025-09-29,GBP,506.88,D74手动,412900525915003,CPC,25,0.29,7.28,0.00,业务报告,"MSUK-D74-5-3,MSUK-D74-7-6,MSUK-D74-2-4,MSUK-D74-6-5,MSUK-D74-6-3,MSUK-D74-5-4,MSUK-D74-6-4,MSUK-D74-5-6,MSUK-D74-7-5,MSUK-D74-2-6,MSUK-D74-7-2,MSUK-D74-7-3,MSUK-D74-5-2,MSUK-D74-2-2,MSUK-D74-2-5,MSUK-D74-6-2,MSUK-D74-5-5,MSUK-D74-2-3,MSUK-D74-7-4",SPONSORED PRODUCTS
慕声欧洲-UK,3146723M7PA25,PAID_IN_FULL,CREDIT_CARD,2025-09-16至2025-09-30,2025-09-29,GBP,506.88,新D06自动,421827185813581,CPC,42,0.19,7.77,0.00,业务报告,"MS-D06-206-5,MS-D06-206-4,MS-D06-20-2,MS-D06-368-4,MS-D06-234-3,MS-D06-2-2-,MS-D06-26-3,MS-D06-234-4,MS-D06-20-5,MS-D06-348-5,MS-D06-2-3-,MS-D06-234-5,MS-D06-26-2,MS-D06-348-2,MS-D06-208-2,MS-D06-20-3,MS-D06-2-4-,MS-D06-2-5-,MS-D06-26-4,MS-D06-348-4,MS-D06-209-3,MS-D06-208-3,MS-D06-348-3,MS-D06-209-4,MS-D06-20-4,MS-D06-209-2,MS-D06-206-3,MS-D06-209-5,MS-D06-208-5,MS-D06-206-2,MS-D06-234-2,MS-D06-26-5,MS-D06-368-3,MS-D06-208-4",SPONSORED PRODUCTS
慕声欧洲-UK,3146723M7PA25,PAID_IN_FULL,CREDIT_CARD,2025-09-16至2025-09-30,2025-09-29,GBP,506.88,D71自动,451712842798364,CPC,59,0.24,14.23,0.00,业务报告,"MSUK-D71-205-2,MSUK-D71-205-3,MSUK-D71-0-3,MSUK-D71-20-5,MSUK-D71-2-2,MSUK-D71-0-4,MSUK-D71-25-2,MSUK-D71-5-7,MSUK-D71-2-6,MSUK-D71-2-3,MSUK-D71-5-3,MSUK-D71-20-3,MSUK-D71-5-4,MSUK-D71-2-4,MSUK-D71-20-2,MSUK-D71-20-7,MSUK-D71-205-4,MSUK-D71-2-5,MSUK-D71-25-3,MSUK-D71-20-4",SPONSORED PRODUCTS
慕声欧洲-UK,3146723M7PA25,PAID_IN_FULL,CREDIT_CARD,2025-09-16至2025-09-30,2025-09-29,GBP,506.88,D60-自动,454472653050311,CPC,70,0.16,11.14,0.00,业务报告,"MSUK-D60-6-5,MSUK-D60-358-5,MSUK-D60-7-3,MSUK-D60-235-3,MSUK-D60-8-5,MSUK-D60-268-5,MSUK-D60-5-1,MSUK-D60-5-5,MSUK-D60-256-5,MSUK-D60-7-5,MSUK-D60-3-5,MSUK-D60-2-5,MSUK-D60-358-1,MSUK-D60-3-1,MSUK-D60-268-3,MSUK-D60-235-1,MSUK-D60-257-5,MSUK-D60-358-3,MSUK-D60-3-3,MSUK-D60-256-1,MSUK-D60-235-5,MSUK-D60-257-3,MSUK-D60-2-3,MSUK-D60-257-1,MSUK-D60-5-3,MSUK-D60-7-1",SPONSORED PRODUCTS
慕声欧洲-UK,3146723M7PA25,PAID_IN_FULL,CREDIT_CARD,2025-09-16至2025-09-30,2025-09-29,GBP,506.88,D25自动1,467321738791432,CPC,19,0.18,3.34,0.00,业务报告,"MSUK-D25-6-3,MSUK-D25-209-4,MSUK-D25-2-5,MSUK-D25-206-4,MSUK-D25-2-2,MSUK-D25-206-5,MSUK-D25-6-2,MSUK-D25-268-5,MSUK-D25-6-4,MSUK-D25-8-5,MSUK-D25-268-4,MSUK-D25-2-3,MSUK-D25-268-3,MSUK-D25-2-4,MSUK-D25-209-3,MSUK-D25-8-3,MSUK-D25-8-2,MSUK-D25-8-4,MSUK-D25-20-3,MSUK-D25-20-4-1,MSUK-D25-6-5,MSUK-D25-206-3,MSUK-D25-209-5",SPONSORED PRODUCTS
慕声欧洲-UK,3146723M7PA25,PAID_IN_FULL,CREDIT_CARD,2025-09-16至2025-09-30,2025-09-29,GBP,506.88,D63自动,468381222837440,CPC,93,0.38,35.34,0.00,业务报告,"MSUK-D63-2f-5,MSUK-D63-205-3,MSUK-D63-209-4,MSUK-D63-206-5,MSUK-D63-205-5,MSUK-D63-2f-4,MSUK-D63-209-2,MSUK-D63-25-3,MSUK-D63-20f-3,MSUK-D63-256-4,MSUK-D63-25-4,MSUK-D63-20-4,MSUK-D63-2f-3,MSUK-D63-20-2,MSUK-D63-209-3,MSUK-D63-20-3,MSUK-D63-2f6-2,MSUK-D63-206-4,MSUK-D63-205-4,MSUK-D63-20-5,MSUK-D63-509-5,MSUK-D63-2f-2,MSUK-D63-206-2,MSUK-D63-206-3,MSUK-D63-2f6-4,MSUK-D63-20f-2,MSUK-D63-205-2,MSUK-D63-209-5,MSUK-D63-2f6-5,MSUK-D63-256-5,MSUK-D63-20f-5,MSUK-D63-20f-4,MSUK-D63-256-3,MSUK-D63-2f6-3",SPONSORED PRODUCTS
慕声欧洲-UK,3146723M7PA25,PAID_IN_FULL,CREDIT_CARD,2025-09-16至2025-09-30,2025-09-29,GBP,506.88,D75-手动商品,494936132610122,CPC,30,0.41,12.34,0.00,业务报告,"MSUK-D75-208-3,MSUK-D75-2-4,MSUK-D75-268-2,MSUK-D75-206-2,MSUK-D75-268-3,MSUK-D75-2-2,MSUK-D75-20-2,MSUK-D75-2-3,MSUK-D75-2-5,MSUK-D75-20-4,MSUK-D75-208-4",SPONSORED PRODUCTS
慕声欧洲-UK,3146723M7PA25,PAID_IN_FULL,CREDIT_CARD,2025-09-16至2025-09-30,2025-09-29,GBP,506.88,D30自动2-23,497562169763630,CPC,26,0.22,5.75,0.00,业务报告,"MSUK-D30-5-4,MSUK-D30-6-4,MSUK-D30-2-4-1,MSUK-D30-7-4,MSUK-D30-5-2,MSUK-D30-7-2,MSUK-D30-25-4-1,MSUK-D30-25-2,MSUK-D30-7-5,MSUK-D30-2-2,MSUK-D30-2-3,MSUK-D30-25-5,MSUK-D30-6-2,MSUK-D30-5-5,MSUK-D30-2-5,MSUK-D30-6-3",SPONSORED PRODUCTS
慕声欧洲-UK,3146723M7PA25,PAID_IN_FULL,CREDIT_CARD,2025-09-16至2025-09-30,2025-09-29,GBP,506.88,D74自动,519517451658382,CPC,60,0.28,17.05,0.00,业务报告,"MSUK-D74-2-5,MSUK-D74-7-5,MSUK-D74-2-2,MSUK-D74-2-4,MSUK-D74-2-6,MSUK-D74-7-3,MSUK-D74-6-4,MSUK-D74-5-2,MSUK-D74-6-5,MSUK-D74-7-2,MSUK-D74-5-3,MSUK-D74-5-6,MSUK-D74-2-3,MSUK-D74-6-3,MSUK-D74-5-4,MSUK-D74-7-4,MSUK-D74-5-5,MSUK-D74-6-2,MSUK-D74-7-6",SPONSORED PRODUCTS
慕声欧洲-UK,3146723M7PA25,PAID_IN_FULL,CREDIT_CARD,2025-09-16至2025-09-30,2025-09-29,GBP,506.88,D73-手动,520750068765726,CPC,39,0.48,18.86,0.00,业务报告,"MSUK-D73-269-3,MSUK-D73-206-3,MSUK-D73-209-3,MSUK-D73-206-5,MSUK-D73-209-4,MSUK-D73-269-4,MSUK-D73-20-2,MSUK-D73-20-3,MSUK-D73-20-5,MSUK-D73-26-3,MSUK-D73-206-4,MSUK-D73-206-2,MSUK-D73-26-4,MSUK-D73-20-4,MSUK-D73-269-2,MSUK-D73-26-5",SPONSORED PRODUCTS
慕声欧洲-UK,3146723M7PA25,PAID_IN_FULL,CREDIT_CARD,2025-09-16至2025-09-30,2025-09-29,GBP,506.88,D22自动新,527135057295761,CPC,76,0.27,20.37,0.00,业务报告,"MS-D22-5-5,MS-D22-7-4,MS-D22-25-3,MS-D22-25-2,MS-D22-5-4,MS-D22-506-5,MS-D22-0-2,MS-D22-205-3,MS-D22-25-4,MS-D22-6-5,MS-D22-27-2,MS-D22-0-5,MS-D22-5-2,MS-D22-506-4,MS-D22-2-3,MS-D22-5-3,MS-D22-506-2,MS-D22-25-5,MS-D22-7-3,MS-D22-7-2,MS-D22-205-2,MS-D22-2-2,MS-D22-2-5,MS-D22-506-3,MS-D22-205-4",SPONSORED PRODUCTS
慕声欧洲-UK,3146723M7PA25,PAID_IN_FULL,CREDIT_CARD,2025-09-16至2025-09-30,2025-09-29,GBP,506.88,D72-手动,532736007580196,CPC,56,0.45,25.45,0.00,业务报告,"MSUK-D72-201-4,MSUK-D72-206-5,MSUK-D72-216-3,MSUK-D72-216-2,MSUK-D72-20-3,MSUK-D72-206-2,MSUK-D72-216-4,MSUK-D72-206-4,MSUK-D72-26-4,MSUK-D72-26-2,MSUK-D72-206-3,MSUK-D72-26-3,MSUK-D72-20-5,MSUK-D72-26-5,MSUK-D72-201-3,MSUK-D72-20-2,MSUK-D72-201-2,MSUK-D72-20-4,MSUK-D72-216-5,MSUK-D72-201-5",SPONSORED PRODUCTS
慕声欧洲-UK,3146723M7PA25,PAID_IN_FULL,CREDIT_CARD,2025-09-16至2025-09-30,2025-09-29,GBP,506.88,D06-手动,534754424133174,CPC,55,0.37,20.56,0.00,业务报告,"MS-D06-2-5-,MS-D06-206-4,MS-D06-208-5,MS-D06-26-2,MS-D06-206-2,MS-D06-209-3,MS-D06-206-5,MS-D06-206-3,MS-D06-209-2,MS-D06-208-3,MS-D06-2-2-,MS-D06-20-5,MS-D06-209-4,MS-D06-2-4-,MS-D06-348-5,MS-D06-20-4,MS-D06-208-2,MS-D06-26-3,MS-D06-2-3-,MS-D06-348-4,MS-D06-348-2,MS-D06-208-4,MS-D06-20-2,MS-D06-20-3,MS-D06-209-5",SPONSORED PRODUCTS
慕声欧洲-UK,3146723M7PA25,PAID_IN_FULL,CREDIT_CARD,2025-09-16至2025-09-30,2025-09-29,GBP,506.88,D42-手动商品-陈,542904453274392,CPC,5,0.29,1.47,0.00,业务报告,"MSUK-D42-6-3,MSUK-D42-7-5,MSUK-D42-7-3,MSUK-D42-6-2,MSUK-D42-2-2,MSUK-D42-5-5,MSUK-D42-2-4,MSUK-D42-5-3,MSUK-D42-5-4,MSUK-D42-256-3,MSUK-D42-2-5,MSUK-D42-2-3,MSUK-D42-7-2,MSUK-D42-256-5,MSUK-D42-256-2,MSUK-D42-25-5,MSUK-D42-25-3,MSUK-D42-6-4,MSUK-D42-7-4,MSUK-D42-6-5,MSUK-D42-25-2,MSUK-D42-25-4,MSUK-D42-256-4",SPONSORED PRODUCTS
慕声欧洲-UK,3146723M7PA25,PAID_IN_FULL,CREDIT_CARD,2025-09-16至2025-09-30,2025-09-29,GBP,506.88,D73自动,552441102016304,CPC,35,0.20,7.12,0.00,业务报告,"MSUK-D73-206-5,MSUK-D73-20-5,MSUK-D73-269-3,MSUK-D73-206-2,MSUK-D73-20-3,MSUK-D73-209-4,MSUK-D73-269-5,MSUK-D73-26-4,MSUK-D73-20-2,MSUK-D73-209-3,MSUK-D73-26-2,MSUK-D73-206-3,MSUK-D73-209-2,MSUK-D73-20-4,MSUK-D73-269-2,MSUK-D73-209-5,MSUK-D73-269-4,MSUK-D73-206-4,MSUK-D73-26-3,MSUK-D73-26-5",SPONSORED PRODUCTS
