2026-03-22 11:46:54.134 [main] [-] INFO  com.musheng.MushengApplication - Starting MushengApplication using Java 17.0.17 with PID 18482 (/Users/wanhua/project/慕声/musheng/musheng-tax-system/musheng-web/target/classes started by wanhua in /Users/wanhua/project/慕声/musheng/musheng-tax-system/musheng-web)
2026-03-22 11:46:54.136 [main] [-] INFO  com.musheng.MushengApplication - The following 1 profile is active: "dev"
2026-03-22 11:46:56.825 [main] [-] INFO  c.m.business.sales.parser.SalesDataParserFactory - 注册销售数据解析器: ERP -> ErpSettlementParser
2026-03-22 11:46:56.826 [main] [-] INFO  c.m.business.sales.parser.SalesDataParserFactory - 注册销售数据解析器: ORIGINAL -> AmazonOriginalParser
2026-03-22 11:46:57.077 [main] [-] INFO  com.musheng.system.config.SaTokenCacheConfig - ========================================
2026-03-22 11:46:57.077 [main] [-] INFO  com.musheng.system.config.SaTokenCacheConfig - Sa-Token 缓存模式: Caffeine (本地缓存)
2026-03-22 11:46:57.077 [main] [-] INFO  com.musheng.system.config.SaTokenCacheConfig - 适用于: 单机部署、内部系统
2026-03-22 11:46:57.077 [main] [-] INFO  com.musheng.system.config.SaTokenCacheConfig - 注意: 服务重启后登录状态会丢失
2026-03-22 11:46:57.077 [main] [-] INFO  com.musheng.system.config.SaTokenCacheConfig - ========================================
2026-03-22 11:46:57.079 [main] [-] INFO  com.musheng.system.config.SaTokenCaffeineDao - Sa-Token Caffeine 本地缓存初始化完成
2026-03-22 11:46:58.222 [main] [-] INFO  com.musheng.MushengApplication - Started MushengApplication in 4.592 seconds (process running for 4.92)
2026-03-22 11:47:15.707 [http-nio-8888-exec-1] [6ff56e8be4174f6d] INFO  com.musheng.aop.RequestLogAspect - [请求开始] traceId=6ff56e8be4174f6d userId=未登录 POST /api/v1/auth/login ip=0:0:0:0:0:0:0:1 方法=AuthController.login 参数=[LoginRequest(username=admin, password=123456), org.apache.catalina.connector.RequestFacade@231d930c]
2026-03-22 11:47:16.024 [http-nio-8888-exec-1] [6ff56e8be4174f6d] INFO  com.musheng.system.service.impl.AuthServiceImpl - User logged in successfully: admin
2026-03-22 11:47:16.073 [http-nio-8888-exec-1] [6ff56e8be4174f6d] INFO  com.musheng.aop.RequestLogAspect - [请求结束] traceId=6ff56e8be4174f6d POST /api/v1/auth/login 耗时=344ms 响应=Result(code=0, message=success, data=LoginResponse(token=cb981f71-3b34-4840-9b66-07d8608dd6c0, tokenType=Bearer, expiresIn=86400, userInfo=LoginResponse.UserInfo(id=1, username=admin, realName=System Administrator, role=admin, roleCode=admin, roleName=Administrator, avatar=null, email=null, phone=null, status=1, createTime=2026-01-19T20:38:39, lastLoginTime=2026-03-22T11:47:15.959113), permissions=[*]), timestamp=1774151236028, requestId=null)
2026-03-22 11:47:16.178 [http-nio-8888-exec-5] [e0801adb30964ca8] ERROR c.musheng.common.exception.GlobalExceptionHandler - 系统异常 /api/v1/business/document-party-config/list: No static resource v1/business/document-party-config/list.
org.springframework.web.servlet.resource.NoResourceFoundException: No static resource v1/business/document-party-config/list.
	at org.springframework.web.servlet.resource.ResourceHttpRequestHandler.handleRequest(ResourceHttpRequestHandler.java:585)
	at org.springframework.web.servlet.mvc.HttpRequestHandlerAdapter.handle(HttpRequestHandlerAdapter.java:52)
	at org.springframework.web.servlet.DispatcherServlet.doDispatch(DispatcherServlet.java:1089)
	at org.springframework.web.servlet.DispatcherServlet.doService(DispatcherServlet.java:979)
	at org.springframework.web.servlet.FrameworkServlet.processRequest(FrameworkServlet.java:1014)
	at org.springframework.web.servlet.FrameworkServlet.doGet(FrameworkServlet.java:903)
	at jakarta.servlet.http.HttpServlet.service(HttpServlet.java:564)
	at org.springframework.web.servlet.FrameworkServlet.service(FrameworkServlet.java:885)
	at jakarta.servlet.http.HttpServlet.service(HttpServlet.java:658)
	at org.apache.catalina.core.ApplicationFilterChain.internalDoFilter(ApplicationFilterChain.java:205)
	at org.apache.catalina.core.ApplicationFilterChain.doFilter(ApplicationFilterChain.java:149)
	at org.apache.tomcat.websocket.server.WsFilter.doFilter(WsFilter.java:51)
	at org.apache.catalina.core.ApplicationFilterChain.internalDoFilter(ApplicationFilterChain.java:174)
	at org.apache.catalina.core.ApplicationFilterChain.doFilter(ApplicationFilterChain.java:149)
	at com.musheng.filter.TraceIdFilter.doFilterInternal(TraceIdFilter.java:61)
	at org.springframework.web.filter.OncePerRequestFilter.doFilter(OncePerRequestFilter.java:116)
	at org.apache.catalina.core.ApplicationFilterChain.internalDoFilter(ApplicationFilterChain.java:174)
	at org.apache.catalina.core.ApplicationFilterChain.doFilter(ApplicationFilterChain.java:149)
	at cn.dev33.satoken.filter.SaServletFilter.doFilter(SaServletFilter.java:150)
	at org.apache.catalina.core.ApplicationFilterChain.internalDoFilter(ApplicationFilterChain.java:174)
	at org.apache.catalina.core.ApplicationFilterChain.doFilter(ApplicationFilterChain.java:149)
	at org.springframework.web.filter.RequestContextFilter.doFilterInternal(RequestContextFilter.java:100)
	at org.springframework.web.filter.OncePerRequestFilter.doFilter(OncePerRequestFilter.java:116)
	at org.apache.catalina.core.ApplicationFilterChain.internalDoFilter(ApplicationFilterChain.java:174)
	at org.apache.catalina.core.ApplicationFilterChain.doFilter(ApplicationFilterChain.java:149)
	at cn.dev33.satoken.filter.SaPathCheckFilterForJakartaServlet.doFilter(SaPathCheckFilterForJakartaServlet.java:55)
	at org.apache.catalina.core.ApplicationFilterChain.internalDoFilter(ApplicationFilterChain.java:174)
	at org.apache.catalina.core.ApplicationFilterChain.doFilter(ApplicationFilterChain.java:149)
	at org.springframework.web.filter.FormContentFilter.doFilterInternal(FormContentFilter.java:93)
	at org.springframework.web.filter.OncePerRequestFilter.doFilter(OncePerRequestFilter.java:116)
	at org.apache.catalina.core.ApplicationFilterChain.internalDoFilter(ApplicationFilterChain.java:174)
	at org.apache.catalina.core.ApplicationFilterChain.doFilter(ApplicationFilterChain.java:149)
	at org.springframework.web.filter.CharacterEncodingFilter.doFilterInternal(CharacterEncodingFilter.java:201)
	at org.springframework.web.filter.OncePerRequestFilter.doFilter(OncePerRequestFilter.java:116)
	at org.apache.catalina.core.ApplicationFilterChain.internalDoFilter(ApplicationFilterChain.java:174)
	at org.apache.catalina.core.ApplicationFilterChain.doFilter(ApplicationFilterChain.java:149)
	at org.apache.catalina.core.StandardWrapperValve.invoke(StandardWrapperValve.java:167)
	at org.apache.catalina.core.StandardContextValve.invoke(StandardContextValve.java:90)
	at org.apache.catalina.authenticator.AuthenticatorBase.invoke(AuthenticatorBase.java:482)
	at org.apache.catalina.core.StandardHostValve.invoke(StandardHostValve.java:115)
	at org.apache.catalina.valves.ErrorReportValve.invoke(ErrorReportValve.java:93)
	at org.apache.catalina.core.StandardEngineValve.invoke(StandardEngineValve.java:74)
	at org.apache.catalina.connector.CoyoteAdapter.service(CoyoteAdapter.java:340)
	at org.apache.coyote.http11.Http11Processor.service(Http11Processor.java:391)
	at org.apache.coyote.AbstractProcessorLight.process(AbstractProcessorLight.java:63)
	at org.apache.coyote.AbstractProtocol$ConnectionHandler.process(AbstractProtocol.java:896)
	at org.apache.tomcat.util.net.NioEndpoint$SocketProcessor.doRun(NioEndpoint.java:1744)
	at org.apache.tomcat.util.net.SocketProcessorBase.run(SocketProcessorBase.java:52)
	at org.apache.tomcat.util.threads.ThreadPoolExecutor.runWorker(ThreadPoolExecutor.java:1191)
	at org.apache.tomcat.util.threads.ThreadPoolExecutor$Worker.run(ThreadPoolExecutor.java:659)
	at org.apache.tomcat.util.threads.TaskThread$WrappingRunnable.run(TaskThread.java:61)
	at java.base/java.lang.Thread.run(Thread.java:840)
2026-03-22 11:48:35.471 [http-nio-8888-exec-9] [158679f6992344b0] INFO  com.musheng.aop.RequestLogAspect - [请求开始] traceId=158679f6992344b0 userId=1 GET /api/v1/business/document/list ip=0:0:0:0:0:0:0:1 方法=DocumentController.listDocuments 参数=[null, null, null, null, 1, 10]
2026-03-22 11:48:35.475 [http-nio-8888-exec-9] [158679f6992344b0] INFO  c.m.b.d.service.impl.DocumentQueryServiceImpl - 分页查询单据列表, 类型=null, 编号=null
2026-03-22 11:48:35.619 [http-nio-8888-exec-9] [158679f6992344b0] INFO  com.musheng.aop.RequestLogAspect - [请求结束] traceId=158679f6992344b0 GET /api/v1/business/document/list 耗时=131ms 响应=Result(code=0, message=success, data=PageResult(records=[DocumentListVO(id=547, documentType=INV, documentNo=20251013003, documentDate=2025-10-13, buyerName=Dongguan Musheng Trade Co., Ltd., sellerName=Hong Kong Andeo Group Limited, totalQuantity=8890, totalAmount=51723.2800), DocumentListVO(id=871, documentType=SETTLEMENT, documentNo=20251008003, documentDate=2025-10-08, buyerName=东莞市慕声商贸有限公司, sellerName=Hong Kong Andeo Group Limited, totalQuantity=8890, totalAmount=51723.2800), DocumentListVO(...[已截断]
2026-03-22 11:50:26.979 [main] [-] INFO  com.musheng.MushengApplication - Starting MushengApplication using Java 17.0.17 with PID 21647 (/Users/wanhua/project/慕声/musheng/musheng-tax-system/musheng-web/target/classes started by wanhua in /Users/wanhua/project/慕声/musheng/musheng-tax-system/musheng-web)
2026-03-22 11:50:26.981 [main] [-] INFO  com.musheng.MushengApplication - The following 1 profile is active: "dev"
2026-03-22 11:50:29.808 [main] [-] INFO  c.m.business.sales.parser.SalesDataParserFactory - 注册销售数据解析器: ERP -> ErpSettlementParser
2026-03-22 11:50:29.809 [main] [-] INFO  c.m.business.sales.parser.SalesDataParserFactory - 注册销售数据解析器: ORIGINAL -> AmazonOriginalParser
2026-03-22 11:50:30.059 [main] [-] INFO  com.musheng.system.config.SaTokenCacheConfig - ========================================
2026-03-22 11:50:30.060 [main] [-] INFO  com.musheng.system.config.SaTokenCacheConfig - Sa-Token 缓存模式: Caffeine (本地缓存)
2026-03-22 11:50:30.060 [main] [-] INFO  com.musheng.system.config.SaTokenCacheConfig - 适用于: 单机部署、内部系统
2026-03-22 11:50:30.060 [main] [-] INFO  com.musheng.system.config.SaTokenCacheConfig - 注意: 服务重启后登录状态会丢失
2026-03-22 11:50:30.060 [main] [-] INFO  com.musheng.system.config.SaTokenCacheConfig - ========================================
2026-03-22 11:50:30.062 [main] [-] INFO  com.musheng.system.config.SaTokenCaffeineDao - Sa-Token Caffeine 本地缓存初始化完成
2026-03-22 11:50:31.160 [main] [-] INFO  com.musheng.MushengApplication - Started MushengApplication in 4.686 seconds (process running for 5.02)
2026-03-22 11:50:50.413 [http-nio-8888-exec-1] [5510bac630df460d] INFO  com.musheng.aop.RequestLogAspect - [请求开始] traceId=5510bac630df460d userId=未登录 POST /api/v1/auth/login ip=0:0:0:0:0:0:0:1 方法=AuthController.login 参数=[LoginRequest(username=admin, password=123456), org.apache.catalina.connector.RequestFacade@3017462e]
2026-03-22 11:50:50.754 [http-nio-8888-exec-1] [5510bac630df460d] INFO  com.musheng.system.service.impl.AuthServiceImpl - User logged in successfully: admin
2026-03-22 11:50:50.795 [http-nio-8888-exec-1] [5510bac630df460d] INFO  com.musheng.aop.RequestLogAspect - [请求结束] traceId=5510bac630df460d POST /api/v1/auth/login 耗时=377ms 响应=Result(code=0, message=success, data=LoginResponse(token=82877345-f41e-4c74-ae23-e7652537ebc2, tokenType=Bearer, expiresIn=86400, userInfo=LoginResponse.UserInfo(id=1, username=admin, realName=System Administrator, role=admin, roleCode=admin, roleName=Administrator, avatar=null, email=null, phone=null, status=1, createTime=2026-01-19T20:38:39, lastLoginTime=2026-03-22T11:50:50.684128), permissions=[*]), timestamp=1774151450760, requestId=null)
2026-03-22 11:50:50.954 [http-nio-8888-exec-2] [b553a4a6a24746d3] ERROR c.musheng.common.exception.GlobalExceptionHandler - 系统异常 /api/v1/business/document-party-config/list: No static resource v1/business/document-party-config/list.
org.springframework.web.servlet.resource.NoResourceFoundException: No static resource v1/business/document-party-config/list.
	at org.springframework.web.servlet.resource.ResourceHttpRequestHandler.handleRequest(ResourceHttpRequestHandler.java:585)
	at org.springframework.web.servlet.mvc.HttpRequestHandlerAdapter.handle(HttpRequestHandlerAdapter.java:52)
	at org.springframework.web.servlet.DispatcherServlet.doDispatch(DispatcherServlet.java:1089)
	at org.springframework.web.servlet.DispatcherServlet.doService(DispatcherServlet.java:979)
	at org.springframework.web.servlet.FrameworkServlet.processRequest(FrameworkServlet.java:1014)
	at org.springframework.web.servlet.FrameworkServlet.doGet(FrameworkServlet.java:903)
	at jakarta.servlet.http.HttpServlet.service(HttpServlet.java:564)
	at org.springframework.web.servlet.FrameworkServlet.service(FrameworkServlet.java:885)
	at jakarta.servlet.http.HttpServlet.service(HttpServlet.java:658)
	at org.apache.catalina.core.ApplicationFilterChain.internalDoFilter(ApplicationFilterChain.java:205)
	at org.apache.catalina.core.ApplicationFilterChain.doFilter(ApplicationFilterChain.java:149)
	at org.apache.tomcat.websocket.server.WsFilter.doFilter(WsFilter.java:51)
	at org.apache.catalina.core.ApplicationFilterChain.internalDoFilter(ApplicationFilterChain.java:174)
	at org.apache.catalina.core.ApplicationFilterChain.doFilter(ApplicationFilterChain.java:149)
	at com.musheng.filter.TraceIdFilter.doFilterInternal(TraceIdFilter.java:61)
	at org.springframework.web.filter.OncePerRequestFilter.doFilter(OncePerRequestFilter.java:116)
	at org.apache.catalina.core.ApplicationFilterChain.internalDoFilter(ApplicationFilterChain.java:174)
	at org.apache.catalina.core.ApplicationFilterChain.doFilter(ApplicationFilterChain.java:149)
	at cn.dev33.satoken.filter.SaServletFilter.doFilter(SaServletFilter.java:150)
	at org.apache.catalina.core.ApplicationFilterChain.internalDoFilter(ApplicationFilterChain.java:174)
	at org.apache.catalina.core.ApplicationFilterChain.doFilter(ApplicationFilterChain.java:149)
	at org.springframework.web.filter.RequestContextFilter.doFilterInternal(RequestContextFilter.java:100)
	at org.springframework.web.filter.OncePerRequestFilter.doFilter(OncePerRequestFilter.java:116)
	at org.apache.catalina.core.ApplicationFilterChain.internalDoFilter(ApplicationFilterChain.java:174)
	at org.apache.catalina.core.ApplicationFilterChain.doFilter(ApplicationFilterChain.java:149)
	at cn.dev33.satoken.filter.SaPathCheckFilterForJakartaServlet.doFilter(SaPathCheckFilterForJakartaServlet.java:55)
	at org.apache.catalina.core.ApplicationFilterChain.internalDoFilter(ApplicationFilterChain.java:174)
	at org.apache.catalina.core.ApplicationFilterChain.doFilter(ApplicationFilterChain.java:149)
	at org.springframework.web.filter.FormContentFilter.doFilterInternal(FormContentFilter.java:93)
	at org.springframework.web.filter.OncePerRequestFilter.doFilter(OncePerRequestFilter.java:116)
	at org.apache.catalina.core.ApplicationFilterChain.internalDoFilter(ApplicationFilterChain.java:174)
	at org.apache.catalina.core.ApplicationFilterChain.doFilter(ApplicationFilterChain.java:149)
	at org.springframework.web.filter.CharacterEncodingFilter.doFilterInternal(CharacterEncodingFilter.java:201)
	at org.springframework.web.filter.OncePerRequestFilter.doFilter(OncePerRequestFilter.java:116)
	at org.apache.catalina.core.ApplicationFilterChain.internalDoFilter(ApplicationFilterChain.java:174)
	at org.apache.catalina.core.ApplicationFilterChain.doFilter(ApplicationFilterChain.java:149)
	at org.apache.catalina.core.StandardWrapperValve.invoke(StandardWrapperValve.java:167)
	at org.apache.catalina.core.StandardContextValve.invoke(StandardContextValve.java:90)
	at org.apache.catalina.authenticator.AuthenticatorBase.invoke(AuthenticatorBase.java:482)
	at org.apache.catalina.core.StandardHostValve.invoke(StandardHostValve.java:115)
	at org.apache.catalina.valves.ErrorReportValve.invoke(ErrorReportValve.java:93)
	at org.apache.catalina.core.StandardEngineValve.invoke(StandardEngineValve.java:74)
	at org.apache.catalina.connector.CoyoteAdapter.service(CoyoteAdapter.java:340)
	at org.apache.coyote.http11.Http11Processor.service(Http11Processor.java:391)
	at org.apache.coyote.AbstractProcessorLight.process(AbstractProcessorLight.java:63)
	at org.apache.coyote.AbstractProtocol$ConnectionHandler.process(AbstractProtocol.java:896)
	at org.apache.tomcat.util.net.NioEndpoint$SocketProcessor.doRun(NioEndpoint.java:1744)
	at org.apache.tomcat.util.net.SocketProcessorBase.run(SocketProcessorBase.java:52)
	at org.apache.tomcat.util.threads.ThreadPoolExecutor.runWorker(ThreadPoolExecutor.java:1191)
	at org.apache.tomcat.util.threads.ThreadPoolExecutor$Worker.run(ThreadPoolExecutor.java:659)
	at org.apache.tomcat.util.threads.TaskThread$WrappingRunnable.run(TaskThread.java:61)
	at java.base/java.lang.Thread.run(Thread.java:840)
2026-03-22 11:50:51.103 [http-nio-8888-exec-3] [79cc5982dabc468d] ERROR c.musheng.common.exception.GlobalExceptionHandler - 系统异常 /api/v1/business/document-party-config/US: No static resource v1/business/document-party-config/US.
org.springframework.web.servlet.resource.NoResourceFoundException: No static resource v1/business/document-party-config/US.
	at org.springframework.web.servlet.resource.ResourceHttpRequestHandler.handleRequest(ResourceHttpRequestHandler.java:585)
	at org.springframework.web.servlet.mvc.HttpRequestHandlerAdapter.handle(HttpRequestHandlerAdapter.java:52)
	at org.springframework.web.servlet.DispatcherServlet.doDispatch(DispatcherServlet.java:1089)
	at org.springframework.web.servlet.DispatcherServlet.doService(DispatcherServlet.java:979)
	at org.springframework.web.servlet.FrameworkServlet.processRequest(FrameworkServlet.java:1014)
	at org.springframework.web.servlet.FrameworkServlet.doGet(FrameworkServlet.java:903)
	at jakarta.servlet.http.HttpServlet.service(HttpServlet.java:564)
	at org.springframework.web.servlet.FrameworkServlet.service(FrameworkServlet.java:885)
	at jakarta.servlet.http.HttpServlet.service(HttpServlet.java:658)
	at org.apache.catalina.core.ApplicationFilterChain.internalDoFilter(ApplicationFilterChain.java:205)
	at org.apache.catalina.core.ApplicationFilterChain.doFilter(ApplicationFilterChain.java:149)
	at org.apache.tomcat.websocket.server.WsFilter.doFilter(WsFilter.java:51)
	at org.apache.catalina.core.ApplicationFilterChain.internalDoFilter(ApplicationFilterChain.java:174)
	at org.apache.catalina.core.ApplicationFilterChain.doFilter(ApplicationFilterChain.java:149)
	at com.musheng.filter.TraceIdFilter.doFilterInternal(TraceIdFilter.java:61)
	at org.springframework.web.filter.OncePerRequestFilter.doFilter(OncePerRequestFilter.java:116)
	at org.apache.catalina.core.ApplicationFilterChain.internalDoFilter(ApplicationFilterChain.java:174)
	at org.apache.catalina.core.ApplicationFilterChain.doFilter(ApplicationFilterChain.java:149)
	at cn.dev33.satoken.filter.SaServletFilter.doFilter(SaServletFilter.java:150)
	at org.apache.catalina.core.ApplicationFilterChain.internalDoFilter(ApplicationFilterChain.java:174)
	at org.apache.catalina.core.ApplicationFilterChain.doFilter(ApplicationFilterChain.java:149)
	at org.springframework.web.filter.RequestContextFilter.doFilterInternal(RequestContextFilter.java:100)
	at org.springframework.web.filter.OncePerRequestFilter.doFilter(OncePerRequestFilter.java:116)
	at org.apache.catalina.core.ApplicationFilterChain.internalDoFilter(ApplicationFilterChain.java:174)
	at org.apache.catalina.core.ApplicationFilterChain.doFilter(ApplicationFilterChain.java:149)
	at cn.dev33.satoken.filter.SaPathCheckFilterForJakartaServlet.doFilter(SaPathCheckFilterForJakartaServlet.java:55)
	at org.apache.catalina.core.ApplicationFilterChain.internalDoFilter(ApplicationFilterChain.java:174)
	at org.apache.catalina.core.ApplicationFilterChain.doFilter(ApplicationFilterChain.java:149)
	at org.springframework.web.filter.FormContentFilter.doFilterInternal(FormContentFilter.java:93)
	at org.springframework.web.filter.OncePerRequestFilter.doFilter(OncePerRequestFilter.java:116)
	at org.apache.catalina.core.ApplicationFilterChain.internalDoFilter(ApplicationFilterChain.java:174)
	at org.apache.catalina.core.ApplicationFilterChain.doFilter(ApplicationFilterChain.java:149)
	at org.springframework.web.filter.CharacterEncodingFilter.doFilterInternal(CharacterEncodingFilter.java:201)
	at org.springframework.web.filter.OncePerRequestFilter.doFilter(OncePerRequestFilter.java:116)
	at org.apache.catalina.core.ApplicationFilterChain.internalDoFilter(ApplicationFilterChain.java:174)
	at org.apache.catalina.core.ApplicationFilterChain.doFilter(ApplicationFilterChain.java:149)
	at org.apache.catalina.core.StandardWrapperValve.invoke(StandardWrapperValve.java:167)
	at org.apache.catalina.core.StandardContextValve.invoke(StandardContextValve.java:90)
	at org.apache.catalina.authenticator.AuthenticatorBase.invoke(AuthenticatorBase.java:482)
	at org.apache.catalina.core.StandardHostValve.invoke(StandardHostValve.java:115)
	at org.apache.catalina.valves.ErrorReportValve.invoke(ErrorReportValve.java:93)
	at org.apache.catalina.core.StandardEngineValve.invoke(StandardEngineValve.java:74)
	at org.apache.catalina.connector.CoyoteAdapter.service(CoyoteAdapter.java:340)
	at org.apache.coyote.http11.Http11Processor.service(Http11Processor.java:391)
	at org.apache.coyote.AbstractProcessorLight.process(AbstractProcessorLight.java:63)
	at org.apache.coyote.AbstractProtocol$ConnectionHandler.process(AbstractProtocol.java:896)
	at org.apache.tomcat.util.net.NioEndpoint$SocketProcessor.doRun(NioEndpoint.java:1744)
	at org.apache.tomcat.util.net.SocketProcessorBase.run(SocketProcessorBase.java:52)
	at org.apache.tomcat.util.threads.ThreadPoolExecutor.runWorker(ThreadPoolExecutor.java:1191)
	at org.apache.tomcat.util.threads.ThreadPoolExecutor$Worker.run(ThreadPoolExecutor.java:659)
	at org.apache.tomcat.util.threads.TaskThread$WrappingRunnable.run(TaskThread.java:61)
	at java.base/java.lang.Thread.run(Thread.java:840)
2026-03-22 11:52:31.354 [main] [-] INFO  com.musheng.MushengApplication - Starting MushengApplication using Java 17.0.17 with PID 23963 (/Users/wanhua/project/慕声/musheng/musheng-tax-system/musheng-web/target/classes started by wanhua in /Users/wanhua/project/慕声/musheng/musheng-tax-system/musheng-web)
2026-03-22 11:52:31.357 [main] [-] INFO  com.musheng.MushengApplication - The following 1 profile is active: "dev"
2026-03-22 11:52:34.072 [main] [-] INFO  c.m.business.sales.parser.SalesDataParserFactory - 注册销售数据解析器: ERP -> ErpSettlementParser
2026-03-22 11:52:34.073 [main] [-] INFO  c.m.business.sales.parser.SalesDataParserFactory - 注册销售数据解析器: ORIGINAL -> AmazonOriginalParser
2026-03-22 11:52:34.338 [main] [-] INFO  com.musheng.system.config.SaTokenCacheConfig - ========================================
2026-03-22 11:52:34.338 [main] [-] INFO  com.musheng.system.config.SaTokenCacheConfig - Sa-Token 缓存模式: Caffeine (本地缓存)
2026-03-22 11:52:34.338 [main] [-] INFO  com.musheng.system.config.SaTokenCacheConfig - 适用于: 单机部署、内部系统
2026-03-22 11:52:34.338 [main] [-] INFO  com.musheng.system.config.SaTokenCacheConfig - 注意: 服务重启后登录状态会丢失
2026-03-22 11:52:34.338 [main] [-] INFO  com.musheng.system.config.SaTokenCacheConfig - ========================================
2026-03-22 11:52:34.340 [main] [-] INFO  com.musheng.system.config.SaTokenCaffeineDao - Sa-Token Caffeine 本地缓存初始化完成
2026-03-22 11:52:35.314 [main] [-] INFO  com.musheng.MushengApplication - Started MushengApplication in 4.496 seconds (process running for 4.844)
2026-03-22 11:52:54.983 [http-nio-8888-exec-1] [9899ed716ebf4bf3] INFO  com.musheng.aop.RequestLogAspect - [请求开始] traceId=9899ed716ebf4bf3 userId=未登录 POST /api/v1/auth/login ip=0:0:0:0:0:0:0:1 方法=AuthController.login 参数=[LoginRequest(username=admin, password=123456), org.apache.catalina.connector.RequestFacade@3eef6681]
2026-03-22 11:52:55.333 [http-nio-8888-exec-1] [9899ed716ebf4bf3] INFO  com.musheng.system.service.impl.AuthServiceImpl - User logged in successfully: admin
2026-03-22 11:52:55.374 [http-nio-8888-exec-1] [9899ed716ebf4bf3] INFO  com.musheng.aop.RequestLogAspect - [请求结束] traceId=9899ed716ebf4bf3 POST /api/v1/auth/login 耗时=386ms 响应=Result(code=0, message=success, data=LoginResponse(token=6b0db05c-076d-40ad-8447-0fc81761d4ff, tokenType=Bearer, expiresIn=86400, userInfo=LoginResponse.UserInfo(id=1, username=admin, realName=System Administrator, role=admin, roleCode=admin, roleName=Administrator, avatar=null, email=null, phone=null, status=1, createTime=2026-01-19T20:38:39, lastLoginTime=2026-03-22T11:52:55.249296), permissions=[*]), timestamp=1774151575339, requestId=null)
2026-03-22 11:52:55.520 [http-nio-8888-exec-2] [d2ee9b9c2a194884] INFO  com.musheng.aop.RequestLogAspect - [请求开始] traceId=d2ee9b9c2a194884 userId=1 GET /api/v1/business/document-party-config/list ip=0:0:0:0:0:0:0:1 方法=DocumentPartyConfigController.list 参数=[]
2026-03-22 11:52:55.565 [http-nio-8888-exec-2] [d2ee9b9c2a194884] INFO  com.musheng.aop.RequestLogAspect - [请求结束] traceId=d2ee9b9c2a194884 GET /api/v1/business/document-party-config/list 耗时=32ms 响应=Result(code=0, message=success, data=[DocumentPartyConfigVO(id=2, siteCode=CA, buyerName=东莞市慕声商贸有限公司, buyerAddress=广东省东莞市虎门镇连升路82号虎门万达广场2栋606房, buyerPhone=18575382420, buyerNameEn=Dongguan Musheng Trade Co., Ltd., sellerName=Hong Kong Andeo Group Limited, sellerAddress=ROOM 1201, 12/F TAI SANG BANK BUILDING 130-132 DES VOEUX ROAD, CENTRAL HONGKONG, sellerPhone=00852-54682464, supplierName=Hong Kong Andeo Group Limited, customerNameTc=東莞市慕聲商貿有限公司, bankAccountName=Hong Kong Andeo Group Limited, ba...[已截断]
2026-03-22 11:52:55.713 [http-nio-8888-exec-4] [d02fcf6fad734a88] INFO  com.musheng.aop.RequestLogAspect - [请求开始] traceId=d02fcf6fad734a88 userId=1 GET /api/v1/business/document-party-config/US ip=0:0:0:0:0:0:0:1 方法=DocumentPartyConfigController.getBySiteCode 参数=[US]
2026-03-22 11:52:55.733 [http-nio-8888-exec-4] [d02fcf6fad734a88] INFO  com.musheng.aop.RequestLogAspect - [请求结束] traceId=d02fcf6fad734a88 GET /api/v1/business/document-party-config/US 耗时=16ms 响应=Result(code=0, message=success, data=DocumentPartyConfig(id=1, siteCode=US, buyerName=东莞市慕声商贸有限公司, buyerAddress=广东省东莞市虎门镇连升路82号虎门万达广场2栋606房, buyerPhone=18575382420, buyerNameEn=Dongguan Musheng Trade Co., Ltd., sellerName=Hong Kong Andeo Group Limited, sellerAddress=ROOM 1201, 12/F TAI SANG BANK BUILDING 130-132 DES VOEUX ROAD, CENTRAL HONGKONG, sellerPhone=00852-54682464, supplierName=Hong Kong Andeo Group Limited, customerNameTc=東莞市慕聲商貿有限公司, bankAccountName=Hong Kong Andeo Group Limited, bankA...[已截断]
2026-03-22 11:53:03.429 [http-nio-8888-exec-6] [9f969016b8e54100] INFO  com.musheng.aop.RequestLogAspect - [请求开始] traceId=9f969016b8e54100 userId=未登录 POST /api/v1/auth/login ip=0:0:0:0:0:0:0:1 方法=AuthController.login 参数=[LoginRequest(username=admin, password=123456), org.apache.catalina.connector.RequestFacade@2ebd8486]
2026-03-22 11:53:03.512 [http-nio-8888-exec-6] [9f969016b8e54100] INFO  com.musheng.system.service.impl.AuthServiceImpl - User logged in successfully: admin
2026-03-22 11:53:03.514 [http-nio-8888-exec-6] [9f969016b8e54100] INFO  com.musheng.aop.RequestLogAspect - [请求结束] traceId=9f969016b8e54100 POST /api/v1/auth/login 耗时=84ms 响应=Result(code=0, message=success, data=LoginResponse(token=6b0db05c-076d-40ad-8447-0fc81761d4ff, tokenType=Bearer, expiresIn=86400, userInfo=LoginResponse.UserInfo(id=1, username=admin, realName=System Administrator, role=admin, roleCode=admin, roleName=Administrator, avatar=null, email=null, phone=null, status=1, createTime=2026-01-19T20:38:39, lastLoginTime=2026-03-22T11:53:03.504960), permissions=[*]), timestamp=1774151583513, requestId=null)
2026-03-22 11:53:03.677 [http-nio-8888-exec-8] [38d6746ffb2b4344] INFO  com.musheng.aop.RequestLogAspect - [请求开始] traceId=38d6746ffb2b4344 userId=1 GET /api/v1/business/document-party-config/list ip=0:0:0:0:0:0:0:1 方法=DocumentPartyConfigController.list 参数=[]
2026-03-22 11:53:03.686 [http-nio-8888-exec-8] [38d6746ffb2b4344] INFO  com.musheng.aop.RequestLogAspect - [请求结束] traceId=38d6746ffb2b4344 GET /api/v1/business/document-party-config/list 耗时=10ms 响应=Result(code=0, message=success, data=[DocumentPartyConfigVO(id=2, siteCode=CA, buyerName=东莞市慕声商贸有限公司, buyerAddress=广东省东莞市虎门镇连升路82号虎门万达广场2栋606房, buyerPhone=18575382420, buyerNameEn=Dongguan Musheng Trade Co., Ltd., sellerName=Hong Kong Andeo Group Limited, sellerAddress=ROOM 1201, 12/F TAI SANG BANK BUILDING 130-132 DES VOEUX ROAD, CENTRAL HONGKONG, sellerPhone=00852-54682464, supplierName=Hong Kong Andeo Group Limited, customerNameTc=東莞市慕聲商貿有限公司, bankAccountName=Hong Kong Andeo Group Limited, ba...[已截断]
2026-03-22 11:59:54.689 [http-nio-8888-exec-5] [380fad665cbe497b] INFO  com.musheng.aop.RequestLogAspect - [请求开始] traceId=380fad665cbe497b userId=未登录 POST /api/v1/auth/login ip=0:0:0:0:0:0:0:1 方法=AuthController.login 参数=[LoginRequest(username=admin, password=123456), org.apache.catalina.connector.RequestFacade@421adb21]
2026-03-22 11:59:54.811 [http-nio-8888-exec-5] [380fad665cbe497b] INFO  com.musheng.system.service.impl.AuthServiceImpl - User logged in successfully: admin
2026-03-22 11:59:54.815 [http-nio-8888-exec-5] [380fad665cbe497b] INFO  com.musheng.aop.RequestLogAspect - [请求结束] traceId=380fad665cbe497b POST /api/v1/auth/login 耗时=126ms 响应=Result(code=0, message=success, data=LoginResponse(token=6b0db05c-076d-40ad-8447-0fc81761d4ff, tokenType=Bearer, expiresIn=86400, userInfo=LoginResponse.UserInfo(id=1, username=admin, realName=System Administrator, role=admin, roleCode=admin, roleName=Administrator, avatar=null, email=null, phone=null, status=1, createTime=2026-01-19T20:38:39, lastLoginTime=2026-03-22T11:59:54.801032), permissions=[*]), timestamp=1774151994812, requestId=null)
2026-03-22 11:59:55.051 [http-nio-8888-exec-9] [1d07a71260d7440f] INFO  com.musheng.aop.RequestLogAspect - [请求开始] traceId=1d07a71260d7440f userId=1 GET /api/v1/config/shop/options ip=0:0:0:0:0:0:0:1 方法=ShopController.options 参数=[]
2026-03-22 11:59:55.067 [http-nio-8888-exec-8] [4edd4df665a44551] INFO  com.musheng.aop.RequestLogAspect - [请求开始] traceId=4edd4df665a44551 userId=1 GET /api/v1/business/document-party-config/list ip=0:0:0:0:0:0:0:1 方法=DocumentPartyConfigController.list 参数=[]
2026-03-22 11:59:55.084 [http-nio-8888-exec-9] [1d07a71260d7440f] INFO  com.musheng.aop.RequestLogAspect - [请求结束] traceId=1d07a71260d7440f GET /api/v1/config/shop/options 耗时=24ms 响应=Result(code=0, message=success, data=[Shop(shopCode=DEFAULT, shopName=默认店铺, sellerId=null, companyName=东莞市慕声商贸有限公司, taxId=91441900MA4WNG4C6H, status=1, remark=系统默认店铺), Shop(shopCode=TEST-001, shopName=慕声北美店铺, sellerId=1234567654, companyName=1234567876543, taxId=1234567876543, status=1, remark=1234567654)], timestamp=1774151995075, requestId=null)
2026-03-22 11:59:55.092 [http-nio-8888-exec-8] [4edd4df665a44551] INFO  com.musheng.aop.RequestLogAspect - [请求结束] traceId=4edd4df665a44551 GET /api/v1/business/document-party-config/list 耗时=25ms 响应=Result(code=0, message=success, data=[DocumentPartyConfigVO(id=2, siteCode=CA, buyerName=东莞市慕声商贸有限公司, buyerAddress=广东省东莞市虎门镇连升路82号虎门万达广场2栋606房, buyerPhone=18575382420, buyerNameEn=Dongguan Musheng Trade Co., Ltd., sellerName=Hong Kong Andeo Group Limited, sellerAddress=ROOM 1201, 12/F TAI SANG BANK BUILDING 130-132 DES VOEUX ROAD, CENTRAL HONGKONG, sellerPhone=00852-54682464, supplierName=Hong Kong Andeo Group Limited, customerNameTc=東莞市慕聲商貿有限公司, bankAccountName=Hong Kong Andeo Group Limited, ba...[已截断]
2026-03-22 12:00:17.301 [http-nio-8888-exec-1] [d73e159527ed4a28] INFO  com.musheng.aop.RequestLogAspect - [请求开始] traceId=d73e159527ed4a28 userId=1 PUT /api/v1/business/document-party-config/update ip=0:0:0:0:0:0:0:1 方法=DocumentPartyConfigController.update 参数=[DocumentPartyConfigDTO(id=1, siteCode=US, buyerName=东莞市慕声商贸有限公司, buyerAddress=广东省东莞市虎门镇连升路82号虎门万达广场2栋606房, buyerPhone=18575382420, buyerNameEn=Dongguan Musheng Trade Co., Ltd., sellerName=Hong Kong Andeo Group Limited, sellerAddress=ROOM 1201, 12/F TAI SANG BANK BUILDING 130-132 DES VOEUX ROAD, CENTRAL HONGKONG, sellerPhone=00852-54682464, supplierName=Hong Kong Andeo Group Limited, customerNameTc=東莞市慕聲商貿有限公司, bankAccountName=Hong Kong Andeo Group Limited, bankAccountNumber=012-878-0-001234-5, bankName=Bank of China (Hong Kong) Limited, bankAddress=Bank of China Tower, 1 Garden Road, Central, Hong Kong, swiftCode=BKCHHKHH)]
2026-03-22 12:00:17.354 [http-nio-8888-exec-1] [d73e159527ed4a28] INFO  c.m.b.d.s.impl.DocumentPartyConfigServiceImpl - 修改交易方配置成功，id=1, siteCode=US
2026-03-22 12:00:17.355 [http-nio-8888-exec-1] [d73e159527ed4a28] INFO  com.musheng.aop.RequestLogAspect - [请求结束] traceId=d73e159527ed4a28 PUT /api/v1/business/document-party-config/update 耗时=59ms 响应=Result(code=0, message=success, data=null, timestamp=1774152017355, requestId=null)
2026-03-22 12:00:31.115 [http-nio-8888-exec-2] [202f3ee53ccc4663] INFO  com.musheng.aop.RequestLogAspect - [请求开始] traceId=202f3ee53ccc4663 userId=1 PUT /api/v1/business/document-party-config/update ip=0:0:0:0:0:0:0:1 方法=DocumentPartyConfigController.update 参数=[DocumentPartyConfigDTO(id=3, siteCode=UK, buyerName=东莞市慕声商贸有限公司-01, buyerAddress=广东省东莞市虎门镇连升路82号虎门万达广场2栋606房, buyerPhone=18575382420, buyerNameEn=Dongguan Musheng Trade Co., Ltd., sellerName=Hong Kong Andeo Group Limited, sellerAddress=ROOM 1201, 12/F TAI SANG BANK BUILDING 130-132 DES VOEUX ROAD, CENTRAL HONGKONG, sellerPhone=00852-54682464, supplierName=Hong Kong Andeo Group Limited, customerNameTc=東莞市慕聲商貿有限公司, bankAccountName=Hong Kong Andeo Group Limited, bankAccountNumber=012-878-0-001234-5, bankName=Bank of China (Hong Kong) Limited, bankAddress=Bank of China Tower, 1 Garden Road, Central, Hong Kong, swiftCode=BKCHHKHH)]
2026-03-22 12:00:31.146 [http-nio-8888-exec-2] [202f3ee53ccc4663] INFO  c.m.b.d.s.impl.DocumentPartyConfigServiceImpl - 修改交易方配置成功，id=3, siteCode=UK
2026-03-22 12:00:31.147 [http-nio-8888-exec-2] [202f3ee53ccc4663] INFO  com.musheng.aop.RequestLogAspect - [请求结束] traceId=202f3ee53ccc4663 PUT /api/v1/business/document-party-config/update 耗时=34ms 响应=Result(code=0, message=success, data=null, timestamp=1774152031147, requestId=null)
2026-03-22 12:00:35.421 [http-nio-8888-exec-5] [32a1977c64ab452c] INFO  com.musheng.aop.RequestLogAspect - [请求开始] traceId=32a1977c64ab452c userId=1 GET /api/v1/business/document/list ip=0:0:0:0:0:0:0:1 方法=DocumentController.listDocuments 参数=[null, null, null, null, 1, 20]
2026-03-22 12:00:35.423 [http-nio-8888-exec-5] [32a1977c64ab452c] INFO  c.m.b.d.service.impl.DocumentQueryServiceImpl - 分页查询单据列表, 类型=null, 编号=null
2026-03-22 12:00:35.505 [http-nio-8888-exec-5] [32a1977c64ab452c] INFO  com.musheng.aop.RequestLogAspect - [请求结束] traceId=32a1977c64ab452c GET /api/v1/business/document/list 耗时=78ms 响应=Result(code=0, message=success, data=PageResult(records=[DocumentListVO(id=547, documentType=INV, documentNo=20251013003, documentDate=2025-10-13, buyerName=Dongguan Musheng Trade Co., Ltd., sellerName=Hong Kong Andeo Group Limited, totalQuantity=8890, totalAmount=51723.2800), DocumentListVO(id=871, documentType=SETTLEMENT, documentNo=20251008003, documentDate=2025-10-08, buyerName=东莞市慕声商贸有限公司, sellerName=Hong Kong Andeo Group Limited, totalQuantity=8890, totalAmount=51723.2800), DocumentListVO(...[已截断]
2026-03-22 12:00:37.880 [http-nio-8888-exec-6] [9bd1bd370683432f] INFO  com.musheng.aop.RequestLogAspect - [请求开始] traceId=9bd1bd370683432f userId=1 GET /api/v1/business/document/export/settlement/871 ip=0:0:0:0:0:0:0:1 方法=DocumentController.exportSettlement 参数=[871, org.apache.catalina.connector.ResponseFacade@48b756d6]
2026-03-22 12:00:37.881 [http-nio-8888-exec-6] [9bd1bd370683432f] INFO  c.m.b.document.controller.DocumentController - 导出结算单 Excel，ID: 871
2026-03-22 12:00:37.881 [http-nio-8888-exec-6] [9bd1bd370683432f] INFO  c.m.b.d.service.impl.DocumentExportServiceImpl - 导出结算单 Excel, settlementId=871
2026-03-22 12:00:39.764 [http-nio-8888-exec-6] [9bd1bd370683432f] INFO  com.musheng.aop.RequestLogAspect - [请求结束] traceId=9bd1bd370683432f GET /api/v1/business/document/export/settlement/871 耗时=1885ms 响应=null
2026-03-22 12:01:29.190 [http-nio-8888-exec-10] [72d5702bc08544a1] INFO  com.musheng.aop.RequestLogAspect - [请求开始] traceId=72d5702bc08544a1 userId=1 GET /api/v1/business/document-party-config/list ip=0:0:0:0:0:0:0:1 方法=DocumentPartyConfigController.list 参数=[]
2026-03-22 12:01:29.250 [http-nio-8888-exec-10] [72d5702bc08544a1] INFO  com.musheng.aop.RequestLogAspect - [请求结束] traceId=72d5702bc08544a1 GET /api/v1/business/document-party-config/list 耗时=64ms 响应=Result(code=0, message=success, data=[DocumentPartyConfigVO(id=2, siteCode=CA, buyerName=东莞市慕声商贸有限公司, buyerAddress=广东省东莞市虎门镇连升路82号虎门万达广场2栋606房, buyerPhone=18575382420, buyerNameEn=Dongguan Musheng Trade Co., Ltd., sellerName=Hong Kong Andeo Group Limited, sellerAddress=ROOM 1201, 12/F TAI SANG BANK BUILDING 130-132 DES VOEUX ROAD, CENTRAL HONGKONG, sellerPhone=00852-54682464, supplierName=Hong Kong Andeo Group Limited, customerNameTc=東莞市慕聲商貿有限公司, bankAccountName=Hong Kong Andeo Group Limited, ba...[已截断]
2026-03-22 12:05:48.265 [http-nio-8888-exec-4] [49c350984b8f4bc8] INFO  com.musheng.aop.RequestLogAspect - [请求开始] traceId=49c350984b8f4bc8 userId=1 GET /api/v1/config/shop/options ip=0:0:0:0:0:0:0:1 方法=ShopController.options 参数=[]
2026-03-22 12:05:48.265 [http-nio-8888-exec-5] [eec0cfab3d43414b] INFO  com.musheng.aop.RequestLogAspect - [请求开始] traceId=eec0cfab3d43414b userId=1 GET /api/v1/business/document-party-config/list ip=0:0:0:0:0:0:0:1 方法=DocumentPartyConfigController.list 参数=[]
2026-03-22 12:05:48.294 [http-nio-8888-exec-4] [49c350984b8f4bc8] INFO  com.musheng.aop.RequestLogAspect - [请求结束] traceId=49c350984b8f4bc8 GET /api/v1/config/shop/options 耗时=29ms 响应=Result(code=0, message=success, data=[Shop(shopCode=DEFAULT, shopName=默认店铺, sellerId=null, companyName=东莞市慕声商贸有限公司, taxId=91441900MA4WNG4C6H, status=1, remark=系统默认店铺), Shop(shopCode=TEST-001, shopName=慕声北美店铺, sellerId=1234567654, companyName=1234567876543, taxId=1234567876543, status=1, remark=1234567654)], timestamp=1774152348294, requestId=null)
2026-03-22 12:05:48.298 [http-nio-8888-exec-5] [eec0cfab3d43414b] INFO  com.musheng.aop.RequestLogAspect - [请求结束] traceId=eec0cfab3d43414b GET /api/v1/business/document-party-config/list 耗时=32ms 响应=Result(code=0, message=success, data=[DocumentPartyConfigVO(id=2, siteCode=CA, buyerName=东莞市慕声商贸有限公司, buyerAddress=广东省东莞市虎门镇连升路82号虎门万达广场2栋606房, buyerPhone=18575382420, buyerNameEn=Dongguan Musheng Trade Co., Ltd., sellerName=Hong Kong Andeo Group Limited, sellerAddress=ROOM 1201, 12/F TAI SANG BANK BUILDING 130-132 DES VOEUX ROAD, CENTRAL HONGKONG, sellerPhone=00852-54682464, supplierName=Hong Kong Andeo Group Limited, customerNameTc=東莞市慕聲商貿有限公司, bankAccountName=Hong Kong Andeo Group Limited, ba...[已截断]
2026-03-22 12:05:48.486 [http-nio-8888-exec-8] [25a7f305e0a44d28] INFO  com.musheng.aop.RequestLogAspect - [请求开始] traceId=25a7f305e0a44d28 userId=1 GET /api/v1/config/shop/options ip=0:0:0:0:0:0:0:1 方法=ShopController.options 参数=[]
2026-03-22 12:05:48.492 [http-nio-8888-exec-8] [25a7f305e0a44d28] INFO  com.musheng.aop.RequestLogAspect - [请求结束] traceId=25a7f305e0a44d28 GET /api/v1/config/shop/options 耗时=6ms 响应=Result(code=0, message=success, data=[Shop(shopCode=DEFAULT, shopName=默认店铺, sellerId=null, companyName=东莞市慕声商贸有限公司, taxId=91441900MA4WNG4C6H, status=1, remark=系统默认店铺), Shop(shopCode=TEST-001, shopName=慕声北美店铺, sellerId=1234567654, companyName=1234567876543, taxId=1234567876543, status=1, remark=1234567654)], timestamp=1774152348492, requestId=null)
2026-03-22 12:05:48.503 [http-nio-8888-exec-9] [7593e6a1ca7b4de3] INFO  com.musheng.aop.RequestLogAspect - [请求开始] traceId=7593e6a1ca7b4de3 userId=1 GET /api/v1/business/document-party-config/list ip=0:0:0:0:0:0:0:1 方法=DocumentPartyConfigController.list 参数=[]
2026-03-22 12:05:48.510 [http-nio-8888-exec-9] [7593e6a1ca7b4de3] INFO  com.musheng.aop.RequestLogAspect - [请求结束] traceId=7593e6a1ca7b4de3 GET /api/v1/business/document-party-config/list 耗时=8ms 响应=Result(code=0, message=success, data=[DocumentPartyConfigVO(id=2, siteCode=CA, buyerName=东莞市慕声商贸有限公司, buyerAddress=广东省东莞市虎门镇连升路82号虎门万达广场2栋606房, buyerPhone=18575382420, buyerNameEn=Dongguan Musheng Trade Co., Ltd., sellerName=Hong Kong Andeo Group Limited, sellerAddress=ROOM 1201, 12/F TAI SANG BANK BUILDING 130-132 DES VOEUX ROAD, CENTRAL HONGKONG, sellerPhone=00852-54682464, supplierName=Hong Kong Andeo Group Limited, customerNameTc=東莞市慕聲商貿有限公司, bankAccountName=Hong Kong Andeo Group Limited, ba...[已截断]
2026-03-22 12:05:49.042 [http-nio-8888-exec-3] [74163ec7836f4af0] INFO  com.musheng.aop.RequestLogAspect - [请求开始] traceId=74163ec7836f4af0 userId=1 GET /api/v1/business/document-party-config/list ip=0:0:0:0:0:0:0:1 方法=DocumentPartyConfigController.list 参数=[]
2026-03-22 12:05:49.045 [http-nio-8888-exec-2] [7cf68ab1573b44e0] INFO  com.musheng.aop.RequestLogAspect - [请求开始] traceId=7cf68ab1573b44e0 userId=1 GET /api/v1/config/shop/options ip=0:0:0:0:0:0:0:1 方法=ShopController.options 参数=[]
2026-03-22 12:05:49.051 [http-nio-8888-exec-2] [7cf68ab1573b44e0] INFO  com.musheng.aop.RequestLogAspect - [请求结束] traceId=7cf68ab1573b44e0 GET /api/v1/config/shop/options 耗时=6ms 响应=Result(code=0, message=success, data=[Shop(shopCode=DEFAULT, shopName=默认店铺, sellerId=null, companyName=东莞市慕声商贸有限公司, taxId=91441900MA4WNG4C6H, status=1, remark=系统默认店铺), Shop(shopCode=TEST-001, shopName=慕声北美店铺, sellerId=1234567654, companyName=1234567876543, taxId=1234567876543, status=1, remark=1234567654)], timestamp=1774152349051, requestId=null)
2026-03-22 12:05:49.058 [http-nio-8888-exec-3] [74163ec7836f4af0] INFO  com.musheng.aop.RequestLogAspect - [请求结束] traceId=74163ec7836f4af0 GET /api/v1/business/document-party-config/list 耗时=17ms 响应=Result(code=0, message=success, data=[DocumentPartyConfigVO(id=2, siteCode=CA, buyerName=东莞市慕声商贸有限公司, buyerAddress=广东省东莞市虎门镇连升路82号虎门万达广场2栋606房, buyerPhone=18575382420, buyerNameEn=Dongguan Musheng Trade Co., Ltd., sellerName=Hong Kong Andeo Group Limited, sellerAddress=ROOM 1201, 12/F TAI SANG BANK BUILDING 130-132 DES VOEUX ROAD, CENTRAL HONGKONG, sellerPhone=00852-54682464, supplierName=Hong Kong Andeo Group Limited, customerNameTc=東莞市慕聲商貿有限公司, bankAccountName=Hong Kong Andeo Group Limited, ba...[已截断]
2026-03-22 12:05:49.248 [http-nio-8888-exec-6] [611694ef64a64dfe] INFO  com.musheng.aop.RequestLogAspect - [请求开始] traceId=611694ef64a64dfe userId=1 GET /api/v1/config/shop/options ip=0:0:0:0:0:0:0:1 方法=ShopController.options 参数=[]
2026-03-22 12:05:49.248 [http-nio-8888-exec-7] [bac6a37931174304] INFO  com.musheng.aop.RequestLogAspect - [请求开始] traceId=bac6a37931174304 userId=1 GET /api/v1/business/document-party-config/list ip=0:0:0:0:0:0:0:1 方法=DocumentPartyConfigController.list 参数=[]
2026-03-22 12:05:49.262 [http-nio-8888-exec-6] [611694ef64a64dfe] INFO  com.musheng.aop.RequestLogAspect - [请求结束] traceId=611694ef64a64dfe GET /api/v1/config/shop/options 耗时=15ms 响应=Result(code=0, message=success, data=[Shop(shopCode=DEFAULT, shopName=默认店铺, sellerId=null, companyName=东莞市慕声商贸有限公司, taxId=91441900MA4WNG4C6H, status=1, remark=系统默认店铺), Shop(shopCode=TEST-001, shopName=慕声北美店铺, sellerId=1234567654, companyName=1234567876543, taxId=1234567876543, status=1, remark=1234567654)], timestamp=1774152349262, requestId=null)
2026-03-22 12:05:49.263 [http-nio-8888-exec-7] [bac6a37931174304] INFO  com.musheng.aop.RequestLogAspect - [请求结束] traceId=bac6a37931174304 GET /api/v1/business/document-party-config/list 耗时=16ms 响应=Result(code=0, message=success, data=[DocumentPartyConfigVO(id=2, siteCode=CA, buyerName=东莞市慕声商贸有限公司, buyerAddress=广东省东莞市虎门镇连升路82号虎门万达广场2栋606房, buyerPhone=18575382420, buyerNameEn=Dongguan Musheng Trade Co., Ltd., sellerName=Hong Kong Andeo Group Limited, sellerAddress=ROOM 1201, 12/F TAI SANG BANK BUILDING 130-132 DES VOEUX ROAD, CENTRAL HONGKONG, sellerPhone=00852-54682464, supplierName=Hong Kong Andeo Group Limited, customerNameTc=東莞市慕聲商貿有限公司, bankAccountName=Hong Kong Andeo Group Limited, ba...[已截断]
2026-03-22 12:05:49.434 [http-nio-8888-exec-1] [e646e5ff16ff4c10] INFO  com.musheng.aop.RequestLogAspect - [请求开始] traceId=e646e5ff16ff4c10 userId=1 GET /api/v1/business/document-party-config/list ip=0:0:0:0:0:0:0:1 方法=DocumentPartyConfigController.list 参数=[]
2026-03-22 12:05:49.434 [http-nio-8888-exec-10] [8561d85ecf644fd0] INFO  com.musheng.aop.RequestLogAspect - [请求开始] traceId=8561d85ecf644fd0 userId=1 GET /api/v1/config/shop/options ip=0:0:0:0:0:0:0:1 方法=ShopController.options 参数=[]
2026-03-22 12:05:49.437 [http-nio-8888-exec-10] [8561d85ecf644fd0] INFO  com.musheng.aop.RequestLogAspect - [请求结束] traceId=8561d85ecf644fd0 GET /api/v1/config/shop/options 耗时=3ms 响应=Result(code=0, message=success, data=[Shop(shopCode=DEFAULT, shopName=默认店铺, sellerId=null, companyName=东莞市慕声商贸有限公司, taxId=91441900MA4WNG4C6H, status=1, remark=系统默认店铺), Shop(shopCode=TEST-001, shopName=慕声北美店铺, sellerId=1234567654, companyName=1234567876543, taxId=1234567876543, status=1, remark=1234567654)], timestamp=1774152349437, requestId=null)
2026-03-22 12:05:49.437 [http-nio-8888-exec-1] [e646e5ff16ff4c10] INFO  com.musheng.aop.RequestLogAspect - [请求结束] traceId=e646e5ff16ff4c10 GET /api/v1/business/document-party-config/list 耗时=3ms 响应=Result(code=0, message=success, data=[DocumentPartyConfigVO(id=2, siteCode=CA, buyerName=东莞市慕声商贸有限公司, buyerAddress=广东省东莞市虎门镇连升路82号虎门万达广场2栋606房, buyerPhone=18575382420, buyerNameEn=Dongguan Musheng Trade Co., Ltd., sellerName=Hong Kong Andeo Group Limited, sellerAddress=ROOM 1201, 12/F TAI SANG BANK BUILDING 130-132 DES VOEUX ROAD, CENTRAL HONGKONG, sellerPhone=00852-54682464, supplierName=Hong Kong Andeo Group Limited, customerNameTc=東莞市慕聲商貿有限公司, bankAccountName=Hong Kong Andeo Group Limited, ba...[已截断]
2026-03-22 12:06:13.783 [http-nio-8888-exec-4] [ebd7d005013346b8] INFO  com.musheng.aop.RequestLogAspect - [请求开始] traceId=ebd7d005013346b8 userId=1 GET /api/v1/config/shop/options ip=0:0:0:0:0:0:0:1 方法=ShopController.options 参数=[]
2026-03-22 12:06:13.783 [http-nio-8888-exec-5] [47377e3b22764950] INFO  com.musheng.aop.RequestLogAspect - [请求开始] traceId=47377e3b22764950 userId=1 GET /api/v1/business/document-party-config/list ip=0:0:0:0:0:0:0:1 方法=DocumentPartyConfigController.list 参数=[]
2026-03-22 12:06:13.799 [http-nio-8888-exec-4] [ebd7d005013346b8] INFO  com.musheng.aop.RequestLogAspect - [请求结束] traceId=ebd7d005013346b8 GET /api/v1/config/shop/options 耗时=16ms 响应=Result(code=0, message=success, data=[Shop(shopCode=DEFAULT, shopName=默认店铺, sellerId=null, companyName=东莞市慕声商贸有限公司, taxId=91441900MA4WNG4C6H, status=1, remark=系统默认店铺), Shop(shopCode=TEST-001, shopName=慕声北美店铺, sellerId=1234567654, companyName=1234567876543, taxId=1234567876543, status=1, remark=1234567654)], timestamp=1774152373799, requestId=null)
2026-03-22 12:06:13.800 [http-nio-8888-exec-5] [47377e3b22764950] INFO  com.musheng.aop.RequestLogAspect - [请求结束] traceId=47377e3b22764950 GET /api/v1/business/document-party-config/list 耗时=17ms 响应=Result(code=0, message=success, data=[DocumentPartyConfigVO(id=2, siteCode=CA, buyerName=东莞市慕声商贸有限公司, buyerAddress=广东省东莞市虎门镇连升路82号虎门万达广场2栋606房, buyerPhone=18575382420, buyerNameEn=Dongguan Musheng Trade Co., Ltd., sellerName=Hong Kong Andeo Group Limited, sellerAddress=ROOM 1201, 12/F TAI SANG BANK BUILDING 130-132 DES VOEUX ROAD, CENTRAL HONGKONG, sellerPhone=00852-54682464, supplierName=Hong Kong Andeo Group Limited, customerNameTc=東莞市慕聲商貿有限公司, bankAccountName=Hong Kong Andeo Group Limited, ba...[已截断]
2026-03-22 12:06:13.973 [http-nio-8888-exec-8] [47efce2223c74a67] INFO  com.musheng.aop.RequestLogAspect - [请求开始] traceId=47efce2223c74a67 userId=1 GET /api/v1/config/shop/options ip=0:0:0:0:0:0:0:1 方法=ShopController.options 参数=[]
2026-03-22 12:06:13.973 [http-nio-8888-exec-9] [8d0e797276f64312] INFO  com.musheng.aop.RequestLogAspect - [请求开始] traceId=8d0e797276f64312 userId=1 GET /api/v1/business/document-party-config/list ip=0:0:0:0:0:0:0:1 方法=DocumentPartyConfigController.list 参数=[]
2026-03-22 12:06:13.979 [http-nio-8888-exec-8] [47efce2223c74a67] INFO  com.musheng.aop.RequestLogAspect - [请求结束] traceId=47efce2223c74a67 GET /api/v1/config/shop/options 耗时=6ms 响应=Result(code=0, message=success, data=[Shop(shopCode=DEFAULT, shopName=默认店铺, sellerId=null, companyName=东莞市慕声商贸有限公司, taxId=91441900MA4WNG4C6H, status=1, remark=系统默认店铺), Shop(shopCode=TEST-001, shopName=慕声北美店铺, sellerId=1234567654, companyName=1234567876543, taxId=1234567876543, status=1, remark=1234567654)], timestamp=1774152373979, requestId=null)
2026-03-22 12:06:13.979 [http-nio-8888-exec-9] [8d0e797276f64312] INFO  com.musheng.aop.RequestLogAspect - [请求结束] traceId=8d0e797276f64312 GET /api/v1/business/document-party-config/list 耗时=6ms 响应=Result(code=0, message=success, data=[DocumentPartyConfigVO(id=2, siteCode=CA, buyerName=东莞市慕声商贸有限公司, buyerAddress=广东省东莞市虎门镇连升路82号虎门万达广场2栋606房, buyerPhone=18575382420, buyerNameEn=Dongguan Musheng Trade Co., Ltd., sellerName=Hong Kong Andeo Group Limited, sellerAddress=ROOM 1201, 12/F TAI SANG BANK BUILDING 130-132 DES VOEUX ROAD, CENTRAL HONGKONG, sellerPhone=00852-54682464, supplierName=Hong Kong Andeo Group Limited, customerNameTc=東莞市慕聲商貿有限公司, bankAccountName=Hong Kong Andeo Group Limited, ba...[已截断]
2026-03-22 12:06:14.158 [http-nio-8888-exec-2] [c1db6e6b33f846dc] INFO  com.musheng.aop.RequestLogAspect - [请求开始] traceId=c1db6e6b33f846dc userId=1 GET /api/v1/business/document-party-config/list ip=0:0:0:0:0:0:0:1 方法=DocumentPartyConfigController.list 参数=[]
2026-03-22 12:06:14.158 [http-nio-8888-exec-3] [f479a0c785174913] INFO  com.musheng.aop.RequestLogAspect - [请求开始] traceId=f479a0c785174913 userId=1 GET /api/v1/config/shop/options ip=0:0:0:0:0:0:0:1 方法=ShopController.options 参数=[]
2026-03-22 12:06:14.160 [http-nio-8888-exec-3] [f479a0c785174913] INFO  com.musheng.aop.RequestLogAspect - [请求结束] traceId=f479a0c785174913 GET /api/v1/config/shop/options 耗时=2ms 响应=Result(code=0, message=success, data=[Shop(shopCode=DEFAULT, shopName=默认店铺, sellerId=null, companyName=东莞市慕声商贸有限公司, taxId=91441900MA4WNG4C6H, status=1, remark=系统默认店铺), Shop(shopCode=TEST-001, shopName=慕声北美店铺, sellerId=1234567654, companyName=1234567876543, taxId=1234567876543, status=1, remark=1234567654)], timestamp=1774152374160, requestId=null)
2026-03-22 12:06:14.161 [http-nio-8888-exec-2] [c1db6e6b33f846dc] INFO  com.musheng.aop.RequestLogAspect - [请求结束] traceId=c1db6e6b33f846dc GET /api/v1/business/document-party-config/list 耗时=2ms 响应=Result(code=0, message=success, data=[DocumentPartyConfigVO(id=2, siteCode=CA, buyerName=东莞市慕声商贸有限公司, buyerAddress=广东省东莞市虎门镇连升路82号虎门万达广场2栋606房, buyerPhone=18575382420, buyerNameEn=Dongguan Musheng Trade Co., Ltd., sellerName=Hong Kong Andeo Group Limited, sellerAddress=ROOM 1201, 12/F TAI SANG BANK BUILDING 130-132 DES VOEUX ROAD, CENTRAL HONGKONG, sellerPhone=00852-54682464, supplierName=Hong Kong Andeo Group Limited, customerNameTc=東莞市慕聲商貿有限公司, bankAccountName=Hong Kong Andeo Group Limited, ba...[已截断]
2026-03-22 12:06:14.430 [http-nio-8888-exec-9] [27283ae7b6154a7e] INFO  com.musheng.aop.RequestLogAspect - [请求开始] traceId=27283ae7b6154a7e userId=1 GET /api/v1/business/document-party-config/list ip=0:0:0:0:0:0:0:1 方法=DocumentPartyConfigController.list 参数=[]
2026-03-22 12:06:14.430 [http-nio-8888-exec-8] [fdefe86ccefb4e76] INFO  com.musheng.aop.RequestLogAspect - [请求开始] traceId=fdefe86ccefb4e76 userId=1 GET /api/v1/config/shop/options ip=0:0:0:0:0:0:0:1 方法=ShopController.options 参数=[]
2026-03-22 12:06:14.434 [http-nio-8888-exec-8] [fdefe86ccefb4e76] INFO  com.musheng.aop.RequestLogAspect - [请求结束] traceId=fdefe86ccefb4e76 GET /api/v1/config/shop/options 耗时=4ms 响应=Result(code=0, message=success, data=[Shop(shopCode=DEFAULT, shopName=默认店铺, sellerId=null, companyName=东莞市慕声商贸有限公司, taxId=91441900MA4WNG4C6H, status=1, remark=系统默认店铺), Shop(shopCode=TEST-001, shopName=慕声北美店铺, sellerId=1234567654, companyName=1234567876543, taxId=1234567876543, status=1, remark=1234567654)], timestamp=1774152374434, requestId=null)
2026-03-22 12:06:14.435 [http-nio-8888-exec-9] [27283ae7b6154a7e] INFO  com.musheng.aop.RequestLogAspect - [请求结束] traceId=27283ae7b6154a7e GET /api/v1/business/document-party-config/list 耗时=4ms 响应=Result(code=0, message=success, data=[DocumentPartyConfigVO(id=2, siteCode=CA, buyerName=东莞市慕声商贸有限公司, buyerAddress=广东省东莞市虎门镇连升路82号虎门万达广场2栋606房, buyerPhone=18575382420, buyerNameEn=Dongguan Musheng Trade Co., Ltd., sellerName=Hong Kong Andeo Group Limited, sellerAddress=ROOM 1201, 12/F TAI SANG BANK BUILDING 130-132 DES VOEUX ROAD, CENTRAL HONGKONG, sellerPhone=00852-54682464, supplierName=Hong Kong Andeo Group Limited, customerNameTc=東莞市慕聲商貿有限公司, bankAccountName=Hong Kong Andeo Group Limited, ba...[已截断]
2026-03-22 12:06:14.590 [http-nio-8888-exec-1] [4f2d85c46af844e7] INFO  com.musheng.aop.RequestLogAspect - [请求开始] traceId=4f2d85c46af844e7 userId=1 GET /api/v1/config/shop/options ip=0:0:0:0:0:0:0:1 方法=ShopController.options 参数=[]
2026-03-22 12:06:14.590 [http-nio-8888-exec-10] [041f35737ac04d16] INFO  com.musheng.aop.RequestLogAspect - [请求开始] traceId=041f35737ac04d16 userId=1 GET /api/v1/business/document-party-config/list ip=0:0:0:0:0:0:0:1 方法=DocumentPartyConfigController.list 参数=[]
2026-03-22 12:06:14.593 [http-nio-8888-exec-1] [4f2d85c46af844e7] INFO  com.musheng.aop.RequestLogAspect - [请求结束] traceId=4f2d85c46af844e7 GET /api/v1/config/shop/options 耗时=3ms 响应=Result(code=0, message=success, data=[Shop(shopCode=DEFAULT, shopName=默认店铺, sellerId=null, companyName=东莞市慕声商贸有限公司, taxId=91441900MA4WNG4C6H, status=1, remark=系统默认店铺), Shop(shopCode=TEST-001, shopName=慕声北美店铺, sellerId=1234567654, companyName=1234567876543, taxId=1234567876543, status=1, remark=1234567654)], timestamp=1774152374593, requestId=null)
2026-03-22 12:06:14.594 [http-nio-8888-exec-10] [041f35737ac04d16] INFO  com.musheng.aop.RequestLogAspect - [请求结束] traceId=041f35737ac04d16 GET /api/v1/business/document-party-config/list 耗时=4ms 响应=Result(code=0, message=success, data=[DocumentPartyConfigVO(id=2, siteCode=CA, buyerName=东莞市慕声商贸有限公司, buyerAddress=广东省东莞市虎门镇连升路82号虎门万达广场2栋606房, buyerPhone=18575382420, buyerNameEn=Dongguan Musheng Trade Co., Ltd., sellerName=Hong Kong Andeo Group Limited, sellerAddress=ROOM 1201, 12/F TAI SANG BANK BUILDING 130-132 DES VOEUX ROAD, CENTRAL HONGKONG, sellerPhone=00852-54682464, supplierName=Hong Kong Andeo Group Limited, customerNameTc=東莞市慕聲商貿有限公司, bankAccountName=Hong Kong Andeo Group Limited, ba...[已截断]
2026-03-22 12:10:12.638 [http-nio-8888-exec-7] [f18e223e95524ada] INFO  com.musheng.aop.RequestLogAspect - [请求开始] traceId=f18e223e95524ada userId=1 GET /api/v1/business/document-party-config/list ip=0:0:0:0:0:0:0:1 方法=DocumentPartyConfigController.list 参数=[]
2026-03-22 12:10:12.638 [http-nio-8888-exec-6] [3ffeb7b6f09047a8] INFO  com.musheng.aop.RequestLogAspect - [请求开始] traceId=3ffeb7b6f09047a8 userId=1 GET /api/v1/config/shop/options ip=0:0:0:0:0:0:0:1 方法=ShopController.options 参数=[]
2026-03-22 12:10:12.669 [http-nio-8888-exec-6] [3ffeb7b6f09047a8] INFO  com.musheng.aop.RequestLogAspect - [请求结束] traceId=3ffeb7b6f09047a8 GET /api/v1/config/shop/options 耗时=27ms 响应=Result(code=0, message=success, data=[Shop(shopCode=DEFAULT, shopName=默认店铺, sellerId=null, companyName=东莞市慕声商贸有限公司, taxId=91441900MA4WNG4C6H, status=1, remark=系统默认店铺), Shop(shopCode=TEST-001, shopName=慕声北美店铺, sellerId=1234567654, companyName=1234567876543, taxId=1234567876543, status=1, remark=1234567654)], timestamp=1774152612665, requestId=null)
2026-03-22 12:10:12.680 [http-nio-8888-exec-7] [f18e223e95524ada] INFO  com.musheng.aop.RequestLogAspect - [请求结束] traceId=f18e223e95524ada GET /api/v1/business/document-party-config/list 耗时=41ms 响应=Result(code=0, message=success, data=[DocumentPartyConfigVO(id=2, siteCode=CA, buyerName=东莞市慕声商贸有限公司, buyerAddress=广东省东莞市虎门镇连升路82号虎门万达广场2栋606房, buyerPhone=18575382420, buyerNameEn=Dongguan Musheng Trade Co., Ltd., sellerName=Hong Kong Andeo Group Limited, sellerAddress=ROOM 1201, 12/F TAI SANG BANK BUILDING 130-132 DES VOEUX ROAD, CENTRAL HONGKONG, sellerPhone=00852-54682464, supplierName=Hong Kong Andeo Group Limited, customerNameTc=東莞市慕聲商貿有限公司, bankAccountName=Hong Kong Andeo Group Limited, ba...[已截断]
2026-03-22 12:10:13.739 [http-nio-8888-exec-10] [302a1b920d1e44b1] INFO  com.musheng.aop.RequestLogAspect - [请求开始] traceId=302a1b920d1e44b1 userId=1 GET /api/v1/config/shop/options ip=0:0:0:0:0:0:0:1 方法=ShopController.options 参数=[]
2026-03-22 12:10:13.741 [http-nio-8888-exec-1] [2d50be44d208407c] INFO  com.musheng.aop.RequestLogAspect - [请求开始] traceId=2d50be44d208407c userId=1 GET /api/v1/business/document-party-config/list ip=0:0:0:0:0:0:0:1 方法=DocumentPartyConfigController.list 参数=[]
2026-03-22 12:10:13.743 [http-nio-8888-exec-10] [302a1b920d1e44b1] INFO  com.musheng.aop.RequestLogAspect - [请求结束] traceId=302a1b920d1e44b1 GET /api/v1/config/shop/options 耗时=4ms 响应=Result(code=0, message=success, data=[Shop(shopCode=DEFAULT, shopName=默认店铺, sellerId=null, companyName=东莞市慕声商贸有限公司, taxId=91441900MA4WNG4C6H, status=1, remark=系统默认店铺), Shop(shopCode=TEST-001, shopName=慕声北美店铺, sellerId=1234567654, companyName=1234567876543, taxId=1234567876543, status=1, remark=1234567654)], timestamp=1774152613743, requestId=null)
2026-03-22 12:10:13.743 [http-nio-8888-exec-1] [2d50be44d208407c] INFO  com.musheng.aop.RequestLogAspect - [请求结束] traceId=2d50be44d208407c GET /api/v1/business/document-party-config/list 耗时=4ms 响应=Result(code=0, message=success, data=[DocumentPartyConfigVO(id=2, siteCode=CA, buyerName=东莞市慕声商贸有限公司, buyerAddress=广东省东莞市虎门镇连升路82号虎门万达广场2栋606房, buyerPhone=18575382420, buyerNameEn=Dongguan Musheng Trade Co., Ltd., sellerName=Hong Kong Andeo Group Limited, sellerAddress=ROOM 1201, 12/F TAI SANG BANK BUILDING 130-132 DES VOEUX ROAD, CENTRAL HONGKONG, sellerPhone=00852-54682464, supplierName=Hong Kong Andeo Group Limited, customerNameTc=東莞市慕聲商貿有限公司, bankAccountName=Hong Kong Andeo Group Limited, ba...[已截断]
2026-03-22 12:10:56.530 [http-nio-8888-exec-4] [8a4e63e3781a4a9f] INFO  com.musheng.aop.RequestLogAspect - [请求开始] traceId=8a4e63e3781a4a9f userId=1 GET /api/v1/business/document-party-config/list ip=0:0:0:0:0:0:0:1 方法=DocumentPartyConfigController.list 参数=[]
2026-03-22 12:10:56.530 [http-nio-8888-exec-5] [6affc81df4754782] INFO  com.musheng.aop.RequestLogAspect - [请求开始] traceId=6affc81df4754782 userId=1 GET /api/v1/config/shop/options ip=0:0:0:0:0:0:0:1 方法=ShopController.options 参数=[]
2026-03-22 12:10:56.547 [http-nio-8888-exec-5] [6affc81df4754782] INFO  com.musheng.aop.RequestLogAspect - [请求结束] traceId=6affc81df4754782 GET /api/v1/config/shop/options 耗时=17ms 响应=Result(code=0, message=success, data=[Shop(shopCode=DEFAULT, shopName=默认店铺, sellerId=null, companyName=东莞市慕声商贸有限公司, taxId=91441900MA4WNG4C6H, status=1, remark=系统默认店铺), Shop(shopCode=TEST-001, shopName=慕声北美店铺, sellerId=1234567654, companyName=1234567876543, taxId=1234567876543, status=1, remark=1234567654)], timestamp=1774152656547, requestId=null)
2026-03-22 12:10:56.591 [http-nio-8888-exec-4] [8a4e63e3781a4a9f] INFO  com.musheng.aop.RequestLogAspect - [请求结束] traceId=8a4e63e3781a4a9f GET /api/v1/business/document-party-config/list 耗时=60ms 响应=Result(code=0, message=success, data=[DocumentPartyConfigVO(id=2, siteCode=CA, buyerName=东莞市慕声商贸有限公司, buyerAddress=广东省东莞市虎门镇连升路82号虎门万达广场2栋606房, buyerPhone=18575382420, buyerNameEn=Dongguan Musheng Trade Co., Ltd., sellerName=Hong Kong Andeo Group Limited, sellerAddress=ROOM 1201, 12/F TAI SANG BANK BUILDING 130-132 DES VOEUX ROAD, CENTRAL HONGKONG, sellerPhone=00852-54682464, supplierName=Hong Kong Andeo Group Limited, customerNameTc=東莞市慕聲商貿有限公司, bankAccountName=Hong Kong Andeo Group Limited, ba...[已截断]
2026-03-22 12:10:56.688 [http-nio-8888-exec-8] [2025417273244ec2] INFO  com.musheng.aop.RequestLogAspect - [请求开始] traceId=2025417273244ec2 userId=1 GET /api/v1/business/document-party-config/list ip=0:0:0:0:0:0:0:1 方法=DocumentPartyConfigController.list 参数=[]
2026-03-22 12:10:56.688 [http-nio-8888-exec-9] [822a1affb02b47a2] INFO  com.musheng.aop.RequestLogAspect - [请求开始] traceId=822a1affb02b47a2 userId=1 GET /api/v1/config/shop/options ip=0:0:0:0:0:0:0:1 方法=ShopController.options 参数=[]
2026-03-22 12:10:56.691 [http-nio-8888-exec-9] [822a1affb02b47a2] INFO  com.musheng.aop.RequestLogAspect - [请求结束] traceId=822a1affb02b47a2 GET /api/v1/config/shop/options 耗时=3ms 响应=Result(code=0, message=success, data=[Shop(shopCode=DEFAULT, shopName=默认店铺, sellerId=null, companyName=东莞市慕声商贸有限公司, taxId=91441900MA4WNG4C6H, status=1, remark=系统默认店铺), Shop(shopCode=TEST-001, shopName=慕声北美店铺, sellerId=1234567654, companyName=1234567876543, taxId=1234567876543, status=1, remark=1234567654)], timestamp=1774152656691, requestId=null)
2026-03-22 12:10:56.692 [http-nio-8888-exec-8] [2025417273244ec2] INFO  com.musheng.aop.RequestLogAspect - [请求结束] traceId=2025417273244ec2 GET /api/v1/business/document-party-config/list 耗时=3ms 响应=Result(code=0, message=success, data=[DocumentPartyConfigVO(id=2, siteCode=CA, buyerName=东莞市慕声商贸有限公司, buyerAddress=广东省东莞市虎门镇连升路82号虎门万达广场2栋606房, buyerPhone=18575382420, buyerNameEn=Dongguan Musheng Trade Co., Ltd., sellerName=Hong Kong Andeo Group Limited, sellerAddress=ROOM 1201, 12/F TAI SANG BANK BUILDING 130-132 DES VOEUX ROAD, CENTRAL HONGKONG, sellerPhone=00852-54682464, supplierName=Hong Kong Andeo Group Limited, customerNameTc=東莞市慕聲商貿有限公司, bankAccountName=Hong Kong Andeo Group Limited, ba...[已截断]
2026-03-22 12:10:56.902 [http-nio-8888-exec-3] [240544a308514d03] INFO  com.musheng.aop.RequestLogAspect - [请求开始] traceId=240544a308514d03 userId=1 GET /api/v1/config/shop/options ip=0:0:0:0:0:0:0:1 方法=ShopController.options 参数=[]
2026-03-22 12:10:56.903 [http-nio-8888-exec-2] [89db7593b04041b5] INFO  com.musheng.aop.RequestLogAspect - [请求开始] traceId=89db7593b04041b5 userId=1 GET /api/v1/business/document-party-config/list ip=0:0:0:0:0:0:0:1 方法=DocumentPartyConfigController.list 参数=[]
2026-03-22 12:10:56.909 [http-nio-8888-exec-3] [240544a308514d03] INFO  com.musheng.aop.RequestLogAspect - [请求结束] traceId=240544a308514d03 GET /api/v1/config/shop/options 耗时=7ms 响应=Result(code=0, message=success, data=[Shop(shopCode=DEFAULT, shopName=默认店铺, sellerId=null, companyName=东莞市慕声商贸有限公司, taxId=91441900MA4WNG4C6H, status=1, remark=系统默认店铺), Shop(shopCode=TEST-001, shopName=慕声北美店铺, sellerId=1234567654, companyName=1234567876543, taxId=1234567876543, status=1, remark=1234567654)], timestamp=1774152656909, requestId=null)
2026-03-22 12:10:56.910 [http-nio-8888-exec-2] [89db7593b04041b5] INFO  com.musheng.aop.RequestLogAspect - [请求结束] traceId=89db7593b04041b5 GET /api/v1/business/document-party-config/list 耗时=8ms 响应=Result(code=0, message=success, data=[DocumentPartyConfigVO(id=2, siteCode=CA, buyerName=东莞市慕声商贸有限公司, buyerAddress=广东省东莞市虎门镇连升路82号虎门万达广场2栋606房, buyerPhone=18575382420, buyerNameEn=Dongguan Musheng Trade Co., Ltd., sellerName=Hong Kong Andeo Group Limited, sellerAddress=ROOM 1201, 12/F TAI SANG BANK BUILDING 130-132 DES VOEUX ROAD, CENTRAL HONGKONG, sellerPhone=00852-54682464, supplierName=Hong Kong Andeo Group Limited, customerNameTc=東莞市慕聲商貿有限公司, bankAccountName=Hong Kong Andeo Group Limited, ba...[已截断]
2026-03-22 12:10:57.587 [http-nio-8888-exec-8] [e7d4dc60990a47eb] INFO  com.musheng.aop.RequestLogAspect - [请求开始] traceId=e7d4dc60990a47eb userId=1 GET /api/v1/config/shop/options ip=0:0:0:0:0:0:0:1 方法=ShopController.options 参数=[]
2026-03-22 12:10:57.587 [http-nio-8888-exec-9] [dae76ba0a4b84811] INFO  com.musheng.aop.RequestLogAspect - [请求开始] traceId=dae76ba0a4b84811 userId=1 GET /api/v1/business/document-party-config/list ip=0:0:0:0:0:0:0:1 方法=DocumentPartyConfigController.list 参数=[]
2026-03-22 12:10:57.603 [http-nio-8888-exec-8] [e7d4dc60990a47eb] INFO  com.musheng.aop.RequestLogAspect - [请求结束] traceId=e7d4dc60990a47eb GET /api/v1/config/shop/options 耗时=17ms 响应=Result(code=0, message=success, data=[Shop(shopCode=DEFAULT, shopName=默认店铺, sellerId=null, companyName=东莞市慕声商贸有限公司, taxId=91441900MA4WNG4C6H, status=1, remark=系统默认店铺), Shop(shopCode=TEST-001, shopName=慕声北美店铺, sellerId=1234567654, companyName=1234567876543, taxId=1234567876543, status=1, remark=1234567654)], timestamp=1774152657603, requestId=null)
2026-03-22 12:10:57.605 [http-nio-8888-exec-9] [dae76ba0a4b84811] INFO  com.musheng.aop.RequestLogAspect - [请求结束] traceId=dae76ba0a4b84811 GET /api/v1/business/document-party-config/list 耗时=19ms 响应=Result(code=0, message=success, data=[DocumentPartyConfigVO(id=2, siteCode=CA, buyerName=东莞市慕声商贸有限公司, buyerAddress=广东省东莞市虎门镇连升路82号虎门万达广场2栋606房, buyerPhone=18575382420, buyerNameEn=Dongguan Musheng Trade Co., Ltd., sellerName=Hong Kong Andeo Group Limited, sellerAddress=ROOM 1201, 12/F TAI SANG BANK BUILDING 130-132 DES VOEUX ROAD, CENTRAL HONGKONG, sellerPhone=00852-54682464, supplierName=Hong Kong Andeo Group Limited, customerNameTc=東莞市慕聲商貿有限公司, bankAccountName=Hong Kong Andeo Group Limited, ba...[已截断]
2026-03-22 12:10:58.846 [http-nio-8888-exec-10] [28cc108cf7f14bd3] INFO  com.musheng.aop.RequestLogAspect - [请求开始] traceId=28cc108cf7f14bd3 userId=1 GET /api/v1/config/marketplaces/enabled ip=0:0:0:0:0:0:0:1 方法=MarketplaceController.getEnabled 参数=[]
2026-03-22 12:10:58.864 [http-nio-8888-exec-10] [28cc108cf7f14bd3] INFO  com.musheng.aop.RequestLogAspect - [请求结束] traceId=28cc108cf7f14bd3 GET /api/v1/config/marketplaces/enabled 耗时=13ms 响应=Result(code=0, message=success, data=[Marketplace(siteCode=CA, siteName=加拿大站, marketplaceId=A2EUQ1WTGCTBG2, currencyCode=CAD, sellerId=APNDJLWNA7H88, headerLanguage=EN, dateFormat=MMM d, yyyy h:mm:ss a z, numberFormat=., timezone=America/Toronto, status=1), Marketplace(siteCode=DE, siteName=德国站, marketplaceId=A1PA6795UKMFR9, currencyCode=EUR, sellerId=A11Y51I5ZXY4AO, headerLanguage=DE, dateFormat=dd.MM.yyyy HH:mm:ss z, numberFormat=,, timezone=Europe/Berlin, status=1), Marketplace(siteCode=UK, s...[已截断]
2026-03-22 12:10:59.533 [http-nio-8888-exec-4] [2f68fe819c1a4983] INFO  com.musheng.aop.RequestLogAspect - [请求开始] traceId=2f68fe819c1a4983 userId=1 GET /api/v1/config/shop/options ip=0:0:0:0:0:0:0:1 方法=ShopController.options 参数=[]
2026-03-22 12:10:59.533 [http-nio-8888-exec-5] [ce592a7ffa3644c1] INFO  com.musheng.aop.RequestLogAspect - [请求开始] traceId=ce592a7ffa3644c1 userId=1 GET /api/v1/config/marketplaces/enabled ip=0:0:0:0:0:0:0:1 方法=MarketplaceController.getEnabled 参数=[]
2026-03-22 12:10:59.537 [http-nio-8888-exec-4] [2f68fe819c1a4983] INFO  com.musheng.aop.RequestLogAspect - [请求结束] traceId=2f68fe819c1a4983 GET /api/v1/config/shop/options 耗时=4ms 响应=Result(code=0, message=success, data=[Shop(shopCode=DEFAULT, shopName=默认店铺, sellerId=null, companyName=东莞市慕声商贸有限公司, taxId=91441900MA4WNG4C6H, status=1, remark=系统默认店铺), Shop(shopCode=TEST-001, shopName=慕声北美店铺, sellerId=1234567654, companyName=1234567876543, taxId=1234567876543, status=1, remark=1234567654)], timestamp=1774152659537, requestId=null)
2026-03-22 12:10:59.541 [http-nio-8888-exec-5] [ce592a7ffa3644c1] INFO  com.musheng.aop.RequestLogAspect - [请求结束] traceId=ce592a7ffa3644c1 GET /api/v1/config/marketplaces/enabled 耗时=9ms 响应=Result(code=0, message=success, data=[Marketplace(siteCode=CA, siteName=加拿大站, marketplaceId=A2EUQ1WTGCTBG2, currencyCode=CAD, sellerId=APNDJLWNA7H88, headerLanguage=EN, dateFormat=MMM d, yyyy h:mm:ss a z, numberFormat=., timezone=America/Toronto, status=1), Marketplace(siteCode=DE, siteName=德国站, marketplaceId=A1PA6795UKMFR9, currencyCode=EUR, sellerId=A11Y51I5ZXY4AO, headerLanguage=DE, dateFormat=dd.MM.yyyy HH:mm:ss z, numberFormat=,, timezone=Europe/Berlin, status=1), Marketplace(siteCode=UK, s...[已截断]
2026-03-22 12:11:00.225 [http-nio-8888-exec-6] [b4af0f72fb2e4bf9] INFO  com.musheng.aop.RequestLogAspect - [请求开始] traceId=b4af0f72fb2e4bf9 userId=1 GET /api/v1/config/marketplaces/enabled ip=0:0:0:0:0:0:0:1 方法=MarketplaceController.getEnabled 参数=[]
2026-03-22 12:11:00.225 [http-nio-8888-exec-7] [8eab7b61a0d647af] INFO  com.musheng.aop.RequestLogAspect - [请求开始] traceId=8eab7b61a0d647af userId=1 GET /api/v1/config/shop/options ip=0:0:0:0:0:0:0:1 方法=ShopController.options 参数=[]
2026-03-22 12:11:00.228 [http-nio-8888-exec-6] [b4af0f72fb2e4bf9] INFO  com.musheng.aop.RequestLogAspect - [请求结束] traceId=b4af0f72fb2e4bf9 GET /api/v1/config/marketplaces/enabled 耗时=3ms 响应=Result(code=0, message=success, data=[Marketplace(siteCode=CA, siteName=加拿大站, marketplaceId=A2EUQ1WTGCTBG2, currencyCode=CAD, sellerId=APNDJLWNA7H88, headerLanguage=EN, dateFormat=MMM d, yyyy h:mm:ss a z, numberFormat=., timezone=America/Toronto, status=1), Marketplace(siteCode=DE, siteName=德国站, marketplaceId=A1PA6795UKMFR9, currencyCode=EUR, sellerId=A11Y51I5ZXY4AO, headerLanguage=DE, dateFormat=dd.MM.yyyy HH:mm:ss z, numberFormat=,, timezone=Europe/Berlin, status=1), Marketplace(siteCode=UK, s...[已截断]
2026-03-22 12:11:00.228 [http-nio-8888-exec-7] [8eab7b61a0d647af] INFO  com.musheng.aop.RequestLogAspect - [请求结束] traceId=8eab7b61a0d647af GET /api/v1/config/shop/options 耗时=3ms 响应=Result(code=0, message=success, data=[Shop(shopCode=DEFAULT, shopName=默认店铺, sellerId=null, companyName=东莞市慕声商贸有限公司, taxId=91441900MA4WNG4C6H, status=1, remark=系统默认店铺), Shop(shopCode=TEST-001, shopName=慕声北美店铺, sellerId=1234567654, companyName=1234567876543, taxId=1234567876543, status=1, remark=1234567654)], timestamp=1774152660228, requestId=null)
2026-03-22 12:11:01.726 [http-nio-8888-exec-9] [d8bf399b15f34b4e] INFO  com.musheng.aop.RequestLogAspect - [请求开始] traceId=d8bf399b15f34b4e userId=1 GET /api/v1/business/document/list ip=0:0:0:0:0:0:0:1 方法=DocumentController.listDocuments 参数=[null, null, null, null, 1, 20]
2026-03-22 12:11:01.726 [http-nio-8888-exec-9] [d8bf399b15f34b4e] INFO  c.m.b.d.service.impl.DocumentQueryServiceImpl - 分页查询单据列表, 类型=null, 编号=null
2026-03-22 12:11:01.747 [http-nio-8888-exec-9] [d8bf399b15f34b4e] INFO  com.musheng.aop.RequestLogAspect - [请求结束] traceId=d8bf399b15f34b4e GET /api/v1/business/document/list 耗时=22ms 响应=Result(code=0, message=success, data=PageResult(records=[DocumentListVO(id=547, documentType=INV, documentNo=20251013003, documentDate=2025-10-13, buyerName=Dongguan Musheng Trade Co., Ltd., sellerName=Hong Kong Andeo Group Limited, totalQuantity=8890, totalAmount=51723.2800), DocumentListVO(id=871, documentType=SETTLEMENT, documentNo=20251008003, documentDate=2025-10-08, buyerName=东莞市慕声商贸有限公司, sellerName=Hong Kong Andeo Group Limited, totalQuantity=8890, totalAmount=51723.2800), DocumentListVO(...[已截断]
2026-03-22 12:11:02.263 [http-nio-8888-exec-3] [f5e012ac55e9428d] INFO  com.musheng.aop.RequestLogAspect - [请求开始] traceId=f5e012ac55e9428d userId=1 GET /api/v1/config/shop/options ip=0:0:0:0:0:0:0:1 方法=ShopController.options 参数=[]
2026-03-22 12:11:02.264 [http-nio-8888-exec-2] [9bee00a98179465c] INFO  com.musheng.aop.RequestLogAspect - [请求开始] traceId=9bee00a98179465c userId=1 GET /api/v1/business/document/list ip=0:0:0:0:0:0:0:1 方法=DocumentController.listDocuments 参数=[null, null, null, null, 1, 20]
2026-03-22 12:11:02.265 [http-nio-8888-exec-2] [9bee00a98179465c] INFO  c.m.b.d.service.impl.DocumentQueryServiceImpl - 分页查询单据列表, 类型=null, 编号=null
2026-03-22 12:11:02.283 [http-nio-8888-exec-3] [f5e012ac55e9428d] INFO  com.musheng.aop.RequestLogAspect - [请求结束] traceId=f5e012ac55e9428d GET /api/v1/config/shop/options 耗时=17ms 响应=Result(code=0, message=success, data=[Shop(shopCode=DEFAULT, shopName=默认店铺, sellerId=null, companyName=东莞市慕声商贸有限公司, taxId=91441900MA4WNG4C6H, status=1, remark=系统默认店铺), Shop(shopCode=TEST-001, shopName=慕声北美店铺, sellerId=1234567654, companyName=1234567876543, taxId=1234567876543, status=1, remark=1234567654)], timestamp=1774152662280, requestId=null)
2026-03-22 12:11:02.302 [http-nio-8888-exec-2] [9bee00a98179465c] INFO  com.musheng.aop.RequestLogAspect - [请求结束] traceId=9bee00a98179465c GET /api/v1/business/document/list 耗时=38ms 响应=Result(code=0, message=success, data=PageResult(records=[DocumentListVO(id=547, documentType=INV, documentNo=20251013003, documentDate=2025-10-13, buyerName=Dongguan Musheng Trade Co., Ltd., sellerName=Hong Kong Andeo Group Limited, totalQuantity=8890, totalAmount=51723.2800), DocumentListVO(id=871, documentType=SETTLEMENT, documentNo=20251008003, documentDate=2025-10-08, buyerName=东莞市慕声商贸有限公司, sellerName=Hong Kong Andeo Group Limited, totalQuantity=8890, totalAmount=51723.2800), DocumentListVO(...[已截断]
2026-03-22 12:11:08.344 [http-nio-8888-exec-5] [3632f5d77fde4a2d] INFO  com.musheng.aop.RequestLogAspect - [请求开始] traceId=3632f5d77fde4a2d userId=1 GET /api/v1/business/document-party-config/list ip=0:0:0:0:0:0:0:1 方法=DocumentPartyConfigController.list 参数=[]
2026-03-22 12:11:08.446 [http-nio-8888-exec-5] [3632f5d77fde4a2d] INFO  com.musheng.aop.RequestLogAspect - [请求结束] traceId=3632f5d77fde4a2d GET /api/v1/business/document-party-config/list 耗时=102ms 响应=Result(code=0, message=success, data=[DocumentPartyConfigVO(id=2, siteCode=CA, buyerName=东莞市慕声商贸有限公司, buyerAddress=广东省东莞市虎门镇连升路82号虎门万达广场2栋606房, buyerPhone=18575382420, buyerNameEn=Dongguan Musheng Trade Co., Ltd., sellerName=Hong Kong Andeo Group Limited, sellerAddress=ROOM 1201, 12/F TAI SANG BANK BUILDING 130-132 DES VOEUX ROAD, CENTRAL HONGKONG, sellerPhone=00852-54682464, supplierName=Hong Kong Andeo Group Limited, customerNameTc=東莞市慕聲商貿有限公司, bankAccountName=Hong Kong Andeo Group Limited, ba...[已截断]
2026-03-22 12:11:14.052 [http-nio-8888-exec-6] [d53eb94181e44fc9] INFO  com.musheng.aop.RequestLogAspect - [请求开始] traceId=d53eb94181e44fc9 userId=1 GET /api/v1/business/document-party-config/list ip=0:0:0:0:0:0:0:1 方法=DocumentPartyConfigController.list 参数=[]
2026-03-22 12:11:14.063 [http-nio-8888-exec-6] [d53eb94181e44fc9] INFO  com.musheng.aop.RequestLogAspect - [请求结束] traceId=d53eb94181e44fc9 GET /api/v1/business/document-party-config/list 耗时=12ms 响应=Result(code=0, message=success, data=[DocumentPartyConfigVO(id=2, siteCode=CA, buyerName=东莞市慕声商贸有限公司, buyerAddress=广东省东莞市虎门镇连升路82号虎门万达广场2栋606房, buyerPhone=18575382420, buyerNameEn=Dongguan Musheng Trade Co., Ltd., sellerName=Hong Kong Andeo Group Limited, sellerAddress=ROOM 1201, 12/F TAI SANG BANK BUILDING 130-132 DES VOEUX ROAD, CENTRAL HONGKONG, sellerPhone=00852-54682464, supplierName=Hong Kong Andeo Group Limited, customerNameTc=東莞市慕聲商貿有限公司, bankAccountName=Hong Kong Andeo Group Limited, ba...[已截断]
2026-03-22 12:13:09.979 [http-nio-8888-exec-5] [f383c907860b4de7] INFO  com.musheng.aop.RequestLogAspect - [请求开始] traceId=f383c907860b4de7 userId=1 GET /api/v1/business/document-party-config/list ip=0:0:0:0:0:0:0:1 方法=DocumentPartyConfigController.list 参数=[]
2026-03-22 12:13:09.979 [http-nio-8888-exec-4] [c4e09a397adb40fd] INFO  com.musheng.aop.RequestLogAspect - [请求开始] traceId=c4e09a397adb40fd userId=1 GET /api/v1/config/shop/options ip=0:0:0:0:0:0:0:1 方法=ShopController.options 参数=[]
2026-03-22 12:13:10.027 [http-nio-8888-exec-4] [c4e09a397adb40fd] INFO  com.musheng.aop.RequestLogAspect - [请求结束] traceId=c4e09a397adb40fd GET /api/v1/config/shop/options 耗时=49ms 响应=Result(code=0, message=success, data=[Shop(shopCode=DEFAULT, shopName=默认店铺, sellerId=null, companyName=东莞市慕声商贸有限公司, taxId=91441900MA4WNG4C6H, status=1, remark=系统默认店铺), Shop(shopCode=TEST-001, shopName=慕声北美店铺, sellerId=1234567654, companyName=1234567876543, taxId=1234567876543, status=1, remark=1234567654)], timestamp=1774152790027, requestId=null)
2026-03-22 12:13:10.035 [http-nio-8888-exec-5] [f383c907860b4de7] INFO  com.musheng.aop.RequestLogAspect - [请求结束] traceId=f383c907860b4de7 GET /api/v1/business/document-party-config/list 耗时=56ms 响应=Result(code=0, message=success, data=[DocumentPartyConfigVO(id=2, siteCode=CA, buyerName=东莞市慕声商贸有限公司, buyerAddress=广东省东莞市虎门镇连升路82号虎门万达广场2栋606房, buyerPhone=18575382420, buyerNameEn=Dongguan Musheng Trade Co., Ltd., sellerName=Hong Kong Andeo Group Limited, sellerAddress=ROOM 1201, 12/F TAI SANG BANK BUILDING 130-132 DES VOEUX ROAD, CENTRAL HONGKONG, sellerPhone=00852-54682464, supplierName=Hong Kong Andeo Group Limited, customerNameTc=東莞市慕聲商貿有限公司, bankAccountName=Hong Kong Andeo Group Limited, ba...[已截断]
2026-03-22 12:13:10.132 [http-nio-8888-exec-9] [845dddbe96ef4420] INFO  com.musheng.aop.RequestLogAspect - [请求开始] traceId=845dddbe96ef4420 userId=1 GET /api/v1/business/document-party-config/list ip=0:0:0:0:0:0:0:1 方法=DocumentPartyConfigController.list 参数=[]
2026-03-22 12:13:10.132 [http-nio-8888-exec-8] [e9e4761447ed4a76] INFO  com.musheng.aop.RequestLogAspect - [请求开始] traceId=e9e4761447ed4a76 userId=1 GET /api/v1/config/shop/options ip=0:0:0:0:0:0:0:1 方法=ShopController.options 参数=[]
2026-03-22 12:13:10.146 [http-nio-8888-exec-8] [e9e4761447ed4a76] INFO  com.musheng.aop.RequestLogAspect - [请求结束] traceId=e9e4761447ed4a76 GET /api/v1/config/shop/options 耗时=14ms 响应=Result(code=0, message=success, data=[Shop(shopCode=DEFAULT, shopName=默认店铺, sellerId=null, companyName=东莞市慕声商贸有限公司, taxId=91441900MA4WNG4C6H, status=1, remark=系统默认店铺), Shop(shopCode=TEST-001, shopName=慕声北美店铺, sellerId=1234567654, companyName=1234567876543, taxId=1234567876543, status=1, remark=1234567654)], timestamp=1774152790146, requestId=null)
2026-03-22 12:13:10.147 [http-nio-8888-exec-9] [845dddbe96ef4420] INFO  com.musheng.aop.RequestLogAspect - [请求结束] traceId=845dddbe96ef4420 GET /api/v1/business/document-party-config/list 耗时=15ms 响应=Result(code=0, message=success, data=[DocumentPartyConfigVO(id=2, siteCode=CA, buyerName=东莞市慕声商贸有限公司, buyerAddress=广东省东莞市虎门镇连升路82号虎门万达广场2栋606房, buyerPhone=18575382420, buyerNameEn=Dongguan Musheng Trade Co., Ltd., sellerName=Hong Kong Andeo Group Limited, sellerAddress=ROOM 1201, 12/F TAI SANG BANK BUILDING 130-132 DES VOEUX ROAD, CENTRAL HONGKONG, sellerPhone=00852-54682464, supplierName=Hong Kong Andeo Group Limited, customerNameTc=東莞市慕聲商貿有限公司, bankAccountName=Hong Kong Andeo Group Limited, ba...[已截断]
2026-03-22 12:13:10.423 [http-nio-8888-exec-2] [ec8a2327af4245f5] INFO  com.musheng.aop.RequestLogAspect - [请求开始] traceId=ec8a2327af4245f5 userId=1 GET /api/v1/business/document-party-config/list ip=0:0:0:0:0:0:0:1 方法=DocumentPartyConfigController.list 参数=[]
2026-03-22 12:13:10.423 [http-nio-8888-exec-3] [84cae335f74b415c] INFO  com.musheng.aop.RequestLogAspect - [请求开始] traceId=84cae335f74b415c userId=1 GET /api/v1/config/shop/options ip=0:0:0:0:0:0:0:1 方法=ShopController.options 参数=[]
2026-03-22 12:13:10.429 [http-nio-8888-exec-2] [ec8a2327af4245f5] INFO  com.musheng.aop.RequestLogAspect - [请求结束] traceId=ec8a2327af4245f5 GET /api/v1/business/document-party-config/list 耗时=7ms 响应=Result(code=0, message=success, data=[DocumentPartyConfigVO(id=2, siteCode=CA, buyerName=东莞市慕声商贸有限公司, buyerAddress=广东省东莞市虎门镇连升路82号虎门万达广场2栋606房, buyerPhone=18575382420, buyerNameEn=Dongguan Musheng Trade Co., Ltd., sellerName=Hong Kong Andeo Group Limited, sellerAddress=ROOM 1201, 12/F TAI SANG BANK BUILDING 130-132 DES VOEUX ROAD, CENTRAL HONGKONG, sellerPhone=00852-54682464, supplierName=Hong Kong Andeo Group Limited, customerNameTc=東莞市慕聲商貿有限公司, bankAccountName=Hong Kong Andeo Group Limited, ba...[已截断]
2026-03-22 12:13:10.429 [http-nio-8888-exec-3] [84cae335f74b415c] INFO  com.musheng.aop.RequestLogAspect - [请求结束] traceId=84cae335f74b415c GET /api/v1/config/shop/options 耗时=7ms 响应=Result(code=0, message=success, data=[Shop(shopCode=DEFAULT, shopName=默认店铺, sellerId=null, companyName=东莞市慕声商贸有限公司, taxId=91441900MA4WNG4C6H, status=1, remark=系统默认店铺), Shop(shopCode=TEST-001, shopName=慕声北美店铺, sellerId=1234567654, companyName=1234567876543, taxId=1234567876543, status=1, remark=1234567654)], timestamp=1774152790429, requestId=null)
2026-03-22 12:13:10.589 [http-nio-8888-exec-7] [be1be3836a424b49] INFO  com.musheng.aop.RequestLogAspect - [请求开始] traceId=be1be3836a424b49 userId=1 GET /api/v1/config/shop/options ip=0:0:0:0:0:0:0:1 方法=ShopController.options 参数=[]
2026-03-22 12:13:10.591 [http-nio-8888-exec-6] [0af7778288eb4356] INFO  com.musheng.aop.RequestLogAspect - [请求开始] traceId=0af7778288eb4356 userId=1 GET /api/v1/business/document-party-config/list ip=0:0:0:0:0:0:0:1 方法=DocumentPartyConfigController.list 参数=[]
2026-03-22 12:13:10.599 [http-nio-8888-exec-7] [be1be3836a424b49] INFO  com.musheng.aop.RequestLogAspect - [请求结束] traceId=be1be3836a424b49 GET /api/v1/config/shop/options 耗时=10ms 响应=Result(code=0, message=success, data=[Shop(shopCode=DEFAULT, shopName=默认店铺, sellerId=null, companyName=东莞市慕声商贸有限公司, taxId=91441900MA4WNG4C6H, status=1, remark=系统默认店铺), Shop(shopCode=TEST-001, shopName=慕声北美店铺, sellerId=1234567654, companyName=1234567876543, taxId=1234567876543, status=1, remark=1234567654)], timestamp=1774152790598, requestId=null)
2026-03-22 12:13:10.601 [http-nio-8888-exec-6] [0af7778288eb4356] INFO  com.musheng.aop.RequestLogAspect - [请求结束] traceId=0af7778288eb4356 GET /api/v1/business/document-party-config/list 耗时=10ms 响应=Result(code=0, message=success, data=[DocumentPartyConfigVO(id=2, siteCode=CA, buyerName=东莞市慕声商贸有限公司, buyerAddress=广东省东莞市虎门镇连升路82号虎门万达广场2栋606房, buyerPhone=18575382420, buyerNameEn=Dongguan Musheng Trade Co., Ltd., sellerName=Hong Kong Andeo Group Limited, sellerAddress=ROOM 1201, 12/F TAI SANG BANK BUILDING 130-132 DES VOEUX ROAD, CENTRAL HONGKONG, sellerPhone=00852-54682464, supplierName=Hong Kong Andeo Group Limited, customerNameTc=東莞市慕聲商貿有限公司, bankAccountName=Hong Kong Andeo Group Limited, ba...[已截断]
2026-03-22 12:13:10.789 [http-nio-8888-exec-9] [a39d2164801f4154] INFO  com.musheng.aop.RequestLogAspect - [请求开始] traceId=a39d2164801f4154 userId=1 GET /api/v1/config/shop/options ip=0:0:0:0:0:0:0:1 方法=ShopController.options 参数=[]
2026-03-22 12:13:10.789 [http-nio-8888-exec-8] [527d931490984863] INFO  com.musheng.aop.RequestLogAspect - [请求开始] traceId=527d931490984863 userId=1 GET /api/v1/business/document-party-config/list ip=0:0:0:0:0:0:0:1 方法=DocumentPartyConfigController.list 参数=[]
2026-03-22 12:13:10.794 [http-nio-8888-exec-8] [527d931490984863] INFO  com.musheng.aop.RequestLogAspect - [请求结束] traceId=527d931490984863 GET /api/v1/business/document-party-config/list 耗时=5ms 响应=Result(code=0, message=success, data=[DocumentPartyConfigVO(id=2, siteCode=CA, buyerName=东莞市慕声商贸有限公司, buyerAddress=广东省东莞市虎门镇连升路82号虎门万达广场2栋606房, buyerPhone=18575382420, buyerNameEn=Dongguan Musheng Trade Co., Ltd., sellerName=Hong Kong Andeo Group Limited, sellerAddress=ROOM 1201, 12/F TAI SANG BANK BUILDING 130-132 DES VOEUX ROAD, CENTRAL HONGKONG, sellerPhone=00852-54682464, supplierName=Hong Kong Andeo Group Limited, customerNameTc=東莞市慕聲商貿有限公司, bankAccountName=Hong Kong Andeo Group Limited, ba...[已截断]
2026-03-22 12:13:10.794 [http-nio-8888-exec-9] [a39d2164801f4154] INFO  com.musheng.aop.RequestLogAspect - [请求结束] traceId=a39d2164801f4154 GET /api/v1/config/shop/options 耗时=5ms 响应=Result(code=0, message=success, data=[Shop(shopCode=DEFAULT, shopName=默认店铺, sellerId=null, companyName=东莞市慕声商贸有限公司, taxId=91441900MA4WNG4C6H, status=1, remark=系统默认店铺), Shop(shopCode=TEST-001, shopName=慕声北美店铺, sellerId=1234567654, companyName=1234567876543, taxId=1234567876543, status=1, remark=1234567654)], timestamp=1774152790794, requestId=null)
2026-03-22 12:13:11.113 [http-nio-8888-exec-4] [d101f11aac504fe2] INFO  com.musheng.aop.RequestLogAspect - [请求开始] traceId=d101f11aac504fe2 userId=1 GET /api/v1/business/document-party-config/list ip=0:0:0:0:0:0:0:1 方法=DocumentPartyConfigController.list 参数=[]
2026-03-22 12:13:11.113 [http-nio-8888-exec-5] [596e282d1d544fc9] INFO  com.musheng.aop.RequestLogAspect - [请求开始] traceId=596e282d1d544fc9 userId=1 GET /api/v1/config/shop/options ip=0:0:0:0:0:0:0:1 方法=ShopController.options 参数=[]
2026-03-22 12:13:11.116 [http-nio-8888-exec-5] [596e282d1d544fc9] INFO  com.musheng.aop.RequestLogAspect - [请求结束] traceId=596e282d1d544fc9 GET /api/v1/config/shop/options 耗时=3ms 响应=Result(code=0, message=success, data=[Shop(shopCode=DEFAULT, shopName=默认店铺, sellerId=null, companyName=东莞市慕声商贸有限公司, taxId=91441900MA4WNG4C6H, status=1, remark=系统默认店铺), Shop(shopCode=TEST-001, shopName=慕声北美店铺, sellerId=1234567654, companyName=1234567876543, taxId=1234567876543, status=1, remark=1234567654)], timestamp=1774152791116, requestId=null)
2026-03-22 12:13:11.123 [http-nio-8888-exec-4] [d101f11aac504fe2] INFO  com.musheng.aop.RequestLogAspect - [请求结束] traceId=d101f11aac504fe2 GET /api/v1/business/document-party-config/list 耗时=4ms 响应=Result(code=0, message=success, data=[DocumentPartyConfigVO(id=2, siteCode=CA, buyerName=东莞市慕声商贸有限公司, buyerAddress=广东省东莞市虎门镇连升路82号虎门万达广场2栋606房, buyerPhone=18575382420, buyerNameEn=Dongguan Musheng Trade Co., Ltd., sellerName=Hong Kong Andeo Group Limited, sellerAddress=ROOM 1201, 12/F TAI SANG BANK BUILDING 130-132 DES VOEUX ROAD, CENTRAL HONGKONG, sellerPhone=00852-54682464, supplierName=Hong Kong Andeo Group Limited, customerNameTc=東莞市慕聲商貿有限公司, bankAccountName=Hong Kong Andeo Group Limited, ba...[已截断]
2026-03-22 12:13:11.283 [http-nio-8888-exec-9] [d84fde40129840d5] INFO  com.musheng.aop.RequestLogAspect - [请求开始] traceId=d84fde40129840d5 userId=1 GET /api/v1/business/document-party-config/list ip=0:0:0:0:0:0:0:1 方法=DocumentPartyConfigController.list 参数=[]
2026-03-22 12:13:11.283 [http-nio-8888-exec-8] [a92353bbce7b4750] INFO  com.musheng.aop.RequestLogAspect - [请求开始] traceId=a92353bbce7b4750 userId=1 GET /api/v1/config/shop/options ip=0:0:0:0:0:0:0:1 方法=ShopController.options 参数=[]
2026-03-22 12:13:11.286 [http-nio-8888-exec-8] [a92353bbce7b4750] INFO  com.musheng.aop.RequestLogAspect - [请求结束] traceId=a92353bbce7b4750 GET /api/v1/config/shop/options 耗时=3ms 响应=Result(code=0, message=success, data=[Shop(shopCode=DEFAULT, shopName=默认店铺, sellerId=null, companyName=东莞市慕声商贸有限公司, taxId=91441900MA4WNG4C6H, status=1, remark=系统默认店铺), Shop(shopCode=TEST-001, shopName=慕声北美店铺, sellerId=1234567654, companyName=1234567876543, taxId=1234567876543, status=1, remark=1234567654)], timestamp=1774152791286, requestId=null)
2026-03-22 12:13:11.286 [http-nio-8888-exec-9] [d84fde40129840d5] INFO  com.musheng.aop.RequestLogAspect - [请求结束] traceId=d84fde40129840d5 GET /api/v1/business/document-party-config/list 耗时=3ms 响应=Result(code=0, message=success, data=[DocumentPartyConfigVO(id=2, siteCode=CA, buyerName=东莞市慕声商贸有限公司, buyerAddress=广东省东莞市虎门镇连升路82号虎门万达广场2栋606房, buyerPhone=18575382420, buyerNameEn=Dongguan Musheng Trade Co., Ltd., sellerName=Hong Kong Andeo Group Limited, sellerAddress=ROOM 1201, 12/F TAI SANG BANK BUILDING 130-132 DES VOEUX ROAD, CENTRAL HONGKONG, sellerPhone=00852-54682464, supplierName=Hong Kong Andeo Group Limited, customerNameTc=東莞市慕聲商貿有限公司, bankAccountName=Hong Kong Andeo Group Limited, ba...[已截断]
2026-03-22 12:13:12.765 [http-nio-8888-exec-10] [d9af59189d3f464b] INFO  com.musheng.aop.RequestLogAspect - [请求开始] traceId=d9af59189d3f464b userId=1 GET /api/v1/business/document/msku/list ip=0:0:0:0:0:0:0:1 方法=DocumentController.listMsku 参数=[null, null, null, null, 1, 20]
2026-03-22 12:13:12.768 [http-nio-8888-exec-10] [d9af59189d3f464b] INFO  c.m.b.d.service.impl.DocumentQueryServiceImpl - 查询MSKU列表, 站点=null, MSKU=null, 周期=null~null
2026-03-22 12:13:12.880 [http-nio-8888-exec-10] [d9af59189d3f464b] INFO  com.musheng.aop.RequestLogAspect - [请求结束] traceId=d9af59189d3f464b GET /api/v1/business/document/msku/list 耗时=111ms 响应=Result(code=0, message=success, data=PageResult(records=[MskuListVO(id=14174, siteCode=UK, msku=MS-D06-2-2-, currency=GBP, unitPrice=7.3600, quantity=34, amount=250.2400, periodStart=2025-07-01, periodEnd=2025-09-30, procurementCostCny=497988.68, averageExchangeRate=9.629973), MskuListVO(id=14170, siteCode=UK, msku=MS-D06-2-3-, currency=GBP, unitPrice=7.3600, quantity=47, amount=345.9200, periodStart=2025-07-01, periodEnd=2025-09-30, procurementCostCny=497988.68, averageExchangeRate=9.629973), M...[已截断]
2026-03-22 12:13:13.416 [http-nio-8888-exec-3] [b85bf5104beb4498] INFO  com.musheng.aop.RequestLogAspect - [请求开始] traceId=b85bf5104beb4498 userId=1 GET /api/v1/business/document-party-config/list ip=0:0:0:0:0:0:0:1 方法=DocumentPartyConfigController.list 参数=[]
2026-03-22 12:13:13.423 [http-nio-8888-exec-3] [b85bf5104beb4498] INFO  com.musheng.aop.RequestLogAspect - [请求结束] traceId=b85bf5104beb4498 GET /api/v1/business/document-party-config/list 耗时=7ms 响应=Result(code=0, message=success, data=[DocumentPartyConfigVO(id=2, siteCode=CA, buyerName=东莞市慕声商贸有限公司, buyerAddress=广东省东莞市虎门镇连升路82号虎门万达广场2栋606房, buyerPhone=18575382420, buyerNameEn=Dongguan Musheng Trade Co., Ltd., sellerName=Hong Kong Andeo Group Limited, sellerAddress=ROOM 1201, 12/F TAI SANG BANK BUILDING 130-132 DES VOEUX ROAD, CENTRAL HONGKONG, sellerPhone=00852-54682464, supplierName=Hong Kong Andeo Group Limited, customerNameTc=東莞市慕聲商貿有限公司, bankAccountName=Hong Kong Andeo Group Limited, ba...[已截断]
2026-03-22 12:13:13.987 [http-nio-8888-exec-7] [d8363b2a48d64b0c] INFO  com.musheng.aop.RequestLogAspect - [请求开始] traceId=d8363b2a48d64b0c userId=1 GET /api/v1/business/document-party-config/list ip=0:0:0:0:0:0:0:1 方法=DocumentPartyConfigController.list 参数=[]
2026-03-22 12:13:13.987 [http-nio-8888-exec-6] [5affac84494b482e] INFO  com.musheng.aop.RequestLogAspect - [请求开始] traceId=5affac84494b482e userId=1 GET /api/v1/config/shop/options ip=0:0:0:0:0:0:0:1 方法=ShopController.options 参数=[]
2026-03-22 12:13:13.992 [http-nio-8888-exec-6] [5affac84494b482e] INFO  com.musheng.aop.RequestLogAspect - [请求结束] traceId=5affac84494b482e GET /api/v1/config/shop/options 耗时=5ms 响应=Result(code=0, message=success, data=[Shop(shopCode=DEFAULT, shopName=默认店铺, sellerId=null, companyName=东莞市慕声商贸有限公司, taxId=91441900MA4WNG4C6H, status=1, remark=系统默认店铺), Shop(shopCode=TEST-001, shopName=慕声北美店铺, sellerId=1234567654, companyName=1234567876543, taxId=1234567876543, status=1, remark=1234567654)], timestamp=1774152793992, requestId=null)
2026-03-22 12:13:13.995 [http-nio-8888-exec-7] [d8363b2a48d64b0c] INFO  com.musheng.aop.RequestLogAspect - [请求结束] traceId=d8363b2a48d64b0c GET /api/v1/business/document-party-config/list 耗时=7ms 响应=Result(code=0, message=success, data=[DocumentPartyConfigVO(id=2, siteCode=CA, buyerName=东莞市慕声商贸有限公司, buyerAddress=广东省东莞市虎门镇连升路82号虎门万达广场2栋606房, buyerPhone=18575382420, buyerNameEn=Dongguan Musheng Trade Co., Ltd., sellerName=Hong Kong Andeo Group Limited, sellerAddress=ROOM 1201, 12/F TAI SANG BANK BUILDING 130-132 DES VOEUX ROAD, CENTRAL HONGKONG, sellerPhone=00852-54682464, supplierName=Hong Kong Andeo Group Limited, customerNameTc=東莞市慕聲商貿有限公司, bankAccountName=Hong Kong Andeo Group Limited, ba...[已截断]
2026-03-22 12:13:14.198 [http-nio-8888-exec-10] [0e9b761136e84df6] INFO  com.musheng.aop.RequestLogAspect - [请求开始] traceId=0e9b761136e84df6 userId=1 GET /api/v1/business/document-party-config/list ip=0:0:0:0:0:0:0:1 方法=DocumentPartyConfigController.list 参数=[]
2026-03-22 12:13:14.198 [http-nio-8888-exec-1] [f6005b87fdc1411f] INFO  com.musheng.aop.RequestLogAspect - [请求开始] traceId=f6005b87fdc1411f userId=1 GET /api/v1/config/shop/options ip=0:0:0:0:0:0:0:1 方法=ShopController.options 参数=[]
2026-03-22 12:13:14.202 [http-nio-8888-exec-1] [f6005b87fdc1411f] INFO  com.musheng.aop.RequestLogAspect - [请求结束] traceId=f6005b87fdc1411f GET /api/v1/config/shop/options 耗时=5ms 响应=Result(code=0, message=success, data=[Shop(shopCode=DEFAULT, shopName=默认店铺, sellerId=null, companyName=东莞市慕声商贸有限公司, taxId=91441900MA4WNG4C6H, status=1, remark=系统默认店铺), Shop(shopCode=TEST-001, shopName=慕声北美店铺, sellerId=1234567654, companyName=1234567876543, taxId=1234567876543, status=1, remark=1234567654)], timestamp=1774152794202, requestId=null)
2026-03-22 12:13:14.209 [http-nio-8888-exec-10] [0e9b761136e84df6] INFO  com.musheng.aop.RequestLogAspect - [请求结束] traceId=0e9b761136e84df6 GET /api/v1/business/document-party-config/list 耗时=9ms 响应=Result(code=0, message=success, data=[DocumentPartyConfigVO(id=2, siteCode=CA, buyerName=东莞市慕声商贸有限公司, buyerAddress=广东省东莞市虎门镇连升路82号虎门万达广场2栋606房, buyerPhone=18575382420, buyerNameEn=Dongguan Musheng Trade Co., Ltd., sellerName=Hong Kong Andeo Group Limited, sellerAddress=ROOM 1201, 12/F TAI SANG BANK BUILDING 130-132 DES VOEUX ROAD, CENTRAL HONGKONG, sellerPhone=00852-54682464, supplierName=Hong Kong Andeo Group Limited, customerNameTc=東莞市慕聲商貿有限公司, bankAccountName=Hong Kong Andeo Group Limited, ba...[已截断]
2026-03-22 12:13:14.420 [http-nio-8888-exec-2] [47c544229dc0445d] INFO  com.musheng.aop.RequestLogAspect - [请求开始] traceId=47c544229dc0445d userId=1 GET /api/v1/business/document-party-config/list ip=0:0:0:0:0:0:0:1 方法=DocumentPartyConfigController.list 参数=[]
2026-03-22 12:13:14.420 [http-nio-8888-exec-3] [d5889947a4be4425] INFO  com.musheng.aop.RequestLogAspect - [请求开始] traceId=d5889947a4be4425 userId=1 GET /api/v1/config/shop/options ip=0:0:0:0:0:0:0:1 方法=ShopController.options 参数=[]
2026-03-22 12:13:14.426 [http-nio-8888-exec-3] [d5889947a4be4425] INFO  com.musheng.aop.RequestLogAspect - [请求结束] traceId=d5889947a4be4425 GET /api/v1/config/shop/options 耗时=6ms 响应=Result(code=0, message=success, data=[Shop(shopCode=DEFAULT, shopName=默认店铺, sellerId=null, companyName=东莞市慕声商贸有限公司, taxId=91441900MA4WNG4C6H, status=1, remark=系统默认店铺), Shop(shopCode=TEST-001, shopName=慕声北美店铺, sellerId=1234567654, companyName=1234567876543, taxId=1234567876543, status=1, remark=1234567654)], timestamp=1774152794425, requestId=null)
2026-03-22 12:13:14.431 [http-nio-8888-exec-2] [47c544229dc0445d] INFO  com.musheng.aop.RequestLogAspect - [请求结束] traceId=47c544229dc0445d GET /api/v1/business/document-party-config/list 耗时=12ms 响应=Result(code=0, message=success, data=[DocumentPartyConfigVO(id=2, siteCode=CA, buyerName=东莞市慕声商贸有限公司, buyerAddress=广东省东莞市虎门镇连升路82号虎门万达广场2栋606房, buyerPhone=18575382420, buyerNameEn=Dongguan Musheng Trade Co., Ltd., sellerName=Hong Kong Andeo Group Limited, sellerAddress=ROOM 1201, 12/F TAI SANG BANK BUILDING 130-132 DES VOEUX ROAD, CENTRAL HONGKONG, sellerPhone=00852-54682464, supplierName=Hong Kong Andeo Group Limited, customerNameTc=東莞市慕聲商貿有限公司, bankAccountName=Hong Kong Andeo Group Limited, ba...[已截断]
2026-03-22 12:13:14.607 [http-nio-8888-exec-7] [3607922826104dc3] INFO  com.musheng.aop.RequestLogAspect - [请求开始] traceId=3607922826104dc3 userId=1 GET /api/v1/config/shop/options ip=0:0:0:0:0:0:0:1 方法=ShopController.options 参数=[]
2026-03-22 12:13:14.607 [http-nio-8888-exec-6] [2c5c6c0ec1d544ab] INFO  com.musheng.aop.RequestLogAspect - [请求开始] traceId=2c5c6c0ec1d544ab userId=1 GET /api/v1/business/document-party-config/list ip=0:0:0:0:0:0:0:1 方法=DocumentPartyConfigController.list 参数=[]
2026-03-22 12:13:14.612 [http-nio-8888-exec-7] [3607922826104dc3] INFO  com.musheng.aop.RequestLogAspect - [请求结束] traceId=3607922826104dc3 GET /api/v1/config/shop/options 耗时=4ms 响应=Result(code=0, message=success, data=[Shop(shopCode=DEFAULT, shopName=默认店铺, sellerId=null, companyName=东莞市慕声商贸有限公司, taxId=91441900MA4WNG4C6H, status=1, remark=系统默认店铺), Shop(shopCode=TEST-001, shopName=慕声北美店铺, sellerId=1234567654, companyName=1234567876543, taxId=1234567876543, status=1, remark=1234567654)], timestamp=1774152794611, requestId=null)
2026-03-22 12:13:14.612 [http-nio-8888-exec-6] [2c5c6c0ec1d544ab] INFO  com.musheng.aop.RequestLogAspect - [请求结束] traceId=2c5c6c0ec1d544ab GET /api/v1/business/document-party-config/list 耗时=5ms 响应=Result(code=0, message=success, data=[DocumentPartyConfigVO(id=2, siteCode=CA, buyerName=东莞市慕声商贸有限公司, buyerAddress=广东省东莞市虎门镇连升路82号虎门万达广场2栋606房, buyerPhone=18575382420, buyerNameEn=Dongguan Musheng Trade Co., Ltd., sellerName=Hong Kong Andeo Group Limited, sellerAddress=ROOM 1201, 12/F TAI SANG BANK BUILDING 130-132 DES VOEUX ROAD, CENTRAL HONGKONG, sellerPhone=00852-54682464, supplierName=Hong Kong Andeo Group Limited, customerNameTc=東莞市慕聲商貿有限公司, bankAccountName=Hong Kong Andeo Group Limited, ba...[已截断]
2026-03-22 12:13:14.788 [http-nio-8888-exec-1] [6d3a95b2d1494a17] INFO  com.musheng.aop.RequestLogAspect - [请求开始] traceId=6d3a95b2d1494a17 userId=1 GET /api/v1/business/document-party-config/list ip=0:0:0:0:0:0:0:1 方法=DocumentPartyConfigController.list 参数=[]
2026-03-22 12:13:14.788 [http-nio-8888-exec-10] [54e64f4492044e4b] INFO  com.musheng.aop.RequestLogAspect - [请求开始] traceId=54e64f4492044e4b userId=1 GET /api/v1/config/shop/options ip=0:0:0:0:0:0:0:1 方法=ShopController.options 参数=[]
2026-03-22 12:13:14.791 [http-nio-8888-exec-10] [54e64f4492044e4b] INFO  com.musheng.aop.RequestLogAspect - [请求结束] traceId=54e64f4492044e4b GET /api/v1/config/shop/options 耗时=2ms 响应=Result(code=0, message=success, data=[Shop(shopCode=DEFAULT, shopName=默认店铺, sellerId=null, companyName=东莞市慕声商贸有限公司, taxId=91441900MA4WNG4C6H, status=1, remark=系统默认店铺), Shop(shopCode=TEST-001, shopName=慕声北美店铺, sellerId=1234567654, companyName=1234567876543, taxId=1234567876543, status=1, remark=1234567654)], timestamp=1774152794790, requestId=null)
2026-03-22 12:13:14.792 [http-nio-8888-exec-1] [6d3a95b2d1494a17] INFO  com.musheng.aop.RequestLogAspect - [请求结束] traceId=6d3a95b2d1494a17 GET /api/v1/business/document-party-config/list 耗时=3ms 响应=Result(code=0, message=success, data=[DocumentPartyConfigVO(id=2, siteCode=CA, buyerName=东莞市慕声商贸有限公司, buyerAddress=广东省东莞市虎门镇连升路82号虎门万达广场2栋606房, buyerPhone=18575382420, buyerNameEn=Dongguan Musheng Trade Co., Ltd., sellerName=Hong Kong Andeo Group Limited, sellerAddress=ROOM 1201, 12/F TAI SANG BANK BUILDING 130-132 DES VOEUX ROAD, CENTRAL HONGKONG, sellerPhone=00852-54682464, supplierName=Hong Kong Andeo Group Limited, customerNameTc=東莞市慕聲商貿有限公司, bankAccountName=Hong Kong Andeo Group Limited, ba...[已截断]
2026-03-22 12:13:16.998 [http-nio-8888-exec-5] [f42b3b58b6f74745] INFO  com.musheng.aop.RequestLogAspect - [请求开始] traceId=f42b3b58b6f74745 userId=1 GET /api/v1/config/shop/options ip=0:0:0:0:0:0:0:1 方法=ShopController.options 参数=[]
2026-03-22 12:13:16.998 [http-nio-8888-exec-4] [dd51d38da03841d4] INFO  com.musheng.aop.RequestLogAspect - [请求开始] traceId=dd51d38da03841d4 userId=1 GET /api/v1/business/document-party-config/list ip=0:0:0:0:0:0:0:1 方法=DocumentPartyConfigController.list 参数=[]
2026-03-22 12:13:17.003 [http-nio-8888-exec-5] [f42b3b58b6f74745] INFO  com.musheng.aop.RequestLogAspect - [请求结束] traceId=f42b3b58b6f74745 GET /api/v1/config/shop/options 耗时=5ms 响应=Result(code=0, message=success, data=[Shop(shopCode=DEFAULT, shopName=默认店铺, sellerId=null, companyName=东莞市慕声商贸有限公司, taxId=91441900MA4WNG4C6H, status=1, remark=系统默认店铺), Shop(shopCode=TEST-001, shopName=慕声北美店铺, sellerId=1234567654, companyName=1234567876543, taxId=1234567876543, status=1, remark=1234567654)], timestamp=1774152797002, requestId=null)
2026-03-22 12:13:17.004 [http-nio-8888-exec-4] [dd51d38da03841d4] INFO  com.musheng.aop.RequestLogAspect - [请求结束] traceId=dd51d38da03841d4 GET /api/v1/business/document-party-config/list 耗时=6ms 响应=Result(code=0, message=success, data=[DocumentPartyConfigVO(id=2, siteCode=CA, buyerName=东莞市慕声商贸有限公司, buyerAddress=广东省东莞市虎门镇连升路82号虎门万达广场2栋606房, buyerPhone=18575382420, buyerNameEn=Dongguan Musheng Trade Co., Ltd., sellerName=Hong Kong Andeo Group Limited, sellerAddress=ROOM 1201, 12/F TAI SANG BANK BUILDING 130-132 DES VOEUX ROAD, CENTRAL HONGKONG, sellerPhone=00852-54682464, supplierName=Hong Kong Andeo Group Limited, customerNameTc=東莞市慕聲商貿有限公司, bankAccountName=Hong Kong Andeo Group Limited, ba...[已截断]
2026-03-22 12:13:27.965 [http-nio-8888-exec-9] [ab80647f32b04892] INFO  com.musheng.aop.RequestLogAspect - [请求开始] traceId=ab80647f32b04892 userId=1 GET /api/v1/config/shop/options ip=0:0:0:0:0:0:0:1 方法=ShopController.options 参数=[]
2026-03-22 12:13:27.965 [http-nio-8888-exec-8] [a4675b2f91954259] INFO  com.musheng.aop.RequestLogAspect - [请求开始] traceId=a4675b2f91954259 userId=1 GET /api/v1/business/document-party-config/list ip=0:0:0:0:0:0:0:1 方法=DocumentPartyConfigController.list 参数=[]
2026-03-22 12:13:27.979 [http-nio-8888-exec-9] [ab80647f32b04892] INFO  com.musheng.aop.RequestLogAspect - [请求结束] traceId=ab80647f32b04892 GET /api/v1/config/shop/options 耗时=17ms 响应=Result(code=0, message=success, data=[Shop(shopCode=DEFAULT, shopName=默认店铺, sellerId=null, companyName=东莞市慕声商贸有限公司, taxId=91441900MA4WNG4C6H, status=1, remark=系统默认店铺), Shop(shopCode=TEST-001, shopName=慕声北美店铺, sellerId=1234567654, companyName=1234567876543, taxId=1234567876543, status=1, remark=1234567654)], timestamp=1774152807979, requestId=null)
2026-03-22 12:13:27.980 [http-nio-8888-exec-8] [a4675b2f91954259] INFO  com.musheng.aop.RequestLogAspect - [请求结束] traceId=a4675b2f91954259 GET /api/v1/business/document-party-config/list 耗时=18ms 响应=Result(code=0, message=success, data=[DocumentPartyConfigVO(id=2, siteCode=CA, buyerName=东莞市慕声商贸有限公司, buyerAddress=广东省东莞市虎门镇连升路82号虎门万达广场2栋606房, buyerPhone=18575382420, buyerNameEn=Dongguan Musheng Trade Co., Ltd., sellerName=Hong Kong Andeo Group Limited, sellerAddress=ROOM 1201, 12/F TAI SANG BANK BUILDING 130-132 DES VOEUX ROAD, CENTRAL HONGKONG, sellerPhone=00852-54682464, supplierName=Hong Kong Andeo Group Limited, customerNameTc=東莞市慕聲商貿有限公司, bankAccountName=Hong Kong Andeo Group Limited, ba...[已截断]
2026-03-22 12:13:28.159 [http-nio-8888-exec-2] [9b43e194d2ea4d29] INFO  com.musheng.aop.RequestLogAspect - [请求开始] traceId=9b43e194d2ea4d29 userId=1 GET /api/v1/business/document-party-config/list ip=0:0:0:0:0:0:0:1 方法=DocumentPartyConfigController.list 参数=[]
2026-03-22 12:13:28.159 [http-nio-8888-exec-3] [60b5fcceccef42b6] INFO  com.musheng.aop.RequestLogAspect - [请求开始] traceId=60b5fcceccef42b6 userId=1 GET /api/v1/config/shop/options ip=0:0:0:0:0:0:0:1 方法=ShopController.options 参数=[]
2026-03-22 12:13:28.167 [http-nio-8888-exec-3] [60b5fcceccef42b6] INFO  com.musheng.aop.RequestLogAspect - [请求结束] traceId=60b5fcceccef42b6 GET /api/v1/config/shop/options 耗时=18ms 响应=Result(code=0, message=success, data=[Shop(shopCode=DEFAULT, shopName=默认店铺, sellerId=null, companyName=东莞市慕声商贸有限公司, taxId=91441900MA4WNG4C6H, status=1, remark=系统默认店铺), Shop(shopCode=TEST-001, shopName=慕声北美店铺, sellerId=1234567654, companyName=1234567876543, taxId=1234567876543, status=1, remark=1234567654)], timestamp=1774152808167, requestId=null)
2026-03-22 12:13:28.167 [http-nio-8888-exec-2] [9b43e194d2ea4d29] INFO  com.musheng.aop.RequestLogAspect - [请求结束] traceId=9b43e194d2ea4d29 GET /api/v1/business/document-party-config/list 耗时=17ms 响应=Result(code=0, message=success, data=[DocumentPartyConfigVO(id=2, siteCode=CA, buyerName=东莞市慕声商贸有限公司, buyerAddress=广东省东莞市虎门镇连升路82号虎门万达广场2栋606房, buyerPhone=18575382420, buyerNameEn=Dongguan Musheng Trade Co., Ltd., sellerName=Hong Kong Andeo Group Limited, sellerAddress=ROOM 1201, 12/F TAI SANG BANK BUILDING 130-132 DES VOEUX ROAD, CENTRAL HONGKONG, sellerPhone=00852-54682464, supplierName=Hong Kong Andeo Group Limited, customerNameTc=東莞市慕聲商貿有限公司, bankAccountName=Hong Kong Andeo Group Limited, ba...[已截断]
2026-03-22 12:13:28.328 [http-nio-8888-exec-7] [996c769d1bca45a2] INFO  com.musheng.aop.RequestLogAspect - [请求开始] traceId=996c769d1bca45a2 userId=1 GET /api/v1/config/shop/options ip=0:0:0:0:0:0:0:1 方法=ShopController.options 参数=[]
2026-03-22 12:13:28.328 [http-nio-8888-exec-6] [53cf93cf83dd4d85] INFO  com.musheng.aop.RequestLogAspect - [请求开始] traceId=53cf93cf83dd4d85 userId=1 GET /api/v1/business/document-party-config/list ip=0:0:0:0:0:0:0:1 方法=DocumentPartyConfigController.list 参数=[]
2026-03-22 12:13:28.338 [http-nio-8888-exec-7] [996c769d1bca45a2] INFO  com.musheng.aop.RequestLogAspect - [请求结束] traceId=996c769d1bca45a2 GET /api/v1/config/shop/options 耗时=12ms 响应=Result(code=0, message=success, data=[Shop(shopCode=DEFAULT, shopName=默认店铺, sellerId=null, companyName=东莞市慕声商贸有限公司, taxId=91441900MA4WNG4C6H, status=1, remark=系统默认店铺), Shop(shopCode=TEST-001, shopName=慕声北美店铺, sellerId=1234567654, companyName=1234567876543, taxId=1234567876543, status=1, remark=1234567654)], timestamp=1774152808338, requestId=null)
2026-03-22 12:13:28.340 [http-nio-8888-exec-6] [53cf93cf83dd4d85] INFO  com.musheng.aop.RequestLogAspect - [请求结束] traceId=53cf93cf83dd4d85 GET /api/v1/business/document-party-config/list 耗时=14ms 响应=Result(code=0, message=success, data=[DocumentPartyConfigVO(id=2, siteCode=CA, buyerName=东莞市慕声商贸有限公司, buyerAddress=广东省东莞市虎门镇连升路82号虎门万达广场2栋606房, buyerPhone=18575382420, buyerNameEn=Dongguan Musheng Trade Co., Ltd., sellerName=Hong Kong Andeo Group Limited, sellerAddress=ROOM 1201, 12/F TAI SANG BANK BUILDING 130-132 DES VOEUX ROAD, CENTRAL HONGKONG, sellerPhone=00852-54682464, supplierName=Hong Kong Andeo Group Limited, customerNameTc=東莞市慕聲商貿有限公司, bankAccountName=Hong Kong Andeo Group Limited, ba...[已截断]
2026-03-22 12:13:28.469 [http-nio-8888-exec-10] [c3c9719cdfca4142] INFO  com.musheng.aop.RequestLogAspect - [请求开始] traceId=c3c9719cdfca4142 userId=1 GET /api/v1/business/document-party-config/list ip=0:0:0:0:0:0:0:1 方法=DocumentPartyConfigController.list 参数=[]
2026-03-22 12:13:28.469 [http-nio-8888-exec-1] [a8bfe3a056dd4bec] INFO  com.musheng.aop.RequestLogAspect - [请求开始] traceId=a8bfe3a056dd4bec userId=1 GET /api/v1/config/shop/options ip=0:0:0:0:0:0:0:1 方法=ShopController.options 参数=[]
2026-03-22 12:13:28.471 [http-nio-8888-exec-1] [a8bfe3a056dd4bec] INFO  com.musheng.aop.RequestLogAspect - [请求结束] traceId=a8bfe3a056dd4bec GET /api/v1/config/shop/options 耗时=3ms 响应=Result(code=0, message=success, data=[Shop(shopCode=DEFAULT, shopName=默认店铺, sellerId=null, companyName=东莞市慕声商贸有限公司, taxId=91441900MA4WNG4C6H, status=1, remark=系统默认店铺), Shop(shopCode=TEST-001, shopName=慕声北美店铺, sellerId=1234567654, companyName=1234567876543, taxId=1234567876543, status=1, remark=1234567654)], timestamp=1774152808471, requestId=null)
2026-03-22 12:13:28.472 [http-nio-8888-exec-10] [c3c9719cdfca4142] INFO  com.musheng.aop.RequestLogAspect - [请求结束] traceId=c3c9719cdfca4142 GET /api/v1/business/document-party-config/list 耗时=3ms 响应=Result(code=0, message=success, data=[DocumentPartyConfigVO(id=2, siteCode=CA, buyerName=东莞市慕声商贸有限公司, buyerAddress=广东省东莞市虎门镇连升路82号虎门万达广场2栋606房, buyerPhone=18575382420, buyerNameEn=Dongguan Musheng Trade Co., Ltd., sellerName=Hong Kong Andeo Group Limited, sellerAddress=ROOM 1201, 12/F TAI SANG BANK BUILDING 130-132 DES VOEUX ROAD, CENTRAL HONGKONG, sellerPhone=00852-54682464, supplierName=Hong Kong Andeo Group Limited, customerNameTc=東莞市慕聲商貿有限公司, bankAccountName=Hong Kong Andeo Group Limited, ba...[已截断]
2026-03-22 12:13:28.760 [http-nio-8888-exec-6] [557d26bce6534710] INFO  com.musheng.aop.RequestLogAspect - [请求开始] traceId=557d26bce6534710 userId=1 GET /api/v1/config/shop/options ip=0:0:0:0:0:0:0:1 方法=ShopController.options 参数=[]
2026-03-22 12:13:28.760 [http-nio-8888-exec-7] [e5bd414bcda44215] INFO  com.musheng.aop.RequestLogAspect - [请求开始] traceId=e5bd414bcda44215 userId=1 GET /api/v1/business/document-party-config/list ip=0:0:0:0:0:0:0:1 方法=DocumentPartyConfigController.list 参数=[]
2026-03-22 12:13:28.764 [http-nio-8888-exec-6] [557d26bce6534710] INFO  com.musheng.aop.RequestLogAspect - [请求结束] traceId=557d26bce6534710 GET /api/v1/config/shop/options 耗时=4ms 响应=Result(code=0, message=success, data=[Shop(shopCode=DEFAULT, shopName=默认店铺, sellerId=null, companyName=东莞市慕声商贸有限公司, taxId=91441900MA4WNG4C6H, status=1, remark=系统默认店铺), Shop(shopCode=TEST-001, shopName=慕声北美店铺, sellerId=1234567654, companyName=1234567876543, taxId=1234567876543, status=1, remark=1234567654)], timestamp=1774152808764, requestId=null)
2026-03-22 12:13:28.766 [http-nio-8888-exec-7] [e5bd414bcda44215] INFO  com.musheng.aop.RequestLogAspect - [请求结束] traceId=e5bd414bcda44215 GET /api/v1/business/document-party-config/list 耗时=6ms 响应=Result(code=0, message=success, data=[DocumentPartyConfigVO(id=2, siteCode=CA, buyerName=东莞市慕声商贸有限公司, buyerAddress=广东省东莞市虎门镇连升路82号虎门万达广场2栋606房, buyerPhone=18575382420, buyerNameEn=Dongguan Musheng Trade Co., Ltd., sellerName=Hong Kong Andeo Group Limited, sellerAddress=ROOM 1201, 12/F TAI SANG BANK BUILDING 130-132 DES VOEUX ROAD, CENTRAL HONGKONG, sellerPhone=00852-54682464, supplierName=Hong Kong Andeo Group Limited, customerNameTc=東莞市慕聲商貿有限公司, bankAccountName=Hong Kong Andeo Group Limited, ba...[已截断]
2026-03-22 12:13:28.926 [http-nio-8888-exec-9] [efa6842c84234390] INFO  com.musheng.aop.RequestLogAspect - [请求开始] traceId=efa6842c84234390 userId=1 GET /api/v1/config/shop/options ip=0:0:0:0:0:0:0:1 方法=ShopController.options 参数=[]
2026-03-22 12:13:28.926 [http-nio-8888-exec-10] [6d01509bc9c04001] INFO  com.musheng.aop.RequestLogAspect - [请求开始] traceId=6d01509bc9c04001 userId=1 GET /api/v1/business/document-party-config/list ip=0:0:0:0:0:0:0:1 方法=DocumentPartyConfigController.list 参数=[]
2026-03-22 12:13:28.929 [http-nio-8888-exec-9] [efa6842c84234390] INFO  com.musheng.aop.RequestLogAspect - [请求结束] traceId=efa6842c84234390 GET /api/v1/config/shop/options 耗时=3ms 响应=Result(code=0, message=success, data=[Shop(shopCode=DEFAULT, shopName=默认店铺, sellerId=null, companyName=东莞市慕声商贸有限公司, taxId=91441900MA4WNG4C6H, status=1, remark=系统默认店铺), Shop(shopCode=TEST-001, shopName=慕声北美店铺, sellerId=1234567654, companyName=1234567876543, taxId=1234567876543, status=1, remark=1234567654)], timestamp=1774152808929, requestId=null)
2026-03-22 12:13:28.930 [http-nio-8888-exec-10] [6d01509bc9c04001] INFO  com.musheng.aop.RequestLogAspect - [请求结束] traceId=6d01509bc9c04001 GET /api/v1/business/document-party-config/list 耗时=4ms 响应=Result(code=0, message=success, data=[DocumentPartyConfigVO(id=2, siteCode=CA, buyerName=东莞市慕声商贸有限公司, buyerAddress=广东省东莞市虎门镇连升路82号虎门万达广场2栋606房, buyerPhone=18575382420, buyerNameEn=Dongguan Musheng Trade Co., Ltd., sellerName=Hong Kong Andeo Group Limited, sellerAddress=ROOM 1201, 12/F TAI SANG BANK BUILDING 130-132 DES VOEUX ROAD, CENTRAL HONGKONG, sellerPhone=00852-54682464, supplierName=Hong Kong Andeo Group Limited, customerNameTc=東莞市慕聲商貿有限公司, bankAccountName=Hong Kong Andeo Group Limited, ba...[已截断]
2026-03-22 12:13:29.232 [http-nio-8888-exec-6] [f6bbe837a5b54941] INFO  com.musheng.aop.RequestLogAspect - [请求开始] traceId=f6bbe837a5b54941 userId=1 GET /api/v1/business/document-party-config/list ip=0:0:0:0:0:0:0:1 方法=DocumentPartyConfigController.list 参数=[]
2026-03-22 12:13:29.232 [http-nio-8888-exec-4] [2a9cb359611141f7] INFO  com.musheng.aop.RequestLogAspect - [请求开始] traceId=2a9cb359611141f7 userId=1 GET /api/v1/config/shop/options ip=0:0:0:0:0:0:0:1 方法=ShopController.options 参数=[]
2026-03-22 12:13:29.236 [http-nio-8888-exec-4] [2a9cb359611141f7] INFO  com.musheng.aop.RequestLogAspect - [请求结束] traceId=2a9cb359611141f7 GET /api/v1/config/shop/options 耗时=4ms 响应=Result(code=0, message=success, data=[Shop(shopCode=DEFAULT, shopName=默认店铺, sellerId=null, companyName=东莞市慕声商贸有限公司, taxId=91441900MA4WNG4C6H, status=1, remark=系统默认店铺), Shop(shopCode=TEST-001, shopName=慕声北美店铺, sellerId=1234567654, companyName=1234567876543, taxId=1234567876543, status=1, remark=1234567654)], timestamp=1774152809236, requestId=null)
2026-03-22 12:13:29.237 [http-nio-8888-exec-6] [f6bbe837a5b54941] INFO  com.musheng.aop.RequestLogAspect - [请求结束] traceId=f6bbe837a5b54941 GET /api/v1/business/document-party-config/list 耗时=5ms 响应=Result(code=0, message=success, data=[DocumentPartyConfigVO(id=2, siteCode=CA, buyerName=东莞市慕声商贸有限公司, buyerAddress=广东省东莞市虎门镇连升路82号虎门万达广场2栋606房, buyerPhone=18575382420, buyerNameEn=Dongguan Musheng Trade Co., Ltd., sellerName=Hong Kong Andeo Group Limited, sellerAddress=ROOM 1201, 12/F TAI SANG BANK BUILDING 130-132 DES VOEUX ROAD, CENTRAL HONGKONG, sellerPhone=00852-54682464, supplierName=Hong Kong Andeo Group Limited, customerNameTc=東莞市慕聲商貿有限公司, bankAccountName=Hong Kong Andeo Group Limited, ba...[已截断]
2026-03-22 12:13:29.389 [http-nio-8888-exec-9] [e991deafa8f14db5] INFO  com.musheng.aop.RequestLogAspect - [请求开始] traceId=e991deafa8f14db5 userId=1 GET /api/v1/business/document-party-config/list ip=0:0:0:0:0:0:0:1 方法=DocumentPartyConfigController.list 参数=[]
2026-03-22 12:13:29.389 [http-nio-8888-exec-10] [d01d036aa1954f4d] INFO  com.musheng.aop.RequestLogAspect - [请求开始] traceId=d01d036aa1954f4d userId=1 GET /api/v1/config/shop/options ip=0:0:0:0:0:0:0:1 方法=ShopController.options 参数=[]
2026-03-22 12:13:29.392 [http-nio-8888-exec-10] [d01d036aa1954f4d] INFO  com.musheng.aop.RequestLogAspect - [请求结束] traceId=d01d036aa1954f4d GET /api/v1/config/shop/options 耗时=3ms 响应=Result(code=0, message=success, data=[Shop(shopCode=DEFAULT, shopName=默认店铺, sellerId=null, companyName=东莞市慕声商贸有限公司, taxId=91441900MA4WNG4C6H, status=1, remark=系统默认店铺), Shop(shopCode=TEST-001, shopName=慕声北美店铺, sellerId=1234567654, companyName=1234567876543, taxId=1234567876543, status=1, remark=1234567654)], timestamp=1774152809392, requestId=null)
2026-03-22 12:13:29.393 [http-nio-8888-exec-9] [e991deafa8f14db5] INFO  com.musheng.aop.RequestLogAspect - [请求结束] traceId=e991deafa8f14db5 GET /api/v1/business/document-party-config/list 耗时=4ms 响应=Result(code=0, message=success, data=[DocumentPartyConfigVO(id=2, siteCode=CA, buyerName=东莞市慕声商贸有限公司, buyerAddress=广东省东莞市虎门镇连升路82号虎门万达广场2栋606房, buyerPhone=18575382420, buyerNameEn=Dongguan Musheng Trade Co., Ltd., sellerName=Hong Kong Andeo Group Limited, sellerAddress=ROOM 1201, 12/F TAI SANG BANK BUILDING 130-132 DES VOEUX ROAD, CENTRAL HONGKONG, sellerPhone=00852-54682464, supplierName=Hong Kong Andeo Group Limited, customerNameTc=東莞市慕聲商貿有限公司, bankAccountName=Hong Kong Andeo Group Limited, ba...[已截断]
2026-03-22 12:13:29.937 [http-nio-8888-exec-2] [6d4351f94e0b4f0c] INFO  com.musheng.aop.RequestLogAspect - [请求开始] traceId=6d4351f94e0b4f0c userId=1 GET /api/v1/config/shop/options ip=0:0:0:0:0:0:0:1 方法=ShopController.options 参数=[]
2026-03-22 12:13:29.937 [http-nio-8888-exec-5] [ed76be8653b04b5f] INFO  com.musheng.aop.RequestLogAspect - [请求开始] traceId=ed76be8653b04b5f userId=1 GET /api/v1/business/document-party-config/list ip=0:0:0:0:0:0:0:1 方法=DocumentPartyConfigController.list 参数=[]
2026-03-22 12:13:29.940 [http-nio-8888-exec-2] [6d4351f94e0b4f0c] INFO  com.musheng.aop.RequestLogAspect - [请求结束] traceId=6d4351f94e0b4f0c GET /api/v1/config/shop/options 耗时=3ms 响应=Result(code=0, message=success, data=[Shop(shopCode=DEFAULT, shopName=默认店铺, sellerId=null, companyName=东莞市慕声商贸有限公司, taxId=91441900MA4WNG4C6H, status=1, remark=系统默认店铺), Shop(shopCode=TEST-001, shopName=慕声北美店铺, sellerId=1234567654, companyName=1234567876543, taxId=1234567876543, status=1, remark=1234567654)], timestamp=1774152809940, requestId=null)
2026-03-22 12:13:29.941 [http-nio-8888-exec-5] [ed76be8653b04b5f] INFO  com.musheng.aop.RequestLogAspect - [请求结束] traceId=ed76be8653b04b5f GET /api/v1/business/document-party-config/list 耗时=4ms 响应=Result(code=0, message=success, data=[DocumentPartyConfigVO(id=2, siteCode=CA, buyerName=东莞市慕声商贸有限公司, buyerAddress=广东省东莞市虎门镇连升路82号虎门万达广场2栋606房, buyerPhone=18575382420, buyerNameEn=Dongguan Musheng Trade Co., Ltd., sellerName=Hong Kong Andeo Group Limited, sellerAddress=ROOM 1201, 12/F TAI SANG BANK BUILDING 130-132 DES VOEUX ROAD, CENTRAL HONGKONG, sellerPhone=00852-54682464, supplierName=Hong Kong Andeo Group Limited, customerNameTc=東莞市慕聲商貿有限公司, bankAccountName=Hong Kong Andeo Group Limited, ba...[已截断]
2026-03-22 12:13:30.115 [http-nio-8888-exec-8] [aee221482d734329] INFO  com.musheng.aop.RequestLogAspect - [请求开始] traceId=aee221482d734329 userId=1 GET /api/v1/config/shop/options ip=0:0:0:0:0:0:0:1 方法=ShopController.options 参数=[]
2026-03-22 12:13:30.116 [http-nio-8888-exec-7] [d7105a23687a4558] INFO  com.musheng.aop.RequestLogAspect - [请求开始] traceId=d7105a23687a4558 userId=1 GET /api/v1/business/document-party-config/list ip=0:0:0:0:0:0:0:1 方法=DocumentPartyConfigController.list 参数=[]
2026-03-22 12:13:30.120 [http-nio-8888-exec-8] [aee221482d734329] INFO  com.musheng.aop.RequestLogAspect - [请求结束] traceId=aee221482d734329 GET /api/v1/config/shop/options 耗时=6ms 响应=Result(code=0, message=success, data=[Shop(shopCode=DEFAULT, shopName=默认店铺, sellerId=null, companyName=东莞市慕声商贸有限公司, taxId=91441900MA4WNG4C6H, status=1, remark=系统默认店铺), Shop(shopCode=TEST-001, shopName=慕声北美店铺, sellerId=1234567654, companyName=1234567876543, taxId=1234567876543, status=1, remark=1234567654)], timestamp=1774152810120, requestId=null)
2026-03-22 12:13:30.122 [http-nio-8888-exec-7] [d7105a23687a4558] INFO  com.musheng.aop.RequestLogAspect - [请求结束] traceId=d7105a23687a4558 GET /api/v1/business/document-party-config/list 耗时=7ms 响应=Result(code=0, message=success, data=[DocumentPartyConfigVO(id=2, siteCode=CA, buyerName=东莞市慕声商贸有限公司, buyerAddress=广东省东莞市虎门镇连升路82号虎门万达广场2栋606房, buyerPhone=18575382420, buyerNameEn=Dongguan Musheng Trade Co., Ltd., sellerName=Hong Kong Andeo Group Limited, sellerAddress=ROOM 1201, 12/F TAI SANG BANK BUILDING 130-132 DES VOEUX ROAD, CENTRAL HONGKONG, sellerPhone=00852-54682464, supplierName=Hong Kong Andeo Group Limited, customerNameTc=東莞市慕聲商貿有限公司, bankAccountName=Hong Kong Andeo Group Limited, ba...[已截断]
2026-03-22 12:13:30.286 [http-nio-8888-exec-3] [b45e42a5814b40a5] INFO  com.musheng.aop.RequestLogAspect - [请求开始] traceId=b45e42a5814b40a5 userId=1 GET /api/v1/config/shop/options ip=0:0:0:0:0:0:0:1 方法=ShopController.options 参数=[]
2026-03-22 12:13:30.286 [http-nio-8888-exec-1] [be1f42a98d4d41b9] INFO  com.musheng.aop.RequestLogAspect - [请求开始] traceId=be1f42a98d4d41b9 userId=1 GET /api/v1/business/document-party-config/list ip=0:0:0:0:0:0:0:1 方法=DocumentPartyConfigController.list 参数=[]
2026-03-22 12:13:30.289 [http-nio-8888-exec-3] [b45e42a5814b40a5] INFO  com.musheng.aop.RequestLogAspect - [请求结束] traceId=b45e42a5814b40a5 GET /api/v1/config/shop/options 耗时=3ms 响应=Result(code=0, message=success, data=[Shop(shopCode=DEFAULT, shopName=默认店铺, sellerId=null, companyName=东莞市慕声商贸有限公司, taxId=91441900MA4WNG4C6H, status=1, remark=系统默认店铺), Shop(shopCode=TEST-001, shopName=慕声北美店铺, sellerId=1234567654, companyName=1234567876543, taxId=1234567876543, status=1, remark=1234567654)], timestamp=1774152810289, requestId=null)
2026-03-22 12:13:30.292 [http-nio-8888-exec-1] [be1f42a98d4d41b9] INFO  com.musheng.aop.RequestLogAspect - [请求结束] traceId=be1f42a98d4d41b9 GET /api/v1/business/document-party-config/list 耗时=6ms 响应=Result(code=0, message=success, data=[DocumentPartyConfigVO(id=2, siteCode=CA, buyerName=东莞市慕声商贸有限公司, buyerAddress=广东省东莞市虎门镇连升路82号虎门万达广场2栋606房, buyerPhone=18575382420, buyerNameEn=Dongguan Musheng Trade Co., Ltd., sellerName=Hong Kong Andeo Group Limited, sellerAddress=ROOM 1201, 12/F TAI SANG BANK BUILDING 130-132 DES VOEUX ROAD, CENTRAL HONGKONG, sellerPhone=00852-54682464, supplierName=Hong Kong Andeo Group Limited, customerNameTc=東莞市慕聲商貿有限公司, bankAccountName=Hong Kong Andeo Group Limited, ba...[已截断]
2026-03-22 12:13:30.462 [http-nio-8888-exec-4] [e0a10864c294409d] INFO  com.musheng.aop.RequestLogAspect - [请求开始] traceId=e0a10864c294409d userId=1 GET /api/v1/config/shop/options ip=0:0:0:0:0:0:0:1 方法=ShopController.options 参数=[]
2026-03-22 12:13:30.462 [http-nio-8888-exec-6] [f5681509f28f4ac4] INFO  com.musheng.aop.RequestLogAspect - [请求开始] traceId=f5681509f28f4ac4 userId=1 GET /api/v1/business/document-party-config/list ip=0:0:0:0:0:0:0:1 方法=DocumentPartyConfigController.list 参数=[]
2026-03-22 12:13:30.467 [http-nio-8888-exec-4] [e0a10864c294409d] INFO  com.musheng.aop.RequestLogAspect - [请求结束] traceId=e0a10864c294409d GET /api/v1/config/shop/options 耗时=5ms 响应=Result(code=0, message=success, data=[Shop(shopCode=DEFAULT, shopName=默认店铺, sellerId=null, companyName=东莞市慕声商贸有限公司, taxId=91441900MA4WNG4C6H, status=1, remark=系统默认店铺), Shop(shopCode=TEST-001, shopName=慕声北美店铺, sellerId=1234567654, companyName=1234567876543, taxId=1234567876543, status=1, remark=1234567654)], timestamp=1774152810467, requestId=null)
2026-03-22 12:13:30.468 [http-nio-8888-exec-6] [f5681509f28f4ac4] INFO  com.musheng.aop.RequestLogAspect - [请求结束] traceId=f5681509f28f4ac4 GET /api/v1/business/document-party-config/list 耗时=6ms 响应=Result(code=0, message=success, data=[DocumentPartyConfigVO(id=2, siteCode=CA, buyerName=东莞市慕声商贸有限公司, buyerAddress=广东省东莞市虎门镇连升路82号虎门万达广场2栋606房, buyerPhone=18575382420, buyerNameEn=Dongguan Musheng Trade Co., Ltd., sellerName=Hong Kong Andeo Group Limited, sellerAddress=ROOM 1201, 12/F TAI SANG BANK BUILDING 130-132 DES VOEUX ROAD, CENTRAL HONGKONG, sellerPhone=00852-54682464, supplierName=Hong Kong Andeo Group Limited, customerNameTc=東莞市慕聲商貿有限公司, bankAccountName=Hong Kong Andeo Group Limited, ba...[已截断]
2026-03-22 12:13:30.636 [http-nio-8888-exec-10] [52d84f8d613c4503] INFO  com.musheng.aop.RequestLogAspect - [请求开始] traceId=52d84f8d613c4503 userId=1 GET /api/v1/config/shop/options ip=0:0:0:0:0:0:0:1 方法=ShopController.options 参数=[]
2026-03-22 12:13:30.637 [http-nio-8888-exec-9] [6e5a685181b34bb6] INFO  com.musheng.aop.RequestLogAspect - [请求开始] traceId=6e5a685181b34bb6 userId=1 GET /api/v1/business/document-party-config/list ip=0:0:0:0:0:0:0:1 方法=DocumentPartyConfigController.list 参数=[]
2026-03-22 12:13:30.640 [http-nio-8888-exec-10] [52d84f8d613c4503] INFO  com.musheng.aop.RequestLogAspect - [请求结束] traceId=52d84f8d613c4503 GET /api/v1/config/shop/options 耗时=4ms 响应=Result(code=0, message=success, data=[Shop(shopCode=DEFAULT, shopName=默认店铺, sellerId=null, companyName=东莞市慕声商贸有限公司, taxId=91441900MA4WNG4C6H, status=1, remark=系统默认店铺), Shop(shopCode=TEST-001, shopName=慕声北美店铺, sellerId=1234567654, companyName=1234567876543, taxId=1234567876543, status=1, remark=1234567654)], timestamp=1774152810640, requestId=null)
2026-03-22 12:13:30.642 [http-nio-8888-exec-9] [6e5a685181b34bb6] INFO  com.musheng.aop.RequestLogAspect - [请求结束] traceId=6e5a685181b34bb6 GET /api/v1/business/document-party-config/list 耗时=5ms 响应=Result(code=0, message=success, data=[DocumentPartyConfigVO(id=2, siteCode=CA, buyerName=东莞市慕声商贸有限公司, buyerAddress=广东省东莞市虎门镇连升路82号虎门万达广场2栋606房, buyerPhone=18575382420, buyerNameEn=Dongguan Musheng Trade Co., Ltd., sellerName=Hong Kong Andeo Group Limited, sellerAddress=ROOM 1201, 12/F TAI SANG BANK BUILDING 130-132 DES VOEUX ROAD, CENTRAL HONGKONG, sellerPhone=00852-54682464, supplierName=Hong Kong Andeo Group Limited, customerNameTc=東莞市慕聲商貿有限公司, bankAccountName=Hong Kong Andeo Group Limited, ba...[已截断]
2026-03-22 12:13:30.816 [http-nio-8888-exec-2] [42bd6cf6958b448b] INFO  com.musheng.aop.RequestLogAspect - [请求开始] traceId=42bd6cf6958b448b userId=1 GET /api/v1/config/shop/options ip=0:0:0:0:0:0:0:1 方法=ShopController.options 参数=[]
2026-03-22 12:13:30.816 [http-nio-8888-exec-5] [4df4f788d09546de] INFO  com.musheng.aop.RequestLogAspect - [请求开始] traceId=4df4f788d09546de userId=1 GET /api/v1/business/document-party-config/list ip=0:0:0:0:0:0:0:1 方法=DocumentPartyConfigController.list 参数=[]
2026-03-22 12:13:30.828 [http-nio-8888-exec-2] [42bd6cf6958b448b] INFO  com.musheng.aop.RequestLogAspect - [请求结束] traceId=42bd6cf6958b448b GET /api/v1/config/shop/options 耗时=12ms 响应=Result(code=0, message=success, data=[Shop(shopCode=DEFAULT, shopName=默认店铺, sellerId=null, companyName=东莞市慕声商贸有限公司, taxId=91441900MA4WNG4C6H, status=1, remark=系统默认店铺), Shop(shopCode=TEST-001, shopName=慕声北美店铺, sellerId=1234567654, companyName=1234567876543, taxId=1234567876543, status=1, remark=1234567654)], timestamp=1774152810828, requestId=null)
2026-03-22 12:13:30.829 [http-nio-8888-exec-5] [4df4f788d09546de] INFO  com.musheng.aop.RequestLogAspect - [请求结束] traceId=4df4f788d09546de GET /api/v1/business/document-party-config/list 耗时=13ms 响应=Result(code=0, message=success, data=[DocumentPartyConfigVO(id=2, siteCode=CA, buyerName=东莞市慕声商贸有限公司, buyerAddress=广东省东莞市虎门镇连升路82号虎门万达广场2栋606房, buyerPhone=18575382420, buyerNameEn=Dongguan Musheng Trade Co., Ltd., sellerName=Hong Kong Andeo Group Limited, sellerAddress=ROOM 1201, 12/F TAI SANG BANK BUILDING 130-132 DES VOEUX ROAD, CENTRAL HONGKONG, sellerPhone=00852-54682464, supplierName=Hong Kong Andeo Group Limited, customerNameTc=東莞市慕聲商貿有限公司, bankAccountName=Hong Kong Andeo Group Limited, ba...[已截断]
2026-03-22 12:13:31.168 [http-nio-8888-exec-9] [f361f73c467b4751] INFO  com.musheng.aop.RequestLogAspect - [请求开始] traceId=f361f73c467b4751 userId=1 GET /api/v1/config/shop/options ip=0:0:0:0:0:0:0:1 方法=ShopController.options 参数=[]
2026-03-22 12:13:31.168 [http-nio-8888-exec-10] [7be89c9cb84e41fa] INFO  com.musheng.aop.RequestLogAspect - [请求开始] traceId=7be89c9cb84e41fa userId=1 GET /api/v1/business/document-party-config/list ip=0:0:0:0:0:0:0:1 方法=DocumentPartyConfigController.list 参数=[]
2026-03-22 12:13:31.181 [http-nio-8888-exec-9] [f361f73c467b4751] INFO  com.musheng.aop.RequestLogAspect - [请求结束] traceId=f361f73c467b4751 GET /api/v1/config/shop/options 耗时=12ms 响应=Result(code=0, message=success, data=[Shop(shopCode=DEFAULT, shopName=默认店铺, sellerId=null, companyName=东莞市慕声商贸有限公司, taxId=91441900MA4WNG4C6H, status=1, remark=系统默认店铺), Shop(shopCode=TEST-001, shopName=慕声北美店铺, sellerId=1234567654, companyName=1234567876543, taxId=1234567876543, status=1, remark=1234567654)], timestamp=1774152811180, requestId=null)
2026-03-22 12:13:31.183 [http-nio-8888-exec-10] [7be89c9cb84e41fa] INFO  com.musheng.aop.RequestLogAspect - [请求结束] traceId=7be89c9cb84e41fa GET /api/v1/business/document-party-config/list 耗时=15ms 响应=Result(code=0, message=success, data=[DocumentPartyConfigVO(id=2, siteCode=CA, buyerName=东莞市慕声商贸有限公司, buyerAddress=广东省东莞市虎门镇连升路82号虎门万达广场2栋606房, buyerPhone=18575382420, buyerNameEn=Dongguan Musheng Trade Co., Ltd., sellerName=Hong Kong Andeo Group Limited, sellerAddress=ROOM 1201, 12/F TAI SANG BANK BUILDING 130-132 DES VOEUX ROAD, CENTRAL HONGKONG, sellerPhone=00852-54682464, supplierName=Hong Kong Andeo Group Limited, customerNameTc=東莞市慕聲商貿有限公司, bankAccountName=Hong Kong Andeo Group Limited, ba...[已截断]
2026-03-22 12:13:31.368 [http-nio-8888-exec-2] [d5c409d2b2af4e31] INFO  com.musheng.aop.RequestLogAspect - [请求开始] traceId=d5c409d2b2af4e31 userId=1 GET /api/v1/business/document-party-config/list ip=0:0:0:0:0:0:0:1 方法=DocumentPartyConfigController.list 参数=[]
2026-03-22 12:13:31.368 [http-nio-8888-exec-5] [07008e8dd2ef4f9a] INFO  com.musheng.aop.RequestLogAspect - [请求开始] traceId=07008e8dd2ef4f9a userId=1 GET /api/v1/config/shop/options ip=0:0:0:0:0:0:0:1 方法=ShopController.options 参数=[]
2026-03-22 12:13:31.376 [http-nio-8888-exec-5] [07008e8dd2ef4f9a] INFO  com.musheng.aop.RequestLogAspect - [请求结束] traceId=07008e8dd2ef4f9a GET /api/v1/config/shop/options 耗时=8ms 响应=Result(code=0, message=success, data=[Shop(shopCode=DEFAULT, shopName=默认店铺, sellerId=null, companyName=东莞市慕声商贸有限公司, taxId=91441900MA4WNG4C6H, status=1, remark=系统默认店铺), Shop(shopCode=TEST-001, shopName=慕声北美店铺, sellerId=1234567654, companyName=1234567876543, taxId=1234567876543, status=1, remark=1234567654)], timestamp=1774152811376, requestId=null)
2026-03-22 12:13:31.377 [http-nio-8888-exec-2] [d5c409d2b2af4e31] INFO  com.musheng.aop.RequestLogAspect - [请求结束] traceId=d5c409d2b2af4e31 GET /api/v1/business/document-party-config/list 耗时=9ms 响应=Result(code=0, message=success, data=[DocumentPartyConfigVO(id=2, siteCode=CA, buyerName=东莞市慕声商贸有限公司, buyerAddress=广东省东莞市虎门镇连升路82号虎门万达广场2栋606房, buyerPhone=18575382420, buyerNameEn=Dongguan Musheng Trade Co., Ltd., sellerName=Hong Kong Andeo Group Limited, sellerAddress=ROOM 1201, 12/F TAI SANG BANK BUILDING 130-132 DES VOEUX ROAD, CENTRAL HONGKONG, sellerPhone=00852-54682464, supplierName=Hong Kong Andeo Group Limited, customerNameTc=東莞市慕聲商貿有限公司, bankAccountName=Hong Kong Andeo Group Limited, ba...[已截断]
2026-03-22 12:13:31.560 [http-nio-8888-exec-8] [8ed5e58ec2af4d5f] INFO  com.musheng.aop.RequestLogAspect - [请求开始] traceId=8ed5e58ec2af4d5f userId=1 GET /api/v1/config/shop/options ip=0:0:0:0:0:0:0:1 方法=ShopController.options 参数=[]
2026-03-22 12:13:31.560 [http-nio-8888-exec-7] [cb509ed5b5ac4296] INFO  com.musheng.aop.RequestLogAspect - [请求开始] traceId=cb509ed5b5ac4296 userId=1 GET /api/v1/business/document-party-config/list ip=0:0:0:0:0:0:0:1 方法=DocumentPartyConfigController.list 参数=[]
2026-03-22 12:13:31.566 [http-nio-8888-exec-8] [8ed5e58ec2af4d5f] INFO  com.musheng.aop.RequestLogAspect - [请求结束] traceId=8ed5e58ec2af4d5f GET /api/v1/config/shop/options 耗时=6ms 响应=Result(code=0, message=success, data=[Shop(shopCode=DEFAULT, shopName=默认店铺, sellerId=null, companyName=东莞市慕声商贸有限公司, taxId=91441900MA4WNG4C6H, status=1, remark=系统默认店铺), Shop(shopCode=TEST-001, shopName=慕声北美店铺, sellerId=1234567654, companyName=1234567876543, taxId=1234567876543, status=1, remark=1234567654)], timestamp=1774152811566, requestId=null)
2026-03-22 12:13:31.567 [http-nio-8888-exec-7] [cb509ed5b5ac4296] INFO  com.musheng.aop.RequestLogAspect - [请求结束] traceId=cb509ed5b5ac4296 GET /api/v1/business/document-party-config/list 耗时=6ms 响应=Result(code=0, message=success, data=[DocumentPartyConfigVO(id=2, siteCode=CA, buyerName=东莞市慕声商贸有限公司, buyerAddress=广东省东莞市虎门镇连升路82号虎门万达广场2栋606房, buyerPhone=18575382420, buyerNameEn=Dongguan Musheng Trade Co., Ltd., sellerName=Hong Kong Andeo Group Limited, sellerAddress=ROOM 1201, 12/F TAI SANG BANK BUILDING 130-132 DES VOEUX ROAD, CENTRAL HONGKONG, sellerPhone=00852-54682464, supplierName=Hong Kong Andeo Group Limited, customerNameTc=東莞市慕聲商貿有限公司, bankAccountName=Hong Kong Andeo Group Limited, ba...[已截断]
2026-03-22 12:13:31.799 [http-nio-8888-exec-3] [2b607288d43449f8] INFO  com.musheng.aop.RequestLogAspect - [请求开始] traceId=2b607288d43449f8 userId=1 GET /api/v1/business/document-party-config/list ip=0:0:0:0:0:0:0:1 方法=DocumentPartyConfigController.list 参数=[]
2026-03-22 12:13:31.800 [http-nio-8888-exec-1] [2857669e56084fb8] INFO  com.musheng.aop.RequestLogAspect - [请求开始] traceId=2857669e56084fb8 userId=1 GET /api/v1/config/shop/options ip=0:0:0:0:0:0:0:1 方法=ShopController.options 参数=[]
2026-03-22 12:13:31.807 [http-nio-8888-exec-1] [2857669e56084fb8] INFO  com.musheng.aop.RequestLogAspect - [请求结束] traceId=2857669e56084fb8 GET /api/v1/config/shop/options 耗时=7ms 响应=Result(code=0, message=success, data=[Shop(shopCode=DEFAULT, shopName=默认店铺, sellerId=null, companyName=东莞市慕声商贸有限公司, taxId=91441900MA4WNG4C6H, status=1, remark=系统默认店铺), Shop(shopCode=TEST-001, shopName=慕声北美店铺, sellerId=1234567654, companyName=1234567876543, taxId=1234567876543, status=1, remark=1234567654)], timestamp=1774152811807, requestId=null)
2026-03-22 12:13:31.809 [http-nio-8888-exec-3] [2b607288d43449f8] INFO  com.musheng.aop.RequestLogAspect - [请求结束] traceId=2b607288d43449f8 GET /api/v1/business/document-party-config/list 耗时=10ms 响应=Result(code=0, message=success, data=[DocumentPartyConfigVO(id=2, siteCode=CA, buyerName=东莞市慕声商贸有限公司, buyerAddress=广东省东莞市虎门镇连升路82号虎门万达广场2栋606房, buyerPhone=18575382420, buyerNameEn=Dongguan Musheng Trade Co., Ltd., sellerName=Hong Kong Andeo Group Limited, sellerAddress=ROOM 1201, 12/F TAI SANG BANK BUILDING 130-132 DES VOEUX ROAD, CENTRAL HONGKONG, sellerPhone=00852-54682464, supplierName=Hong Kong Andeo Group Limited, customerNameTc=東莞市慕聲商貿有限公司, bankAccountName=Hong Kong Andeo Group Limited, ba...[已截断]
2026-03-22 12:13:32.049 [http-nio-8888-exec-6] [23d5ad6aada04e25] INFO  com.musheng.aop.RequestLogAspect - [请求开始] traceId=23d5ad6aada04e25 userId=1 GET /api/v1/config/shop/options ip=0:0:0:0:0:0:0:1 方法=ShopController.options 参数=[]
2026-03-22 12:13:32.050 [http-nio-8888-exec-4] [ba1c960b158c4a4c] INFO  com.musheng.aop.RequestLogAspect - [请求开始] traceId=ba1c960b158c4a4c userId=1 GET /api/v1/business/document-party-config/list ip=0:0:0:0:0:0:0:1 方法=DocumentPartyConfigController.list 参数=[]
2026-03-22 12:13:32.053 [http-nio-8888-exec-4] [ba1c960b158c4a4c] INFO  com.musheng.aop.RequestLogAspect - [请求结束] traceId=ba1c960b158c4a4c GET /api/v1/business/document-party-config/list 耗时=4ms 响应=Result(code=0, message=success, data=[DocumentPartyConfigVO(id=2, siteCode=CA, buyerName=东莞市慕声商贸有限公司, buyerAddress=广东省东莞市虎门镇连升路82号虎门万达广场2栋606房, buyerPhone=18575382420, buyerNameEn=Dongguan Musheng Trade Co., Ltd., sellerName=Hong Kong Andeo Group Limited, sellerAddress=ROOM 1201, 12/F TAI SANG BANK BUILDING 130-132 DES VOEUX ROAD, CENTRAL HONGKONG, sellerPhone=00852-54682464, supplierName=Hong Kong Andeo Group Limited, customerNameTc=東莞市慕聲商貿有限公司, bankAccountName=Hong Kong Andeo Group Limited, ba...[已截断]
2026-03-22 12:13:32.053 [http-nio-8888-exec-6] [23d5ad6aada04e25] INFO  com.musheng.aop.RequestLogAspect - [请求结束] traceId=23d5ad6aada04e25 GET /api/v1/config/shop/options 耗时=4ms 响应=Result(code=0, message=success, data=[Shop(shopCode=DEFAULT, shopName=默认店铺, sellerId=null, companyName=东莞市慕声商贸有限公司, taxId=91441900MA4WNG4C6H, status=1, remark=系统默认店铺), Shop(shopCode=TEST-001, shopName=慕声北美店铺, sellerId=1234567654, companyName=1234567876543, taxId=1234567876543, status=1, remark=1234567654)], timestamp=1774152812053, requestId=null)
2026-03-22 12:15:23.640 [http-nio-8888-exec-10] [bf00d90e87ef4c84] INFO  com.musheng.aop.RequestLogAspect - [请求开始] traceId=bf00d90e87ef4c84 userId=1 GET /api/v1/business/document-party-config/list ip=0:0:0:0:0:0:0:1 方法=DocumentPartyConfigController.list 参数=[]
2026-03-22 12:15:23.656 [http-nio-8888-exec-10] [bf00d90e87ef4c84] INFO  com.musheng.aop.RequestLogAspect - [请求结束] traceId=bf00d90e87ef4c84 GET /api/v1/business/document-party-config/list 耗时=15ms 响应=Result(code=0, message=success, data=[DocumentPartyConfigVO(id=2, siteCode=CA, buyerName=东莞市慕声商贸有限公司, buyerAddress=广东省东莞市虎门镇连升路82号虎门万达广场2栋606房, buyerPhone=18575382420, buyerNameEn=Dongguan Musheng Trade Co., Ltd., sellerName=Hong Kong Andeo Group Limited, sellerAddress=ROOM 1201, 12/F TAI SANG BANK BUILDING 130-132 DES VOEUX ROAD, CENTRAL HONGKONG, sellerPhone=00852-54682464, supplierName=Hong Kong Andeo Group Limited, customerNameTc=東莞市慕聲商貿有限公司, bankAccountName=Hong Kong Andeo Group Limited, ba...[已截断]
2026-03-22 12:15:45.718 [http-nio-8888-exec-3] [ef7ae6668abf475a] INFO  com.musheng.aop.RequestLogAspect - [请求开始] traceId=ef7ae6668abf475a userId=1 GET /api/v1/config/shop/options ip=0:0:0:0:0:0:0:1 方法=ShopController.options 参数=[]
2026-03-22 12:15:45.718 [http-nio-8888-exec-1] [778ec922f4fd4230] INFO  com.musheng.aop.RequestLogAspect - [请求开始] traceId=778ec922f4fd4230 userId=1 GET /api/v1/business/document-party-config/list ip=0:0:0:0:0:0:0:1 方法=DocumentPartyConfigController.list 参数=[]
2026-03-22 12:15:45.731 [http-nio-8888-exec-3] [ef7ae6668abf475a] INFO  com.musheng.aop.RequestLogAspect - [请求结束] traceId=ef7ae6668abf475a GET /api/v1/config/shop/options 耗时=13ms 响应=Result(code=0, message=success, data=[Shop(shopCode=DEFAULT, shopName=默认店铺, sellerId=null, companyName=东莞市慕声商贸有限公司, taxId=91441900MA4WNG4C6H, status=1, remark=系统默认店铺), Shop(shopCode=TEST-001, shopName=慕声北美店铺, sellerId=1234567654, companyName=1234567876543, taxId=1234567876543, status=1, remark=1234567654)], timestamp=1774152945731, requestId=null)
2026-03-22 12:15:45.733 [http-nio-8888-exec-1] [778ec922f4fd4230] INFO  com.musheng.aop.RequestLogAspect - [请求结束] traceId=778ec922f4fd4230 GET /api/v1/business/document-party-config/list 耗时=15ms 响应=Result(code=0, message=success, data=[DocumentPartyConfigVO(id=2, siteCode=CA, buyerName=东莞市慕声商贸有限公司, buyerAddress=广东省东莞市虎门镇连升路82号虎门万达广场2栋606房, buyerPhone=18575382420, buyerNameEn=Dongguan Musheng Trade Co., Ltd., sellerName=Hong Kong Andeo Group Limited, sellerAddress=ROOM 1201, 12/F TAI SANG BANK BUILDING 130-132 DES VOEUX ROAD, CENTRAL HONGKONG, sellerPhone=00852-54682464, supplierName=Hong Kong Andeo Group Limited, customerNameTc=東莞市慕聲商貿有限公司, bankAccountName=Hong Kong Andeo Group Limited, ba...[已截断]
2026-03-22 12:15:45.863 [http-nio-8888-exec-5] [5934e431b2d34992] INFO  com.musheng.aop.RequestLogAspect - [请求开始] traceId=5934e431b2d34992 userId=1 GET /api/v1/business/document-party-config/list ip=0:0:0:0:0:0:0:1 方法=DocumentPartyConfigController.list 参数=[]
2026-03-22 12:15:45.863 [http-nio-8888-exec-2] [99ffe9d5a8cc44c5] INFO  com.musheng.aop.RequestLogAspect - [请求开始] traceId=99ffe9d5a8cc44c5 userId=1 GET /api/v1/config/shop/options ip=0:0:0:0:0:0:0:1 方法=ShopController.options 参数=[]
2026-03-22 12:15:45.867 [http-nio-8888-exec-2] [99ffe9d5a8cc44c5] INFO  com.musheng.aop.RequestLogAspect - [请求结束] traceId=99ffe9d5a8cc44c5 GET /api/v1/config/shop/options 耗时=4ms 响应=Result(code=0, message=success, data=[Shop(shopCode=DEFAULT, shopName=默认店铺, sellerId=null, companyName=东莞市慕声商贸有限公司, taxId=91441900MA4WNG4C6H, status=1, remark=系统默认店铺), Shop(shopCode=TEST-001, shopName=慕声北美店铺, sellerId=1234567654, companyName=1234567876543, taxId=1234567876543, status=1, remark=1234567654)], timestamp=1774152945867, requestId=null)
2026-03-22 12:15:45.870 [http-nio-8888-exec-5] [5934e431b2d34992] INFO  com.musheng.aop.RequestLogAspect - [请求结束] traceId=5934e431b2d34992 GET /api/v1/business/document-party-config/list 耗时=7ms 响应=Result(code=0, message=success, data=[DocumentPartyConfigVO(id=2, siteCode=CA, buyerName=东莞市慕声商贸有限公司, buyerAddress=广东省东莞市虎门镇连升路82号虎门万达广场2栋606房, buyerPhone=18575382420, buyerNameEn=Dongguan Musheng Trade Co., Ltd., sellerName=Hong Kong Andeo Group Limited, sellerAddress=ROOM 1201, 12/F TAI SANG BANK BUILDING 130-132 DES VOEUX ROAD, CENTRAL HONGKONG, sellerPhone=00852-54682464, supplierName=Hong Kong Andeo Group Limited, customerNameTc=東莞市慕聲商貿有限公司, bankAccountName=Hong Kong Andeo Group Limited, ba...[已截断]
2026-03-22 12:15:46.019 [http-nio-8888-exec-4] [5fd688819d16497b] INFO  com.musheng.aop.RequestLogAspect - [请求开始] traceId=5fd688819d16497b userId=1 GET /api/v1/config/shop/options ip=0:0:0:0:0:0:0:1 方法=ShopController.options 参数=[]
2026-03-22 12:15:46.024 [http-nio-8888-exec-6] [4eb3c39480f74a1c] INFO  com.musheng.aop.RequestLogAspect - [请求开始] traceId=4eb3c39480f74a1c userId=1 GET /api/v1/business/document-party-config/list ip=0:0:0:0:0:0:0:1 方法=DocumentPartyConfigController.list 参数=[]
2026-03-22 12:15:46.028 [http-nio-8888-exec-4] [5fd688819d16497b] INFO  com.musheng.aop.RequestLogAspect - [请求结束] traceId=5fd688819d16497b GET /api/v1/config/shop/options 耗时=10ms 响应=Result(code=0, message=success, data=[Shop(shopCode=DEFAULT, shopName=默认店铺, sellerId=null, companyName=东莞市慕声商贸有限公司, taxId=91441900MA4WNG4C6H, status=1, remark=系统默认店铺), Shop(shopCode=TEST-001, shopName=慕声北美店铺, sellerId=1234567654, companyName=1234567876543, taxId=1234567876543, status=1, remark=1234567654)], timestamp=1774152946028, requestId=null)
2026-03-22 12:15:46.028 [http-nio-8888-exec-6] [4eb3c39480f74a1c] INFO  com.musheng.aop.RequestLogAspect - [请求结束] traceId=4eb3c39480f74a1c GET /api/v1/business/document-party-config/list 耗时=4ms 响应=Result(code=0, message=success, data=[DocumentPartyConfigVO(id=2, siteCode=CA, buyerName=东莞市慕声商贸有限公司, buyerAddress=广东省东莞市虎门镇连升路82号虎门万达广场2栋606房, buyerPhone=18575382420, buyerNameEn=Dongguan Musheng Trade Co., Ltd., sellerName=Hong Kong Andeo Group Limited, sellerAddress=ROOM 1201, 12/F TAI SANG BANK BUILDING 130-132 DES VOEUX ROAD, CENTRAL HONGKONG, sellerPhone=00852-54682464, supplierName=Hong Kong Andeo Group Limited, customerNameTc=東莞市慕聲商貿有限公司, bankAccountName=Hong Kong Andeo Group Limited, ba...[已截断]
2026-03-22 12:15:47.405 [http-nio-8888-exec-8] [0e8c063dd0b24796] INFO  com.musheng.aop.RequestLogAspect - [请求开始] traceId=0e8c063dd0b24796 userId=1 GET /api/v1/business/document/msku/list ip=0:0:0:0:0:0:0:1 方法=DocumentController.listMsku 参数=[null, null, null, null, 1, 20]
2026-03-22 12:15:47.405 [http-nio-8888-exec-8] [0e8c063dd0b24796] INFO  c.m.b.d.service.impl.DocumentQueryServiceImpl - 查询MSKU列表, 站点=null, MSKU=null, 周期=null~null
2026-03-22 12:15:47.483 [http-nio-8888-exec-8] [0e8c063dd0b24796] INFO  com.musheng.aop.RequestLogAspect - [请求结束] traceId=0e8c063dd0b24796 GET /api/v1/business/document/msku/list 耗时=79ms 响应=Result(code=0, message=success, data=PageResult(records=[MskuListVO(id=14174, siteCode=UK, msku=MS-D06-2-2-, currency=GBP, unitPrice=7.3600, quantity=34, amount=250.2400, periodStart=2025-07-01, periodEnd=2025-09-30, procurementCostCny=497988.68, averageExchangeRate=9.629973), MskuListVO(id=14170, siteCode=UK, msku=MS-D06-2-3-, currency=GBP, unitPrice=7.3600, quantity=47, amount=345.9200, periodStart=2025-07-01, periodEnd=2025-09-30, procurementCostCny=497988.68, averageExchangeRate=9.629973), M...[已截断]
2026-03-22 12:15:48.651 [http-nio-8888-exec-9] [d24c567b2f23457e] INFO  com.musheng.aop.RequestLogAspect - [请求开始] traceId=d24c567b2f23457e userId=1 GET /api/v1/business/document-party-config/list ip=0:0:0:0:0:0:0:1 方法=DocumentPartyConfigController.list 参数=[]
2026-03-22 12:15:48.658 [http-nio-8888-exec-9] [d24c567b2f23457e] INFO  com.musheng.aop.RequestLogAspect - [请求结束] traceId=d24c567b2f23457e GET /api/v1/business/document-party-config/list 耗时=6ms 响应=Result(code=0, message=success, data=[DocumentPartyConfigVO(id=2, siteCode=CA, buyerName=东莞市慕声商贸有限公司, buyerAddress=广东省东莞市虎门镇连升路82号虎门万达广场2栋606房, buyerPhone=18575382420, buyerNameEn=Dongguan Musheng Trade Co., Ltd., sellerName=Hong Kong Andeo Group Limited, sellerAddress=ROOM 1201, 12/F TAI SANG BANK BUILDING 130-132 DES VOEUX ROAD, CENTRAL HONGKONG, sellerPhone=00852-54682464, supplierName=Hong Kong Andeo Group Limited, customerNameTc=東莞市慕聲商貿有限公司, bankAccountName=Hong Kong Andeo Group Limited, ba...[已截断]
2026-03-22 12:16:10.828 [http-nio-8888-exec-3] [7cd633d03b3c4bb8] INFO  com.musheng.aop.RequestLogAspect - [请求开始] traceId=7cd633d03b3c4bb8 userId=1 PUT /api/v1/business/document-party-config/update ip=0:0:0:0:0:0:0:1 方法=DocumentPartyConfigController.update 参数=[DocumentPartyConfigDTO(id=3, siteCode=UK, buyerName=完全wrqtwy, buyerAddress=广东省东莞市虎门镇连升路82号虎门万达广场2栋606房, buyerPhone=18575382420, buyerNameEn=Dongguan Musheng Trade Co., Ltd., sellerName=Hong Kong Andeo Group Limited, sellerAddress=ROOM 1201, 12/F TAI SANG BANK BUILDING 130-132 DES VOEUX ROAD, CENTRAL HONGKONG, sellerPhone=00852-54682464, supplierName=Hong Kong Andeo Group Limited, customerNameTc=qwewt4t34y34ty4, bankAccountName=Hong Kong Andeo Group Limited, bankAccountNumber=012-878-0-001234-5, bankName=Bank of China (Hong Kong) Limited, bankAddress=Bank of China Tower, 1 Garden Road, Central, Hong Kong, swiftCode=BKCHHKHH)]
2026-03-22 12:16:10.840 [http-nio-8888-exec-3] [7cd633d03b3c4bb8] INFO  c.m.b.d.s.impl.DocumentPartyConfigServiceImpl - 修改交易方配置成功，id=3, siteCode=UK
2026-03-22 12:16:10.840 [http-nio-8888-exec-3] [7cd633d03b3c4bb8] INFO  com.musheng.aop.RequestLogAspect - [请求结束] traceId=7cd633d03b3c4bb8 PUT /api/v1/business/document-party-config/update 耗时=17ms 响应=Result(code=0, message=success, data=null, timestamp=1774152970840, requestId=null)
2026-03-22 12:16:10.880 [http-nio-8888-exec-5] [9f7c5830ca294e3a] INFO  com.musheng.aop.RequestLogAspect - [请求开始] traceId=9f7c5830ca294e3a userId=1 GET /api/v1/business/document-party-config/list ip=0:0:0:0:0:0:0:1 方法=DocumentPartyConfigController.list 参数=[]
2026-03-22 12:16:10.896 [http-nio-8888-exec-5] [9f7c5830ca294e3a] INFO  com.musheng.aop.RequestLogAspect - [请求结束] traceId=9f7c5830ca294e3a GET /api/v1/business/document-party-config/list 耗时=16ms 响应=Result(code=0, message=success, data=[DocumentPartyConfigVO(id=2, siteCode=CA, buyerName=东莞市慕声商贸有限公司, buyerAddress=广东省东莞市虎门镇连升路82号虎门万达广场2栋606房, buyerPhone=18575382420, buyerNameEn=Dongguan Musheng Trade Co., Ltd., sellerName=Hong Kong Andeo Group Limited, sellerAddress=ROOM 1201, 12/F TAI SANG BANK BUILDING 130-132 DES VOEUX ROAD, CENTRAL HONGKONG, sellerPhone=00852-54682464, supplierName=Hong Kong Andeo Group Limited, customerNameTc=東莞市慕聲商貿有限公司, bankAccountName=Hong Kong Andeo Group Limited, ba...[已截断]
2026-03-22 12:16:16.824 [http-nio-8888-exec-4] [1bb3d6e00b504f16] INFO  com.musheng.aop.RequestLogAspect - [请求开始] traceId=1bb3d6e00b504f16 userId=1 GET /api/v1/business/document/list ip=0:0:0:0:0:0:0:1 方法=DocumentController.listDocuments 参数=[null, null, null, null, 1, 20]
2026-03-22 12:16:16.825 [http-nio-8888-exec-4] [1bb3d6e00b504f16] INFO  c.m.b.d.service.impl.DocumentQueryServiceImpl - 分页查询单据列表, 类型=null, 编号=null
2026-03-22 12:16:16.916 [http-nio-8888-exec-4] [1bb3d6e00b504f16] INFO  com.musheng.aop.RequestLogAspect - [请求结束] traceId=1bb3d6e00b504f16 GET /api/v1/business/document/list 耗时=92ms 响应=Result(code=0, message=success, data=PageResult(records=[DocumentListVO(id=547, documentType=INV, documentNo=20251013003, documentDate=2025-10-13, buyerName=Dongguan Musheng Trade Co., Ltd., sellerName=Hong Kong Andeo Group Limited, totalQuantity=8890, totalAmount=51723.2800), DocumentListVO(id=871, documentType=SETTLEMENT, documentNo=20251008003, documentDate=2025-10-08, buyerName=东莞市慕声商贸有限公司, sellerName=Hong Kong Andeo Group Limited, totalQuantity=8890, totalAmount=51723.2800), DocumentListVO(...[已截断]
2026-03-22 12:16:17.690 [http-nio-8888-exec-8] [03531c1284af4565] INFO  com.musheng.aop.RequestLogAspect - [请求开始] traceId=03531c1284af4565 userId=1 GET /api/v1/config/marketplaces/enabled ip=0:0:0:0:0:0:0:1 方法=MarketplaceController.getEnabled 参数=[]
2026-03-22 12:16:17.706 [http-nio-8888-exec-8] [03531c1284af4565] INFO  com.musheng.aop.RequestLogAspect - [请求结束] traceId=03531c1284af4565 GET /api/v1/config/marketplaces/enabled 耗时=16ms 响应=Result(code=0, message=success, data=[Marketplace(siteCode=CA, siteName=加拿大站, marketplaceId=A2EUQ1WTGCTBG2, currencyCode=CAD, sellerId=APNDJLWNA7H88, headerLanguage=EN, dateFormat=MMM d, yyyy h:mm:ss a z, numberFormat=., timezone=America/Toronto, status=1), Marketplace(siteCode=DE, siteName=德国站, marketplaceId=A1PA6795UKMFR9, currencyCode=EUR, sellerId=A11Y51I5ZXY4AO, headerLanguage=DE, dateFormat=dd.MM.yyyy HH:mm:ss z, numberFormat=,, timezone=Europe/Berlin, status=1), Marketplace(siteCode=UK, s...[已截断]
2026-03-22 12:16:22.502 [http-nio-8888-exec-9] [5a1767c38dda4b8b] INFO  com.musheng.aop.RequestLogAspect - [请求开始] traceId=5a1767c38dda4b8b userId=1 GET /api/v1/business/fba-shipment/list ip=0:0:0:0:0:0:0:1 方法=FbaShipmentController.list 参数=[null, null, null, null, UK, 2025-07-01, 2025-09-30, 1, 200]
2026-03-22 12:16:22.568 [http-nio-8888-exec-9] [5a1767c38dda4b8b] INFO  com.musheng.aop.RequestLogAspect - [请求结束] traceId=5a1767c38dda4b8b GET /api/v1/business/fba-shipment/list 耗时=59ms 响应=Result(code=0, message=success, data=PageResult(records=[FbaShipment(shopId=1, shipmentId=FBA15KS3Q60G, shipmentName=RP250828003, status=CLOSED, warehouseCode=BHX4, shopName=null, country=Great Britain (United Kingdom; England), siteCode=UK, state=West Midlands, city=Coventry, streetAddress=Plot 1, Lyons Park,, houseNumber=, createdDate=2025-08-29T17:55, updatedDate=2025-11-15T03:09, skuCount=32, totalQuantity=743, totalReceivedQuantity=743, recipient=Amazon EU SARL (UK), postalCode=CV5 9PF, imp...[已截断]
2026-03-22 12:16:25.736 [http-nio-8888-exec-3] [0cfb3ad7c5d54eed] INFO  com.musheng.aop.RequestLogAspect - [请求开始] traceId=0cfb3ad7c5d54eed userId=1 POST /api/v1/business/document/po/generate ip=0:0:0:0:0:0:0:1 方法=DocumentController.generatePo 参数=[PoGenerateRequest(shipmentIds=[52])]
2026-03-22 12:16:25.736 [http-nio-8888-exec-3] [0cfb3ad7c5d54eed] INFO  c.m.b.document.controller.DocumentController - 生成PO采购订单，货件数量: 1
2026-03-22 12:16:25.737 [http-nio-8888-exec-3] [0cfb3ad7c5d54eed] INFO  c.m.b.d.service.impl.DocumentGenerateServiceImpl - 开始生成PO采购订单，货件ID数量: 1
2026-03-22 12:16:25.773 [http-nio-8888-exec-3] [0cfb3ad7c5d54eed] INFO  c.m.b.d.service.impl.DocumentGenerateServiceImpl - PO主表持久化成功，编号: 20250819001, ID: 70
2026-03-22 12:16:25.810 [http-nio-8888-exec-3] [0cfb3ad7c5d54eed] INFO  c.m.b.d.service.impl.DocumentGenerateServiceImpl - PO明细持久化成功，明细数量: 23
2026-03-22 12:16:25.812 [http-nio-8888-exec-3] [0cfb3ad7c5d54eed] INFO  com.musheng.aop.RequestLogAspect - [请求结束] traceId=0cfb3ad7c5d54eed POST /api/v1/business/document/po/generate 耗时=76ms 响应=Result(code=0, message=success, data=DocumentPo(shopId=1, documentNo=20250819001, poDate=2025-08-19, buyerName=完全wrqtwy, buyerAddress=广东省东莞市虎门镇连升路82号虎门万达广场2栋606房, sellerName=Hong Kong Andeo Group Limited, totalQuantity=580, shipmentCount=1), timestamp=1774152985811, requestId=null)
2026-03-22 12:16:25.822 [http-nio-8888-exec-5] [143d3edde2f941e6] INFO  com.musheng.aop.RequestLogAspect - [请求开始] traceId=143d3edde2f941e6 userId=1 GET /api/v1/business/document/export/po/70 ip=0:0:0:0:0:0:0:1 方法=DocumentController.exportPo 参数=[70, org.apache.catalina.connector.ResponseFacade@1e3c6512]
2026-03-22 12:16:25.822 [http-nio-8888-exec-5] [143d3edde2f941e6] INFO  c.m.b.document.controller.DocumentController - 导出PO Excel，ID: 70
2026-03-22 12:16:25.822 [http-nio-8888-exec-5] [143d3edde2f941e6] INFO  c.m.b.d.service.impl.DocumentExportServiceImpl - 导出PO Excel, poId=70
2026-03-22 12:16:25.866 [http-nio-8888-exec-5] [143d3edde2f941e6] INFO  com.musheng.aop.RequestLogAspect - [请求结束] traceId=143d3edde2f941e6 GET /api/v1/business/document/export/po/70 耗时=44ms 响应=null
2026-03-22 12:16:35.162 [http-nio-8888-exec-4] [96fd2682acfd4163] INFO  com.musheng.aop.RequestLogAspect - [请求开始] traceId=96fd2682acfd4163 userId=1 POST /api/v1/business/document/dn/generate ip=0:0:0:0:0:0:0:1 方法=DocumentController.generateDn 参数=[DnGenerateRequest(anchorDate=2025-08-20, shipmentIds=[52])]
2026-03-22 12:16:35.163 [http-nio-8888-exec-4] [96fd2682acfd4163] INFO  c.m.b.document.controller.DocumentController - 生成DN送货单，锚点日期: 2025-08-20，货件数量: 1
2026-03-22 12:16:35.164 [http-nio-8888-exec-4] [96fd2682acfd4163] INFO  c.m.b.d.service.impl.DocumentGenerateServiceImpl - 开始生成DN送货单，锚点日期: 2025-08-20, 货件ID数量: 1
2026-03-22 12:16:35.212 [http-nio-8888-exec-4] [96fd2682acfd4163] INFO  c.m.b.d.service.impl.DocumentGenerateServiceImpl - DN主表持久化成功，编号: 20250820001, ID: 45
2026-03-22 12:16:35.263 [http-nio-8888-exec-4] [96fd2682acfd4163] INFO  c.m.b.d.service.impl.DocumentGenerateServiceImpl - DN明细持久化成功，明细数量: 23
2026-03-22 12:16:35.265 [http-nio-8888-exec-4] [96fd2682acfd4163] INFO  com.musheng.aop.RequestLogAspect - [请求结束] traceId=96fd2682acfd4163 POST /api/v1/business/document/dn/generate 耗时=103ms 响应=Result(code=0, message=success, data=DocumentDn(shopId=1, documentNo=20250820001, dnDate=2025-08-20, supplierName=Hong Kong Andeo Group Limited, customerName=qwewt4t34y34ty4, totalQuantity=580, periodStart=2025-08-15, periodEnd=2025-08-20), timestamp=1774152995265, requestId=null)
2026-03-22 12:16:35.287 [http-nio-8888-exec-8] [aac19ced0f5144e5] INFO  com.musheng.aop.RequestLogAspect - [请求开始] traceId=aac19ced0f5144e5 userId=1 GET /api/v1/business/document/export/dn/45 ip=0:0:0:0:0:0:0:1 方法=DocumentController.exportDn 参数=[45, org.apache.catalina.connector.ResponseFacade@4657dcda]
2026-03-22 12:16:35.287 [http-nio-8888-exec-8] [aac19ced0f5144e5] INFO  c.m.b.document.controller.DocumentController - 导出DN Excel，ID: 45
2026-03-22 12:16:35.287 [http-nio-8888-exec-8] [aac19ced0f5144e5] INFO  c.m.b.d.service.impl.DocumentExportServiceImpl - 导出DN Excel, dnId=45
2026-03-22 12:16:35.370 [http-nio-8888-exec-8] [aac19ced0f5144e5] INFO  com.musheng.aop.RequestLogAspect - [请求结束] traceId=aac19ced0f5144e5 GET /api/v1/business/document/export/dn/45 耗时=83ms 响应=null
2026-03-22 12:16:46.981 [http-nio-8888-exec-10] [8574d08bddda4921] INFO  com.musheng.aop.RequestLogAspect - [请求开始] traceId=8574d08bddda4921 userId=1 GET /api/v1/config/marketplaces/enabled ip=0:0:0:0:0:0:0:1 方法=MarketplaceController.getEnabled 参数=[]
2026-03-22 12:16:46.986 [http-nio-8888-exec-10] [8574d08bddda4921] INFO  com.musheng.aop.RequestLogAspect - [请求结束] traceId=8574d08bddda4921 GET /api/v1/config/marketplaces/enabled 耗时=5ms 响应=Result(code=0, message=success, data=[Marketplace(siteCode=CA, siteName=加拿大站, marketplaceId=A2EUQ1WTGCTBG2, currencyCode=CAD, sellerId=APNDJLWNA7H88, headerLanguage=EN, dateFormat=MMM d, yyyy h:mm:ss a z, numberFormat=., timezone=America/Toronto, status=1), Marketplace(siteCode=DE, siteName=德国站, marketplaceId=A1PA6795UKMFR9, currencyCode=EUR, sellerId=A11Y51I5ZXY4AO, headerLanguage=DE, dateFormat=dd.MM.yyyy HH:mm:ss z, numberFormat=,, timezone=Europe/Berlin, status=1), Marketplace(siteCode=UK, s...[已截断]
2026-03-22 12:16:52.063 [http-nio-8888-exec-1] [783d4fd541d945d2] INFO  com.musheng.aop.RequestLogAspect - [请求开始] traceId=783d4fd541d945d2 userId=1 POST /api/v1/business/document/settlement/generate ip=0:0:0:0:0:0:0:1 方法=DocumentController.generateSettlements 参数=[SettlementGenerateRequest(periodStart=2025-07-01, periodEnd=2025-09-30, siteCodes=[UK])]
2026-03-22 12:16:52.063 [http-nio-8888-exec-1] [783d4fd541d945d2] INFO  c.m.b.document.controller.DocumentController - 生成结算单，周期: 2025-07-01 ~ 2025-09-30，站点: [UK]
2026-03-22 12:16:52.064 [http-nio-8888-exec-1] [783d4fd541d945d2] INFO  c.m.b.d.service.impl.DocumentGenerateServiceImpl - 开始生成结算单，周期: 2025-07-01 ~ 2025-09-30
2026-03-22 12:16:52.089 [http-nio-8888-exec-1] [783d4fd541d945d2] INFO  c.m.b.d.service.impl.DocumentGenerateServiceImpl - 构建 SettlementInput 完成，共 383 条明细
2026-03-22 12:16:52.103 [http-nio-8888-exec-1] [783d4fd541d945d2] INFO  c.m.b.d.service.impl.DocumentGenerateServiceImpl - 结算单生成 12 份，过滤空结算单后剩余 3 份（有数据）
2026-03-22 12:16:52.241 [http-nio-8888-exec-1] [783d4fd541d945d2] INFO  c.m.b.d.service.impl.DocumentGenerateServiceImpl - 结算单单据号已存在，使用已有记录，编号: 20250805003
2026-03-22 12:16:52.246 [http-nio-8888-exec-1] [783d4fd541d945d2] INFO  c.m.b.d.service.impl.DocumentGenerateServiceImpl - 结算单单据号已存在，使用已有记录，编号: 20250905003
2026-03-22 12:16:52.250 [http-nio-8888-exec-1] [783d4fd541d945d2] INFO  c.m.b.d.service.impl.DocumentGenerateServiceImpl - 结算单单据号已存在，使用已有记录，编号: 20251008003
2026-03-22 12:16:52.252 [http-nio-8888-exec-1] [783d4fd541d945d2] INFO  c.m.b.d.service.impl.DocumentGenerateServiceImpl - 结算单生成完成，共 3 份
2026-03-22 12:16:52.254 [http-nio-8888-exec-1] [783d4fd541d945d2] INFO  com.musheng.aop.RequestLogAspect - [请求结束] traceId=783d4fd541d945d2 POST /api/v1/business/document/settlement/generate 耗时=191ms 响应=Result(code=0, message=success, data=[DocumentSettlement(shopId=1, documentNo=20250805003, settlementDate=2025-08-05, periodStart=2025-07-01, periodEnd=2025-07-31, siteCode=GBP, siteSequence=003, buyerName=东莞市慕声商贸有限公司, buyerAddress=广东省东莞市虎门镇连升路82号虎门万达广场2栋606房, sellerName=Hong Kong Andeo Group Limited, totalQuantity=8890, totalAmount=51723.2800), DocumentSettlement(shopId=1, documentNo=20250905003, settlementDate=2025-09-05, periodStart=2025-08-01, periodEnd=2025-08-31, siteCode=GBP, siteSequence...[已截断]
2026-03-22 12:16:52.280 [http-nio-8888-exec-2] [e4a69d1724164079] INFO  com.musheng.aop.RequestLogAspect - [请求开始] traceId=e4a69d1724164079 userId=1 POST /api/v1/business/document/export/settlement/batch ip=0:0:0:0:0:0:0:1 方法=DocumentController.batchExportSettlement 参数=[[869, 870, 871], org.apache.catalina.connector.ResponseFacade@350ac41c]
2026-03-22 12:16:52.281 [http-nio-8888-exec-2] [e4a69d1724164079] INFO  c.m.b.document.controller.DocumentController - 批量导出结算单，数量: 3
2026-03-22 12:16:52.281 [http-nio-8888-exec-2] [e4a69d1724164079] INFO  c.m.b.d.service.impl.DocumentExportServiceImpl - 批量导出结算单, 数量=3
2026-03-22 12:16:52.781 [http-nio-8888-exec-2] [e4a69d1724164079] INFO  com.musheng.aop.RequestLogAspect - [请求结束] traceId=e4a69d1724164079 POST /api/v1/business/document/export/settlement/batch 耗时=501ms 响应=null
2026-03-22 12:17:03.170 [http-nio-8888-exec-6] [6b8cfd6e3a124f62] INFO  com.musheng.aop.RequestLogAspect - [请求开始] traceId=6b8cfd6e3a124f62 userId=1 POST /api/v1/business/document/inv/generate ip=0:0:0:0:0:0:0:1 方法=DocumentController.generateInvoices 参数=[[869, 870, 871]]
2026-03-22 12:17:03.171 [http-nio-8888-exec-6] [6b8cfd6e3a124f62] INFO  c.m.b.document.controller.DocumentController - 生成INV发票，结算单数量: 3
2026-03-22 12:17:03.174 [http-nio-8888-exec-6] [6b8cfd6e3a124f62] INFO  c.m.b.d.service.impl.DocumentGenerateServiceImpl - 开始生成INV发票，结算单ID数量: 3
2026-03-22 12:17:03.238 [http-nio-8888-exec-6] [6b8cfd6e3a124f62] ERROR com.musheng.aop.RequestLogAspect - [请求异常] traceId=6b8cfd6e3a124f62 POST /api/v1/business/document/inv/generate 耗时=69ms 异常=站点 GBP 的交易方配置不存在，请先完成配置
com.musheng.common.exception.BusinessException: 站点 GBP 的交易方配置不存在，请先完成配置
	at com.musheng.business.document.service.impl.DocumentPartyConfigServiceImpl.getBySiteCode(DocumentPartyConfigServiceImpl.java:125)
	at com.musheng.business.document.service.impl.DocumentGenerateServiceImpl.generateInvoices(DocumentGenerateServiceImpl.java:340)
	at java.base/jdk.internal.reflect.NativeMethodAccessorImpl.invoke0(Native Method)
	at java.base/jdk.internal.reflect.NativeMethodAccessorImpl.invoke(NativeMethodAccessorImpl.java:77)
	at java.base/jdk.internal.reflect.DelegatingMethodAccessorImpl.invoke(DelegatingMethodAccessorImpl.java:43)
	at java.base/java.lang.reflect.Method.invoke(Method.java:569)
	at org.springframework.aop.support.AopUtils.invokeJoinpointUsingReflection(AopUtils.java:351)
	at org.springframework.aop.framework.ReflectiveMethodInvocation.invokeJoinpoint(ReflectiveMethodInvocation.java:196)
	at org.springframework.aop.framework.ReflectiveMethodInvocation.proceed(ReflectiveMethodInvocation.java:163)
	at org.springframework.aop.framework.CglibAopProxy$CglibMethodInvocation.proceed(CglibAopProxy.java:765)
	at org.springframework.transaction.interceptor.TransactionInterceptor$1.proceedWithInvocation(TransactionInterceptor.java:123)
	at org.springframework.transaction.interceptor.TransactionAspectSupport.invokeWithinTransaction(TransactionAspectSupport.java:385)
	at org.springframework.transaction.interceptor.TransactionInterceptor.invoke(TransactionInterceptor.java:119)
	at org.springframework.aop.framework.ReflectiveMethodInvocation.proceed(ReflectiveMethodInvocation.java:184)
	at org.springframework.aop.framework.CglibAopProxy$CglibMethodInvocation.proceed(CglibAopProxy.java:765)
	at org.springframework.aop.framework.CglibAopProxy$DynamicAdvisedInterceptor.intercept(CglibAopProxy.java:717)
	at com.musheng.business.document.service.impl.DocumentGenerateServiceImpl$$SpringCGLIB$$0.generateInvoices(<generated>)
	at com.musheng.business.document.controller.DocumentController.generateInvoices(DocumentController.java:119)
	at java.base/jdk.internal.reflect.NativeMethodAccessorImpl.invoke0(Native Method)
	at java.base/jdk.internal.reflect.NativeMethodAccessorImpl.invoke(NativeMethodAccessorImpl.java:77)
	at java.base/jdk.internal.reflect.DelegatingMethodAccessorImpl.invoke(DelegatingMethodAccessorImpl.java:43)
	at java.base/java.lang.reflect.Method.invoke(Method.java:569)
	at org.springframework.aop.support.AopUtils.invokeJoinpointUsingReflection(AopUtils.java:351)
	at org.springframework.aop.framework.ReflectiveMethodInvocation.invokeJoinpoint(ReflectiveMethodInvocation.java:196)
	at org.springframework.aop.framework.ReflectiveMethodInvocation.proceed(ReflectiveMethodInvocation.java:163)
	at org.springframework.aop.framework.CglibAopProxy$CglibMethodInvocation.proceed(CglibAopProxy.java:765)
	at org.springframework.aop.aspectj.MethodInvocationProceedingJoinPoint.proceed(MethodInvocationProceedingJoinPoint.java:89)
	at com.musheng.aop.RequestLogAspect.logAround(RequestLogAspect.java:99)
	at jdk.internal.reflect.GeneratedMethodAccessor126.invoke(Unknown Source)
	at java.base/jdk.internal.reflect.DelegatingMethodAccessorImpl.invoke(DelegatingMethodAccessorImpl.java:43)
	at java.base/java.lang.reflect.Method.invoke(Method.java:569)
	at org.springframework.aop.aspectj.AbstractAspectJAdvice.invokeAdviceMethodWithGivenArgs(AbstractAspectJAdvice.java:637)
	at org.springframework.aop.aspectj.AbstractAspectJAdvice.invokeAdviceMethod(AbstractAspectJAdvice.java:627)
	at org.springframework.aop.aspectj.AspectJAroundAdvice.invoke(AspectJAroundAdvice.java:71)
	at org.springframework.aop.framework.ReflectiveMethodInvocation.proceed(ReflectiveMethodInvocation.java:184)
	at org.springframework.aop.framework.CglibAopProxy$CglibMethodInvocation.proceed(CglibAopProxy.java:765)
	at org.springframework.aop.interceptor.ExposeInvocationInterceptor.invoke(ExposeInvocationInterceptor.java:97)
	at org.springframework.aop.framework.ReflectiveMethodInvocation.proceed(ReflectiveMethodInvocation.java:184)
	at org.springframework.aop.framework.CglibAopProxy$CglibMethodInvocation.proceed(CglibAopProxy.java:765)
	at org.springframework.aop.framework.CglibAopProxy$DynamicAdvisedInterceptor.intercept(CglibAopProxy.java:717)
	at com.musheng.business.document.controller.DocumentController$$SpringCGLIB$$0.generateInvoices(<generated>)
	at java.base/jdk.internal.reflect.NativeMethodAccessorImpl.invoke0(Native Method)
	at java.base/jdk.internal.reflect.NativeMethodAccessorImpl.invoke(NativeMethodAccessorImpl.java:77)
	at java.base/jdk.internal.reflect.DelegatingMethodAccessorImpl.invoke(DelegatingMethodAccessorImpl.java:43)
	at java.base/java.lang.reflect.Method.invoke(Method.java:569)
	at org.springframework.web.method.support.InvocableHandlerMethod.doInvoke(InvocableHandlerMethod.java:261)
	at org.springframework.web.method.support.InvocableHandlerMethod.invokeForRequest(InvocableHandlerMethod.java:189)
	at org.springframework.web.servlet.mvc.method.annotation.ServletInvocableHandlerMethod.invokeAndHandle(ServletInvocableHandlerMethod.java:118)
	at org.springframework.web.servlet.mvc.method.annotation.RequestMappingHandlerAdapter.invokeHandlerMethod(RequestMappingHandlerAdapter.java:917)
	at org.springframework.web.servlet.mvc.method.annotation.RequestMappingHandlerAdapter.handleInternal(RequestMappingHandlerAdapter.java:829)
	at org.springframework.web.servlet.mvc.method.AbstractHandlerMethodAdapter.handle(AbstractHandlerMethodAdapter.java:87)
	at org.springframework.web.servlet.DispatcherServlet.doDispatch(DispatcherServlet.java:1089)
	at org.springframework.web.servlet.DispatcherServlet.doService(DispatcherServlet.java:979)
	at org.springframework.web.servlet.FrameworkServlet.processRequest(FrameworkServlet.java:1014)
	at org.springframework.web.servlet.FrameworkServlet.doPost(FrameworkServlet.java:914)
	at jakarta.servlet.http.HttpServlet.service(HttpServlet.java:590)
	at org.springframework.web.servlet.FrameworkServlet.service(FrameworkServlet.java:885)
	at jakarta.servlet.http.HttpServlet.service(HttpServlet.java:658)
	at org.apache.catalina.core.ApplicationFilterChain.internalDoFilter(ApplicationFilterChain.java:205)
	at org.apache.catalina.core.ApplicationFilterChain.doFilter(ApplicationFilterChain.java:149)
	at org.apache.tomcat.websocket.server.WsFilter.doFilter(WsFilter.java:51)
	at org.apache.catalina.core.ApplicationFilterChain.internalDoFilter(ApplicationFilterChain.java:174)
	at org.apache.catalina.core.ApplicationFilterChain.doFilter(ApplicationFilterChain.java:149)
	at com.musheng.filter.TraceIdFilter.doFilterInternal(TraceIdFilter.java:61)
	at org.springframework.web.filter.OncePerRequestFilter.doFilter(OncePerRequestFilter.java:116)
	at org.apache.catalina.core.ApplicationFilterChain.internalDoFilter(ApplicationFilterChain.java:174)
	at org.apache.catalina.core.ApplicationFilterChain.doFilter(ApplicationFilterChain.java:149)
	at cn.dev33.satoken.filter.SaServletFilter.doFilter(SaServletFilter.java:150)
	at org.apache.catalina.core.ApplicationFilterChain.internalDoFilter(ApplicationFilterChain.java:174)
	at org.apache.catalina.core.ApplicationFilterChain.doFilter(ApplicationFilterChain.java:149)
	at org.springframework.web.filter.RequestContextFilter.doFilterInternal(RequestContextFilter.java:100)
	at org.springframework.web.filter.OncePerRequestFilter.doFilter(OncePerRequestFilter.java:116)
	at org.apache.catalina.core.ApplicationFilterChain.internalDoFilter(ApplicationFilterChain.java:174)
	at org.apache.catalina.core.ApplicationFilterChain.doFilter(ApplicationFilterChain.java:149)
	at cn.dev33.satoken.filter.SaPathCheckFilterForJakartaServlet.doFilter(SaPathCheckFilterForJakartaServlet.java:55)
	at org.apache.catalina.core.ApplicationFilterChain.internalDoFilter(ApplicationFilterChain.java:174)
	at org.apache.catalina.core.ApplicationFilterChain.doFilter(ApplicationFilterChain.java:149)
	at org.springframework.web.filter.FormContentFilter.doFilterInternal(FormContentFilter.java:93)
	at org.springframework.web.filter.OncePerRequestFilter.doFilter(OncePerRequestFilter.java:116)
	at org.apache.catalina.core.ApplicationFilterChain.internalDoFilter(ApplicationFilterChain.java:174)
	at org.apache.catalina.core.ApplicationFilterChain.doFilter(ApplicationFilterChain.java:149)
	at org.springframework.web.filter.CharacterEncodingFilter.doFilterInternal(CharacterEncodingFilter.java:201)
	at org.springframework.web.filter.OncePerRequestFilter.doFilter(OncePerRequestFilter.java:116)
	at org.apache.catalina.core.ApplicationFilterChain.internalDoFilter(ApplicationFilterChain.java:174)
	at org.apache.catalina.core.ApplicationFilterChain.doFilter(ApplicationFilterChain.java:149)
	at org.apache.catalina.core.StandardWrapperValve.invoke(StandardWrapperValve.java:167)
	at org.apache.catalina.core.StandardContextValve.invoke(StandardContextValve.java:90)
	at org.apache.catalina.authenticator.AuthenticatorBase.invoke(AuthenticatorBase.java:482)
	at org.apache.catalina.core.StandardHostValve.invoke(StandardHostValve.java:115)
	at org.apache.catalina.valves.ErrorReportValve.invoke(ErrorReportValve.java:93)
	at org.apache.catalina.core.StandardEngineValve.invoke(StandardEngineValve.java:74)
	at org.apache.catalina.connector.CoyoteAdapter.service(CoyoteAdapter.java:340)
	at org.apache.coyote.http11.Http11Processor.service(Http11Processor.java:391)
	at org.apache.coyote.AbstractProcessorLight.process(AbstractProcessorLight.java:63)
	at org.apache.coyote.AbstractProtocol$ConnectionHandler.process(AbstractProtocol.java:896)
	at org.apache.tomcat.util.net.NioEndpoint$SocketProcessor.doRun(NioEndpoint.java:1744)
	at org.apache.tomcat.util.net.SocketProcessorBase.run(SocketProcessorBase.java:52)
	at org.apache.tomcat.util.threads.ThreadPoolExecutor.runWorker(ThreadPoolExecutor.java:1191)
	at org.apache.tomcat.util.threads.ThreadPoolExecutor$Worker.run(ThreadPoolExecutor.java:659)
	at org.apache.tomcat.util.threads.TaskThread$WrappingRunnable.run(TaskThread.java:61)
	at java.base/java.lang.Thread.run(Thread.java:840)
2026-03-22 12:17:03.260 [http-nio-8888-exec-6] [6b8cfd6e3a124f62] WARN  c.musheng.common.exception.GlobalExceptionHandler - 业务异常: 10004 - 站点 GBP 的交易方配置不存在，请先完成配置
2026-03-22 12:17:08.248 [http-nio-8888-exec-9] [bb94d9ac33074a95] INFO  com.musheng.aop.RequestLogAspect - [请求开始] traceId=bb94d9ac33074a95 userId=1 POST /api/v1/business/document/inv/generate ip=0:0:0:0:0:0:0:1 方法=DocumentController.generateInvoices 参数=[[869, 870, 871]]
2026-03-22 12:17:08.248 [http-nio-8888-exec-9] [bb94d9ac33074a95] INFO  c.m.b.document.controller.DocumentController - 生成INV发票，结算单数量: 3
2026-03-22 12:17:08.249 [http-nio-8888-exec-9] [bb94d9ac33074a95] INFO  c.m.b.d.service.impl.DocumentGenerateServiceImpl - 开始生成INV发票，结算单ID数量: 3
2026-03-22 12:17:08.323 [http-nio-8888-exec-9] [bb94d9ac33074a95] ERROR com.musheng.aop.RequestLogAspect - [请求异常] traceId=bb94d9ac33074a95 POST /api/v1/business/document/inv/generate 耗时=76ms 异常=站点 GBP 的交易方配置不存在，请先完成配置
com.musheng.common.exception.BusinessException: 站点 GBP 的交易方配置不存在，请先完成配置
	at com.musheng.business.document.service.impl.DocumentPartyConfigServiceImpl.getBySiteCode(DocumentPartyConfigServiceImpl.java:125)
	at com.musheng.business.document.service.impl.DocumentGenerateServiceImpl.generateInvoices(DocumentGenerateServiceImpl.java:340)
	at java.base/jdk.internal.reflect.NativeMethodAccessorImpl.invoke0(Native Method)
	at java.base/jdk.internal.reflect.NativeMethodAccessorImpl.invoke(NativeMethodAccessorImpl.java:77)
	at java.base/jdk.internal.reflect.DelegatingMethodAccessorImpl.invoke(DelegatingMethodAccessorImpl.java:43)
	at java.base/java.lang.reflect.Method.invoke(Method.java:569)
	at org.springframework.aop.support.AopUtils.invokeJoinpointUsingReflection(AopUtils.java:351)
	at org.springframework.aop.framework.ReflectiveMethodInvocation.invokeJoinpoint(ReflectiveMethodInvocation.java:196)
	at org.springframework.aop.framework.ReflectiveMethodInvocation.proceed(ReflectiveMethodInvocation.java:163)
	at org.springframework.aop.framework.CglibAopProxy$CglibMethodInvocation.proceed(CglibAopProxy.java:765)
	at org.springframework.transaction.interceptor.TransactionInterceptor$1.proceedWithInvocation(TransactionInterceptor.java:123)
	at org.springframework.transaction.interceptor.TransactionAspectSupport.invokeWithinTransaction(TransactionAspectSupport.java:385)
	at org.springframework.transaction.interceptor.TransactionInterceptor.invoke(TransactionInterceptor.java:119)
	at org.springframework.aop.framework.ReflectiveMethodInvocation.proceed(ReflectiveMethodInvocation.java:184)
	at org.springframework.aop.framework.CglibAopProxy$CglibMethodInvocation.proceed(CglibAopProxy.java:765)
	at org.springframework.aop.framework.CglibAopProxy$DynamicAdvisedInterceptor.intercept(CglibAopProxy.java:717)
	at com.musheng.business.document.service.impl.DocumentGenerateServiceImpl$$SpringCGLIB$$0.generateInvoices(<generated>)
	at com.musheng.business.document.controller.DocumentController.generateInvoices(DocumentController.java:119)
	at java.base/jdk.internal.reflect.NativeMethodAccessorImpl.invoke0(Native Method)
	at java.base/jdk.internal.reflect.NativeMethodAccessorImpl.invoke(NativeMethodAccessorImpl.java:77)
	at java.base/jdk.internal.reflect.DelegatingMethodAccessorImpl.invoke(DelegatingMethodAccessorImpl.java:43)
	at java.base/java.lang.reflect.Method.invoke(Method.java:569)
	at org.springframework.aop.support.AopUtils.invokeJoinpointUsingReflection(AopUtils.java:351)
	at org.springframework.aop.framework.ReflectiveMethodInvocation.invokeJoinpoint(ReflectiveMethodInvocation.java:196)
	at org.springframework.aop.framework.ReflectiveMethodInvocation.proceed(ReflectiveMethodInvocation.java:163)
	at org.springframework.aop.framework.CglibAopProxy$CglibMethodInvocation.proceed(CglibAopProxy.java:765)
	at org.springframework.aop.aspectj.MethodInvocationProceedingJoinPoint.proceed(MethodInvocationProceedingJoinPoint.java:89)
	at com.musheng.aop.RequestLogAspect.logAround(RequestLogAspect.java:99)
	at jdk.internal.reflect.GeneratedMethodAccessor126.invoke(Unknown Source)
	at java.base/jdk.internal.reflect.DelegatingMethodAccessorImpl.invoke(DelegatingMethodAccessorImpl.java:43)
	at java.base/java.lang.reflect.Method.invoke(Method.java:569)
	at org.springframework.aop.aspectj.AbstractAspectJAdvice.invokeAdviceMethodWithGivenArgs(AbstractAspectJAdvice.java:637)
	at org.springframework.aop.aspectj.AbstractAspectJAdvice.invokeAdviceMethod(AbstractAspectJAdvice.java:627)
	at org.springframework.aop.aspectj.AspectJAroundAdvice.invoke(AspectJAroundAdvice.java:71)
	at org.springframework.aop.framework.ReflectiveMethodInvocation.proceed(ReflectiveMethodInvocation.java:184)
	at org.springframework.aop.framework.CglibAopProxy$CglibMethodInvocation.proceed(CglibAopProxy.java:765)
	at org.springframework.aop.interceptor.ExposeInvocationInterceptor.invoke(ExposeInvocationInterceptor.java:97)
	at org.springframework.aop.framework.ReflectiveMethodInvocation.proceed(ReflectiveMethodInvocation.java:184)
	at org.springframework.aop.framework.CglibAopProxy$CglibMethodInvocation.proceed(CglibAopProxy.java:765)
	at org.springframework.aop.framework.CglibAopProxy$DynamicAdvisedInterceptor.intercept(CglibAopProxy.java:717)
	at com.musheng.business.document.controller.DocumentController$$SpringCGLIB$$0.generateInvoices(<generated>)
	at java.base/jdk.internal.reflect.NativeMethodAccessorImpl.invoke0(Native Method)
	at java.base/jdk.internal.reflect.NativeMethodAccessorImpl.invoke(NativeMethodAccessorImpl.java:77)
	at java.base/jdk.internal.reflect.DelegatingMethodAccessorImpl.invoke(DelegatingMethodAccessorImpl.java:43)
	at java.base/java.lang.reflect.Method.invoke(Method.java:569)
	at org.springframework.web.method.support.InvocableHandlerMethod.doInvoke(InvocableHandlerMethod.java:261)
	at org.springframework.web.method.support.InvocableHandlerMethod.invokeForRequest(InvocableHandlerMethod.java:189)
	at org.springframework.web.servlet.mvc.method.annotation.ServletInvocableHandlerMethod.invokeAndHandle(ServletInvocableHandlerMethod.java:118)
	at org.springframework.web.servlet.mvc.method.annotation.RequestMappingHandlerAdapter.invokeHandlerMethod(RequestMappingHandlerAdapter.java:917)
	at org.springframework.web.servlet.mvc.method.annotation.RequestMappingHandlerAdapter.handleInternal(RequestMappingHandlerAdapter.java:829)
	at org.springframework.web.servlet.mvc.method.AbstractHandlerMethodAdapter.handle(AbstractHandlerMethodAdapter.java:87)
	at org.springframework.web.servlet.DispatcherServlet.doDispatch(DispatcherServlet.java:1089)
	at org.springframework.web.servlet.DispatcherServlet.doService(DispatcherServlet.java:979)
	at org.springframework.web.servlet.FrameworkServlet.processRequest(FrameworkServlet.java:1014)
	at org.springframework.web.servlet.FrameworkServlet.doPost(FrameworkServlet.java:914)
	at jakarta.servlet.http.HttpServlet.service(HttpServlet.java:590)
	at org.springframework.web.servlet.FrameworkServlet.service(FrameworkServlet.java:885)
	at jakarta.servlet.http.HttpServlet.service(HttpServlet.java:658)
	at org.apache.catalina.core.ApplicationFilterChain.internalDoFilter(ApplicationFilterChain.java:205)
	at org.apache.catalina.core.ApplicationFilterChain.doFilter(ApplicationFilterChain.java:149)
	at org.apache.tomcat.websocket.server.WsFilter.doFilter(WsFilter.java:51)
	at org.apache.catalina.core.ApplicationFilterChain.internalDoFilter(ApplicationFilterChain.java:174)
	at org.apache.catalina.core.ApplicationFilterChain.doFilter(ApplicationFilterChain.java:149)
	at com.musheng.filter.TraceIdFilter.doFilterInternal(TraceIdFilter.java:61)
	at org.springframework.web.filter.OncePerRequestFilter.doFilter(OncePerRequestFilter.java:116)
	at org.apache.catalina.core.ApplicationFilterChain.internalDoFilter(ApplicationFilterChain.java:174)
	at org.apache.catalina.core.ApplicationFilterChain.doFilter(ApplicationFilterChain.java:149)
	at cn.dev33.satoken.filter.SaServletFilter.doFilter(SaServletFilter.java:150)
	at org.apache.catalina.core.ApplicationFilterChain.internalDoFilter(ApplicationFilterChain.java:174)
	at org.apache.catalina.core.ApplicationFilterChain.doFilter(ApplicationFilterChain.java:149)
	at org.springframework.web.filter.RequestContextFilter.doFilterInternal(RequestContextFilter.java:100)
	at org.springframework.web.filter.OncePerRequestFilter.doFilter(OncePerRequestFilter.java:116)
	at org.apache.catalina.core.ApplicationFilterChain.internalDoFilter(ApplicationFilterChain.java:174)
	at org.apache.catalina.core.ApplicationFilterChain.doFilter(ApplicationFilterChain.java:149)
	at cn.dev33.satoken.filter.SaPathCheckFilterForJakartaServlet.doFilter(SaPathCheckFilterForJakartaServlet.java:55)
	at org.apache.catalina.core.ApplicationFilterChain.internalDoFilter(ApplicationFilterChain.java:174)
	at org.apache.catalina.core.ApplicationFilterChain.doFilter(ApplicationFilterChain.java:149)
	at org.springframework.web.filter.FormContentFilter.doFilterInternal(FormContentFilter.java:93)
	at org.springframework.web.filter.OncePerRequestFilter.doFilter(OncePerRequestFilter.java:116)
	at org.apache.catalina.core.ApplicationFilterChain.internalDoFilter(ApplicationFilterChain.java:174)
	at org.apache.catalina.core.ApplicationFilterChain.doFilter(ApplicationFilterChain.java:149)
	at org.springframework.web.filter.CharacterEncodingFilter.doFilterInternal(CharacterEncodingFilter.java:201)
	at org.springframework.web.filter.OncePerRequestFilter.doFilter(OncePerRequestFilter.java:116)
	at org.apache.catalina.core.ApplicationFilterChain.internalDoFilter(ApplicationFilterChain.java:174)
	at org.apache.catalina.core.ApplicationFilterChain.doFilter(ApplicationFilterChain.java:149)
	at org.apache.catalina.core.StandardWrapperValve.invoke(StandardWrapperValve.java:167)
	at org.apache.catalina.core.StandardContextValve.invoke(StandardContextValve.java:90)
	at org.apache.catalina.authenticator.AuthenticatorBase.invoke(AuthenticatorBase.java:482)
	at org.apache.catalina.core.StandardHostValve.invoke(StandardHostValve.java:115)
	at org.apache.catalina.valves.ErrorReportValve.invoke(ErrorReportValve.java:93)
	at org.apache.catalina.core.StandardEngineValve.invoke(StandardEngineValve.java:74)
	at org.apache.catalina.connector.CoyoteAdapter.service(CoyoteAdapter.java:340)
	at org.apache.coyote.http11.Http11Processor.service(Http11Processor.java:391)
	at org.apache.coyote.AbstractProcessorLight.process(AbstractProcessorLight.java:63)
	at org.apache.coyote.AbstractProtocol$ConnectionHandler.process(AbstractProtocol.java:896)
	at org.apache.tomcat.util.net.NioEndpoint$SocketProcessor.doRun(NioEndpoint.java:1744)
	at org.apache.tomcat.util.net.SocketProcessorBase.run(SocketProcessorBase.java:52)
	at org.apache.tomcat.util.threads.ThreadPoolExecutor.runWorker(ThreadPoolExecutor.java:1191)
	at org.apache.tomcat.util.threads.ThreadPoolExecutor$Worker.run(ThreadPoolExecutor.java:659)
	at org.apache.tomcat.util.threads.TaskThread$WrappingRunnable.run(TaskThread.java:61)
	at java.base/java.lang.Thread.run(Thread.java:840)
2026-03-22 12:17:08.326 [http-nio-8888-exec-9] [bb94d9ac33074a95] WARN  c.musheng.common.exception.GlobalExceptionHandler - 业务异常: 10004 - 站点 GBP 的交易方配置不存在，请先完成配置
2026-03-22 12:17:13.287 [http-nio-8888-exec-3] [8ff7f3b51bb84373] INFO  com.musheng.aop.RequestLogAspect - [请求开始] traceId=8ff7f3b51bb84373 userId=1 POST /api/v1/business/document/inv/generate ip=0:0:0:0:0:0:0:1 方法=DocumentController.generateInvoices 参数=[[869, 870, 871]]
2026-03-22 12:17:13.287 [http-nio-8888-exec-3] [8ff7f3b51bb84373] INFO  c.m.b.document.controller.DocumentController - 生成INV发票，结算单数量: 3
2026-03-22 12:17:13.289 [http-nio-8888-exec-3] [8ff7f3b51bb84373] INFO  c.m.b.d.service.impl.DocumentGenerateServiceImpl - 开始生成INV发票，结算单ID数量: 3
2026-03-22 12:17:13.368 [http-nio-8888-exec-3] [8ff7f3b51bb84373] ERROR com.musheng.aop.RequestLogAspect - [请求异常] traceId=8ff7f3b51bb84373 POST /api/v1/business/document/inv/generate 耗时=82ms 异常=站点 GBP 的交易方配置不存在，请先完成配置
com.musheng.common.exception.BusinessException: 站点 GBP 的交易方配置不存在，请先完成配置
	at com.musheng.business.document.service.impl.DocumentPartyConfigServiceImpl.getBySiteCode(DocumentPartyConfigServiceImpl.java:125)
	at com.musheng.business.document.service.impl.DocumentGenerateServiceImpl.generateInvoices(DocumentGenerateServiceImpl.java:340)
	at java.base/jdk.internal.reflect.NativeMethodAccessorImpl.invoke0(Native Method)
	at java.base/jdk.internal.reflect.NativeMethodAccessorImpl.invoke(NativeMethodAccessorImpl.java:77)
	at java.base/jdk.internal.reflect.DelegatingMethodAccessorImpl.invoke(DelegatingMethodAccessorImpl.java:43)
	at java.base/java.lang.reflect.Method.invoke(Method.java:569)
	at org.springframework.aop.support.AopUtils.invokeJoinpointUsingReflection(AopUtils.java:351)
	at org.springframework.aop.framework.ReflectiveMethodInvocation.invokeJoinpoint(ReflectiveMethodInvocation.java:196)
	at org.springframework.aop.framework.ReflectiveMethodInvocation.proceed(ReflectiveMethodInvocation.java:163)
	at org.springframework.aop.framework.CglibAopProxy$CglibMethodInvocation.proceed(CglibAopProxy.java:765)
	at org.springframework.transaction.interceptor.TransactionInterceptor$1.proceedWithInvocation(TransactionInterceptor.java:123)
	at org.springframework.transaction.interceptor.TransactionAspectSupport.invokeWithinTransaction(TransactionAspectSupport.java:385)
	at org.springframework.transaction.interceptor.TransactionInterceptor.invoke(TransactionInterceptor.java:119)
	at org.springframework.aop.framework.ReflectiveMethodInvocation.proceed(ReflectiveMethodInvocation.java:184)
	at org.springframework.aop.framework.CglibAopProxy$CglibMethodInvocation.proceed(CglibAopProxy.java:765)
	at org.springframework.aop.framework.CglibAopProxy$DynamicAdvisedInterceptor.intercept(CglibAopProxy.java:717)
	at com.musheng.business.document.service.impl.DocumentGenerateServiceImpl$$SpringCGLIB$$0.generateInvoices(<generated>)
	at com.musheng.business.document.controller.DocumentController.generateInvoices(DocumentController.java:119)
	at java.base/jdk.internal.reflect.NativeMethodAccessorImpl.invoke0(Native Method)
	at java.base/jdk.internal.reflect.NativeMethodAccessorImpl.invoke(NativeMethodAccessorImpl.java:77)
	at java.base/jdk.internal.reflect.DelegatingMethodAccessorImpl.invoke(DelegatingMethodAccessorImpl.java:43)
	at java.base/java.lang.reflect.Method.invoke(Method.java:569)
	at org.springframework.aop.support.AopUtils.invokeJoinpointUsingReflection(AopUtils.java:351)
	at org.springframework.aop.framework.ReflectiveMethodInvocation.invokeJoinpoint(ReflectiveMethodInvocation.java:196)
	at org.springframework.aop.framework.ReflectiveMethodInvocation.proceed(ReflectiveMethodInvocation.java:163)
	at org.springframework.aop.framework.CglibAopProxy$CglibMethodInvocation.proceed(CglibAopProxy.java:765)
	at org.springframework.aop.aspectj.MethodInvocationProceedingJoinPoint.proceed(MethodInvocationProceedingJoinPoint.java:89)
	at com.musheng.aop.RequestLogAspect.logAround(RequestLogAspect.java:99)
	at jdk.internal.reflect.GeneratedMethodAccessor126.invoke(Unknown Source)
	at java.base/jdk.internal.reflect.DelegatingMethodAccessorImpl.invoke(DelegatingMethodAccessorImpl.java:43)
	at java.base/java.lang.reflect.Method.invoke(Method.java:569)
	at org.springframework.aop.aspectj.AbstractAspectJAdvice.invokeAdviceMethodWithGivenArgs(AbstractAspectJAdvice.java:637)
	at org.springframework.aop.aspectj.AbstractAspectJAdvice.invokeAdviceMethod(AbstractAspectJAdvice.java:627)
	at org.springframework.aop.aspectj.AspectJAroundAdvice.invoke(AspectJAroundAdvice.java:71)
	at org.springframework.aop.framework.ReflectiveMethodInvocation.proceed(ReflectiveMethodInvocation.java:184)
	at org.springframework.aop.framework.CglibAopProxy$CglibMethodInvocation.proceed(CglibAopProxy.java:765)
	at org.springframework.aop.interceptor.ExposeInvocationInterceptor.invoke(ExposeInvocationInterceptor.java:97)
	at org.springframework.aop.framework.ReflectiveMethodInvocation.proceed(ReflectiveMethodInvocation.java:184)
	at org.springframework.aop.framework.CglibAopProxy$CglibMethodInvocation.proceed(CglibAopProxy.java:765)
	at org.springframework.aop.framework.CglibAopProxy$DynamicAdvisedInterceptor.intercept(CglibAopProxy.java:717)
	at com.musheng.business.document.controller.DocumentController$$SpringCGLIB$$0.generateInvoices(<generated>)
	at java.base/jdk.internal.reflect.NativeMethodAccessorImpl.invoke0(Native Method)
	at java.base/jdk.internal.reflect.NativeMethodAccessorImpl.invoke(NativeMethodAccessorImpl.java:77)
	at java.base/jdk.internal.reflect.DelegatingMethodAccessorImpl.invoke(DelegatingMethodAccessorImpl.java:43)
	at java.base/java.lang.reflect.Method.invoke(Method.java:569)
	at org.springframework.web.method.support.InvocableHandlerMethod.doInvoke(InvocableHandlerMethod.java:261)
	at org.springframework.web.method.support.InvocableHandlerMethod.invokeForRequest(InvocableHandlerMethod.java:189)
	at org.springframework.web.servlet.mvc.method.annotation.ServletInvocableHandlerMethod.invokeAndHandle(ServletInvocableHandlerMethod.java:118)
	at org.springframework.web.servlet.mvc.method.annotation.RequestMappingHandlerAdapter.invokeHandlerMethod(RequestMappingHandlerAdapter.java:917)
	at org.springframework.web.servlet.mvc.method.annotation.RequestMappingHandlerAdapter.handleInternal(RequestMappingHandlerAdapter.java:829)
	at org.springframework.web.servlet.mvc.method.AbstractHandlerMethodAdapter.handle(AbstractHandlerMethodAdapter.java:87)
	at org.springframework.web.servlet.DispatcherServlet.doDispatch(DispatcherServlet.java:1089)
	at org.springframework.web.servlet.DispatcherServlet.doService(DispatcherServlet.java:979)
	at org.springframework.web.servlet.FrameworkServlet.processRequest(FrameworkServlet.java:1014)
	at org.springframework.web.servlet.FrameworkServlet.doPost(FrameworkServlet.java:914)
	at jakarta.servlet.http.HttpServlet.service(HttpServlet.java:590)
	at org.springframework.web.servlet.FrameworkServlet.service(FrameworkServlet.java:885)
	at jakarta.servlet.http.HttpServlet.service(HttpServlet.java:658)
	at org.apache.catalina.core.ApplicationFilterChain.internalDoFilter(ApplicationFilterChain.java:205)
	at org.apache.catalina.core.ApplicationFilterChain.doFilter(ApplicationFilterChain.java:149)
	at org.apache.tomcat.websocket.server.WsFilter.doFilter(WsFilter.java:51)
	at org.apache.catalina.core.ApplicationFilterChain.internalDoFilter(ApplicationFilterChain.java:174)
	at org.apache.catalina.core.ApplicationFilterChain.doFilter(ApplicationFilterChain.java:149)
	at com.musheng.filter.TraceIdFilter.doFilterInternal(TraceIdFilter.java:61)
	at org.springframework.web.filter.OncePerRequestFilter.doFilter(OncePerRequestFilter.java:116)
	at org.apache.catalina.core.ApplicationFilterChain.internalDoFilter(ApplicationFilterChain.java:174)
	at org.apache.catalina.core.ApplicationFilterChain.doFilter(ApplicationFilterChain.java:149)
	at cn.dev33.satoken.filter.SaServletFilter.doFilter(SaServletFilter.java:150)
	at org.apache.catalina.core.ApplicationFilterChain.internalDoFilter(ApplicationFilterChain.java:174)
	at org.apache.catalina.core.ApplicationFilterChain.doFilter(ApplicationFilterChain.java:149)
	at org.springframework.web.filter.RequestContextFilter.doFilterInternal(RequestContextFilter.java:100)
	at org.springframework.web.filter.OncePerRequestFilter.doFilter(OncePerRequestFilter.java:116)
	at org.apache.catalina.core.ApplicationFilterChain.internalDoFilter(ApplicationFilterChain.java:174)
	at org.apache.catalina.core.ApplicationFilterChain.doFilter(ApplicationFilterChain.java:149)
	at cn.dev33.satoken.filter.SaPathCheckFilterForJakartaServlet.doFilter(SaPathCheckFilterForJakartaServlet.java:55)
	at org.apache.catalina.core.ApplicationFilterChain.internalDoFilter(ApplicationFilterChain.java:174)
	at org.apache.catalina.core.ApplicationFilterChain.doFilter(ApplicationFilterChain.java:149)
	at org.springframework.web.filter.FormContentFilter.doFilterInternal(FormContentFilter.java:93)
	at org.springframework.web.filter.OncePerRequestFilter.doFilter(OncePerRequestFilter.java:116)
	at org.apache.catalina.core.ApplicationFilterChain.internalDoFilter(ApplicationFilterChain.java:174)
	at org.apache.catalina.core.ApplicationFilterChain.doFilter(ApplicationFilterChain.java:149)
	at org.springframework.web.filter.CharacterEncodingFilter.doFilterInternal(CharacterEncodingFilter.java:201)
	at org.springframework.web.filter.OncePerRequestFilter.doFilter(OncePerRequestFilter.java:116)
	at org.apache.catalina.core.ApplicationFilterChain.internalDoFilter(ApplicationFilterChain.java:174)
	at org.apache.catalina.core.ApplicationFilterChain.doFilter(ApplicationFilterChain.java:149)
	at org.apache.catalina.core.StandardWrapperValve.invoke(StandardWrapperValve.java:167)
	at org.apache.catalina.core.StandardContextValve.invoke(StandardContextValve.java:90)
	at org.apache.catalina.authenticator.AuthenticatorBase.invoke(AuthenticatorBase.java:482)
	at org.apache.catalina.core.StandardHostValve.invoke(StandardHostValve.java:115)
	at org.apache.catalina.valves.ErrorReportValve.invoke(ErrorReportValve.java:93)
	at org.apache.catalina.core.StandardEngineValve.invoke(StandardEngineValve.java:74)
	at org.apache.catalina.connector.CoyoteAdapter.service(CoyoteAdapter.java:340)
	at org.apache.coyote.http11.Http11Processor.service(Http11Processor.java:391)
	at org.apache.coyote.AbstractProcessorLight.process(AbstractProcessorLight.java:63)
	at org.apache.coyote.AbstractProtocol$ConnectionHandler.process(AbstractProtocol.java:896)
	at org.apache.tomcat.util.net.NioEndpoint$SocketProcessor.doRun(NioEndpoint.java:1744)
	at org.apache.tomcat.util.net.SocketProcessorBase.run(SocketProcessorBase.java:52)
	at org.apache.tomcat.util.threads.ThreadPoolExecutor.runWorker(ThreadPoolExecutor.java:1191)
	at org.apache.tomcat.util.threads.ThreadPoolExecutor$Worker.run(ThreadPoolExecutor.java:659)
	at org.apache.tomcat.util.threads.TaskThread$WrappingRunnable.run(TaskThread.java:61)
	at java.base/java.lang.Thread.run(Thread.java:840)
2026-03-22 12:17:13.370 [http-nio-8888-exec-3] [8ff7f3b51bb84373] WARN  c.musheng.common.exception.GlobalExceptionHandler - 业务异常: 10004 - 站点 GBP 的交易方配置不存在，请先完成配置
2026-03-22 12:17:30.020 [http-nio-8888-exec-5] [80e0083e7f424647] INFO  com.musheng.aop.RequestLogAspect - [请求开始] traceId=80e0083e7f424647 userId=1 POST /api/v1/business/document/inv/generate ip=0:0:0:0:0:0:0:1 方法=DocumentController.generateInvoices 参数=[[869, 870, 871]]
2026-03-22 12:17:30.022 [http-nio-8888-exec-5] [80e0083e7f424647] INFO  c.m.b.document.controller.DocumentController - 生成INV发票，结算单数量: 3
2026-03-22 12:17:30.025 [http-nio-8888-exec-5] [80e0083e7f424647] INFO  c.m.b.d.service.impl.DocumentGenerateServiceImpl - 开始生成INV发票，结算单ID数量: 3
2026-03-22 12:17:30.075 [http-nio-8888-exec-5] [80e0083e7f424647] ERROR com.musheng.aop.RequestLogAspect - [请求异常] traceId=80e0083e7f424647 POST /api/v1/business/document/inv/generate 耗时=58ms 异常=站点 GBP 的交易方配置不存在，请先完成配置
com.musheng.common.exception.BusinessException: 站点 GBP 的交易方配置不存在，请先完成配置
	at com.musheng.business.document.service.impl.DocumentPartyConfigServiceImpl.getBySiteCode(DocumentPartyConfigServiceImpl.java:125)
	at com.musheng.business.document.service.impl.DocumentGenerateServiceImpl.generateInvoices(DocumentGenerateServiceImpl.java:340)
	at java.base/jdk.internal.reflect.NativeMethodAccessorImpl.invoke0(Native Method)
	at java.base/jdk.internal.reflect.NativeMethodAccessorImpl.invoke(NativeMethodAccessorImpl.java:77)
	at java.base/jdk.internal.reflect.DelegatingMethodAccessorImpl.invoke(DelegatingMethodAccessorImpl.java:43)
	at java.base/java.lang.reflect.Method.invoke(Method.java:569)
	at org.springframework.aop.support.AopUtils.invokeJoinpointUsingReflection(AopUtils.java:351)
	at org.springframework.aop.framework.ReflectiveMethodInvocation.invokeJoinpoint(ReflectiveMethodInvocation.java:196)
	at org.springframework.aop.framework.ReflectiveMethodInvocation.proceed(ReflectiveMethodInvocation.java:163)
	at org.springframework.aop.framework.CglibAopProxy$CglibMethodInvocation.proceed(CglibAopProxy.java:765)
	at org.springframework.transaction.interceptor.TransactionInterceptor$1.proceedWithInvocation(TransactionInterceptor.java:123)
	at org.springframework.transaction.interceptor.TransactionAspectSupport.invokeWithinTransaction(TransactionAspectSupport.java:385)
	at org.springframework.transaction.interceptor.TransactionInterceptor.invoke(TransactionInterceptor.java:119)
	at org.springframework.aop.framework.ReflectiveMethodInvocation.proceed(ReflectiveMethodInvocation.java:184)
	at org.springframework.aop.framework.CglibAopProxy$CglibMethodInvocation.proceed(CglibAopProxy.java:765)
	at org.springframework.aop.framework.CglibAopProxy$DynamicAdvisedInterceptor.intercept(CglibAopProxy.java:717)
	at com.musheng.business.document.service.impl.DocumentGenerateServiceImpl$$SpringCGLIB$$0.generateInvoices(<generated>)
	at com.musheng.business.document.controller.DocumentController.generateInvoices(DocumentController.java:119)
	at java.base/jdk.internal.reflect.NativeMethodAccessorImpl.invoke0(Native Method)
	at java.base/jdk.internal.reflect.NativeMethodAccessorImpl.invoke(NativeMethodAccessorImpl.java:77)
	at java.base/jdk.internal.reflect.DelegatingMethodAccessorImpl.invoke(DelegatingMethodAccessorImpl.java:43)
	at java.base/java.lang.reflect.Method.invoke(Method.java:569)
	at org.springframework.aop.support.AopUtils.invokeJoinpointUsingReflection(AopUtils.java:351)
	at org.springframework.aop.framework.ReflectiveMethodInvocation.invokeJoinpoint(ReflectiveMethodInvocation.java:196)
	at org.springframework.aop.framework.ReflectiveMethodInvocation.proceed(ReflectiveMethodInvocation.java:163)
	at org.springframework.aop.framework.CglibAopProxy$CglibMethodInvocation.proceed(CglibAopProxy.java:765)
	at org.springframework.aop.aspectj.MethodInvocationProceedingJoinPoint.proceed(MethodInvocationProceedingJoinPoint.java:89)
	at com.musheng.aop.RequestLogAspect.logAround(RequestLogAspect.java:99)
	at jdk.internal.reflect.GeneratedMethodAccessor126.invoke(Unknown Source)
	at java.base/jdk.internal.reflect.DelegatingMethodAccessorImpl.invoke(DelegatingMethodAccessorImpl.java:43)
	at java.base/java.lang.reflect.Method.invoke(Method.java:569)
	at org.springframework.aop.aspectj.AbstractAspectJAdvice.invokeAdviceMethodWithGivenArgs(AbstractAspectJAdvice.java:637)
	at org.springframework.aop.aspectj.AbstractAspectJAdvice.invokeAdviceMethod(AbstractAspectJAdvice.java:627)
	at org.springframework.aop.aspectj.AspectJAroundAdvice.invoke(AspectJAroundAdvice.java:71)
	at org.springframework.aop.framework.ReflectiveMethodInvocation.proceed(ReflectiveMethodInvocation.java:184)
	at org.springframework.aop.framework.CglibAopProxy$CglibMethodInvocation.proceed(CglibAopProxy.java:765)
	at org.springframework.aop.interceptor.ExposeInvocationInterceptor.invoke(ExposeInvocationInterceptor.java:97)
	at org.springframework.aop.framework.ReflectiveMethodInvocation.proceed(ReflectiveMethodInvocation.java:184)
	at org.springframework.aop.framework.CglibAopProxy$CglibMethodInvocation.proceed(CglibAopProxy.java:765)
	at org.springframework.aop.framework.CglibAopProxy$DynamicAdvisedInterceptor.intercept(CglibAopProxy.java:717)
	at com.musheng.business.document.controller.DocumentController$$SpringCGLIB$$0.generateInvoices(<generated>)
	at java.base/jdk.internal.reflect.NativeMethodAccessorImpl.invoke0(Native Method)
	at java.base/jdk.internal.reflect.NativeMethodAccessorImpl.invoke(NativeMethodAccessorImpl.java:77)
	at java.base/jdk.internal.reflect.DelegatingMethodAccessorImpl.invoke(DelegatingMethodAccessorImpl.java:43)
	at java.base/java.lang.reflect.Method.invoke(Method.java:569)
	at org.springframework.web.method.support.InvocableHandlerMethod.doInvoke(InvocableHandlerMethod.java:261)
	at org.springframework.web.method.support.InvocableHandlerMethod.invokeForRequest(InvocableHandlerMethod.java:189)
	at org.springframework.web.servlet.mvc.method.annotation.ServletInvocableHandlerMethod.invokeAndHandle(ServletInvocableHandlerMethod.java:118)
	at org.springframework.web.servlet.mvc.method.annotation.RequestMappingHandlerAdapter.invokeHandlerMethod(RequestMappingHandlerAdapter.java:917)
	at org.springframework.web.servlet.mvc.method.annotation.RequestMappingHandlerAdapter.handleInternal(RequestMappingHandlerAdapter.java:829)
	at org.springframework.web.servlet.mvc.method.AbstractHandlerMethodAdapter.handle(AbstractHandlerMethodAdapter.java:87)
	at org.springframework.web.servlet.DispatcherServlet.doDispatch(DispatcherServlet.java:1089)
	at org.springframework.web.servlet.DispatcherServlet.doService(DispatcherServlet.java:979)
	at org.springframework.web.servlet.FrameworkServlet.processRequest(FrameworkServlet.java:1014)
	at org.springframework.web.servlet.FrameworkServlet.doPost(FrameworkServlet.java:914)
	at jakarta.servlet.http.HttpServlet.service(HttpServlet.java:590)
	at org.springframework.web.servlet.FrameworkServlet.service(FrameworkServlet.java:885)
	at jakarta.servlet.http.HttpServlet.service(HttpServlet.java:658)
	at org.apache.catalina.core.ApplicationFilterChain.internalDoFilter(ApplicationFilterChain.java:205)
	at org.apache.catalina.core.ApplicationFilterChain.doFilter(ApplicationFilterChain.java:149)
	at org.apache.tomcat.websocket.server.WsFilter.doFilter(WsFilter.java:51)
	at org.apache.catalina.core.ApplicationFilterChain.internalDoFilter(ApplicationFilterChain.java:174)
	at org.apache.catalina.core.ApplicationFilterChain.doFilter(ApplicationFilterChain.java:149)
	at com.musheng.filter.TraceIdFilter.doFilterInternal(TraceIdFilter.java:61)
	at org.springframework.web.filter.OncePerRequestFilter.doFilter(OncePerRequestFilter.java:116)
	at org.apache.catalina.core.ApplicationFilterChain.internalDoFilter(ApplicationFilterChain.java:174)
	at org.apache.catalina.core.ApplicationFilterChain.doFilter(ApplicationFilterChain.java:149)
	at cn.dev33.satoken.filter.SaServletFilter.doFilter(SaServletFilter.java:150)
	at org.apache.catalina.core.ApplicationFilterChain.internalDoFilter(ApplicationFilterChain.java:174)
	at org.apache.catalina.core.ApplicationFilterChain.doFilter(ApplicationFilterChain.java:149)
	at org.springframework.web.filter.RequestContextFilter.doFilterInternal(RequestContextFilter.java:100)
	at org.springframework.web.filter.OncePerRequestFilter.doFilter(OncePerRequestFilter.java:116)
	at org.apache.catalina.core.ApplicationFilterChain.internalDoFilter(ApplicationFilterChain.java:174)
	at org.apache.catalina.core.ApplicationFilterChain.doFilter(ApplicationFilterChain.java:149)
	at cn.dev33.satoken.filter.SaPathCheckFilterForJakartaServlet.doFilter(SaPathCheckFilterForJakartaServlet.java:55)
	at org.apache.catalina.core.ApplicationFilterChain.internalDoFilter(ApplicationFilterChain.java:174)
	at org.apache.catalina.core.ApplicationFilterChain.doFilter(ApplicationFilterChain.java:149)
	at org.springframework.web.filter.FormContentFilter.doFilterInternal(FormContentFilter.java:93)
	at org.springframework.web.filter.OncePerRequestFilter.doFilter(OncePerRequestFilter.java:116)
	at org.apache.catalina.core.ApplicationFilterChain.internalDoFilter(ApplicationFilterChain.java:174)
	at org.apache.catalina.core.ApplicationFilterChain.doFilter(ApplicationFilterChain.java:149)
	at org.springframework.web.filter.CharacterEncodingFilter.doFilterInternal(CharacterEncodingFilter.java:201)
	at org.springframework.web.filter.OncePerRequestFilter.doFilter(OncePerRequestFilter.java:116)
	at org.apache.catalina.core.ApplicationFilterChain.internalDoFilter(ApplicationFilterChain.java:174)
	at org.apache.catalina.core.ApplicationFilterChain.doFilter(ApplicationFilterChain.java:149)
	at org.apache.catalina.core.StandardWrapperValve.invoke(StandardWrapperValve.java:167)
	at org.apache.catalina.core.StandardContextValve.invoke(StandardContextValve.java:90)
	at org.apache.catalina.authenticator.AuthenticatorBase.invoke(AuthenticatorBase.java:482)
	at org.apache.catalina.core.StandardHostValve.invoke(StandardHostValve.java:115)
	at org.apache.catalina.valves.ErrorReportValve.invoke(ErrorReportValve.java:93)
	at org.apache.catalina.core.StandardEngineValve.invoke(StandardEngineValve.java:74)
	at org.apache.catalina.connector.CoyoteAdapter.service(CoyoteAdapter.java:340)
	at org.apache.coyote.http11.Http11Processor.service(Http11Processor.java:391)
	at org.apache.coyote.AbstractProcessorLight.process(AbstractProcessorLight.java:63)
	at org.apache.coyote.AbstractProtocol$ConnectionHandler.process(AbstractProtocol.java:896)
	at org.apache.tomcat.util.net.NioEndpoint$SocketProcessor.doRun(NioEndpoint.java:1744)
	at org.apache.tomcat.util.net.SocketProcessorBase.run(SocketProcessorBase.java:52)
	at org.apache.tomcat.util.threads.ThreadPoolExecutor.runWorker(ThreadPoolExecutor.java:1191)
	at org.apache.tomcat.util.threads.ThreadPoolExecutor$Worker.run(ThreadPoolExecutor.java:659)
	at org.apache.tomcat.util.threads.TaskThread$WrappingRunnable.run(TaskThread.java:61)
	at java.base/java.lang.Thread.run(Thread.java:840)
2026-03-22 12:17:30.083 [http-nio-8888-exec-5] [80e0083e7f424647] WARN  c.musheng.common.exception.GlobalExceptionHandler - 业务异常: 10004 - 站点 GBP 的交易方配置不存在，请先完成配置
2026-03-22 12:18:22.475 [http-nio-8888-exec-4] [c04b66ae783d4477] INFO  com.musheng.aop.RequestLogAspect - [请求开始] traceId=c04b66ae783d4477 userId=1 GET /api/v1/business/document-party-config/list ip=0:0:0:0:0:0:0:1 方法=DocumentPartyConfigController.list 参数=[]
2026-03-22 12:18:22.546 [http-nio-8888-exec-4] [c04b66ae783d4477] INFO  com.musheng.aop.RequestLogAspect - [请求结束] traceId=c04b66ae783d4477 GET /api/v1/business/document-party-config/list 耗时=70ms 响应=Result(code=0, message=success, data=[DocumentPartyConfigVO(id=2, siteCode=CA, buyerName=东莞市慕声商贸有限公司, buyerAddress=广东省东莞市虎门镇连升路82号虎门万达广场2栋606房, buyerPhone=18575382420, buyerNameEn=Dongguan Musheng Trade Co., Ltd., sellerName=Hong Kong Andeo Group Limited, sellerAddress=ROOM 1201, 12/F TAI SANG BANK BUILDING 130-132 DES VOEUX ROAD, CENTRAL HONGKONG, sellerPhone=00852-54682464, supplierName=Hong Kong Andeo Group Limited, customerNameTc=東莞市慕聲商貿有限公司, bankAccountName=Hong Kong Andeo Group Limited, ba...[已截断]
2026-03-22 12:18:29.297 [http-nio-8888-exec-8] [ab478b29092a4a81] INFO  com.musheng.aop.RequestLogAspect - [请求开始] traceId=ab478b29092a4a81 userId=1 GET /api/v1/business/document/msku/list ip=0:0:0:0:0:0:0:1 方法=DocumentController.listMsku 参数=[null, null, null, null, 1, 20]
2026-03-22 12:18:29.298 [http-nio-8888-exec-8] [ab478b29092a4a81] INFO  c.m.b.d.service.impl.DocumentQueryServiceImpl - 查询MSKU列表, 站点=null, MSKU=null, 周期=null~null
2026-03-22 12:18:29.351 [http-nio-8888-exec-8] [ab478b29092a4a81] INFO  com.musheng.aop.RequestLogAspect - [请求结束] traceId=ab478b29092a4a81 GET /api/v1/business/document/msku/list 耗时=54ms 响应=Result(code=0, message=success, data=PageResult(records=[MskuListVO(id=14174, siteCode=UK, msku=MS-D06-2-2-, currency=GBP, unitPrice=7.3600, quantity=34, amount=250.2400, periodStart=2025-07-01, periodEnd=2025-09-30, procurementCostCny=497988.68, averageExchangeRate=9.629973), MskuListVO(id=14170, siteCode=UK, msku=MS-D06-2-3-, currency=GBP, unitPrice=7.3600, quantity=47, amount=345.9200, periodStart=2025-07-01, periodEnd=2025-09-30, procurementCostCny=497988.68, averageExchangeRate=9.629973), M...[已截断]
2026-03-22 12:18:30.525 [http-nio-8888-exec-9] [7c0dd0e454964a8c] INFO  com.musheng.aop.RequestLogAspect - [请求开始] traceId=7c0dd0e454964a8c userId=1 GET /api/v1/business/document/list ip=0:0:0:0:0:0:0:1 方法=DocumentController.listDocuments 参数=[null, null, null, null, 1, 20]
2026-03-22 12:18:30.525 [http-nio-8888-exec-9] [7c0dd0e454964a8c] INFO  c.m.b.d.service.impl.DocumentQueryServiceImpl - 分页查询单据列表, 类型=null, 编号=null
2026-03-22 12:18:30.543 [http-nio-8888-exec-9] [7c0dd0e454964a8c] INFO  com.musheng.aop.RequestLogAspect - [请求结束] traceId=7c0dd0e454964a8c GET /api/v1/business/document/list 耗时=16ms 响应=Result(code=0, message=success, data=PageResult(records=[DocumentListVO(id=547, documentType=INV, documentNo=20251013003, documentDate=2025-10-13, buyerName=Dongguan Musheng Trade Co., Ltd., sellerName=Hong Kong Andeo Group Limited, totalQuantity=8890, totalAmount=51723.2800), DocumentListVO(id=871, documentType=SETTLEMENT, documentNo=20251008003, documentDate=2025-10-08, buyerName=东莞市慕声商贸有限公司, sellerName=Hong Kong Andeo Group Limited, totalQuantity=8890, totalAmount=51723.2800), DocumentListVO(...[已截断]
2026-03-22 12:18:32.004 [http-nio-8888-exec-3] [4934a8d4e0ed4f04] INFO  com.musheng.aop.RequestLogAspect - [请求开始] traceId=4934a8d4e0ed4f04 userId=1 GET /api/v1/config/marketplaces/enabled ip=0:0:0:0:0:0:0:1 方法=MarketplaceController.getEnabled 参数=[]
2026-03-22 12:18:32.020 [http-nio-8888-exec-3] [4934a8d4e0ed4f04] INFO  com.musheng.aop.RequestLogAspect - [请求结束] traceId=4934a8d4e0ed4f04 GET /api/v1/config/marketplaces/enabled 耗时=17ms 响应=Result(code=0, message=success, data=[Marketplace(siteCode=CA, siteName=加拿大站, marketplaceId=A2EUQ1WTGCTBG2, currencyCode=CAD, sellerId=APNDJLWNA7H88, headerLanguage=EN, dateFormat=MMM d, yyyy h:mm:ss a z, numberFormat=., timezone=America/Toronto, status=1), Marketplace(siteCode=DE, siteName=德国站, marketplaceId=A1PA6795UKMFR9, currencyCode=EUR, sellerId=A11Y51I5ZXY4AO, headerLanguage=DE, dateFormat=dd.MM.yyyy HH:mm:ss z, numberFormat=,, timezone=Europe/Berlin, status=1), Marketplace(siteCode=UK, s...[已截断]
2026-03-22 12:18:37.763 [http-nio-8888-exec-5] [9a0acd198906414e] INFO  com.musheng.aop.RequestLogAspect - [请求开始] traceId=9a0acd198906414e userId=1 POST /api/v1/business/document/settlement/generate ip=0:0:0:0:0:0:0:1 方法=DocumentController.generateSettlements 参数=[SettlementGenerateRequest(periodStart=2025-07-01, periodEnd=2025-09-30, siteCodes=[UK])]
2026-03-22 12:18:37.764 [http-nio-8888-exec-5] [9a0acd198906414e] INFO  c.m.b.document.controller.DocumentController - 生成结算单，周期: 2025-07-01 ~ 2025-09-30，站点: [UK]
2026-03-22 12:18:37.765 [http-nio-8888-exec-5] [9a0acd198906414e] INFO  c.m.b.d.service.impl.DocumentGenerateServiceImpl - 开始生成结算单，周期: 2025-07-01 ~ 2025-09-30
2026-03-22 12:18:37.776 [http-nio-8888-exec-5] [9a0acd198906414e] INFO  c.m.b.d.service.impl.DocumentGenerateServiceImpl - 构建 SettlementInput 完成，共 383 条明细
2026-03-22 12:18:37.786 [http-nio-8888-exec-5] [9a0acd198906414e] INFO  c.m.b.d.service.impl.DocumentGenerateServiceImpl - 结算单生成 12 份，过滤空结算单后剩余 3 份（有数据）
2026-03-22 12:18:37.795 [http-nio-8888-exec-5] [9a0acd198906414e] INFO  c.m.b.d.service.impl.DocumentGenerateServiceImpl - 结算单单据号已存在，使用已有记录，编号: 20250805003
2026-03-22 12:18:37.802 [http-nio-8888-exec-5] [9a0acd198906414e] INFO  c.m.b.d.service.impl.DocumentGenerateServiceImpl - 结算单单据号已存在，使用已有记录，编号: 20250905003
2026-03-22 12:18:37.809 [http-nio-8888-exec-5] [9a0acd198906414e] INFO  c.m.b.d.service.impl.DocumentGenerateServiceImpl - 结算单单据号已存在，使用已有记录，编号: 20251008003
2026-03-22 12:18:37.810 [http-nio-8888-exec-5] [9a0acd198906414e] INFO  c.m.b.d.service.impl.DocumentGenerateServiceImpl - 结算单生成完成，共 3 份
2026-03-22 12:18:37.811 [http-nio-8888-exec-5] [9a0acd198906414e] INFO  com.musheng.aop.RequestLogAspect - [请求结束] traceId=9a0acd198906414e POST /api/v1/business/document/settlement/generate 耗时=48ms 响应=Result(code=0, message=success, data=[DocumentSettlement(shopId=1, documentNo=20250805003, settlementDate=2025-08-05, periodStart=2025-07-01, periodEnd=2025-07-31, siteCode=GBP, siteSequence=003, buyerName=东莞市慕声商贸有限公司, buyerAddress=广东省东莞市虎门镇连升路82号虎门万达广场2栋606房, sellerName=Hong Kong Andeo Group Limited, totalQuantity=8890, totalAmount=51723.2800), DocumentSettlement(shopId=1, documentNo=20250905003, settlementDate=2025-09-05, periodStart=2025-08-01, periodEnd=2025-08-31, siteCode=GBP, siteSequence...[已截断]
2026-03-22 12:18:37.829 [http-nio-8888-exec-4] [95fe1939b7b54ad8] INFO  com.musheng.aop.RequestLogAspect - [请求开始] traceId=95fe1939b7b54ad8 userId=1 POST /api/v1/business/document/export/settlement/batch ip=0:0:0:0:0:0:0:1 方法=DocumentController.batchExportSettlement 参数=[[869, 870, 871], org.apache.catalina.connector.ResponseFacade@59c7ffe4]
2026-03-22 12:18:37.830 [http-nio-8888-exec-4] [95fe1939b7b54ad8] INFO  c.m.b.document.controller.DocumentController - 批量导出结算单，数量: 3
2026-03-22 12:18:37.840 [http-nio-8888-exec-4] [95fe1939b7b54ad8] INFO  c.m.b.d.service.impl.DocumentExportServiceImpl - 批量导出结算单, 数量=3
2026-03-22 12:18:38.283 [http-nio-8888-exec-4] [95fe1939b7b54ad8] INFO  com.musheng.aop.RequestLogAspect - [请求结束] traceId=95fe1939b7b54ad8 POST /api/v1/business/document/export/settlement/batch 耗时=455ms 响应=null
2026-03-22 12:18:39.714 [http-nio-8888-exec-8] [1ed1966555f94ec6] INFO  com.musheng.aop.RequestLogAspect - [请求开始] traceId=1ed1966555f94ec6 userId=1 POST /api/v1/business/document/inv/generate ip=0:0:0:0:0:0:0:1 方法=DocumentController.generateInvoices 参数=[[869, 870, 871]]
2026-03-22 12:18:39.714 [http-nio-8888-exec-8] [1ed1966555f94ec6] INFO  c.m.b.document.controller.DocumentController - 生成INV发票，结算单数量: 3
2026-03-22 12:18:39.715 [http-nio-8888-exec-8] [1ed1966555f94ec6] INFO  c.m.b.d.service.impl.DocumentGenerateServiceImpl - 开始生成INV发票，结算单ID数量: 3
2026-03-22 12:18:39.744 [http-nio-8888-exec-8] [1ed1966555f94ec6] ERROR com.musheng.aop.RequestLogAspect - [请求异常] traceId=1ed1966555f94ec6 POST /api/v1/business/document/inv/generate 耗时=30ms 异常=站点 GBP 的交易方配置不存在，请先完成配置
com.musheng.common.exception.BusinessException: 站点 GBP 的交易方配置不存在，请先完成配置
	at com.musheng.business.document.service.impl.DocumentPartyConfigServiceImpl.getBySiteCode(DocumentPartyConfigServiceImpl.java:125)
	at com.musheng.business.document.service.impl.DocumentGenerateServiceImpl.generateInvoices(DocumentGenerateServiceImpl.java:340)
	at java.base/jdk.internal.reflect.NativeMethodAccessorImpl.invoke0(Native Method)
	at java.base/jdk.internal.reflect.NativeMethodAccessorImpl.invoke(NativeMethodAccessorImpl.java:77)
	at java.base/jdk.internal.reflect.DelegatingMethodAccessorImpl.invoke(DelegatingMethodAccessorImpl.java:43)
	at java.base/java.lang.reflect.Method.invoke(Method.java:569)
	at org.springframework.aop.support.AopUtils.invokeJoinpointUsingReflection(AopUtils.java:351)
	at org.springframework.aop.framework.ReflectiveMethodInvocation.invokeJoinpoint(ReflectiveMethodInvocation.java:196)
	at org.springframework.aop.framework.ReflectiveMethodInvocation.proceed(ReflectiveMethodInvocation.java:163)
	at org.springframework.aop.framework.CglibAopProxy$CglibMethodInvocation.proceed(CglibAopProxy.java:765)
	at org.springframework.transaction.interceptor.TransactionInterceptor$1.proceedWithInvocation(TransactionInterceptor.java:123)
	at org.springframework.transaction.interceptor.TransactionAspectSupport.invokeWithinTransaction(TransactionAspectSupport.java:385)
	at org.springframework.transaction.interceptor.TransactionInterceptor.invoke(TransactionInterceptor.java:119)
	at org.springframework.aop.framework.ReflectiveMethodInvocation.proceed(ReflectiveMethodInvocation.java:184)
	at org.springframework.aop.framework.CglibAopProxy$CglibMethodInvocation.proceed(CglibAopProxy.java:765)
	at org.springframework.aop.framework.CglibAopProxy$DynamicAdvisedInterceptor.intercept(CglibAopProxy.java:717)
	at com.musheng.business.document.service.impl.DocumentGenerateServiceImpl$$SpringCGLIB$$0.generateInvoices(<generated>)
	at com.musheng.business.document.controller.DocumentController.generateInvoices(DocumentController.java:119)
	at java.base/jdk.internal.reflect.NativeMethodAccessorImpl.invoke0(Native Method)
	at java.base/jdk.internal.reflect.NativeMethodAccessorImpl.invoke(NativeMethodAccessorImpl.java:77)
	at java.base/jdk.internal.reflect.DelegatingMethodAccessorImpl.invoke(DelegatingMethodAccessorImpl.java:43)
	at java.base/java.lang.reflect.Method.invoke(Method.java:569)
	at org.springframework.aop.support.AopUtils.invokeJoinpointUsingReflection(AopUtils.java:351)
	at org.springframework.aop.framework.ReflectiveMethodInvocation.invokeJoinpoint(ReflectiveMethodInvocation.java:196)
	at org.springframework.aop.framework.ReflectiveMethodInvocation.proceed(ReflectiveMethodInvocation.java:163)
	at org.springframework.aop.framework.CglibAopProxy$CglibMethodInvocation.proceed(CglibAopProxy.java:765)
	at org.springframework.aop.aspectj.MethodInvocationProceedingJoinPoint.proceed(MethodInvocationProceedingJoinPoint.java:89)
	at com.musheng.aop.RequestLogAspect.logAround(RequestLogAspect.java:99)
	at jdk.internal.reflect.GeneratedMethodAccessor126.invoke(Unknown Source)
	at java.base/jdk.internal.reflect.DelegatingMethodAccessorImpl.invoke(DelegatingMethodAccessorImpl.java:43)
	at java.base/java.lang.reflect.Method.invoke(Method.java:569)
	at org.springframework.aop.aspectj.AbstractAspectJAdvice.invokeAdviceMethodWithGivenArgs(AbstractAspectJAdvice.java:637)
	at org.springframework.aop.aspectj.AbstractAspectJAdvice.invokeAdviceMethod(AbstractAspectJAdvice.java:627)
	at org.springframework.aop.aspectj.AspectJAroundAdvice.invoke(AspectJAroundAdvice.java:71)
	at org.springframework.aop.framework.ReflectiveMethodInvocation.proceed(ReflectiveMethodInvocation.java:184)
	at org.springframework.aop.framework.CglibAopProxy$CglibMethodInvocation.proceed(CglibAopProxy.java:765)
	at org.springframework.aop.interceptor.ExposeInvocationInterceptor.invoke(ExposeInvocationInterceptor.java:97)
	at org.springframework.aop.framework.ReflectiveMethodInvocation.proceed(ReflectiveMethodInvocation.java:184)
	at org.springframework.aop.framework.CglibAopProxy$CglibMethodInvocation.proceed(CglibAopProxy.java:765)
	at org.springframework.aop.framework.CglibAopProxy$DynamicAdvisedInterceptor.intercept(CglibAopProxy.java:717)
	at com.musheng.business.document.controller.DocumentController$$SpringCGLIB$$0.generateInvoices(<generated>)
	at java.base/jdk.internal.reflect.NativeMethodAccessorImpl.invoke0(Native Method)
	at java.base/jdk.internal.reflect.NativeMethodAccessorImpl.invoke(NativeMethodAccessorImpl.java:77)
	at java.base/jdk.internal.reflect.DelegatingMethodAccessorImpl.invoke(DelegatingMethodAccessorImpl.java:43)
	at java.base/java.lang.reflect.Method.invoke(Method.java:569)
	at org.springframework.web.method.support.InvocableHandlerMethod.doInvoke(InvocableHandlerMethod.java:261)
	at org.springframework.web.method.support.InvocableHandlerMethod.invokeForRequest(InvocableHandlerMethod.java:189)
	at org.springframework.web.servlet.mvc.method.annotation.ServletInvocableHandlerMethod.invokeAndHandle(ServletInvocableHandlerMethod.java:118)
	at org.springframework.web.servlet.mvc.method.annotation.RequestMappingHandlerAdapter.invokeHandlerMethod(RequestMappingHandlerAdapter.java:917)
	at org.springframework.web.servlet.mvc.method.annotation.RequestMappingHandlerAdapter.handleInternal(RequestMappingHandlerAdapter.java:829)
	at org.springframework.web.servlet.mvc.method.AbstractHandlerMethodAdapter.handle(AbstractHandlerMethodAdapter.java:87)
	at org.springframework.web.servlet.DispatcherServlet.doDispatch(DispatcherServlet.java:1089)
	at org.springframework.web.servlet.DispatcherServlet.doService(DispatcherServlet.java:979)
	at org.springframework.web.servlet.FrameworkServlet.processRequest(FrameworkServlet.java:1014)
	at org.springframework.web.servlet.FrameworkServlet.doPost(FrameworkServlet.java:914)
	at jakarta.servlet.http.HttpServlet.service(HttpServlet.java:590)
	at org.springframework.web.servlet.FrameworkServlet.service(FrameworkServlet.java:885)
	at jakarta.servlet.http.HttpServlet.service(HttpServlet.java:658)
	at org.apache.catalina.core.ApplicationFilterChain.internalDoFilter(ApplicationFilterChain.java:205)
	at org.apache.catalina.core.ApplicationFilterChain.doFilter(ApplicationFilterChain.java:149)
	at org.apache.tomcat.websocket.server.WsFilter.doFilter(WsFilter.java:51)
	at org.apache.catalina.core.ApplicationFilterChain.internalDoFilter(ApplicationFilterChain.java:174)
	at org.apache.catalina.core.ApplicationFilterChain.doFilter(ApplicationFilterChain.java:149)
	at com.musheng.filter.TraceIdFilter.doFilterInternal(TraceIdFilter.java:61)
	at org.springframework.web.filter.OncePerRequestFilter.doFilter(OncePerRequestFilter.java:116)
	at org.apache.catalina.core.ApplicationFilterChain.internalDoFilter(ApplicationFilterChain.java:174)
	at org.apache.catalina.core.ApplicationFilterChain.doFilter(ApplicationFilterChain.java:149)
	at cn.dev33.satoken.filter.SaServletFilter.doFilter(SaServletFilter.java:150)
	at org.apache.catalina.core.ApplicationFilterChain.internalDoFilter(ApplicationFilterChain.java:174)
	at org.apache.catalina.core.ApplicationFilterChain.doFilter(ApplicationFilterChain.java:149)
	at org.springframework.web.filter.RequestContextFilter.doFilterInternal(RequestContextFilter.java:100)
	at org.springframework.web.filter.OncePerRequestFilter.doFilter(OncePerRequestFilter.java:116)
	at org.apache.catalina.core.ApplicationFilterChain.internalDoFilter(ApplicationFilterChain.java:174)
	at org.apache.catalina.core.ApplicationFilterChain.doFilter(ApplicationFilterChain.java:149)
	at cn.dev33.satoken.filter.SaPathCheckFilterForJakartaServlet.doFilter(SaPathCheckFilterForJakartaServlet.java:55)
	at org.apache.catalina.core.ApplicationFilterChain.internalDoFilter(ApplicationFilterChain.java:174)
	at org.apache.catalina.core.ApplicationFilterChain.doFilter(ApplicationFilterChain.java:149)
	at org.springframework.web.filter.FormContentFilter.doFilterInternal(FormContentFilter.java:93)
	at org.springframework.web.filter.OncePerRequestFilter.doFilter(OncePerRequestFilter.java:116)
	at org.apache.catalina.core.ApplicationFilterChain.internalDoFilter(ApplicationFilterChain.java:174)
	at org.apache.catalina.core.ApplicationFilterChain.doFilter(ApplicationFilterChain.java:149)
	at org.springframework.web.filter.CharacterEncodingFilter.doFilterInternal(CharacterEncodingFilter.java:201)
	at org.springframework.web.filter.OncePerRequestFilter.doFilter(OncePerRequestFilter.java:116)
	at org.apache.catalina.core.ApplicationFilterChain.internalDoFilter(ApplicationFilterChain.java:174)
	at org.apache.catalina.core.ApplicationFilterChain.doFilter(ApplicationFilterChain.java:149)
	at org.apache.catalina.core.StandardWrapperValve.invoke(StandardWrapperValve.java:167)
	at org.apache.catalina.core.StandardContextValve.invoke(StandardContextValve.java:90)
	at org.apache.catalina.authenticator.AuthenticatorBase.invoke(AuthenticatorBase.java:482)
	at org.apache.catalina.core.StandardHostValve.invoke(StandardHostValve.java:115)
	at org.apache.catalina.valves.ErrorReportValve.invoke(ErrorReportValve.java:93)
	at org.apache.catalina.core.StandardEngineValve.invoke(StandardEngineValve.java:74)
	at org.apache.catalina.connector.CoyoteAdapter.service(CoyoteAdapter.java:340)
	at org.apache.coyote.http11.Http11Processor.service(Http11Processor.java:391)
	at org.apache.coyote.AbstractProcessorLight.process(AbstractProcessorLight.java:63)
	at org.apache.coyote.AbstractProtocol$ConnectionHandler.process(AbstractProtocol.java:896)
	at org.apache.tomcat.util.net.NioEndpoint$SocketProcessor.doRun(NioEndpoint.java:1744)
	at org.apache.tomcat.util.net.SocketProcessorBase.run(SocketProcessorBase.java:52)
	at org.apache.tomcat.util.threads.ThreadPoolExecutor.runWorker(ThreadPoolExecutor.java:1191)
	at org.apache.tomcat.util.threads.ThreadPoolExecutor$Worker.run(ThreadPoolExecutor.java:659)
	at org.apache.tomcat.util.threads.TaskThread$WrappingRunnable.run(TaskThread.java:61)
	at java.base/java.lang.Thread.run(Thread.java:840)
2026-03-22 12:18:39.747 [http-nio-8888-exec-8] [1ed1966555f94ec6] WARN  c.musheng.common.exception.GlobalExceptionHandler - 业务异常: 10004 - 站点 GBP 的交易方配置不存在，请先完成配置
2026-03-22 12:23:55.083 [http-nio-8888-exec-1] [32abecddb0fb4fec] INFO  com.musheng.aop.RequestLogAspect - [请求开始] traceId=32abecddb0fb4fec userId=1 GET /api/v1/config/marketplaces/enabled ip=0:0:0:0:0:0:0:1 方法=MarketplaceController.getEnabled 参数=[]
2026-03-22 12:23:55.083 [http-nio-8888-exec-3] [24f4c3879967468b] INFO  com.musheng.aop.RequestLogAspect - [请求开始] traceId=24f4c3879967468b userId=1 GET /api/v1/config/shop/options ip=0:0:0:0:0:0:0:1 方法=ShopController.options 参数=[]
2026-03-22 12:23:55.158 [http-nio-8888-exec-3] [24f4c3879967468b] INFO  com.musheng.aop.RequestLogAspect - [请求结束] traceId=24f4c3879967468b GET /api/v1/config/shop/options 耗时=76ms 响应=Result(code=0, message=success, data=[Shop(shopCode=DEFAULT, shopName=默认店铺, sellerId=null, companyName=东莞市慕声商贸有限公司, taxId=91441900MA4WNG4C6H, status=1, remark=系统默认店铺), Shop(shopCode=TEST-001, shopName=慕声北美店铺, sellerId=1234567654, companyName=1234567876543, taxId=1234567876543, status=1, remark=1234567654)], timestamp=1774153435158, requestId=null)
2026-03-22 12:23:55.159 [http-nio-8888-exec-1] [32abecddb0fb4fec] INFO  com.musheng.aop.RequestLogAspect - [请求结束] traceId=32abecddb0fb4fec GET /api/v1/config/marketplaces/enabled 耗时=76ms 响应=Result(code=0, message=success, data=[Marketplace(siteCode=CA, siteName=加拿大站, marketplaceId=A2EUQ1WTGCTBG2, currencyCode=CAD, sellerId=APNDJLWNA7H88, headerLanguage=EN, dateFormat=MMM d, yyyy h:mm:ss a z, numberFormat=., timezone=America/Toronto, status=1), Marketplace(siteCode=DE, siteName=德国站, marketplaceId=A1PA6795UKMFR9, currencyCode=EUR, sellerId=A11Y51I5ZXY4AO, headerLanguage=DE, dateFormat=dd.MM.yyyy HH:mm:ss z, numberFormat=,, timezone=Europe/Berlin, status=1), Marketplace(siteCode=UK, s...[已截断]
2026-03-22 12:24:03.457 [http-nio-8888-exec-2] [49eb90277ae84037] INFO  com.musheng.aop.RequestLogAspect - [请求开始] traceId=49eb90277ae84037 userId=1 POST /api/v1/business/document/settlement/generate ip=0:0:0:0:0:0:0:1 方法=DocumentController.generateSettlements 参数=[SettlementGenerateRequest(periodStart=2025-07-01, periodEnd=2025-09-30, siteCodes=[UK])]
2026-03-22 12:24:03.459 [http-nio-8888-exec-2] [49eb90277ae84037] INFO  c.m.b.document.controller.DocumentController - 生成结算单，周期: 2025-07-01 ~ 2025-09-30，站点: [UK]
2026-03-22 12:24:03.460 [http-nio-8888-exec-2] [49eb90277ae84037] INFO  c.m.b.d.service.impl.DocumentGenerateServiceImpl - 开始生成结算单，周期: 2025-07-01 ~ 2025-09-30
2026-03-22 12:24:03.506 [http-nio-8888-exec-2] [49eb90277ae84037] INFO  c.m.b.d.service.impl.DocumentGenerateServiceImpl - 构建 SettlementInput 完成，共 383 条明细
2026-03-22 12:24:03.533 [http-nio-8888-exec-2] [49eb90277ae84037] INFO  c.m.b.d.service.impl.DocumentGenerateServiceImpl - 结算单生成 12 份，过滤空结算单后剩余 3 份（有数据）
2026-03-22 12:24:03.543 [http-nio-8888-exec-2] [49eb90277ae84037] INFO  c.m.b.d.service.impl.DocumentGenerateServiceImpl - 结算单单据号已存在，使用已有记录，编号: 20250805003
2026-03-22 12:24:03.548 [http-nio-8888-exec-2] [49eb90277ae84037] INFO  c.m.b.d.service.impl.DocumentGenerateServiceImpl - 结算单单据号已存在，使用已有记录，编号: 20250905003
2026-03-22 12:24:03.551 [http-nio-8888-exec-2] [49eb90277ae84037] INFO  c.m.b.d.service.impl.DocumentGenerateServiceImpl - 结算单单据号已存在，使用已有记录，编号: 20251008003
2026-03-22 12:24:03.552 [http-nio-8888-exec-2] [49eb90277ae84037] INFO  c.m.b.d.service.impl.DocumentGenerateServiceImpl - 结算单生成完成，共 3 份
2026-03-22 12:24:03.554 [http-nio-8888-exec-2] [49eb90277ae84037] INFO  com.musheng.aop.RequestLogAspect - [请求结束] traceId=49eb90277ae84037 POST /api/v1/business/document/settlement/generate 耗时=97ms 响应=Result(code=0, message=success, data=[DocumentSettlement(shopId=1, documentNo=20250805003, settlementDate=2025-08-05, periodStart=2025-07-01, periodEnd=2025-07-31, siteCode=GBP, siteSequence=003, buyerName=东莞市慕声商贸有限公司, buyerAddress=广东省东莞市虎门镇连升路82号虎门万达广场2栋606房, sellerName=Hong Kong Andeo Group Limited, totalQuantity=8890, totalAmount=51723.2800), DocumentSettlement(shopId=1, documentNo=20250905003, settlementDate=2025-09-05, periodStart=2025-08-01, periodEnd=2025-08-31, siteCode=GBP, siteSequence...[已截断]
2026-03-22 12:24:03.579 [http-nio-8888-exec-6] [808a1bde0ed34efb] INFO  com.musheng.aop.RequestLogAspect - [请求开始] traceId=808a1bde0ed34efb userId=1 POST /api/v1/business/document/export/settlement/batch ip=0:0:0:0:0:0:0:1 方法=DocumentController.batchExportSettlement 参数=[[869, 870, 871], org.apache.catalina.connector.ResponseFacade@108562ef]
2026-03-22 12:24:03.579 [http-nio-8888-exec-6] [808a1bde0ed34efb] INFO  c.m.b.document.controller.DocumentController - 批量导出结算单，数量: 3
2026-03-22 12:24:03.579 [http-nio-8888-exec-6] [808a1bde0ed34efb] INFO  c.m.b.d.service.impl.DocumentExportServiceImpl - 批量导出结算单, 数量=3
2026-03-22 12:24:04.033 [http-nio-8888-exec-6] [808a1bde0ed34efb] INFO  com.musheng.aop.RequestLogAspect - [请求结束] traceId=808a1bde0ed34efb POST /api/v1/business/document/export/settlement/batch 耗时=454ms 响应=null
2026-03-22 12:24:05.711 [http-nio-8888-exec-7] [17cc027c19a44e0e] INFO  com.musheng.aop.RequestLogAspect - [请求开始] traceId=17cc027c19a44e0e userId=1 POST /api/v1/business/document/inv/generate ip=0:0:0:0:0:0:0:1 方法=DocumentController.generateInvoices 参数=[[869, 870, 871]]
2026-03-22 12:24:05.712 [http-nio-8888-exec-7] [17cc027c19a44e0e] INFO  c.m.b.document.controller.DocumentController - 生成INV发票，结算单数量: 3
2026-03-22 12:24:05.713 [http-nio-8888-exec-7] [17cc027c19a44e0e] INFO  c.m.b.d.service.impl.DocumentGenerateServiceImpl - 开始生成INV发票，结算单ID数量: 3
2026-03-22 12:24:05.751 [http-nio-8888-exec-7] [17cc027c19a44e0e] ERROR com.musheng.aop.RequestLogAspect - [请求异常] traceId=17cc027c19a44e0e POST /api/v1/business/document/inv/generate 耗时=41ms 异常=站点 GBP 的交易方配置不存在，请先完成配置
com.musheng.common.exception.BusinessException: 站点 GBP 的交易方配置不存在，请先完成配置
	at com.musheng.business.document.service.impl.DocumentPartyConfigServiceImpl.getBySiteCode(DocumentPartyConfigServiceImpl.java:125)
	at com.musheng.business.document.service.impl.DocumentGenerateServiceImpl.generateInvoices(DocumentGenerateServiceImpl.java:340)
	at java.base/jdk.internal.reflect.NativeMethodAccessorImpl.invoke0(Native Method)
	at java.base/jdk.internal.reflect.NativeMethodAccessorImpl.invoke(NativeMethodAccessorImpl.java:77)
	at java.base/jdk.internal.reflect.DelegatingMethodAccessorImpl.invoke(DelegatingMethodAccessorImpl.java:43)
	at java.base/java.lang.reflect.Method.invoke(Method.java:569)
	at org.springframework.aop.support.AopUtils.invokeJoinpointUsingReflection(AopUtils.java:351)
	at org.springframework.aop.framework.ReflectiveMethodInvocation.invokeJoinpoint(ReflectiveMethodInvocation.java:196)
	at org.springframework.aop.framework.ReflectiveMethodInvocation.proceed(ReflectiveMethodInvocation.java:163)
	at org.springframework.aop.framework.CglibAopProxy$CglibMethodInvocation.proceed(CglibAopProxy.java:765)
	at org.springframework.transaction.interceptor.TransactionInterceptor$1.proceedWithInvocation(TransactionInterceptor.java:123)
	at org.springframework.transaction.interceptor.TransactionAspectSupport.invokeWithinTransaction(TransactionAspectSupport.java:385)
	at org.springframework.transaction.interceptor.TransactionInterceptor.invoke(TransactionInterceptor.java:119)
	at org.springframework.aop.framework.ReflectiveMethodInvocation.proceed(ReflectiveMethodInvocation.java:184)
	at org.springframework.aop.framework.CglibAopProxy$CglibMethodInvocation.proceed(CglibAopProxy.java:765)
	at org.springframework.aop.framework.CglibAopProxy$DynamicAdvisedInterceptor.intercept(CglibAopProxy.java:717)
	at com.musheng.business.document.service.impl.DocumentGenerateServiceImpl$$SpringCGLIB$$0.generateInvoices(<generated>)
	at com.musheng.business.document.controller.DocumentController.generateInvoices(DocumentController.java:119)
	at java.base/jdk.internal.reflect.NativeMethodAccessorImpl.invoke0(Native Method)
	at java.base/jdk.internal.reflect.NativeMethodAccessorImpl.invoke(NativeMethodAccessorImpl.java:77)
	at java.base/jdk.internal.reflect.DelegatingMethodAccessorImpl.invoke(DelegatingMethodAccessorImpl.java:43)
	at java.base/java.lang.reflect.Method.invoke(Method.java:569)
	at org.springframework.aop.support.AopUtils.invokeJoinpointUsingReflection(AopUtils.java:351)
	at org.springframework.aop.framework.ReflectiveMethodInvocation.invokeJoinpoint(ReflectiveMethodInvocation.java:196)
	at org.springframework.aop.framework.ReflectiveMethodInvocation.proceed(ReflectiveMethodInvocation.java:163)
	at org.springframework.aop.framework.CglibAopProxy$CglibMethodInvocation.proceed(CglibAopProxy.java:765)
	at org.springframework.aop.aspectj.MethodInvocationProceedingJoinPoint.proceed(MethodInvocationProceedingJoinPoint.java:89)
	at com.musheng.aop.RequestLogAspect.logAround(RequestLogAspect.java:99)
	at jdk.internal.reflect.GeneratedMethodAccessor126.invoke(Unknown Source)
	at java.base/jdk.internal.reflect.DelegatingMethodAccessorImpl.invoke(DelegatingMethodAccessorImpl.java:43)
	at java.base/java.lang.reflect.Method.invoke(Method.java:569)
	at org.springframework.aop.aspectj.AbstractAspectJAdvice.invokeAdviceMethodWithGivenArgs(AbstractAspectJAdvice.java:637)
	at org.springframework.aop.aspectj.AbstractAspectJAdvice.invokeAdviceMethod(AbstractAspectJAdvice.java:627)
	at org.springframework.aop.aspectj.AspectJAroundAdvice.invoke(AspectJAroundAdvice.java:71)
	at org.springframework.aop.framework.ReflectiveMethodInvocation.proceed(ReflectiveMethodInvocation.java:184)
	at org.springframework.aop.framework.CglibAopProxy$CglibMethodInvocation.proceed(CglibAopProxy.java:765)
	at org.springframework.aop.interceptor.ExposeInvocationInterceptor.invoke(ExposeInvocationInterceptor.java:97)
	at org.springframework.aop.framework.ReflectiveMethodInvocation.proceed(ReflectiveMethodInvocation.java:184)
	at org.springframework.aop.framework.CglibAopProxy$CglibMethodInvocation.proceed(CglibAopProxy.java:765)
	at org.springframework.aop.framework.CglibAopProxy$DynamicAdvisedInterceptor.intercept(CglibAopProxy.java:717)
	at com.musheng.business.document.controller.DocumentController$$SpringCGLIB$$0.generateInvoices(<generated>)
	at java.base/jdk.internal.reflect.NativeMethodAccessorImpl.invoke0(Native Method)
	at java.base/jdk.internal.reflect.NativeMethodAccessorImpl.invoke(NativeMethodAccessorImpl.java:77)
	at java.base/jdk.internal.reflect.DelegatingMethodAccessorImpl.invoke(DelegatingMethodAccessorImpl.java:43)
	at java.base/java.lang.reflect.Method.invoke(Method.java:569)
	at org.springframework.web.method.support.InvocableHandlerMethod.doInvoke(InvocableHandlerMethod.java:261)
	at org.springframework.web.method.support.InvocableHandlerMethod.invokeForRequest(InvocableHandlerMethod.java:189)
	at org.springframework.web.servlet.mvc.method.annotation.ServletInvocableHandlerMethod.invokeAndHandle(ServletInvocableHandlerMethod.java:118)
	at org.springframework.web.servlet.mvc.method.annotation.RequestMappingHandlerAdapter.invokeHandlerMethod(RequestMappingHandlerAdapter.java:917)
	at org.springframework.web.servlet.mvc.method.annotation.RequestMappingHandlerAdapter.handleInternal(RequestMappingHandlerAdapter.java:829)
	at org.springframework.web.servlet.mvc.method.AbstractHandlerMethodAdapter.handle(AbstractHandlerMethodAdapter.java:87)
	at org.springframework.web.servlet.DispatcherServlet.doDispatch(DispatcherServlet.java:1089)
	at org.springframework.web.servlet.DispatcherServlet.doService(DispatcherServlet.java:979)
	at org.springframework.web.servlet.FrameworkServlet.processRequest(FrameworkServlet.java:1014)
	at org.springframework.web.servlet.FrameworkServlet.doPost(FrameworkServlet.java:914)
	at jakarta.servlet.http.HttpServlet.service(HttpServlet.java:590)
	at org.springframework.web.servlet.FrameworkServlet.service(FrameworkServlet.java:885)
	at jakarta.servlet.http.HttpServlet.service(HttpServlet.java:658)
	at org.apache.catalina.core.ApplicationFilterChain.internalDoFilter(ApplicationFilterChain.java:205)
	at org.apache.catalina.core.ApplicationFilterChain.doFilter(ApplicationFilterChain.java:149)
	at org.apache.tomcat.websocket.server.WsFilter.doFilter(WsFilter.java:51)
	at org.apache.catalina.core.ApplicationFilterChain.internalDoFilter(ApplicationFilterChain.java:174)
	at org.apache.catalina.core.ApplicationFilterChain.doFilter(ApplicationFilterChain.java:149)
	at com.musheng.filter.TraceIdFilter.doFilterInternal(TraceIdFilter.java:61)
	at org.springframework.web.filter.OncePerRequestFilter.doFilter(OncePerRequestFilter.java:116)
	at org.apache.catalina.core.ApplicationFilterChain.internalDoFilter(ApplicationFilterChain.java:174)
	at org.apache.catalina.core.ApplicationFilterChain.doFilter(ApplicationFilterChain.java:149)
	at cn.dev33.satoken.filter.SaServletFilter.doFilter(SaServletFilter.java:150)
	at org.apache.catalina.core.ApplicationFilterChain.internalDoFilter(ApplicationFilterChain.java:174)
	at org.apache.catalina.core.ApplicationFilterChain.doFilter(ApplicationFilterChain.java:149)
	at org.springframework.web.filter.RequestContextFilter.doFilterInternal(RequestContextFilter.java:100)
	at org.springframework.web.filter.OncePerRequestFilter.doFilter(OncePerRequestFilter.java:116)
	at org.apache.catalina.core.ApplicationFilterChain.internalDoFilter(ApplicationFilterChain.java:174)
	at org.apache.catalina.core.ApplicationFilterChain.doFilter(ApplicationFilterChain.java:149)
	at cn.dev33.satoken.filter.SaPathCheckFilterForJakartaServlet.doFilter(SaPathCheckFilterForJakartaServlet.java:55)
	at org.apache.catalina.core.ApplicationFilterChain.internalDoFilter(ApplicationFilterChain.java:174)
	at org.apache.catalina.core.ApplicationFilterChain.doFilter(ApplicationFilterChain.java:149)
	at org.springframework.web.filter.FormContentFilter.doFilterInternal(FormContentFilter.java:93)
	at org.springframework.web.filter.OncePerRequestFilter.doFilter(OncePerRequestFilter.java:116)
	at org.apache.catalina.core.ApplicationFilterChain.internalDoFilter(ApplicationFilterChain.java:174)
	at org.apache.catalina.core.ApplicationFilterChain.doFilter(ApplicationFilterChain.java:149)
	at org.springframework.web.filter.CharacterEncodingFilter.doFilterInternal(CharacterEncodingFilter.java:201)
	at org.springframework.web.filter.OncePerRequestFilter.doFilter(OncePerRequestFilter.java:116)
	at org.apache.catalina.core.ApplicationFilterChain.internalDoFilter(ApplicationFilterChain.java:174)
	at org.apache.catalina.core.ApplicationFilterChain.doFilter(ApplicationFilterChain.java:149)
	at org.apache.catalina.core.StandardWrapperValve.invoke(StandardWrapperValve.java:167)
	at org.apache.catalina.core.StandardContextValve.invoke(StandardContextValve.java:90)
	at org.apache.catalina.authenticator.AuthenticatorBase.invoke(AuthenticatorBase.java:482)
	at org.apache.catalina.core.StandardHostValve.invoke(StandardHostValve.java:115)
	at org.apache.catalina.valves.ErrorReportValve.invoke(ErrorReportValve.java:93)
	at org.apache.catalina.core.StandardEngineValve.invoke(StandardEngineValve.java:74)
	at org.apache.catalina.connector.CoyoteAdapter.service(CoyoteAdapter.java:340)
	at org.apache.coyote.http11.Http11Processor.service(Http11Processor.java:391)
	at org.apache.coyote.AbstractProcessorLight.process(AbstractProcessorLight.java:63)
	at org.apache.coyote.AbstractProtocol$ConnectionHandler.process(AbstractProtocol.java:896)
	at org.apache.tomcat.util.net.NioEndpoint$SocketProcessor.doRun(NioEndpoint.java:1744)
	at org.apache.tomcat.util.net.SocketProcessorBase.run(SocketProcessorBase.java:52)
	at org.apache.tomcat.util.threads.ThreadPoolExecutor.runWorker(ThreadPoolExecutor.java:1191)
	at org.apache.tomcat.util.threads.ThreadPoolExecutor$Worker.run(ThreadPoolExecutor.java:659)
	at org.apache.tomcat.util.threads.TaskThread$WrappingRunnable.run(TaskThread.java:61)
	at java.base/java.lang.Thread.run(Thread.java:840)
2026-03-22 12:24:05.755 [http-nio-8888-exec-7] [17cc027c19a44e0e] WARN  c.musheng.common.exception.GlobalExceptionHandler - 业务异常: 10004 - 站点 GBP 的交易方配置不存在，请先完成配置
2026-03-22 12:24:06.874 [http-nio-8888-exec-10] [07d7ceb2fdfc4225] INFO  com.musheng.aop.RequestLogAspect - [请求开始] traceId=07d7ceb2fdfc4225 userId=1 POST /api/v1/business/document/inv/generate ip=0:0:0:0:0:0:0:1 方法=DocumentController.generateInvoices 参数=[[869, 870, 871]]
2026-03-22 12:24:06.874 [http-nio-8888-exec-10] [07d7ceb2fdfc4225] INFO  c.m.b.document.controller.DocumentController - 生成INV发票，结算单数量: 3
2026-03-22 12:24:06.875 [http-nio-8888-exec-10] [07d7ceb2fdfc4225] INFO  c.m.b.d.service.impl.DocumentGenerateServiceImpl - 开始生成INV发票，结算单ID数量: 3
2026-03-22 12:24:06.916 [http-nio-8888-exec-10] [07d7ceb2fdfc4225] ERROR com.musheng.aop.RequestLogAspect - [请求异常] traceId=07d7ceb2fdfc4225 POST /api/v1/business/document/inv/generate 耗时=42ms 异常=站点 GBP 的交易方配置不存在，请先完成配置
com.musheng.common.exception.BusinessException: 站点 GBP 的交易方配置不存在，请先完成配置
	at com.musheng.business.document.service.impl.DocumentPartyConfigServiceImpl.getBySiteCode(DocumentPartyConfigServiceImpl.java:125)
	at com.musheng.business.document.service.impl.DocumentGenerateServiceImpl.generateInvoices(DocumentGenerateServiceImpl.java:340)
	at java.base/jdk.internal.reflect.NativeMethodAccessorImpl.invoke0(Native Method)
	at java.base/jdk.internal.reflect.NativeMethodAccessorImpl.invoke(NativeMethodAccessorImpl.java:77)
	at java.base/jdk.internal.reflect.DelegatingMethodAccessorImpl.invoke(DelegatingMethodAccessorImpl.java:43)
	at java.base/java.lang.reflect.Method.invoke(Method.java:569)
	at org.springframework.aop.support.AopUtils.invokeJoinpointUsingReflection(AopUtils.java:351)
	at org.springframework.aop.framework.ReflectiveMethodInvocation.invokeJoinpoint(ReflectiveMethodInvocation.java:196)
	at org.springframework.aop.framework.ReflectiveMethodInvocation.proceed(ReflectiveMethodInvocation.java:163)
	at org.springframework.aop.framework.CglibAopProxy$CglibMethodInvocation.proceed(CglibAopProxy.java:765)
	at org.springframework.transaction.interceptor.TransactionInterceptor$1.proceedWithInvocation(TransactionInterceptor.java:123)
	at org.springframework.transaction.interceptor.TransactionAspectSupport.invokeWithinTransaction(TransactionAspectSupport.java:385)
	at org.springframework.transaction.interceptor.TransactionInterceptor.invoke(TransactionInterceptor.java:119)
	at org.springframework.aop.framework.ReflectiveMethodInvocation.proceed(ReflectiveMethodInvocation.java:184)
	at org.springframework.aop.framework.CglibAopProxy$CglibMethodInvocation.proceed(CglibAopProxy.java:765)
	at org.springframework.aop.framework.CglibAopProxy$DynamicAdvisedInterceptor.intercept(CglibAopProxy.java:717)
	at com.musheng.business.document.service.impl.DocumentGenerateServiceImpl$$SpringCGLIB$$0.generateInvoices(<generated>)
	at com.musheng.business.document.controller.DocumentController.generateInvoices(DocumentController.java:119)
	at java.base/jdk.internal.reflect.NativeMethodAccessorImpl.invoke0(Native Method)
	at java.base/jdk.internal.reflect.NativeMethodAccessorImpl.invoke(NativeMethodAccessorImpl.java:77)
	at java.base/jdk.internal.reflect.DelegatingMethodAccessorImpl.invoke(DelegatingMethodAccessorImpl.java:43)
	at java.base/java.lang.reflect.Method.invoke(Method.java:569)
	at org.springframework.aop.support.AopUtils.invokeJoinpointUsingReflection(AopUtils.java:351)
	at org.springframework.aop.framework.ReflectiveMethodInvocation.invokeJoinpoint(ReflectiveMethodInvocation.java:196)
	at org.springframework.aop.framework.ReflectiveMethodInvocation.proceed(ReflectiveMethodInvocation.java:163)
	at org.springframework.aop.framework.CglibAopProxy$CglibMethodInvocation.proceed(CglibAopProxy.java:765)
	at org.springframework.aop.aspectj.MethodInvocationProceedingJoinPoint.proceed(MethodInvocationProceedingJoinPoint.java:89)
	at com.musheng.aop.RequestLogAspect.logAround(RequestLogAspect.java:99)
	at jdk.internal.reflect.GeneratedMethodAccessor126.invoke(Unknown Source)
	at java.base/jdk.internal.reflect.DelegatingMethodAccessorImpl.invoke(DelegatingMethodAccessorImpl.java:43)
	at java.base/java.lang.reflect.Method.invoke(Method.java:569)
	at org.springframework.aop.aspectj.AbstractAspectJAdvice.invokeAdviceMethodWithGivenArgs(AbstractAspectJAdvice.java:637)
	at org.springframework.aop.aspectj.AbstractAspectJAdvice.invokeAdviceMethod(AbstractAspectJAdvice.java:627)
	at org.springframework.aop.aspectj.AspectJAroundAdvice.invoke(AspectJAroundAdvice.java:71)
	at org.springframework.aop.framework.ReflectiveMethodInvocation.proceed(ReflectiveMethodInvocation.java:184)
	at org.springframework.aop.framework.CglibAopProxy$CglibMethodInvocation.proceed(CglibAopProxy.java:765)
	at org.springframework.aop.interceptor.ExposeInvocationInterceptor.invoke(ExposeInvocationInterceptor.java:97)
	at org.springframework.aop.framework.ReflectiveMethodInvocation.proceed(ReflectiveMethodInvocation.java:184)
	at org.springframework.aop.framework.CglibAopProxy$CglibMethodInvocation.proceed(CglibAopProxy.java:765)
	at org.springframework.aop.framework.CglibAopProxy$DynamicAdvisedInterceptor.intercept(CglibAopProxy.java:717)
	at com.musheng.business.document.controller.DocumentController$$SpringCGLIB$$0.generateInvoices(<generated>)
	at java.base/jdk.internal.reflect.NativeMethodAccessorImpl.invoke0(Native Method)
	at java.base/jdk.internal.reflect.NativeMethodAccessorImpl.invoke(NativeMethodAccessorImpl.java:77)
	at java.base/jdk.internal.reflect.DelegatingMethodAccessorImpl.invoke(DelegatingMethodAccessorImpl.java:43)
	at java.base/java.lang.reflect.Method.invoke(Method.java:569)
	at org.springframework.web.method.support.InvocableHandlerMethod.doInvoke(InvocableHandlerMethod.java:261)
	at org.springframework.web.method.support.InvocableHandlerMethod.invokeForRequest(InvocableHandlerMethod.java:189)
	at org.springframework.web.servlet.mvc.method.annotation.ServletInvocableHandlerMethod.invokeAndHandle(ServletInvocableHandlerMethod.java:118)
	at org.springframework.web.servlet.mvc.method.annotation.RequestMappingHandlerAdapter.invokeHandlerMethod(RequestMappingHandlerAdapter.java:917)
	at org.springframework.web.servlet.mvc.method.annotation.RequestMappingHandlerAdapter.handleInternal(RequestMappingHandlerAdapter.java:829)
	at org.springframework.web.servlet.mvc.method.AbstractHandlerMethodAdapter.handle(AbstractHandlerMethodAdapter.java:87)
	at org.springframework.web.servlet.DispatcherServlet.doDispatch(DispatcherServlet.java:1089)
	at org.springframework.web.servlet.DispatcherServlet.doService(DispatcherServlet.java:979)
	at org.springframework.web.servlet.FrameworkServlet.processRequest(FrameworkServlet.java:1014)
	at org.springframework.web.servlet.FrameworkServlet.doPost(FrameworkServlet.java:914)
	at jakarta.servlet.http.HttpServlet.service(HttpServlet.java:590)
	at org.springframework.web.servlet.FrameworkServlet.service(FrameworkServlet.java:885)
	at jakarta.servlet.http.HttpServlet.service(HttpServlet.java:658)
	at org.apache.catalina.core.ApplicationFilterChain.internalDoFilter(ApplicationFilterChain.java:205)
	at org.apache.catalina.core.ApplicationFilterChain.doFilter(ApplicationFilterChain.java:149)
	at org.apache.tomcat.websocket.server.WsFilter.doFilter(WsFilter.java:51)
	at org.apache.catalina.core.ApplicationFilterChain.internalDoFilter(ApplicationFilterChain.java:174)
	at org.apache.catalina.core.ApplicationFilterChain.doFilter(ApplicationFilterChain.java:149)
	at com.musheng.filter.TraceIdFilter.doFilterInternal(TraceIdFilter.java:61)
	at org.springframework.web.filter.OncePerRequestFilter.doFilter(OncePerRequestFilter.java:116)
	at org.apache.catalina.core.ApplicationFilterChain.internalDoFilter(ApplicationFilterChain.java:174)
	at org.apache.catalina.core.ApplicationFilterChain.doFilter(ApplicationFilterChain.java:149)
	at cn.dev33.satoken.filter.SaServletFilter.doFilter(SaServletFilter.java:150)
	at org.apache.catalina.core.ApplicationFilterChain.internalDoFilter(ApplicationFilterChain.java:174)
	at org.apache.catalina.core.ApplicationFilterChain.doFilter(ApplicationFilterChain.java:149)
	at org.springframework.web.filter.RequestContextFilter.doFilterInternal(RequestContextFilter.java:100)
	at org.springframework.web.filter.OncePerRequestFilter.doFilter(OncePerRequestFilter.java:116)
	at org.apache.catalina.core.ApplicationFilterChain.internalDoFilter(ApplicationFilterChain.java:174)
	at org.apache.catalina.core.ApplicationFilterChain.doFilter(ApplicationFilterChain.java:149)
	at cn.dev33.satoken.filter.SaPathCheckFilterForJakartaServlet.doFilter(SaPathCheckFilterForJakartaServlet.java:55)
	at org.apache.catalina.core.ApplicationFilterChain.internalDoFilter(ApplicationFilterChain.java:174)
	at org.apache.catalina.core.ApplicationFilterChain.doFilter(ApplicationFilterChain.java:149)
	at org.springframework.web.filter.FormContentFilter.doFilterInternal(FormContentFilter.java:93)
	at org.springframework.web.filter.OncePerRequestFilter.doFilter(OncePerRequestFilter.java:116)
	at org.apache.catalina.core.ApplicationFilterChain.internalDoFilter(ApplicationFilterChain.java:174)
	at org.apache.catalina.core.ApplicationFilterChain.doFilter(ApplicationFilterChain.java:149)
	at org.springframework.web.filter.CharacterEncodingFilter.doFilterInternal(CharacterEncodingFilter.java:201)
	at org.springframework.web.filter.OncePerRequestFilter.doFilter(OncePerRequestFilter.java:116)
	at org.apache.catalina.core.ApplicationFilterChain.internalDoFilter(ApplicationFilterChain.java:174)
	at org.apache.catalina.core.ApplicationFilterChain.doFilter(ApplicationFilterChain.java:149)
	at org.apache.catalina.core.StandardWrapperValve.invoke(StandardWrapperValve.java:167)
	at org.apache.catalina.core.StandardContextValve.invoke(StandardContextValve.java:90)
	at org.apache.catalina.authenticator.AuthenticatorBase.invoke(AuthenticatorBase.java:482)
	at org.apache.catalina.core.StandardHostValve.invoke(StandardHostValve.java:115)
	at org.apache.catalina.valves.ErrorReportValve.invoke(ErrorReportValve.java:93)
	at org.apache.catalina.core.StandardEngineValve.invoke(StandardEngineValve.java:74)
	at org.apache.catalina.connector.CoyoteAdapter.service(CoyoteAdapter.java:340)
	at org.apache.coyote.http11.Http11Processor.service(Http11Processor.java:391)
	at org.apache.coyote.AbstractProcessorLight.process(AbstractProcessorLight.java:63)
	at org.apache.coyote.AbstractProtocol$ConnectionHandler.process(AbstractProtocol.java:896)
	at org.apache.tomcat.util.net.NioEndpoint$SocketProcessor.doRun(NioEndpoint.java:1744)
	at org.apache.tomcat.util.net.SocketProcessorBase.run(SocketProcessorBase.java:52)
	at org.apache.tomcat.util.threads.ThreadPoolExecutor.runWorker(ThreadPoolExecutor.java:1191)
	at org.apache.tomcat.util.threads.ThreadPoolExecutor$Worker.run(ThreadPoolExecutor.java:659)
	at org.apache.tomcat.util.threads.TaskThread$WrappingRunnable.run(TaskThread.java:61)
	at java.base/java.lang.Thread.run(Thread.java:840)
2026-03-22 12:24:06.918 [http-nio-8888-exec-10] [07d7ceb2fdfc4225] WARN  c.musheng.common.exception.GlobalExceptionHandler - 业务异常: 10004 - 站点 GBP 的交易方配置不存在，请先完成配置
2026-03-22 12:24:50.883 [http-nio-8888-exec-3] [4fbf0f20c33c459b] INFO  com.musheng.aop.RequestLogAspect - [请求开始] traceId=4fbf0f20c33c459b userId=1 POST /api/v1/business/document/inv/generate ip=0:0:0:0:0:0:0:1 方法=DocumentController.generateInvoices 参数=[[869, 870, 871]]
2026-03-22 12:24:50.887 [http-nio-8888-exec-3] [4fbf0f20c33c459b] INFO  c.m.b.document.controller.DocumentController - 生成INV发票，结算单数量: 3
2026-03-22 12:24:50.892 [http-nio-8888-exec-3] [4fbf0f20c33c459b] INFO  c.m.b.d.service.impl.DocumentGenerateServiceImpl - 开始生成INV发票，结算单ID数量: 3
2026-03-22 12:24:50.923 [http-nio-8888-exec-3] [4fbf0f20c33c459b] ERROR com.musheng.aop.RequestLogAspect - [请求异常] traceId=4fbf0f20c33c459b POST /api/v1/business/document/inv/generate 耗时=41ms 异常=站点 GBP 的交易方配置不存在，请先完成配置
com.musheng.common.exception.BusinessException: 站点 GBP 的交易方配置不存在，请先完成配置
	at com.musheng.business.document.service.impl.DocumentPartyConfigServiceImpl.getBySiteCode(DocumentPartyConfigServiceImpl.java:125)
	at com.musheng.business.document.service.impl.DocumentGenerateServiceImpl.generateInvoices(DocumentGenerateServiceImpl.java:340)
	at java.base/jdk.internal.reflect.NativeMethodAccessorImpl.invoke0(Native Method)
	at java.base/jdk.internal.reflect.NativeMethodAccessorImpl.invoke(NativeMethodAccessorImpl.java:77)
	at java.base/jdk.internal.reflect.DelegatingMethodAccessorImpl.invoke(DelegatingMethodAccessorImpl.java:43)
	at java.base/java.lang.reflect.Method.invoke(Method.java:569)
	at org.springframework.aop.support.AopUtils.invokeJoinpointUsingReflection(AopUtils.java:351)
	at org.springframework.aop.framework.ReflectiveMethodInvocation.invokeJoinpoint(ReflectiveMethodInvocation.java:196)
	at org.springframework.aop.framework.ReflectiveMethodInvocation.proceed(ReflectiveMethodInvocation.java:163)
	at org.springframework.aop.framework.CglibAopProxy$CglibMethodInvocation.proceed(CglibAopProxy.java:765)
	at org.springframework.transaction.interceptor.TransactionInterceptor$1.proceedWithInvocation(TransactionInterceptor.java:123)
	at org.springframework.transaction.interceptor.TransactionAspectSupport.invokeWithinTransaction(TransactionAspectSupport.java:385)
	at org.springframework.transaction.interceptor.TransactionInterceptor.invoke(TransactionInterceptor.java:119)
	at org.springframework.aop.framework.ReflectiveMethodInvocation.proceed(ReflectiveMethodInvocation.java:184)
	at org.springframework.aop.framework.CglibAopProxy$CglibMethodInvocation.proceed(CglibAopProxy.java:765)
	at org.springframework.aop.framework.CglibAopProxy$DynamicAdvisedInterceptor.intercept(CglibAopProxy.java:717)
	at com.musheng.business.document.service.impl.DocumentGenerateServiceImpl$$SpringCGLIB$$0.generateInvoices(<generated>)
	at com.musheng.business.document.controller.DocumentController.generateInvoices(DocumentController.java:119)
	at java.base/jdk.internal.reflect.NativeMethodAccessorImpl.invoke0(Native Method)
	at java.base/jdk.internal.reflect.NativeMethodAccessorImpl.invoke(NativeMethodAccessorImpl.java:77)
	at java.base/jdk.internal.reflect.DelegatingMethodAccessorImpl.invoke(DelegatingMethodAccessorImpl.java:43)
	at java.base/java.lang.reflect.Method.invoke(Method.java:569)
	at org.springframework.aop.support.AopUtils.invokeJoinpointUsingReflection(AopUtils.java:351)
	at org.springframework.aop.framework.ReflectiveMethodInvocation.invokeJoinpoint(ReflectiveMethodInvocation.java:196)
	at org.springframework.aop.framework.ReflectiveMethodInvocation.proceed(ReflectiveMethodInvocation.java:163)
	at org.springframework.aop.framework.CglibAopProxy$CglibMethodInvocation.proceed(CglibAopProxy.java:765)
	at org.springframework.aop.aspectj.MethodInvocationProceedingJoinPoint.proceed(MethodInvocationProceedingJoinPoint.java:89)
	at com.musheng.aop.RequestLogAspect.logAround(RequestLogAspect.java:99)
	at jdk.internal.reflect.GeneratedMethodAccessor126.invoke(Unknown Source)
	at java.base/jdk.internal.reflect.DelegatingMethodAccessorImpl.invoke(DelegatingMethodAccessorImpl.java:43)
	at java.base/java.lang.reflect.Method.invoke(Method.java:569)
	at org.springframework.aop.aspectj.AbstractAspectJAdvice.invokeAdviceMethodWithGivenArgs(AbstractAspectJAdvice.java:637)
	at org.springframework.aop.aspectj.AbstractAspectJAdvice.invokeAdviceMethod(AbstractAspectJAdvice.java:627)
	at org.springframework.aop.aspectj.AspectJAroundAdvice.invoke(AspectJAroundAdvice.java:71)
	at org.springframework.aop.framework.ReflectiveMethodInvocation.proceed(ReflectiveMethodInvocation.java:184)
	at org.springframework.aop.framework.CglibAopProxy$CglibMethodInvocation.proceed(CglibAopProxy.java:765)
	at org.springframework.aop.interceptor.ExposeInvocationInterceptor.invoke(ExposeInvocationInterceptor.java:97)
	at org.springframework.aop.framework.ReflectiveMethodInvocation.proceed(ReflectiveMethodInvocation.java:184)
	at org.springframework.aop.framework.CglibAopProxy$CglibMethodInvocation.proceed(CglibAopProxy.java:765)
	at org.springframework.aop.framework.CglibAopProxy$DynamicAdvisedInterceptor.intercept(CglibAopProxy.java:717)
	at com.musheng.business.document.controller.DocumentController$$SpringCGLIB$$0.generateInvoices(<generated>)
	at java.base/jdk.internal.reflect.NativeMethodAccessorImpl.invoke0(Native Method)
	at java.base/jdk.internal.reflect.NativeMethodAccessorImpl.invoke(NativeMethodAccessorImpl.java:77)
	at java.base/jdk.internal.reflect.DelegatingMethodAccessorImpl.invoke(DelegatingMethodAccessorImpl.java:43)
	at java.base/java.lang.reflect.Method.invoke(Method.java:569)
	at org.springframework.web.method.support.InvocableHandlerMethod.doInvoke(InvocableHandlerMethod.java:261)
	at org.springframework.web.method.support.InvocableHandlerMethod.invokeForRequest(InvocableHandlerMethod.java:189)
	at org.springframework.web.servlet.mvc.method.annotation.ServletInvocableHandlerMethod.invokeAndHandle(ServletInvocableHandlerMethod.java:118)
	at org.springframework.web.servlet.mvc.method.annotation.RequestMappingHandlerAdapter.invokeHandlerMethod(RequestMappingHandlerAdapter.java:917)
	at org.springframework.web.servlet.mvc.method.annotation.RequestMappingHandlerAdapter.handleInternal(RequestMappingHandlerAdapter.java:829)
	at org.springframework.web.servlet.mvc.method.AbstractHandlerMethodAdapter.handle(AbstractHandlerMethodAdapter.java:87)
	at org.springframework.web.servlet.DispatcherServlet.doDispatch(DispatcherServlet.java:1089)
	at org.springframework.web.servlet.DispatcherServlet.doService(DispatcherServlet.java:979)
	at org.springframework.web.servlet.FrameworkServlet.processRequest(FrameworkServlet.java:1014)
	at org.springframework.web.servlet.FrameworkServlet.doPost(FrameworkServlet.java:914)
	at jakarta.servlet.http.HttpServlet.service(HttpServlet.java:590)
	at org.springframework.web.servlet.FrameworkServlet.service(FrameworkServlet.java:885)
	at jakarta.servlet.http.HttpServlet.service(HttpServlet.java:658)
	at org.apache.catalina.core.ApplicationFilterChain.internalDoFilter(ApplicationFilterChain.java:205)
	at org.apache.catalina.core.ApplicationFilterChain.doFilter(ApplicationFilterChain.java:149)
	at org.apache.tomcat.websocket.server.WsFilter.doFilter(WsFilter.java:51)
	at org.apache.catalina.core.ApplicationFilterChain.internalDoFilter(ApplicationFilterChain.java:174)
	at org.apache.catalina.core.ApplicationFilterChain.doFilter(ApplicationFilterChain.java:149)
	at com.musheng.filter.TraceIdFilter.doFilterInternal(TraceIdFilter.java:61)
	at org.springframework.web.filter.OncePerRequestFilter.doFilter(OncePerRequestFilter.java:116)
	at org.apache.catalina.core.ApplicationFilterChain.internalDoFilter(ApplicationFilterChain.java:174)
	at org.apache.catalina.core.ApplicationFilterChain.doFilter(ApplicationFilterChain.java:149)
	at cn.dev33.satoken.filter.SaServletFilter.doFilter(SaServletFilter.java:150)
	at org.apache.catalina.core.ApplicationFilterChain.internalDoFilter(ApplicationFilterChain.java:174)
	at org.apache.catalina.core.ApplicationFilterChain.doFilter(ApplicationFilterChain.java:149)
	at org.springframework.web.filter.RequestContextFilter.doFilterInternal(RequestContextFilter.java:100)
	at org.springframework.web.filter.OncePerRequestFilter.doFilter(OncePerRequestFilter.java:116)
	at org.apache.catalina.core.ApplicationFilterChain.internalDoFilter(ApplicationFilterChain.java:174)
	at org.apache.catalina.core.ApplicationFilterChain.doFilter(ApplicationFilterChain.java:149)
	at cn.dev33.satoken.filter.SaPathCheckFilterForJakartaServlet.doFilter(SaPathCheckFilterForJakartaServlet.java:55)
	at org.apache.catalina.core.ApplicationFilterChain.internalDoFilter(ApplicationFilterChain.java:174)
	at org.apache.catalina.core.ApplicationFilterChain.doFilter(ApplicationFilterChain.java:149)
	at org.springframework.web.filter.FormContentFilter.doFilterInternal(FormContentFilter.java:93)
	at org.springframework.web.filter.OncePerRequestFilter.doFilter(OncePerRequestFilter.java:116)
	at org.apache.catalina.core.ApplicationFilterChain.internalDoFilter(ApplicationFilterChain.java:174)
	at org.apache.catalina.core.ApplicationFilterChain.doFilter(ApplicationFilterChain.java:149)
	at org.springframework.web.filter.CharacterEncodingFilter.doFilterInternal(CharacterEncodingFilter.java:201)
	at org.springframework.web.filter.OncePerRequestFilter.doFilter(OncePerRequestFilter.java:116)
	at org.apache.catalina.core.ApplicationFilterChain.internalDoFilter(ApplicationFilterChain.java:174)
	at org.apache.catalina.core.ApplicationFilterChain.doFilter(ApplicationFilterChain.java:149)
	at org.apache.catalina.core.StandardWrapperValve.invoke(StandardWrapperValve.java:167)
	at org.apache.catalina.core.StandardContextValve.invoke(StandardContextValve.java:90)
	at org.apache.catalina.authenticator.AuthenticatorBase.invoke(AuthenticatorBase.java:482)
	at org.apache.catalina.core.StandardHostValve.invoke(StandardHostValve.java:115)
	at org.apache.catalina.valves.ErrorReportValve.invoke(ErrorReportValve.java:93)
	at org.apache.catalina.core.StandardEngineValve.invoke(StandardEngineValve.java:74)
	at org.apache.catalina.connector.CoyoteAdapter.service(CoyoteAdapter.java:340)
	at org.apache.coyote.http11.Http11Processor.service(Http11Processor.java:391)
	at org.apache.coyote.AbstractProcessorLight.process(AbstractProcessorLight.java:63)
	at org.apache.coyote.AbstractProtocol$ConnectionHandler.process(AbstractProtocol.java:896)
	at org.apache.tomcat.util.net.NioEndpoint$SocketProcessor.doRun(NioEndpoint.java:1744)
	at org.apache.tomcat.util.net.SocketProcessorBase.run(SocketProcessorBase.java:52)
	at org.apache.tomcat.util.threads.ThreadPoolExecutor.runWorker(ThreadPoolExecutor.java:1191)
	at org.apache.tomcat.util.threads.ThreadPoolExecutor$Worker.run(ThreadPoolExecutor.java:659)
	at org.apache.tomcat.util.threads.TaskThread$WrappingRunnable.run(TaskThread.java:61)
	at java.base/java.lang.Thread.run(Thread.java:840)
2026-03-22 12:24:50.925 [http-nio-8888-exec-3] [4fbf0f20c33c459b] WARN  c.musheng.common.exception.GlobalExceptionHandler - 业务异常: 10004 - 站点 GBP 的交易方配置不存在，请先完成配置
2026-03-22 12:26:37.742 [main] [-] INFO  com.musheng.MushengApplication - Starting MushengApplication using Java 17.0.17 with PID 35584 (/Users/wanhua/project/慕声/musheng/musheng-tax-system/musheng-web/target/classes started by wanhua in /Users/wanhua/project/慕声/musheng/musheng-tax-system/musheng-web)
2026-03-22 12:26:37.744 [main] [-] INFO  com.musheng.MushengApplication - The following 1 profile is active: "dev"
2026-03-22 12:26:40.550 [main] [-] INFO  c.m.business.sales.parser.SalesDataParserFactory - 注册销售数据解析器: ERP -> ErpSettlementParser
2026-03-22 12:26:40.551 [main] [-] INFO  c.m.business.sales.parser.SalesDataParserFactory - 注册销售数据解析器: ORIGINAL -> AmazonOriginalParser
2026-03-22 12:26:40.803 [main] [-] INFO  com.musheng.system.config.SaTokenCacheConfig - ========================================
2026-03-22 12:26:40.804 [main] [-] INFO  com.musheng.system.config.SaTokenCacheConfig - Sa-Token 缓存模式: Caffeine (本地缓存)
2026-03-22 12:26:40.804 [main] [-] INFO  com.musheng.system.config.SaTokenCacheConfig - 适用于: 单机部署、内部系统
2026-03-22 12:26:40.804 [main] [-] INFO  com.musheng.system.config.SaTokenCacheConfig - 注意: 服务重启后登录状态会丢失
2026-03-22 12:26:40.804 [main] [-] INFO  com.musheng.system.config.SaTokenCacheConfig - ========================================
2026-03-22 12:26:40.805 [main] [-] INFO  com.musheng.system.config.SaTokenCaffeineDao - Sa-Token Caffeine 本地缓存初始化完成
2026-03-22 12:26:41.796 [main] [-] INFO  com.musheng.MushengApplication - Started MushengApplication in 4.81 seconds (process running for 5.156)
2026-03-22 12:27:36.159 [http-nio-8888-exec-8] [bccda24b43a14642] INFO  com.musheng.aop.RequestLogAspect - [请求开始] traceId=bccda24b43a14642 userId=未登录 POST /api/v1/auth/login ip=0:0:0:0:0:0:0:1 方法=AuthController.login 参数=[LoginRequest(username=admin, password=admin123), org.apache.catalina.connector.RequestFacade@2f383114]
2026-03-22 12:27:36.558 [http-nio-8888-exec-8] [bccda24b43a14642] WARN  com.musheng.system.service.impl.AuthServiceImpl - Login failed: wrong password - admin
2026-03-22 12:27:36.577 [http-nio-8888-exec-8] [bccda24b43a14642] ERROR com.musheng.aop.RequestLogAspect - [请求异常] traceId=bccda24b43a14642 POST /api/v1/auth/login 耗时=427ms 异常=用户名或密码错误
com.musheng.common.exception.BusinessException: 用户名或密码错误
	at com.musheng.system.service.impl.AuthServiceImpl.login(AuthServiceImpl.java:88)
	at java.base/jdk.internal.reflect.NativeMethodAccessorImpl.invoke0(Native Method)
	at java.base/jdk.internal.reflect.NativeMethodAccessorImpl.invoke(NativeMethodAccessorImpl.java:77)
	at java.base/jdk.internal.reflect.DelegatingMethodAccessorImpl.invoke(DelegatingMethodAccessorImpl.java:43)
	at java.base/java.lang.reflect.Method.invoke(Method.java:569)
	at org.springframework.aop.support.AopUtils.invokeJoinpointUsingReflection(AopUtils.java:351)
	at org.springframework.aop.framework.ReflectiveMethodInvocation.invokeJoinpoint(ReflectiveMethodInvocation.java:196)
	at org.springframework.aop.framework.ReflectiveMethodInvocation.proceed(ReflectiveMethodInvocation.java:163)
	at org.springframework.aop.framework.CglibAopProxy$CglibMethodInvocation.proceed(CglibAopProxy.java:765)
	at org.springframework.transaction.interceptor.TransactionInterceptor$1.proceedWithInvocation(TransactionInterceptor.java:123)
	at org.springframework.transaction.interceptor.TransactionAspectSupport.invokeWithinTransaction(TransactionAspectSupport.java:385)
	at org.springframework.transaction.interceptor.TransactionInterceptor.invoke(TransactionInterceptor.java:119)
	at org.springframework.aop.framework.ReflectiveMethodInvocation.proceed(ReflectiveMethodInvocation.java:184)
	at org.springframework.aop.framework.CglibAopProxy$CglibMethodInvocation.proceed(CglibAopProxy.java:765)
	at org.springframework.aop.framework.CglibAopProxy$DynamicAdvisedInterceptor.intercept(CglibAopProxy.java:717)
	at com.musheng.system.service.impl.AuthServiceImpl$$SpringCGLIB$$0.login(<generated>)
	at com.musheng.system.controller.AuthController.login(AuthController.java:34)
	at java.base/jdk.internal.reflect.NativeMethodAccessorImpl.invoke0(Native Method)
	at java.base/jdk.internal.reflect.NativeMethodAccessorImpl.invoke(NativeMethodAccessorImpl.java:77)
	at java.base/jdk.internal.reflect.DelegatingMethodAccessorImpl.invoke(DelegatingMethodAccessorImpl.java:43)
	at java.base/java.lang.reflect.Method.invoke(Method.java:569)
	at org.springframework.aop.support.AopUtils.invokeJoinpointUsingReflection(AopUtils.java:351)
	at org.springframework.aop.framework.ReflectiveMethodInvocation.invokeJoinpoint(ReflectiveMethodInvocation.java:196)
	at org.springframework.aop.framework.ReflectiveMethodInvocation.proceed(ReflectiveMethodInvocation.java:163)
	at org.springframework.aop.framework.CglibAopProxy$CglibMethodInvocation.proceed(CglibAopProxy.java:765)
	at org.springframework.aop.aspectj.MethodInvocationProceedingJoinPoint.proceed(MethodInvocationProceedingJoinPoint.java:89)
	at com.musheng.system.aspect.OperationLogAspect.around(OperationLogAspect.java:96)
	at java.base/jdk.internal.reflect.NativeMethodAccessorImpl.invoke0(Native Method)
	at java.base/jdk.internal.reflect.NativeMethodAccessorImpl.invoke(NativeMethodAccessorImpl.java:77)
	at java.base/jdk.internal.reflect.DelegatingMethodAccessorImpl.invoke(DelegatingMethodAccessorImpl.java:43)
	at java.base/java.lang.reflect.Method.invoke(Method.java:569)
	at org.springframework.aop.aspectj.AbstractAspectJAdvice.invokeAdviceMethodWithGivenArgs(AbstractAspectJAdvice.java:637)
	at org.springframework.aop.aspectj.AbstractAspectJAdvice.invokeAdviceMethod(AbstractAspectJAdvice.java:627)
	at org.springframework.aop.aspectj.AspectJAroundAdvice.invoke(AspectJAroundAdvice.java:71)
	at org.springframework.aop.framework.ReflectiveMethodInvocation.proceed(ReflectiveMethodInvocation.java:173)
	at org.springframework.aop.framework.CglibAopProxy$CglibMethodInvocation.proceed(CglibAopProxy.java:765)
	at org.springframework.aop.aspectj.MethodInvocationProceedingJoinPoint.proceed(MethodInvocationProceedingJoinPoint.java:89)
	at com.musheng.aop.RequestLogAspect.logAround(RequestLogAspect.java:99)
	at java.base/jdk.internal.reflect.NativeMethodAccessorImpl.invoke0(Native Method)
	at java.base/jdk.internal.reflect.NativeMethodAccessorImpl.invoke(NativeMethodAccessorImpl.java:77)
	at java.base/jdk.internal.reflect.DelegatingMethodAccessorImpl.invoke(DelegatingMethodAccessorImpl.java:43)
	at java.base/java.lang.reflect.Method.invoke(Method.java:569)
	at org.springframework.aop.aspectj.AbstractAspectJAdvice.invokeAdviceMethodWithGivenArgs(AbstractAspectJAdvice.java:637)
	at org.springframework.aop.aspectj.AbstractAspectJAdvice.invokeAdviceMethod(AbstractAspectJAdvice.java:627)
	at org.springframework.aop.aspectj.AspectJAroundAdvice.invoke(AspectJAroundAdvice.java:71)
	at org.springframework.aop.framework.ReflectiveMethodInvocation.proceed(ReflectiveMethodInvocation.java:184)
	at org.springframework.aop.framework.CglibAopProxy$CglibMethodInvocation.proceed(CglibAopProxy.java:765)
	at org.springframework.aop.interceptor.ExposeInvocationInterceptor.invoke(ExposeInvocationInterceptor.java:97)
	at org.springframework.aop.framework.ReflectiveMethodInvocation.proceed(ReflectiveMethodInvocation.java:184)
	at org.springframework.aop.framework.CglibAopProxy$CglibMethodInvocation.proceed(CglibAopProxy.java:765)
	at org.springframework.aop.framework.CglibAopProxy$DynamicAdvisedInterceptor.intercept(CglibAopProxy.java:717)
	at com.musheng.system.controller.AuthController$$SpringCGLIB$$0.login(<generated>)
	at java.base/jdk.internal.reflect.NativeMethodAccessorImpl.invoke0(Native Method)
	at java.base/jdk.internal.reflect.NativeMethodAccessorImpl.invoke(NativeMethodAccessorImpl.java:77)
	at java.base/jdk.internal.reflect.DelegatingMethodAccessorImpl.invoke(DelegatingMethodAccessorImpl.java:43)
	at java.base/java.lang.reflect.Method.invoke(Method.java:569)
	at org.springframework.web.method.support.InvocableHandlerMethod.doInvoke(InvocableHandlerMethod.java:261)
	at org.springframework.web.method.support.InvocableHandlerMethod.invokeForRequest(InvocableHandlerMethod.java:189)
	at org.springframework.web.servlet.mvc.method.annotation.ServletInvocableHandlerMethod.invokeAndHandle(ServletInvocableHandlerMethod.java:118)
	at org.springframework.web.servlet.mvc.method.annotation.RequestMappingHandlerAdapter.invokeHandlerMethod(RequestMappingHandlerAdapter.java:917)
	at org.springframework.web.servlet.mvc.method.annotation.RequestMappingHandlerAdapter.handleInternal(RequestMappingHandlerAdapter.java:829)
	at org.springframework.web.servlet.mvc.method.AbstractHandlerMethodAdapter.handle(AbstractHandlerMethodAdapter.java:87)
	at org.springframework.web.servlet.DispatcherServlet.doDispatch(DispatcherServlet.java:1089)
	at org.springframework.web.servlet.DispatcherServlet.doService(DispatcherServlet.java:979)
	at org.springframework.web.servlet.FrameworkServlet.processRequest(FrameworkServlet.java:1014)
	at org.springframework.web.servlet.FrameworkServlet.doPost(FrameworkServlet.java:914)
	at jakarta.servlet.http.HttpServlet.service(HttpServlet.java:590)
	at org.springframework.web.servlet.FrameworkServlet.service(FrameworkServlet.java:885)
	at jakarta.servlet.http.HttpServlet.service(HttpServlet.java:658)
	at org.apache.catalina.core.ApplicationFilterChain.internalDoFilter(ApplicationFilterChain.java:205)
	at org.apache.catalina.core.ApplicationFilterChain.doFilter(ApplicationFilterChain.java:149)
	at org.apache.tomcat.websocket.server.WsFilter.doFilter(WsFilter.java:51)
	at org.apache.catalina.core.ApplicationFilterChain.internalDoFilter(ApplicationFilterChain.java:174)
	at org.apache.catalina.core.ApplicationFilterChain.doFilter(ApplicationFilterChain.java:149)
	at com.musheng.filter.TraceIdFilter.doFilterInternal(TraceIdFilter.java:61)
	at org.springframework.web.filter.OncePerRequestFilter.doFilter(OncePerRequestFilter.java:116)
	at org.apache.catalina.core.ApplicationFilterChain.internalDoFilter(ApplicationFilterChain.java:174)
	at org.apache.catalina.core.ApplicationFilterChain.doFilter(ApplicationFilterChain.java:149)
	at cn.dev33.satoken.filter.SaServletFilter.doFilter(SaServletFilter.java:150)
	at org.apache.catalina.core.ApplicationFilterChain.internalDoFilter(ApplicationFilterChain.java:174)
	at org.apache.catalina.core.ApplicationFilterChain.doFilter(ApplicationFilterChain.java:149)
	at org.springframework.web.filter.RequestContextFilter.doFilterInternal(RequestContextFilter.java:100)
	at org.springframework.web.filter.OncePerRequestFilter.doFilter(OncePerRequestFilter.java:116)
	at org.apache.catalina.core.ApplicationFilterChain.internalDoFilter(ApplicationFilterChain.java:174)
	at org.apache.catalina.core.ApplicationFilterChain.doFilter(ApplicationFilterChain.java:149)
	at cn.dev33.satoken.filter.SaPathCheckFilterForJakartaServlet.doFilter(SaPathCheckFilterForJakartaServlet.java:55)
	at org.apache.catalina.core.ApplicationFilterChain.internalDoFilter(ApplicationFilterChain.java:174)
	at org.apache.catalina.core.ApplicationFilterChain.doFilter(ApplicationFilterChain.java:149)
	at org.springframework.web.filter.FormContentFilter.doFilterInternal(FormContentFilter.java:93)
	at org.springframework.web.filter.OncePerRequestFilter.doFilter(OncePerRequestFilter.java:116)
	at org.apache.catalina.core.ApplicationFilterChain.internalDoFilter(ApplicationFilterChain.java:174)
	at org.apache.catalina.core.ApplicationFilterChain.doFilter(ApplicationFilterChain.java:149)
	at org.springframework.web.filter.CharacterEncodingFilter.doFilterInternal(CharacterEncodingFilter.java:201)
	at org.springframework.web.filter.OncePerRequestFilter.doFilter(OncePerRequestFilter.java:116)
	at org.apache.catalina.core.ApplicationFilterChain.internalDoFilter(ApplicationFilterChain.java:174)
	at org.apache.catalina.core.ApplicationFilterChain.doFilter(ApplicationFilterChain.java:149)
	at org.apache.catalina.core.StandardWrapperValve.invoke(StandardWrapperValve.java:167)
	at org.apache.catalina.core.StandardContextValve.invoke(StandardContextValve.java:90)
	at org.apache.catalina.authenticator.AuthenticatorBase.invoke(AuthenticatorBase.java:482)
	at org.apache.catalina.core.StandardHostValve.invoke(StandardHostValve.java:115)
	at org.apache.catalina.valves.ErrorReportValve.invoke(ErrorReportValve.java:93)
	at org.apache.catalina.core.StandardEngineValve.invoke(StandardEngineValve.java:74)
	at org.apache.catalina.connector.CoyoteAdapter.service(CoyoteAdapter.java:340)
	at org.apache.coyote.http11.Http11Processor.service(Http11Processor.java:391)
	at org.apache.coyote.AbstractProcessorLight.process(AbstractProcessorLight.java:63)
	at org.apache.coyote.AbstractProtocol$ConnectionHandler.process(AbstractProtocol.java:896)
	at org.apache.tomcat.util.net.NioEndpoint$SocketProcessor.doRun(NioEndpoint.java:1744)
	at org.apache.tomcat.util.net.SocketProcessorBase.run(SocketProcessorBase.java:52)
	at org.apache.tomcat.util.threads.ThreadPoolExecutor.runWorker(ThreadPoolExecutor.java:1191)
	at org.apache.tomcat.util.threads.ThreadPoolExecutor$Worker.run(ThreadPoolExecutor.java:659)
	at org.apache.tomcat.util.threads.TaskThread$WrappingRunnable.run(TaskThread.java:61)
	at java.base/java.lang.Thread.run(Thread.java:840)
2026-03-22 12:27:36.583 [http-nio-8888-exec-8] [bccda24b43a14642] WARN  c.musheng.common.exception.GlobalExceptionHandler - 业务异常: 20003 - 用户名或密码错误
2026-03-22 12:27:42.287 [http-nio-8888-exec-9] [ba1b711eaf894c70] INFO  com.musheng.aop.RequestLogAspect - [请求开始] traceId=ba1b711eaf894c70 userId=未登录 POST /api/v1/auth/login ip=0:0:0:0:0:0:0:1 方法=AuthController.login 参数=[LoginRequest(username=admin, password=123456), org.apache.catalina.connector.RequestFacade@44422573]
2026-03-22 12:27:42.490 [http-nio-8888-exec-9] [ba1b711eaf894c70] INFO  com.musheng.system.service.impl.AuthServiceImpl - User logged in successfully: admin
2026-03-22 12:27:42.520 [http-nio-8888-exec-9] [ba1b711eaf894c70] INFO  com.musheng.aop.RequestLogAspect - [请求结束] traceId=ba1b711eaf894c70 POST /api/v1/auth/login 耗时=219ms 响应=Result(code=0, message=success, data=LoginResponse(token=2dfe6fe8-57fa-4aef-b3f4-489408c4c4a6, tokenType=Bearer, expiresIn=86400, userInfo=LoginResponse.UserInfo(id=1, username=admin, realName=System Administrator, role=admin, roleCode=admin, roleName=Administrator, avatar=null, email=null, phone=null, status=1, createTime=2026-01-19T20:38:39, lastLoginTime=2026-03-22T12:27:42.368800), permissions=[*]), timestamp=1774153662493, requestId=null)
2026-03-22 12:27:50.804 [http-nio-8888-exec-10] [6831c9839bfb49e7] INFO  com.musheng.aop.RequestLogAspect - [请求开始] traceId=6831c9839bfb49e7 userId=1 POST /api/v1/business/document/inv/generate ip=0:0:0:0:0:0:0:1 方法=DocumentController.generateInvoices 参数=[[869, 870, 871]]
2026-03-22 12:27:50.805 [http-nio-8888-exec-10] [6831c9839bfb49e7] INFO  c.m.b.document.controller.DocumentController - 生成INV发票，结算单数量: 3
2026-03-22 12:27:50.807 [http-nio-8888-exec-10] [6831c9839bfb49e7] INFO  c.m.b.d.service.impl.DocumentGenerateServiceImpl - 开始生成INV发票，结算单ID数量: 3
2026-03-22 12:27:51.050 [http-nio-8888-exec-10] [6831c9839bfb49e7] ERROR com.musheng.aop.RequestLogAspect - [请求异常] traceId=6831c9839bfb49e7 POST /api/v1/business/document/inv/generate 耗时=247ms 异常=站点 GBP 的交易方配置不存在，请先完成配置
com.musheng.common.exception.BusinessException: 站点 GBP 的交易方配置不存在，请先完成配置
	at com.musheng.business.document.service.impl.DocumentPartyConfigServiceImpl.getBySiteCode(DocumentPartyConfigServiceImpl.java:125)
	at com.musheng.business.document.service.impl.DocumentGenerateServiceImpl.generateInvoices(DocumentGenerateServiceImpl.java:340)
	at java.base/jdk.internal.reflect.NativeMethodAccessorImpl.invoke0(Native Method)
	at java.base/jdk.internal.reflect.NativeMethodAccessorImpl.invoke(NativeMethodAccessorImpl.java:77)
	at java.base/jdk.internal.reflect.DelegatingMethodAccessorImpl.invoke(DelegatingMethodAccessorImpl.java:43)
	at java.base/java.lang.reflect.Method.invoke(Method.java:569)
	at org.springframework.aop.support.AopUtils.invokeJoinpointUsingReflection(AopUtils.java:351)
	at org.springframework.aop.framework.ReflectiveMethodInvocation.invokeJoinpoint(ReflectiveMethodInvocation.java:196)
	at org.springframework.aop.framework.ReflectiveMethodInvocation.proceed(ReflectiveMethodInvocation.java:163)
	at org.springframework.aop.framework.CglibAopProxy$CglibMethodInvocation.proceed(CglibAopProxy.java:765)
	at org.springframework.transaction.interceptor.TransactionInterceptor$1.proceedWithInvocation(TransactionInterceptor.java:123)
	at org.springframework.transaction.interceptor.TransactionAspectSupport.invokeWithinTransaction(TransactionAspectSupport.java:385)
	at org.springframework.transaction.interceptor.TransactionInterceptor.invoke(TransactionInterceptor.java:119)
	at org.springframework.aop.framework.ReflectiveMethodInvocation.proceed(ReflectiveMethodInvocation.java:184)
	at org.springframework.aop.framework.CglibAopProxy$CglibMethodInvocation.proceed(CglibAopProxy.java:765)
	at org.springframework.aop.framework.CglibAopProxy$DynamicAdvisedInterceptor.intercept(CglibAopProxy.java:717)
	at com.musheng.business.document.service.impl.DocumentGenerateServiceImpl$$SpringCGLIB$$0.generateInvoices(<generated>)
	at com.musheng.business.document.controller.DocumentController.generateInvoices(DocumentController.java:119)
	at java.base/jdk.internal.reflect.NativeMethodAccessorImpl.invoke0(Native Method)
	at java.base/jdk.internal.reflect.NativeMethodAccessorImpl.invoke(NativeMethodAccessorImpl.java:77)
	at java.base/jdk.internal.reflect.DelegatingMethodAccessorImpl.invoke(DelegatingMethodAccessorImpl.java:43)
	at java.base/java.lang.reflect.Method.invoke(Method.java:569)
	at org.springframework.aop.support.AopUtils.invokeJoinpointUsingReflection(AopUtils.java:351)
	at org.springframework.aop.framework.ReflectiveMethodInvocation.invokeJoinpoint(ReflectiveMethodInvocation.java:196)
	at org.springframework.aop.framework.ReflectiveMethodInvocation.proceed(ReflectiveMethodInvocation.java:163)
	at org.springframework.aop.framework.CglibAopProxy$CglibMethodInvocation.proceed(CglibAopProxy.java:765)
	at org.springframework.aop.aspectj.MethodInvocationProceedingJoinPoint.proceed(MethodInvocationProceedingJoinPoint.java:89)
	at com.musheng.aop.RequestLogAspect.logAround(RequestLogAspect.java:99)
	at java.base/jdk.internal.reflect.NativeMethodAccessorImpl.invoke0(Native Method)
	at java.base/jdk.internal.reflect.NativeMethodAccessorImpl.invoke(NativeMethodAccessorImpl.java:77)
	at java.base/jdk.internal.reflect.DelegatingMethodAccessorImpl.invoke(DelegatingMethodAccessorImpl.java:43)
	at java.base/java.lang.reflect.Method.invoke(Method.java:569)
	at org.springframework.aop.aspectj.AbstractAspectJAdvice.invokeAdviceMethodWithGivenArgs(AbstractAspectJAdvice.java:637)
	at org.springframework.aop.aspectj.AbstractAspectJAdvice.invokeAdviceMethod(AbstractAspectJAdvice.java:627)
	at org.springframework.aop.aspectj.AspectJAroundAdvice.invoke(AspectJAroundAdvice.java:71)
	at org.springframework.aop.framework.ReflectiveMethodInvocation.proceed(ReflectiveMethodInvocation.java:184)
	at org.springframework.aop.framework.CglibAopProxy$CglibMethodInvocation.proceed(CglibAopProxy.java:765)
	at org.springframework.aop.interceptor.ExposeInvocationInterceptor.invoke(ExposeInvocationInterceptor.java:97)
	at org.springframework.aop.framework.ReflectiveMethodInvocation.proceed(ReflectiveMethodInvocation.java:184)
	at org.springframework.aop.framework.CglibAopProxy$CglibMethodInvocation.proceed(CglibAopProxy.java:765)
	at org.springframework.aop.framework.CglibAopProxy$DynamicAdvisedInterceptor.intercept(CglibAopProxy.java:717)
	at com.musheng.business.document.controller.DocumentController$$SpringCGLIB$$0.generateInvoices(<generated>)
	at java.base/jdk.internal.reflect.NativeMethodAccessorImpl.invoke0(Native Method)
	at java.base/jdk.internal.reflect.NativeMethodAccessorImpl.invoke(NativeMethodAccessorImpl.java:77)
	at java.base/jdk.internal.reflect.DelegatingMethodAccessorImpl.invoke(DelegatingMethodAccessorImpl.java:43)
	at java.base/java.lang.reflect.Method.invoke(Method.java:569)
	at org.springframework.web.method.support.InvocableHandlerMethod.doInvoke(InvocableHandlerMethod.java:261)
	at org.springframework.web.method.support.InvocableHandlerMethod.invokeForRequest(InvocableHandlerMethod.java:189)
	at org.springframework.web.servlet.mvc.method.annotation.ServletInvocableHandlerMethod.invokeAndHandle(ServletInvocableHandlerMethod.java:118)
	at org.springframework.web.servlet.mvc.method.annotation.RequestMappingHandlerAdapter.invokeHandlerMethod(RequestMappingHandlerAdapter.java:917)
	at org.springframework.web.servlet.mvc.method.annotation.RequestMappingHandlerAdapter.handleInternal(RequestMappingHandlerAdapter.java:829)
	at org.springframework.web.servlet.mvc.method.AbstractHandlerMethodAdapter.handle(AbstractHandlerMethodAdapter.java:87)
	at org.springframework.web.servlet.DispatcherServlet.doDispatch(DispatcherServlet.java:1089)
	at org.springframework.web.servlet.DispatcherServlet.doService(DispatcherServlet.java:979)
	at org.springframework.web.servlet.FrameworkServlet.processRequest(FrameworkServlet.java:1014)
	at org.springframework.web.servlet.FrameworkServlet.doPost(FrameworkServlet.java:914)
	at jakarta.servlet.http.HttpServlet.service(HttpServlet.java:590)
	at org.springframework.web.servlet.FrameworkServlet.service(FrameworkServlet.java:885)
	at jakarta.servlet.http.HttpServlet.service(HttpServlet.java:658)
	at org.apache.catalina.core.ApplicationFilterChain.internalDoFilter(ApplicationFilterChain.java:205)
	at org.apache.catalina.core.ApplicationFilterChain.doFilter(ApplicationFilterChain.java:149)
	at org.apache.tomcat.websocket.server.WsFilter.doFilter(WsFilter.java:51)
	at org.apache.catalina.core.ApplicationFilterChain.internalDoFilter(ApplicationFilterChain.java:174)
	at org.apache.catalina.core.ApplicationFilterChain.doFilter(ApplicationFilterChain.java:149)
	at com.musheng.filter.TraceIdFilter.doFilterInternal(TraceIdFilter.java:61)
	at org.springframework.web.filter.OncePerRequestFilter.doFilter(OncePerRequestFilter.java:116)
	at org.apache.catalina.core.ApplicationFilterChain.internalDoFilter(ApplicationFilterChain.java:174)
	at org.apache.catalina.core.ApplicationFilterChain.doFilter(ApplicationFilterChain.java:149)
	at cn.dev33.satoken.filter.SaServletFilter.doFilter(SaServletFilter.java:150)
	at org.apache.catalina.core.ApplicationFilterChain.internalDoFilter(ApplicationFilterChain.java:174)
	at org.apache.catalina.core.ApplicationFilterChain.doFilter(ApplicationFilterChain.java:149)
	at org.springframework.web.filter.RequestContextFilter.doFilterInternal(RequestContextFilter.java:100)
	at org.springframework.web.filter.OncePerRequestFilter.doFilter(OncePerRequestFilter.java:116)
	at org.apache.catalina.core.ApplicationFilterChain.internalDoFilter(ApplicationFilterChain.java:174)
	at org.apache.catalina.core.ApplicationFilterChain.doFilter(ApplicationFilterChain.java:149)
	at cn.dev33.satoken.filter.SaPathCheckFilterForJakartaServlet.doFilter(SaPathCheckFilterForJakartaServlet.java:55)
	at org.apache.catalina.core.ApplicationFilterChain.internalDoFilter(ApplicationFilterChain.java:174)
	at org.apache.catalina.core.ApplicationFilterChain.doFilter(ApplicationFilterChain.java:149)
	at org.springframework.web.filter.FormContentFilter.doFilterInternal(FormContentFilter.java:93)
	at org.springframework.web.filter.OncePerRequestFilter.doFilter(OncePerRequestFilter.java:116)
	at org.apache.catalina.core.ApplicationFilterChain.internalDoFilter(ApplicationFilterChain.java:174)
	at org.apache.catalina.core.ApplicationFilterChain.doFilter(ApplicationFilterChain.java:149)
	at org.springframework.web.filter.CharacterEncodingFilter.doFilterInternal(CharacterEncodingFilter.java:201)
	at org.springframework.web.filter.OncePerRequestFilter.doFilter(OncePerRequestFilter.java:116)
	at org.apache.catalina.core.ApplicationFilterChain.internalDoFilter(ApplicationFilterChain.java:174)
	at org.apache.catalina.core.ApplicationFilterChain.doFilter(ApplicationFilterChain.java:149)
	at org.apache.catalina.core.StandardWrapperValve.invoke(StandardWrapperValve.java:167)
	at org.apache.catalina.core.StandardContextValve.invoke(StandardContextValve.java:90)
	at org.apache.catalina.authenticator.AuthenticatorBase.invoke(AuthenticatorBase.java:482)
	at org.apache.catalina.core.StandardHostValve.invoke(StandardHostValve.java:115)
	at org.apache.catalina.valves.ErrorReportValve.invoke(ErrorReportValve.java:93)
	at org.apache.catalina.core.StandardEngineValve.invoke(StandardEngineValve.java:74)
	at org.apache.catalina.connector.CoyoteAdapter.service(CoyoteAdapter.java:340)
	at org.apache.coyote.http11.Http11Processor.service(Http11Processor.java:391)
	at org.apache.coyote.AbstractProcessorLight.process(AbstractProcessorLight.java:63)
	at org.apache.coyote.AbstractProtocol$ConnectionHandler.process(AbstractProtocol.java:896)
	at org.apache.tomcat.util.net.NioEndpoint$SocketProcessor.doRun(NioEndpoint.java:1744)
	at org.apache.tomcat.util.net.SocketProcessorBase.run(SocketProcessorBase.java:52)
	at org.apache.tomcat.util.threads.ThreadPoolExecutor.runWorker(ThreadPoolExecutor.java:1191)
	at org.apache.tomcat.util.threads.ThreadPoolExecutor$Worker.run(ThreadPoolExecutor.java:659)
	at org.apache.tomcat.util.threads.TaskThread$WrappingRunnable.run(TaskThread.java:61)
	at java.base/java.lang.Thread.run(Thread.java:840)
2026-03-22 12:27:51.059 [http-nio-8888-exec-10] [6831c9839bfb49e7] WARN  c.musheng.common.exception.GlobalExceptionHandler - 业务异常: 10004 - 站点 GBP 的交易方配置不存在，请先完成配置
