"Includes Amazon Marketplace, Fulfillment by Amazon (FBA), and Amazon Webstore transactions"
"All amounts in CAD, unless specified"
"Definitions:"
"Sales tax collected: Includes sales tax collected from buyers for product sales, shipping, and gift wrap."
"Selling fees: Includes variable closing fees and referral fees."
"Other transaction fees: Includes shipping chargebacks and shipping holdbacks."
"Other: Includes non-order transaction amounts. For more details, see the ""Type"" and ""Description"" columns for each order ID."
"date/time","settlement id","type","order id","sku","description","quantity","marketplace","fulfillment","order city","order state","order postal","tax collection model","product sales","product sales tax","shipping credits","shipping credits tax","gift wrap credits","gift wrap credits tax","Regulatory fee","Tax on regulatory fee","promotional rebates","promotional rebates tax","marketplace withheld tax","selling fees","fba fees","other transaction fees","other","total"
"Jul 1, 2025 1:28:33 a.m. PDT","23897088291","Order","701-0660186-4940231","WNCA-D33-5-3","Lusait Wireless Strapless Bra for Women Silicone Removable Padded Bra Comfort Bandeau Tube Top Bra Beige M","1","amazon.ca","Amazon","Surrey","British Columbia","V3X 2K","Combined TCS+MTC","19.99","2.40","0","0","0","0","0","0","0","0","-2.40","-2.00","-7.20","-0.04","0","10.75"
"Jul 1, 2025 2:11:33 a.m. PDT","23897088291","Order","701-1969049-5864261","WNCA-D33-7-4","Lusait Wireless Strapless Bra for Women Silicone Removable Padded Bra Comfort Bandeau Tube Top Bra Brown L","1","amazon.ca","Amazon","Nipawin","Saskatchewan","S0E 1E","Combined TCS+MTC","19.99","2.20","0","0","0","0","0","0","0","0","-2.20","-2.00","-6.73","-0.04","0","11.22"
"Jul 1, 2025 2:18:40 a.m. PDT","23897088291","Order","702-7845558-4945031","WNCA-D33-25-2","Lusait Wireless Strapless Bra for Women Silicone Removable Padded Bra Comfort Bandeau Tube Top Bra Black+Beige S","1","amazon.ca","Amazon","Ottawa","Ontario","K1K 0N","Combined TCS+MTC","32.99","4.29","0","0","0","0","0","0","0","0","-4.29","-5.61","-6.73","-0.11","0","20.54"
"Jul 1, 2025 2:54:01 a.m. PDT","23897088291","Order","701-8638962-2693802","WNCA-D33-25-2","Lusait Wireless Strapless Bra for Women Silicone Removable Padded Bra Comfort Bandeau Tube Top Bra Black+Beige S","1","amazon.ca","Amazon","Clinton","Ontario","N0M 1L","Combined TCS+MTC","32.99","4.29","0","0","0","0","0","0","0","0","-4.29","-5.61","-6.73","-0.11","0","20.54"
"Jul 1, 2025 3:28:21 a.m. PDT","23897088291","Order","702-8753963-5009063","WNCA-D33-5-3","Lusait Wireless Strapless Bra for Women Silicone Removable Padded Bra Comfort Bandeau Tube Top Bra Beige M","1","amazon.ca","Amazon","Toronto","Ontario","M6S 3W","Combined TCS+MTC","19.99","2.60","0","0","0","0","0","0","0","0","-2.60","-2.00","-6.73","-0.04","0","11.22"
"Jul 1, 2025 4:29:40 a.m. PDT","23897088291","Order","702-8600211-1407462","WNCA-D33-5-5","Lusait Wireless Strapless Bra for Women Silicone Removable Padded Bra Comfort Bandeau Tube Top Bra Beige XL","1","amazon.ca","Amazon","Newcastle","Ontario","L1B 1B","Combined TCS+MTC","19.99","2.60","0","0","0","0","0","0","0","0","-2.60","-2.00","-6.73","-0.04","0","11.22"
"Jul 1, 2025 7:02:10 a.m. PDT","23897088291","Order","702-4766945-0951466","WNCA-D33-5-5","Lusait Wireless Strapless Bra for Women Silicone Removable Padded Bra Comfort Bandeau Tube Top Bra Beige XL","1","amazon.ca","Amazon","Calgary","Alberta","T2N 2C","Combined TCS+MTC","19.99","1.00","0","0","0","0","0","0","0","0","-1.00","-2.00","-6.73","-0.04","0","11.22"
"Jul 1, 2025 8:00:04 a.m. PDT","23897088291","Adjustment","702-8943974-6488214","WNCA-D33-5-3","FBA Inventory Reimbursement - Customer Return","1","","","","","","","0","0","0","0","0","0","0","0","0","0","0","0","0","0","11.26","11.26"
"Jul 1, 2025 8:57:26 a.m. PDT","23897088291","FBA Inventory Fee","701-0539584-2706614","","Fulfilment by Amazon removal order: disposal fee","","Amazon.ca","","","","","","0","0","0","0","0","0","0","0","0","0","0","0","0","0","-0.36","-0.36"
"Jul 1, 2025 1:27:16 p.m. PDT","23897088291","Fulfilment by Amazon customer return fee","702-0229317-9452269","X003R2GKW1","FBA Customer Return Per Unit Fee (Clothing & Shoes)","","Amazon.ca","","","","","","0","0","0","0","0","0","0","0","0","0","0","0","-4.92","0","0","-4.92"
"Jul 1, 2025 3:09:33 p.m. PDT","23897088291","Fulfilment by Amazon customer return fee","702-4985693-3309064","X004308G2D","FBA Customer Return Per Unit Fee (Clothing & Shoes)","","Amazon.ca","","","","","","0","0","0","0","0","0","0","0","0","0","0","0","-4.57","0","0","-4.57"
"Jul 1, 2025 5:20:04 p.m. PDT","23897088291","Order","701-5194887-7506629","WNCA-D33-5-6","Lusait Wireless Strapless Bra for Women Silicone Removable Padded Bra Comfort Bandeau Tube Top Bra Beige 2XL","1","amazon.ca","Amazon","Belmont","Ontario","N0L 1B","Combined TCS+MTC","19.99","2.60","0","0","0","0","0","0","0","0","-2.60","-2.00","-6.73","-0.04","0","11.22"
"Jul 1, 2025 5:48:43 p.m. PDT","23897088291","Order","701-0821046-1689020","WNCA-D33-5-2","Lusait Wireless Strapless Bra for Women Silicone Removable Padded Bra Comfort Bandeau Tube Top Bra Beige S","1","amazon.ca","Amazon","Rimbey","Alberta","T0C 2J","Combined TCS+MTC","19.99","1.00","0","0","0","0","0","0","0","0","-1.00","-2.00","-6.83","-0.04","0","11.12"
"Jul 1, 2025 7:59:08 p.m. PDT","23897088291","Order","701-6636114-6193061","WNCA-D33-25-5","Lusait Wireless Strapless Bra for Women Silicone Removable Padded Bra Comfort Bandeau Tube Top Bra Black+Beige XL","1","amazon.ca","Amazon","Ottawa","Ontario","K1Y 2C","Combined TCS+MTC","32.99","4.29","0","0","0","0","0","0","0","0","-4.29","-5.61","-7.40","-0.11","0","19.87"
"Jul 1, 2025 9:05:07 p.m. PDT","23897088291","Order","701-0596138-6629823","WNCA-D33-5-3","Lusait Wireless Strapless Bra for Women Silicone Removable Padded Bra Comfort Bandeau Tube Top Bra Beige M","1","amazon.ca","Amazon","Markham","Ontario","L3P 3E","Combined TCS+MTC","19.99","2.60","0","0","0","0","0","0","0","0","-2.60","-2.00","-6.73","-0.04","0","11.22"
"Jul 2, 2025 12:11:27 a.m. PDT","23897088291","Refund","702-4985693-3309064","WNCA-D33-6-6","Lusait Wireless Strapless Bra for Women Silicone Removable Padded Bra Comfort Bandeau Tube Top Bra White 2XL","1","amazon.ca","Amazon","Strathmore","Alberta","T1P 1E","Combined TCS+MTC","-19.99","-1.00","0","0","0","0","0","0","0","0","1.00","1.60","0","0.04","0","-18.35"
"Jul 2, 2025 12:21:20 a.m. PDT","23897088291","Order","701-8752550-4475445","WNCA-D33-5-4","Lusait Wireless Strapless Bra for Women Silicone Removable Padded Bra Comfort Bandeau Tube Top Bra Beige L","1","amazon.ca","Amazon","Port Coquitlam","British Columbia","V3C 5Z","Combined TCS+MTC","19.99","2.40","0","0","0","0","0","0","0","0","-2.40","-2.00","-6.73","-0.04","0","11.22"
"Jul 2, 2025 1:02:47 a.m. PDT","23897088291","Refund","702-4966451-4399400","WNCA-D33-22-3","Lusait Wireless Strapless Bra for Women Silicone Removable Padded Bra Comfort Bandeau Tube Top Bra Black+Black M","1","amazon.ca","Amazon","Toronto","Ontario","M5M 3C","Combined TCS+MTC","-19.99","-2.60","0","0","0","0","0","0","0","0","2.60","1.60","0","0.04","0","-18.35"
"Jul 2, 2025 1:07:48 a.m. PDT","23897088291","Refund","702-5609515-9549861","WNCA-D33-25-3","Lusait Wireless Strapless Bra for Women Silicone Removable Padded Bra Comfort Bandeau Tube Top Bra Black+Beige M","1","amazon.ca","Amazon","Alliston","Ontario","L9R 1S","Combined TCS+MTC","-32.99","-4.29","0","0","0","0","0","0","0","0","4.29","4.49","0","0.11","0","-28.39"
"Jul 2, 2025 1:48:16 a.m. PDT","23897088291","Order","702-4966451-4399400","WNCA-D33-22-3","Lusait Wireless Strapless Bra for Women Silicone Removable Padded Bra Comfort Bandeau Tube Top Bra Black+Black M","1","amazon.ca","Amazon","Toronto","Ontario","M5M 3C","Combined TCS+MTC","19.99","2.60","0","0","0","0","0","0","0","0","-2.60","-2.00","-6.73","-0.04","0","11.22"
"Jul 2, 2025 1:51:21 a.m. PDT","23897088291","Order","701-0553602-8510609","WNCA-D33-5-4","Lusait Wireless Strapless Bra for Women Silicone Removable Padded Bra Comfort Bandeau Tube Top Bra Beige L","1","amazon.ca","Amazon","Mount Elgin","Ontario","N0J1N","Combined TCS+MTC","19.99","2.60","0","0","0","0","0","0","0","0","-2.60","-2.00","-6.73","-0.04","0","11.22"
"Jul 2, 2025 3:11:21 a.m. PDT","23897088291","Order","702-4985693-3309064","WNCA-D33-6-6","Lusait Wireless Strapless Bra for Women Silicone Removable Padded Bra Comfort Bandeau Tube Top Bra White 2XL","1","amazon.ca","Amazon","Strathmore","Alberta","T1P 1E","Combined TCS+MTC","19.99","1.00","0","0","0","0","0","0","0","0","-1.00","-2.00","-7.20","-0.04","0","10.75"
"Jul 2, 2025 3:57:03 a.m. PDT","23897088291","Order","702-5609515-9549861","WNCA-D33-25-3","Lusait Wireless Strapless Bra for Women Silicone Removable Padded Bra Comfort Bandeau Tube Top Bra Black+Beige M","1","amazon.ca","Amazon","Alliston","Ontario","L9R 1S","Combined TCS+MTC","32.99","4.29","0","0","0","0","0","0","0","0","-4.29","-5.61","-6.73","-0.11","0","20.54"
"Jul 2, 2025 4:30:42 a.m. PDT","23897088291","Order","702-8896420-2497802","WNCA-D33-22-2","Lusait Wireless Strapless Bra for Women Silicone Removable Padded Bra Comfort Bandeau Tube Top Bra Black+Black S","1","amazon.ca","Amazon","Airdrie","Alberta","T4B 0N","Combined TCS+MTC","19.99","1.00","0","0","0","0","0","0","0","0","-1.00","-2.00","-6.73","-0.04","0","11.22"
"Jul 2, 2025 5:12:31 a.m. PDT","23897088291","Fulfilment by Amazon customer return fee","701-2759833-5077061","X003R2BVSJ","FBA Customer Return Per Unit Fee (Clothing & Shoes)","","Amazon.ca","","","","","","0","0","0","0","0","0","0","0","0","0","0","0","-4.92","0","0","-4.92"
"Jul 2, 2025 6:35:15 a.m. PDT","23897088291","Order","702-9557407-9785020","WNCA-D33-5-6","Lusait Wireless Strapless Bra for Women Silicone Removable Padded Bra Comfort Bandeau Tube Top Bra Beige 2XL","1","amazon.ca","Amazon","Belle River","Ontario","N0R 1A","Combined TCS+MTC","19.99","2.60","0","0","0","0","0","0","0","0","-2.60","-2.00","-6.73","-0.04","0","11.22"
"Jul 2, 2025 12:29:38 p.m. PDT","23897088291","Fulfilment by Amazon customer return fee","701-4868013-1533000","X003R2BVSJ","FBA Customer Return Per Unit Fee (Clothing & Shoes)","","Amazon.ca","","","","","","0","0","0","0","0","0","0","0","0","0","0","0","-4.92","0","0","-4.92"
"Jul 2, 2025 5:40:36 p.m. PDT","23897088291","Refund","702-0419297-7607436","WNCA-D33-6-2","Lusait Wireless Strapless Bra for Women Silicone Removable Padded Bra Comfort Bandeau Tube Top Bra White S","1","amazon.ca","Amazon","QUYON","QC","J0X2V","Combined TCS+MTC","-19.99","-2.99","0","0","0","0","0","0","0","0","2.99","1.60","0","0.04","0","-18.35"
"Jul 2, 2025 5:40:36 p.m. PDT","23897088291","Refund","702-0419297-7607436","WNCA-D33-6-5","Lusait Wireless Strapless Bra for Women Silicone Removable Padded Bra Comfort Bandeau Tube Top Bra White XL","1","amazon.ca","Amazon","QUYON","QC","J0X2V","Combined TCS+MTC","-19.99","-2.99","0","0","0","0","0","0","0","0","2.99","1.60","0","0.04","0","-18.35"
"Jul 2, 2025 6:14:03 p.m. PDT","23897088291","Refund","702-8604122-8109832","WNCA-D33-22-4","Lusait Wireless Strapless Bra for Women Silicone Removable Padded Bra Comfort Bandeau Tube Top Bra Black+Black L","1","amazon.ca","Amazon","Donnacona","Quebec","G3M 1R","Combined TCS+MTC","-19.99","-2.99","0","0","0","0","0","0","0","0","2.99","1.60","0","0.04","0","-18.35"
"Jul 3, 2025 12:03:01 a.m. PDT","23897088291","Order","702-7638118-8005032","WNCA-D33-6-5","Lusait Wireless Strapless Bra for Women Silicone Removable Padded Bra Comfort Bandeau Tube Top Bra White XL","1","amazon.ca","Amazon","Toronto","Ontario","M4M 3E","Combined TCS+MTC","19.99","2.60","0","0","0","0","0","0","0","0","-2.60","-2.00","-6.73","-0.04","0","11.22"
"Jul 3, 2025 12:29:38 a.m. PDT","23897088291","Order","701-0441818-6822602","WNCA-D33-5-3","Lusait Wireless Strapless Bra for Women Silicone Removable Padded Bra Comfort Bandeau Tube Top Bra Beige M","1","amazon.ca","Amazon","Vancouver","British Columbia","V6E 1V","Combined TCS+MTC","19.99","2.40","0","0","0","0","0","0","0","0","-2.40","-2.00","-7.20","-0.04","0","10.75"
"Jul 3, 2025 4:06:14 a.m. PDT","23897088291","Order","702-2197250-8525818","WNCA-D33-2-3","Lusait Wireless Strapless Bra for Women Silicone Removable Padded Bra Comfort Bandeau Tube Top Bra Black M","1","amazon.ca","Amazon","Innisfil","Ontario","L9S 1E","Combined TCS+MTC","19.99","2.60","0","0","0","0","0","0","0","0","-2.60","-2.00","-6.73","-0.04","0","11.22"
"Jul 3, 2025 4:42:21 a.m. PDT","23897088291","Order","702-3762067-6613856","WNCA-D33-5-3","Lusait Wireless Strapless Bra for Women Silicone Removable Padded Bra Comfort Bandeau Tube Top Bra Beige M","1","amazon.ca","Amazon","Edmonton","Alberta","T6R 0L","Combined TCS+MTC","19.99","1.00","0","0","0","0","0","0","0","0","-1.00","-2.00","-6.73","-0.04","0","11.22"
"Jul 3, 2025 5:39:47 a.m. PDT","23897088291","Order","702-6189169-9741847","WNCA-D33-5-3","Lusait Wireless Strapless Bra for Women Silicone Removable Padded Bra Comfort Bandeau Tube Top Bra Beige M","1","amazon.ca","Amazon","Richmond","British Columbia","V6V 3C","Combined TCS+MTC","19.99","2.40","0","0","0","0","0","0","0","0","-2.40","-2.00","-7.20","-0.04","0","10.75"
"Jul 3, 2025 6:30:34 a.m. PDT","23897088291","Order","702-8322408-0513812","WNCA-D33-6-5","Lusait Wireless Strapless Bra for Women Silicone Removable Padded Bra Comfort Bandeau Tube Top Bra White XL","1","amazon.ca","Amazon","Beamsville","Ontario","L3J 0G","Combined TCS+MTC","19.99","2.60","0","0","0","0","0","0","0","0","-2.60","-2.00","-6.73","-0.04","0","11.22"
"Jul 3, 2025 6:53:40 a.m. PDT","23897088291","Refund","702-3762067-6613856","WNCA-D33-5-3","Lusait Wireless Strapless Bra for Women Silicone Removable Padded Bra Comfort Bandeau Tube Top Bra Beige M","1","amazon.ca","Amazon","Edmonton","Alberta","T6R 0L","Combined TCS+MTC","-19.99","-1.00","0","0","0","0","0","0","0","0","1.00","1.60","0","0.04","0","-18.35"
"Jul 3, 2025 7:51:19 a.m. PDT","23897088291","Order","701-2630323-8337868","WNCA-D33-5-6","Lusait Wireless Strapless Bra for Women Silicone Removable Padded Bra Comfort Bandeau Tube Top Bra Beige 2XL","1","amazon.ca","Amazon","St Catharines","Ontario","L2T 3W","Combined TCS+MTC","19.99","2.60","0","0","0","0","0","0","0","0","-2.60","-2.00","-6.73","-0.04","0","11.22"
"Jul 3, 2025 7:51:25 a.m. PDT","23897088291","Order","702-0810734-5787432","WNCA-D33-2-6","Lusait Wireless Strapless Bra for Women Silicone Removable Padded Bra Comfort Bandeau Tube Top Bra Black 2XL","1","amazon.ca","Amazon","Airdrie","Alberta","T4B 1S","Combined TCS+MTC","19.99","1.00","0","0","0","0","0","0","0","0","-1.00","-2.00","-6.73","-0.04","0","11.22"
"Jul 3, 2025 8:14:01 a.m. PDT","23897088291","Order","701-3894793-4863467","WNCA-D33-5-3","Lusait Wireless Strapless Bra for Women Silicone Removable Padded Bra Comfort Bandeau Tube Top Bra Beige M","1","amazon.ca","Amazon","Etobicoke","Ontario","M9V 5E","Combined TCS+MTC","19.99","2.60","0","0","0","0","0","0","0","0","-2.60","-2.00","-6.73","-0.04","0","11.22"
"Jul 3, 2025 8:26:03 a.m. PDT","23897088291","Order","701-5735901-4967409","WNCA-D33-7-3","Lusait Wireless Strapless Bra for Women Silicone Removable Padded Bra Comfort Bandeau Tube Top Bra Brown M","1","amazon.ca","Amazon","Barrie","Ontario","L4M 0E","Combined TCS+MTC","19.99","2.60","0","0","0","0","0","0","0","0","-2.60","-2.00","-6.73","-0.04","0","11.22"
"Jul 3, 2025 8:39:15 a.m. PDT","23897088291","Fulfilment by Amazon customer return fee","702-8611897-6173839","X003R2BUDP","FBA Customer Return Per Unit Fee (Clothing & Shoes)","","Amazon.ca","","","","","","0","0","0","0","0","0","0","0","0","0","0","0","-4.45","0","0","-4.45"
"Jul 3, 2025 8:46:57 a.m. PDT","23897088291","Order","702-7393982-5122604","WNCA-D33-5-6","Lusait Wireless Strapless Bra for Women Silicone Removable Padded Bra Comfort Bandeau Tube Top Bra Beige 2XL","1","amazon.ca","Amazon","Brampton","Ontario","L6R 1R","Combined TCS+MTC","19.99","2.60","0","0","0","0","0","0","0","0","-2.60","-2.00","-6.73","-0.04","0","11.22"
"Jul 3, 2025 10:46:20 a.m. PDT","23897088291","Adjustment","702-7242155-2780237","WNCA-D33-2-6","FBA Inventory Reimbursement - Customer Return","1","","","","","","","0","0","0","0","0","0","0","0","0","0","0","0","0","0","11.26","11.26"
"Jul 3, 2025 3:17:22 p.m. PDT","23897088291","Fulfilment by Amazon customer return fee","702-5956023-9048236","X003R2D0U1","FBA Customer Return Per Unit Fee (Clothing & Shoes)","","Amazon.ca","","","","","","0","0","0","0","0","0","0","0","0","0","0","0","-4.87","0","0","-4.87"
"Jul 3, 2025 3:46:38 p.m. PDT","23897088291","FBA Inventory Fee","701-4868013-1533000","","Fulfilment by Amazon removal order: disposal fee","","Amazon.ca","","","","","","0","0","0","0","0","0","0","0","0","0","0","0","0","0","-0.36","-0.36"
"Jul 3, 2025 4:40:12 p.m. PDT","23897088291","Fulfilment by Amazon customer return fee","702-8244190-7248224","X003RUSPM1","FBA Customer Return Per Unit Fee (Clothing & Shoes)","","Amazon.ca","","","","","","0","0","0","0","0","0","0","0","0","0","0","0","-4.92","0","0","-4.92"
"Jul 3, 2025 4:59:27 p.m. PDT","23897088291","Fulfilment by Amazon customer return fee","702-6593669-2029055","X003RUT04X","FBA Customer Return Per Unit Fee (Clothing & Shoes)","","Amazon.ca","","","","","","0","0","0","0","0","0","0","0","0","0","0","0","-4.92","0","0","-4.92"
"Jul 3, 2025 9:35:42 p.m. PDT","23897088291","Refund","701-1735576-5104261","WNCA-D33-6-3","Lusait Wireless Strapless Bra for Women Silicone Removable Padded Bra Comfort Bandeau Tube Top Bra White M","1","amazon.ca","Amazon","Vernon","British Columbia","V1T 1K","Combined TCS+MTC","-19.99","-2.40","0","0","0","0","0","0","0","0","2.40","1.60","0","0.04","0","-18.35"
"Jul 4, 2025 12:36:20 a.m. PDT","23897088291","Order","702-9247963-1745012","WNCA-D33-6-4","Lusait Wireless Strapless Bra for Women Silicone Removable Padded Bra Comfort Bandeau Tube Top Bra White L","1","amazon.ca","Amazon","Ottawa","Ontario","K2A 3L","Combined TCS+MTC","19.99","2.60","3.49","0","0","0","0","0","-3.49","0","-2.60","-2.00","-6.73","-0.04","0","11.22"
"Jul 4, 2025 2:38:55 a.m. PDT","23897088291","Order","701-4432234-9802650","WNCA-D33-5-5","Lusait Wireless Strapless Bra for Women Silicone Removable Padded Bra Comfort Bandeau Tube Top Bra Beige XL","1","amazon.ca","Amazon","Fergus","Ontario","N1M0A","Combined TCS+MTC","19.99","2.60","1.74","0","0","0","0","0","-1.74","0","-2.60","-2.00","-6.73","-0.04","0","11.22"
"Jul 4, 2025 2:55:49 a.m. PDT","23897088291","Order","701-5430064-2121859","WNCA-D33-2-6","Lusait Wireless Strapless Bra for Women Silicone Removable Padded Bra Comfort Bandeau Tube Top Bra Black 2XL","1","amazon.ca","Amazon","Pemberton","British Columbia","V0N 2L","Combined TCS+MTC","19.99","2.40","0","0","0","0","0","0","0","0","-2.40","-2.00","-6.73","-0.04","0","11.22"
"Jul 4, 2025 3:17:55 a.m. PDT","23897088291","Order","701-9060366-0280206","WNCA-D33-5-3","Lusait Wireless Strapless Bra for Women Silicone Removable Padded Bra Comfort Bandeau Tube Top Bra Beige M","1","amazon.ca","Amazon","Bradford","Ontario","L3Z 4H","Combined TCS+MTC","19.99","2.60","0","0","0","0","0","0","0","0","-2.60","-2.00","-6.73","-0.04","0","11.22"
"Jul 4, 2025 3:25:48 a.m. PDT","23897088291","Order","701-1735576-5104261","WNCA-D33-6-3","Lusait Wireless Strapless Bra for Women Silicone Removable Padded Bra Comfort Bandeau Tube Top Bra White M","1","amazon.ca","Amazon","Vernon","British Columbia","V1T 1K","Combined TCS+MTC","19.99","2.40","0","0","0","0","0","0","0","0","-2.40","-2.00","-6.36","-0.04","0","11.59"
"Jul 4, 2025 3:30:13 a.m. PDT","23897088291","Refund","702-9247963-1745012","WNCA-D33-6-4","Lusait Wireless Strapless Bra for Women Silicone Removable Padded Bra Comfort Bandeau Tube Top Bra White L","1","amazon.ca","Amazon","Ottawa","Ontario","K2A 3L","Combined TCS+MTC","-19.99","-2.60","-3.49","0","0","0","0","0","3.49","0","2.60","1.60","0","0.04","0","-18.35"
"Jul 4, 2025 5:27:25 a.m. PDT","23897088291","Order","701-1799764-8794627","WNCA-D33-5-3","Lusait Wireless Strapless Bra for Women Silicone Removable Padded Bra Comfort Bandeau Tube Top Bra Beige M","1","amazon.ca","Amazon","Plympton Wyoming","Ontario","N0N 1J","Combined TCS+MTC","19.99","2.60","0","0","0","0","0","0","0","0","-2.60","-2.00","-6.73","-0.04","0","11.22"
"Jul 4, 2025 6:10:01 a.m. PDT","23897088291","Order","701-8736945-9600266","WNCA-D33-2-6","Lusait Wireless Strapless Bra for Women Silicone Removable Padded Bra Comfort Bandeau Tube Top Bra Black 2XL","1","amazon.ca","Amazon","Cross Roads Country Harbour","Nova Scotia","B0H 1J","Combined TCS+MTC","19.99","2.80","0","0","0","0","0","0","0","0","-2.80","-2.00","-6.73","-0.04","0","11.22"
"Jul 4, 2025 7:32:54 a.m. PDT","23897088291","Order","701-2317439-5567430","WNCA-D33-6-4","Lusait Wireless Strapless Bra for Women Silicone Removable Padded Bra Comfort Bandeau Tube Top Bra White L","1","amazon.ca","Amazon","Gatineau","Quebec","J8T 4T","Combined TCS+MTC","19.99","2.99","0","0","0","0","0","0","0","0","-2.99","-2.00","-6.73","-0.04","0","11.22"
"Jul 4, 2025 8:00:53 a.m. PDT","23897088291","Order","701-9722681-1210662","WNCA-D33-5-4","Lusait Wireless Strapless Bra for Women Silicone Removable Padded Bra Comfort Bandeau Tube Top Bra Beige L","1","amazon.ca","Amazon","St-Ambroise","Québec","G7P 2S","Combined TCS+MTC","19.99","2.99","0","0","0","0","0","0","0","0","-2.99","-2.00","-6.73","-0.04","0","11.22"
"Jul 4, 2025 8:52:31 a.m. PDT","23897088291","Order","702-7876430-4861030","WNCA-D33-5-4","Lusait Wireless Strapless Bra for Women Silicone Removable Padded Bra Comfort Bandeau Tube Top Bra Beige L","1","amazon.ca","Amazon","Calgary","Alberta","T2N 2C","Combined TCS+MTC","19.99","1.00","0","0","0","0","0","0","0","0","-1.00","-2.00","-6.73","-0.04","0","11.22"
"Jul 4, 2025 8:58:35 a.m. PDT","23897088291","Order","701-2458217-8281826","WNCA-D33-22-6","Lusait Wireless Strapless Bra for Women Silicone Removable Padded Bra Comfort Bandeau Tube Top Bra Black+Black 2XL","1","amazon.ca","Amazon","Surrey","British Columbia","V3S 0M","Combined TCS+MTC","19.99","2.40","0","0","0","0","0","0","0","0","-2.40","-2.00","-6.73","-0.04","0","11.22"
"Jul 4, 2025 12:04:56 p.m. PDT","23897088291","FBA Inventory Fee","702-6593669-2029055","","Fulfilment by Amazon removal order: disposal fee","","Amazon.ca","","","","","","0","0","0","0","0","0","0","0","0","0","0","0","0","0","-0.36","-0.36"
"Jul 4, 2025 12:05:13 p.m. PDT","23897088291","FBA Inventory Fee","702-8244190-7248224","","Fulfilment by Amazon removal order: disposal fee","","Amazon.ca","","","","","","0","0","0","0","0","0","0","0","0","0","0","0","0","0","-0.36","-0.36"
"Jul 4, 2025 12:12:44 p.m. PDT","23897088291","Refund","701-8161225-7879440","WNCA-D33-6-4","Lusait Wireless Strapless Bra for Women Silicone Removable Padded Bra Comfort Bandeau Tube Top Bra White L","1","amazon.ca","Amazon","Toronto","Ontario","M6B 2N","Combined TCS+MTC","-19.99","-2.60","0","0","0","0","0","0","0","0","2.60","1.60","0","0.04","0","-18.35"
"Jul 4, 2025 1:18:49 p.m. PDT","23897088291","FBA Inventory Fee","701-7329353-0195469","","Fulfilment by Amazon removal order: disposal fee","","Amazon.ca","","","","","","0","0","0","0","0","0","0","0","0","0","0","0","0","0","-0.36","-0.36"
"Jul 4, 2025 1:22:40 p.m. PDT","23897088291","Refund","701-5439687-0309835","WNCA-D33-22-3","Lusait Wireless Strapless Bra for Women Silicone Removable Padded Bra Comfort Bandeau Tube Top Bra Black+Black M","1","amazon.ca","Amazon","Toronto","Ontario","M5A 4P","Combined TCS+MTC","-19.99","-2.60","0","0","0","0","0","0","0","0","2.60","1.60","0","0.04","0","-18.35"
"Jul 4, 2025 2:06:14 p.m. PDT","23897088291","Refund","702-5308359-9555429","WNCA-D33-2-3","Lusait Wireless Strapless Bra for Women Silicone Removable Padded Bra Comfort Bandeau Tube Top Bra Black M","1","amazon.ca","Amazon","Ottawa","Ontario","K2E 7X","Combined TCS+MTC","-19.99","-2.60","0","0","0","0","0","0","0","0","2.60","1.60","0","0.04","0","-18.35"
"Jul 4, 2025 3:13:35 p.m. PDT","23897088291","Order","701-2329126-7501867","WNCA-D33-22-5","Lusait Wireless Strapless Bra for Women Silicone Removable Padded Bra Comfort Bandeau Tube Top Bra Black+Black XL","1","amazon.ca","Amazon","Port Colborne","Ontario","L3K 2K","Combined TCS+MTC","19.99","2.60","0","0","0","0","0","0","0","0","-2.60","-2.00","-6.73","-0.04","0","11.22"
"Jul 4, 2025 3:13:50 p.m. PDT","23897088291","Refund","701-0725968-7908268","WNCA-D33-25-3","Lusait Wireless Strapless Bra for Women Silicone Removable Padded Bra Comfort Bandeau Tube Top Bra Black+Beige M","1","amazon.ca","Amazon","Toronto","ON","M6B 2K","Combined TCS+MTC","-32.99","-4.29","0","0","0","0","0","0","0","0","4.29","4.49","0","0.11","0","-28.39"
"Jul 4, 2025 3:58:57 p.m. PDT","23897088291","Refund","701-9060366-0280206","WNCA-D33-5-3","Lusait Wireless Strapless Bra for Women Silicone Removable Padded Bra Comfort Bandeau Tube Top Bra Beige M","1","amazon.ca","Amazon","Bradford","Ontario","L3Z 4H","Combined TCS+MTC","-19.99","-2.60","0","0","0","0","0","0","0","0","2.60","1.60","0","0.04","0","-18.35"
"Jul 4, 2025 4:57:34 p.m. PDT","23897088291","Fulfilment by Amazon customer return fee","702-9247963-1745012","X003R2BVXT","FBA Customer Return Per Unit Fee (Clothing & Shoes)","","Amazon.ca","","","","","","0","0","0","0","0","0","0","0","0","0","0","0","-4.92","0","0","-4.92"
"Jul 4, 2025 5:32:51 p.m. PDT","23897088291","Fulfilment by Amazon customer return fee","701-7448584-9266618","X004308G2D","FBA Customer Return Per Unit Fee (Clothing & Shoes)","","Amazon.ca","","","","","","0","0","0","0","0","0","0","0","0","0","0","0","-4.92","0","0","-4.92"
"Jul 4, 2025 6:33:24 p.m. PDT","23897088291","Refund","701-5946055-9860237","WNCA-D33-5-3","Lusait Wireless Strapless Bra for Women Silicone Removable Padded Bra Comfort Bandeau Tube Top Bra Beige M","1","amazon.ca","Amazon","North Vancouver","British Columbia","V7L 1B","Combined TCS+MTC","-19.99","-2.40","0","0","0","0","0","0","0","0","2.40","1.60","0","0.04","0","-18.35"
"Jul 5, 2025 12:45:15 a.m. PDT","23897088291","Order","701-0725968-7908268","WNCA-D33-25-3","Lusait Wireless Strapless Bra for Women Silicone Removable Padded Bra Comfort Bandeau Tube Top Bra Black+Beige M","1","amazon.ca","Amazon","Toronto","ON","M6B 2K","Combined TCS+MTC","32.99","4.29","0","0","0","0","0","0","0","0","-4.29","-5.61","-6.73","-0.11","0","20.54"
"Jul 5, 2025 1:21:17 a.m. PDT","23897088291","Order","701-5291594-7470640","WNCA-D33-25-3","Lusait Wireless Strapless Bra for Women Silicone Removable Padded Bra Comfort Bandeau Tube Top Bra Black+Beige M","1","amazon.ca","Amazon","Toronto","Ontario","M3M 1B","Combined TCS+MTC","32.99","4.29","3.49","0","0","0","0","0","-3.49","0","-4.29","-5.61","-6.73","-0.11","0","20.54"
"Jul 5, 2025 1:47:04 a.m. PDT","23897088291","Order","702-9735028-2746609","WNCA-D33-5-3","Lusait Wireless Strapless Bra for Women Silicone Removable Padded Bra Comfort Bandeau Tube Top Bra Beige M","1","amazon.ca","Amazon","Guelph","Ontario","N1G 5C","Combined TCS+MTC","19.99","2.60","0","0","0","0","0","0","0","0","-2.60","-2.00","-6.73","-0.04","0","11.22"
"Jul 5, 2025 4:52:25 a.m. PDT","23897088291","Fulfilment by Amazon customer return fee","702-6481114-9206644","X004308G2D","FBA Customer Return Per Unit Fee (Clothing & Shoes)","","Amazon.ca","","","","","","0","0","0","0","0","0","0","0","0","0","0","0","-4.92","0","0","-4.92"
"Jul 5, 2025 5:24:57 a.m. PDT","23897088291","Order","702-4358726-1279468","WNCA-D33-7-3","Lusait Wireless Strapless Bra for Women Silicone Removable Padded Bra Comfort Bandeau Tube Top Bra Brown M","1","amazon.ca","Amazon","Fonthill","Ontario","L0S 1E","Combined TCS+MTC","19.99","2.60","0","0","0","0","0","0","0","0","-2.60","-2.00","-6.73","-0.04","0","11.22"
"Jul 5, 2025 5:47:54 a.m. PDT","23897088291","Refund","702-6481114-9206644","WNCA-D33-6-6","Lusait Wireless Strapless Bra for Women Silicone Removable Padded Bra Comfort Bandeau Tube Top Bra White 2XL","1","amazon.ca","Amazon","London","Ontario","N5Z 1Y","Combined TCS+MTC","-19.99","-2.60","0","0","0","0","0","0","0","0","2.60","1.60","0","0.04","0","-18.35"
"Jul 5, 2025 6:45:18 a.m. PDT","23897088291","Order","702-3638762-3547414","WNCA-D33-5-5","Lusait Wireless Strapless Bra for Women Silicone Removable Padded Bra Comfort Bandeau Tube Top Bra Beige XL","1","amazon.ca","Amazon","Mission","British Columbia","V4S 1L","Combined TCS+MTC","19.99","2.40","0","0","0","0","0","0","0","0","-2.40","-2.00","-6.73","-0.04","0","11.22"
"Jul 5, 2025 7:27:54 a.m. PDT","23897088291","Order","702-6481114-9206644","WNCA-D33-6-6","Lusait Wireless Strapless Bra for Women Silicone Removable Padded Bra Comfort Bandeau Tube Top Bra White 2XL","1","amazon.ca","Amazon","London","Ontario","N5Z 1Y","Combined TCS+MTC","19.99","2.60","0","0","0","0","0","0","0","0","-2.60","-2.00","-6.73","-0.04","0","11.22"
"Jul 5, 2025 7:28:21 a.m. PDT","23897088291","Fulfilment by Amazon customer return fee","702-0322629-5833072","X00430QG9X","FBA Customer Return Per Unit Fee (Clothing & Shoes)","","Amazon.ca","","","","","","0","0","0","0","0","0","0","0","0","0","0","0","-4.57","0","0","-4.57"
"Jul 5, 2025 7:42:58 a.m. PDT","23897088291","Order","702-8364655-5887459","WNCA-D33-5-3","Lusait Wireless Strapless Bra for Women Silicone Removable Padded Bra Comfort Bandeau Tube Top Bra Beige M","1","amazon.ca","Amazon","Oakville","Ontario","L6M 5N","Combined TCS+MTC","19.99","2.60","0","0","0","0","0","0","0","0","-2.60","-2.00","-6.73","-0.04","0","11.22"
"Jul 5, 2025 8:58:58 a.m. PDT","23897088291","Order","702-6889856-7845062","WNCA-D33-22-4","Lusait Wireless Strapless Bra for Women Silicone Removable Padded Bra Comfort Bandeau Tube Top Bra Black+Black L","1","amazon.ca","Amazon","Hamilton","Ontario","L9C 7P","Combined TCS+MTC","19.99","2.60","0","0","0","0","0","0","0","0","-2.60","-2.00","-6.73","-0.04","0","11.22"
"Jul 5, 2025 1:45:30 p.m. PDT","23897088291","Fulfilment by Amazon customer return fee","701-0466755-7781012","X003R2GKTT","FBA Customer Return Per Unit Fee (Clothing & Shoes)","","Amazon.ca","","","","","","0","0","0","0","0","0","0","0","0","0","0","0","-4.92","0","0","-4.92"
"Jul 5, 2025 8:16:20 p.m. PDT","23897088291","Fulfilment by Amazon customer return fee","701-6706810-2567437","X00430LRGZ","FBA Customer Return Per Unit Fee (Clothing & Shoes)","","Amazon.ca","","","","","","0","0","0","0","0","0","0","0","0","0","0","0","-4.92","0","0","-4.92"
"Jul 5, 2025 8:53:47 p.m. PDT","23897088291","Fulfilment by Amazon customer return fee","702-3762067-6613856","X003R2BVSJ","FBA Customer Return Per Unit Fee (Clothing & Shoes)","","Amazon.ca","","","","","","0","0","0","0","0","0","0","0","0","0","0","0","-4.57","0","0","-4.57"
"Jul 5, 2025 9:29:15 p.m. PDT","23897088291","Order","702-5046252-2280238","WNCA-D33-2-3","Lusait Wireless Strapless Bra for Women Silicone Removable Padded Bra Comfort Bandeau Tube Top Bra Black M","1","amazon.ca","Amazon","Surrey","British Columbia","V3R 5B","Combined TCS+MTC","19.99","2.40","0","0","0","0","0","0","0","0","-2.40","-2.00","-6.73","-0.04","0","11.22"
"Jul 6, 2025 1:10:57 a.m. PDT","23897088291","Order","702-6423523-3358620","WNCA-D33-7-2","Lusait Wireless Strapless Bra for Women Silicone Removable Tube Top Bra Comfort Bandeau Padded Bra Brown S","1","amazon.ca","Amazon","St. Catharines","Ontario","L2N 4A","Combined TCS+MTC","19.99","2.60","0","0","0","0","0","0","0","0","-2.60","-2.00","-6.73","-0.04","0","11.22"
"Jul 6, 2025 1:30:23 a.m. PDT","23897088291","Order","702-0767261-2465035","WNCA-D33-6-5","Lusait Wireless Strapless Bra for Women Silicone Removable Padded Bra Comfort Bandeau Tube Top Bra White XL","1","amazon.ca","Amazon","Schomberg","Ontario","L0G 1T","Combined TCS+MTC","19.99","2.60","0","0","0","0","0","0","0","0","-2.60","-2.00","-6.73","-0.04","0","11.22"
"Jul 6, 2025 2:26:34 a.m. PDT","23897088291","Service Fee","","","Subscription","","Amazon.ca","","","","","","0","0","0","0","0","0","0","0","0","0","0","0","0","0","-12.66","-12.66"
"Jul 6, 2025 3:28:09 a.m. PDT","23897088291","Order","701-7660973-6459410","WNCA-D33-5-4","Lusait Wireless Strapless Bra for Women Silicone Removable Padded Bra Comfort Bandeau Tube Top Bra Beige L","1","amazon.ca","Amazon","Orleans","Ontario","K4A 3T","Combined TCS+MTC","19.99","2.60","0","0","0","0","0","0","0","0","-2.60","-2.00","-6.73","-0.04","0","11.22"
"Jul 6, 2025 4:00:28 a.m. PDT","23897088291","Order","701-1894635-8898613","WNCA-D33-5-3","Lusait Wireless Strapless Bra for Women Silicone Removable Padded Bra Comfort Bandeau Tube Top Bra Beige M","1","amazon.ca","Amazon","Edmonton","Alberta","T6W 3P","Combined TCS+MTC","19.99","1.00","2.33","0","0","0","0","0","-2.33","0","-1.00","-2.00","-6.73","-0.04","0","11.22"
"Jul 6, 2025 4:40:25 a.m. PDT","23897088291","Order","701-1515288-1736200","WNCA-D33-7-2","Lusait Wireless Strapless Bra for Women Silicone Removable Tube Top Bra Comfort Bandeau Padded Bra Brown S","1","amazon.ca","Amazon","Unionville","Ontario","L3R 2G","Combined TCS+MTC","19.99","2.60","0","0","0","0","0","0","0","0","-2.60","-2.00","-6.73","-0.04","0","11.22"
"Jul 6, 2025 5:07:03 a.m. PDT","23897088291","Order","702-8244190-7248224","WNCA-D33-25-2","Lusait Wireless Strapless Bra for Women Silicone Removable Padded Bra Comfort Bandeau Tube Top Bra Black+Beige S","1","amazon.ca","Amazon","Toronto","Ontario","M6P 1W","Combined TCS+MTC","32.99","4.29","6.99","0","0","0","0","0","-6.99","0","-4.29","-5.61","-6.73","-0.11","0","20.54"
"Jul 6, 2025 5:15:21 a.m. PDT","23897088291","Order","701-4339718-6613068","WNCA-D33-22-5","Lusait Wireless Strapless Bra for Women Silicone Removable Padded Bra Comfort Bandeau Tube Top Bra Black+Black XL","1","amazon.ca","Amazon","Mission","British Columbia","V2V 6V","Combined TCS+MTC","19.99","2.40","0","0","0","0","0","0","0","0","-2.40","-2.00","-6.73","-0.04","0","11.22"
"Jul 6, 2025 5:20:40 a.m. PDT","23897088291","Refund","702-8244190-7248224","WNCA-D33-25-2","Lusait Wireless Strapless Bra for Women Silicone Removable Padded Bra Comfort Bandeau Tube Top Bra Black+Beige S","1","amazon.ca","Amazon","Toronto","Ontario","M6P 1W","Combined TCS+MTC","-32.99","-4.29","-6.99","0","0","0","0","0","6.99","0","4.29","4.49","0","0.11","0","-28.39"
"Jul 6, 2025 6:11:23 a.m. PDT","23897088291","Order","702-0783201-3609052","WNCA-D33-5-6","Lusait Wireless Strapless Bra for Women Silicone Removable Padded Bra Comfort Bandeau Tube Top Bra Beige 2XL","1","amazon.ca","Amazon","Big Beach, NS","Nova Scotia","B1T 1M","Combined TCS+MTC","19.99","2.80","0","0","0","0","0","0","0","0","-2.80","-2.00","-6.73","-0.04","0","11.22"
"Jul 6, 2025 11:05:40 a.m. PDT","23897088291","Fulfilment by Amazon customer return fee","701-0438686-5100249","X003R2BVXT","FBA Customer Return Per Unit Fee (Clothing & Shoes)","","Amazon.ca","","","","","","0","0","0","0","0","0","0","0","0","0","0","0","-4.92","0","0","-4.92"
"Jul 6, 2025 2:30:08 p.m. PDT","23897088291","Order","702-7576016-7686601","WNCA-D33-5-5","Lusait Wireless Strapless Bra for Women Silicone Removable Padded Bra Comfort Bandeau Tube Top Bra Beige XL","1","amazon.ca","Amazon","London","Ontario","N5Z 1Y","Combined TCS+MTC","19.99","2.60","0","0","0","0","0","0","0","0","-2.60","-2.00","-6.73","-0.04","0","11.22"
"Jul 6, 2025 6:54:58 p.m. PDT","23897088291","Order","702-5400614-4612265","WNCA-D33-2-6","Lusait Wireless Strapless Bra for Women Silicone Removable Padded Bra Comfort Bandeau Tube Top Bra Black 2XL","1","amazon.ca","Amazon","Milverton","Ontario","N0K1M","Combined TCS+MTC","19.99","2.60","0","0","0","0","0","0","0","0","-2.60","-2.00","-6.73","-0.04","0","11.22"
"Jul 6, 2025 8:34:17 p.m. PDT","23897088291","Order","701-3577064-2072238","WNCA-D33-6-4","Lusait Wireless Strapless Bra for Women Silicone Removable Padded Bra Comfort Bandeau Tube Top Bra White L","1","amazon.ca","Amazon","Saskatoon","Saskatchewan","S7L 7H","Combined TCS+MTC","19.99","2.20","0","0","0","0","0","0","0","0","-2.20","-2.00","-6.73","-0.04","0","11.22"
"Jul 7, 2025 12:08:28 a.m. PDT","23897088291","Order","702-0185846-8312255","WNCA-D33-7-3","Lusait Wireless Strapless Bra for Women Silicone Removable Padded Bra Comfort Bandeau Tube Top Bra Brown M","1","amazon.ca","Amazon","London","Ontario","N6P 0G","Combined TCS+MTC","19.99","2.60","0","0","0","0","0","0","0","0","-2.60","-2.00","-6.73","-0.04","0","11.22"
"Jul 7, 2025 12:53:15 a.m. PDT","23897088291","Order","702-7365923-4681854","WNCA-D33-25-3","Lusait Wireless Strapless Bra for Women Silicone Removable Padded Bra Comfort Bandeau Tube Top Bra Black+Beige M","1","amazon.ca","Amazon","South Bruce Peninsula","Ontario","N0H 2T","Combined TCS+MTC","32.99","4.29","0","0","0","0","0","0","0","0","-4.29","-5.61","-6.73","-0.11","0","20.54"
"Jul 7, 2025 1:00:40 a.m. PDT","23897088291","Order","702-8244097-5555464","WNCA-D33-25-5","Lusait Wireless Strapless Bra for Women Silicone Removable Padded Bra Comfort Bandeau Tube Top Bra Black+Beige XL","1","amazon.ca","Amazon","Acton","Ontario","L7J 2C","Combined TCS+MTC","32.99","4.29","0","0","0","0","0","0","0","0","-4.29","-5.61","-7.40","-0.11","0","19.87"
"Jul 7, 2025 1:13:49 a.m. PDT","23897088291","Order","701-8961886-0765050","WNCA-D33-5-3","Lusait Wireless Strapless Bra for Women Silicone Removable Padded Bra Comfort Bandeau Tube Top Bra Beige M","1","amazon.ca","Amazon","London","Ontario","N5Y 2G","Combined TCS+MTC","19.99","2.60","0","0","0","0","0","0","0","0","-2.60","-2.00","-6.73","-0.04","0","11.22"
"Jul 7, 2025 1:29:40 a.m. PDT","23897088291","FBA Inventory Fee","","","FBA storage fee","","Amazon.ca","","","","","","0","0","0","0","0","0","0","0","0","0","0","0","0","0","-49.04","-49.04"
"Jul 7, 2025 1:35:52 a.m. PDT","23897088291","Order","702-4811219-6497841","WNCA-D33-5-5","Lusait Wireless Strapless Bra for Women Silicone Removable Padded Bra Comfort Bandeau Tube Top Bra Beige XL","1","amazon.ca","Amazon","St Catharines","Ontario","L2M 7G","Combined TCS+MTC","19.99","2.60","0","0","0","0","0","0","0","0","-2.60","-2.00","-6.73","-0.04","0","11.22"
"Jul 7, 2025 1:35:54 a.m. PDT","23897088291","Order","701-0925878-3193011","WNCA-D33-5-3","Lusait Wireless Strapless Bra for Women Silicone Removable Padded Bra Comfort Bandeau Tube Top Bra Beige M","1","amazon.ca","Amazon","Kitchener","Ontario","N2K 0B","Combined TCS+MTC","19.99","2.60","0","0","0","0","0","0","0","0","-2.60","-2.00","-6.73","-0.04","0","11.22"
"Jul 7, 2025 1:53:25 a.m. PDT","23897088291","Order","702-5282429-3645869","WNCA-D33-5-4","Lusait Wireless Strapless Bra for Women Silicone Removable Padded Bra Comfort Bandeau Tube Top Bra Beige L","1","amazon.ca","Amazon","Toronto","Ontario","M5V 0T","Combined TCS+MTC","19.99","2.60","0","0","0","0","0","0","0","0","-2.60","-2.00","-6.73","-0.04","0","11.22"
"Jul 7, 2025 2:14:12 a.m. PDT","23897088291","Order","702-8839330-2793864","WNCA-D33-5-5","Lusait Wireless Strapless Bra for Women Silicone Removable Padded Bra Comfort Bandeau Tube Top Bra Beige XL","1","amazon.ca","Amazon","Barrie","Ontario","L4M 0C","Combined TCS+MTC","19.99","2.60","0","0","0","0","0","0","0","0","-2.60","-2.00","-6.73","-0.04","0","11.22"
"Jul 7, 2025 8:10:07 a.m. PDT","24005651071","Fulfilment by Amazon customer return fee","701-3251337-7955430","X003R2BUDP","FBA Customer Return Per Unit Fee (Clothing & Shoes)","","Amazon.ca","","","","","","0","0","0","0","0","0","0","0","0","0","0","0","-4.79","0","0","-4.79"
"Jul 7, 2025 8:52:58 a.m. PDT","24005651071","Refund","702-0185846-8312255","WNCA-D33-7-3","Lusait Wireless Strapless Bra for Women Silicone Removable Padded Bra Comfort Bandeau Tube Top Bra Brown M","1","amazon.ca","Amazon","London","Ontario","N6P 0G","Combined TCS+MTC","-19.99","-2.60","0","0","0","0","0","0","0","0","2.60","1.60","0","0.04","0","-18.35"
"Jul 7, 2025 9:24:05 a.m. PDT","24005651071","Fulfilment by Amazon customer return fee","702-0041855-7755458","X003R2BW1Z","FBA Customer Return Per Unit Fee (Clothing & Shoes)","","Amazon.ca","","","","","","0","0","0","0","0","0","0","0","0","0","0","0","-4.87","0","0","-4.87"
"Jul 7, 2025 11:17:15 a.m. PDT","24005651071","Refund","701-5131523-0042607","WNCA-D33-25-2","Lusait Wireless Strapless Bra for Women Silicone Removable Padded Bra Comfort Bandeau Tube Top Bra Black+Beige S","1","amazon.ca","Amazon","Cambridge","Ontario","N1R 6Z","Combined TCS+MTC","-32.99","-4.29","0","0","0","0","0","0","0","0","4.29","4.49","0","0.11","0","-28.39"
"Jul 7, 2025 11:17:24 a.m. PDT","24005651071","Refund","701-1979049-3877031","WNCA-D33-25-2","Lusait Wireless Strapless Bra for Women Silicone Removable Padded Bra Comfort Bandeau Tube Top Bra Black+Beige S","1","amazon.ca","Amazon","Cambridge","ON","N1P 1H","Combined TCS+MTC","-32.99","-4.29","-2.33","0","0","0","0","0","2.33","0","4.29","4.49","0","0.11","0","-28.39"
"Jul 7, 2025 11:17:55 a.m. PDT","24005651071","Refund","702-4358726-1279468","WNCA-D33-7-3","Lusait Wireless Strapless Bra for Women Silicone Removable Padded Bra Comfort Bandeau Tube Top Bra Brown M","1","amazon.ca","Amazon","Fonthill","Ontario","L0S 1E","Combined TCS+MTC","-19.99","-2.60","0","0","0","0","0","0","0","0","2.60","1.60","0","0.04","0","-18.35"
"Jul 7, 2025 1:36:15 p.m. PDT","24005651071","Order","702-6593669-2029055","WNCA-D33-25-3","Lusait Wireless Strapless Bra for Women Silicone Removable Padded Bra Comfort Bandeau Tube Top Bra Black+Beige M","1","amazon.ca","Amazon","Toronto","Ontario","M6P 1W","Combined TCS+MTC","32.99","4.29","0","0","0","0","0","0","0","0","-4.29","-5.61","-6.73","-0.11","0","20.54"
"Jul 7, 2025 6:16:47 p.m. PDT","24005651071","Refund","702-9557407-9785020","WNCA-D33-5-6","Lusait Wireless Strapless Bra for Women Silicone Removable Padded Bra Comfort Bandeau Tube Top Bra Beige 2XL","1","amazon.ca","Amazon","Belle River","Ontario","N0R 1A","Combined TCS+MTC","-19.99","-2.60","0","0","0","0","0","0","0","0","2.60","1.60","0","0.04","0","-18.35"
"Jul 7, 2025 11:41:43 p.m. PDT","24005651071","Fulfilment by Amazon customer return fee","702-7092434-3505024","X003R2D0UV","FBA Customer Return Per Unit Fee (Clothing & Shoes)","","Amazon.ca","","","","","","0","0","0","0","0","0","0","0","0","0","0","0","-4.92","0","0","-4.92"
"Jul 7, 2025 11:57:03 p.m. PDT","24005651071","Refund","702-5202984-4224235","WNCA-D33-7-3","Lusait Wireless Strapless Bra for Women Silicone Removable Padded Bra Comfort Bandeau Tube Top Bra Brown M","1","amazon.ca","Amazon","Toronto","Ontario","M1L 1Y","Combined TCS+MTC","-19.99","-2.60","-1.40","0","0","0","0","0","1.40","0","2.60","1.60","0","0.04","0","-18.35"
"Jul 8, 2025 3:54:23 a.m. PDT","24005651071","Order","701-2566076-1774646","WNCA-D33-6-3","Lusait Wireless Strapless Bra for Women Silicone Removable Padded Bra Comfort Bandeau Tube Top Bra White M","1","amazon.ca","Amazon","Edmonton","Alberta","T6H 3H","Combined TCS+MTC","19.99","1.00","1.16","0","0","0","0","0","-1.16","0","-1.00","-2.00","-6.36","-0.04","0","11.59"
"Jul 8, 2025 4:05:25 a.m. PDT","24005651071","Transfer","","","To account ending with: 127","","","","","","","","0","0","0","0","0","0","0","0","0","0","0","0","0","0","-1,136.44","-1,136.44"
"Jul 8, 2025 4:42:59 a.m. PDT","24005651071","Refund","702-6593669-2029055","WNCA-D33-25-3","Lusait Wireless Strapless Bra for Women Silicone Removable Padded Bra Comfort Bandeau Tube Top Bra Black+Beige M","1","amazon.ca","Amazon","Toronto","Ontario","M6P 1W","Combined TCS+MTC","-32.99","-4.29","0","0","0","0","0","0","0","0","4.29","4.49","0","0.11","0","-28.39"
"Jul 8, 2025 5:19:16 a.m. PDT","24005651071","Order","701-9894125-3683460","WNCA-D33-5-6","Lusait Wireless Strapless Bra for Women Silicone Removable Padded Bra Comfort Bandeau Tube Top Bra Beige 2XL","1","amazon.ca","Amazon","Johnstons River","Prince Edward Island","C1B 0Z","Combined TCS+MTC","19.99","3.00","0","0","0","0","0","0","0","0","-3.00","-2.00","-6.73","-0.04","0","11.22"
"Jul 8, 2025 5:26:26 a.m. PDT","24005651071","Order","702-9266686-3227400","WNCA-D33-2-3","Lusait Wireless Strapless Bra for Women Silicone Removable Padded Bra Comfort Bandeau Tube Top Bra Black M","1","amazon.ca","Amazon","Toronto","Ontario","M4P 0B","Combined TCS+MTC","19.99","2.60","2.33","0","0","0","0","0","-2.33","0","-2.60","-2.00","-6.73","-0.04","0","11.22"
"Jul 8, 2025 6:23:20 a.m. PDT","24005651071","Order","701-5243297-1780249","WNCA-D33-5-3","Lusait Wireless Strapless Bra for Women Silicone Removable Padded Bra Comfort Bandeau Tube Top Bra Beige M","1","amazon.ca","Amazon","Calgary","Alberta","T3Z 0A","Combined TCS+MTC","19.99","1.00","0","0","0","0","0","0","0","0","-1.00","-2.00","-6.73","-0.04","0","11.22"
"Jul 8, 2025 6:46:17 a.m. PDT","24005651071","Order","702-4906935-8173046","WNCA-D33-2-6","Lusait Wireless Strapless Bra for Women Silicone Removable Padded Bra Comfort Bandeau Tube Top Bra Black 2XL","1","amazon.ca","Amazon","Codrington","Ontario","K0K 1R","Combined TCS+MTC","19.99","2.60","0","0","0","0","0","0","0","0","-2.60","-2.00","-6.73","-0.04","0","11.22"
"Jul 8, 2025 7:14:46 a.m. PDT","24005651071","FBA Inventory Fee","701-0466755-7781012","","Fulfilment by Amazon removal order: disposal fee","","Amazon.ca","","","","","","0","0","0","0","0","0","0","0","0","0","0","0","0","0","-0.36","-0.36"
"Jul 8, 2025 7:46:45 a.m. PDT","24005651071","Order","702-0757811-7803452","WNCA-D33-2-5","Lusait Wireless Strapless Bra for Women Silicone Removable Padded Bra Comfort Bandeau Tube Top Bra Black XL","1","amazon.ca","Amazon","Paradise","Newfoundland","A1L 2V","Combined TCS+MTC","19.99","3.00","0","0","0","0","0","0","0","0","-3.00","-2.00","-7.40","-0.04","0","10.55"
"Jul 8, 2025 8:17:28 a.m. PDT","24005651071","Order","701-0626557-9479440","WNCA-D33-25-2","Lusait Wireless Strapless Bra for Women Silicone Removable Padded Bra Comfort Bandeau Tube Top Bra Black+Beige S","1","amazon.ca","Amazon","Edmonton","Alberta","T5H 0T","Combined TCS+MTC","32.99","1.65","0","0","0","0","0","0","0","0","-1.65","-5.61","-6.73","-0.11","0","20.54"
"Jul 8, 2025 10:40:04 a.m. PDT","24005651071","Fulfilment by Amazon customer return fee","702-8943974-6488214","X003R2BVSJ","FBA Customer Return Per Unit Fee (Clothing & Shoes)","","Amazon.ca","","","","","","0","0","0","0","0","0","0","0","0","0","0","0","-4.57","0","0","-4.57"
"Jul 8, 2025 2:21:28 p.m. PDT","24005651071","Refund","702-1847042-6301801","WNCA-D33-25-2","Lusait Wireless Strapless Bra for Women Silicone Removable Padded Bra Comfort Bandeau Tube Top Bra Black+Beige S","1","amazon.ca","Amazon","Sainte-Therese","Quebec","J7E 1H","Combined TCS+MTC","-32.99","-4.94","0","0","0","0","0","0","0","0","4.94","4.49","0","0.11","0","-28.39"
"Jul 8, 2025 2:47:07 p.m. PDT","24005651071","Refund","702-4651388-4520251","WNCA-D33-5-5","Lusait Wireless Strapless Bra for Women Silicone Removable Padded Bra Comfort Bandeau Tube Top Bra Beige XL","1","amazon.ca","Amazon","Mission","British Columbia","V2V 3M","Combined TCS+MTC","-19.99","-2.40","0","0","0","0","0","0","0","0","2.40","1.60","0","0.04","0","-18.35"
"Jul 8, 2025 4:00:36 p.m. PDT","24005651071","Fulfilment by Amazon customer return fee","702-0929177-5556216","X003RUSQ43","FBA Customer Return Per Unit Fee (Clothing & Shoes)","","Amazon.ca","","","","","","0","0","0","0","0","0","0","0","0","0","0","0","-5.15","0","0","-5.15"
"Jul 8, 2025 4:42:37 p.m. PDT","24005651071","Refund","701-3894793-4863467","WNCA-D33-5-3","Lusait Wireless Strapless Bra for Women Silicone Removable Padded Bra Comfort Bandeau Tube Top Bra Beige M","1","amazon.ca","Amazon","Etobicoke","Ontario","M9V 5E","Combined TCS+MTC","-19.99","-2.60","0","0","0","0","0","0","0","0","2.60","1.60","0","0.04","0","-18.35"
"Jul 8, 2025 4:49:24 p.m. PDT","24005651071","Order","702-4403634-9196258","WNCA-D33-25-2","Lusait Wireless Strapless Bra for Women Silicone Removable Padded Bra Comfort Bandeau Tube Top Bra Black+Beige S","1","amazon.ca","Amazon","Stouffville","Ontario","L4A 1Y","Combined TCS+MTC","32.99","4.29","0","0","0","0","0","0","0","0","-4.29","-5.61","-6.73","-0.11","0","20.54"
"Jul 8, 2025 6:01:18 p.m. PDT","24005651071","Order","701-1195835-1163443","WNCA-D33-6-3","Lusait Wireless Strapless Bra for Women Silicone Removable Padded Bra Comfort Bandeau Tube Top Bra White M","1","amazon.ca","Amazon","Toronto","Ontario","M5R 3P","Combined TCS+MTC","19.99","2.60","0","0","0","0","0","0","0","0","-2.60","-2.00","-6.36","-0.04","0","11.59"
"Jul 8, 2025 8:21:34 p.m. PDT","24005651071","Fulfilment by Amazon customer return fee","701-3755075-5795430","X003RUSQ43","FBA Customer Return Per Unit Fee (Clothing & Shoes)","","Amazon.ca","","","","","","0","0","0","0","0","0","0","0","0","0","0","0","-5.15","0","0","-5.15"
"Jul 9, 2025 12:07:52 a.m. PDT","24005651071","Refund","701-1195835-1163443","WNCA-D33-6-3","Lusait Wireless Strapless Bra for Women Silicone Removable Padded Bra Comfort Bandeau Tube Top Bra White M","1","amazon.ca","Amazon","Toronto","Ontario","M5R 3P","Combined TCS+MTC","-19.99","-2.60","0","0","0","0","0","0","0","0","2.60","1.60","0","0.04","0","-18.35"
"Jul 9, 2025 12:41:51 a.m. PDT","24005651071","Order","702-1217106-0724200","WNCA-D33-5-4","Lusait Wireless Strapless Bra for Women Silicone Removable Padded Bra Comfort Bandeau Tube Top Bra Beige L","1","amazon.ca","Amazon","Mission","British Columbia","V4S 1L","Combined TCS+MTC","19.99","2.40","0","0","0","0","0","0","0","0","-2.40","-2.00","-6.73","-0.04","0","11.22"
"Jul 9, 2025 12:56:41 a.m. PDT","24005651071","Order","702-1496572-1686657","WNCA-D33-7-3","Lusait Wireless Strapless Bra for Women Silicone Removable Padded Bra Comfort Bandeau Tube Top Bra Brown M","1","amazon.ca","Amazon","St. Albert","Alberta","T8N 6S","Combined TCS+MTC","19.99","1.00","0","0","0","0","0","0","0","0","-1.00","-2.00","-6.73","-0.04","0","11.22"
"Jul 9, 2025 3:10:39 a.m. PDT","24005651071","Refund","702-4092565-8805054","WNCA-D33-7-3","Lusait Wireless Strapless Bra for Women Silicone Removable Padded Bra Comfort Bandeau Tube Top Bra Brown M","1","amazon.ca","Amazon","Gatineau","Quebec","J8R 3S","Combined TCS+MTC","-19.99","-2.99","0","0","0","0","0","0","0","0","2.99","1.60","0","0.04","0","-18.35"
"Jul 9, 2025 3:11:00 a.m. PDT","24005651071","Order","701-0484250-9756241","WNCA-D33-6-5","Lusait Wireless Strapless Bra for Women Silicone Removable Padded Bra Comfort Bandeau Tube Top Bra White XL","1","amazon.ca","Amazon","London","Ontario","N6K 3B","Combined TCS+MTC","19.99","2.60","0","0","0","0","0","0","0","0","-2.60","-2.00","-6.73","-0.04","0","11.22"
"Jul 9, 2025 3:52:35 a.m. PDT","24005651071","Order","702-4092565-8805054","WNCA-D33-7-3","Lusait Wireless Strapless Bra for Women Silicone Removable Padded Bra Comfort Bandeau Tube Top Bra Brown M","1","amazon.ca","Amazon","Gatineau","Quebec","J8R 3S","Combined TCS+MTC","19.99","2.99","0","0","0","0","0","0","0","0","-2.99","-2.00","-6.73","-0.04","0","11.22"
"Jul 9, 2025 4:56:15 a.m. PDT","24005651071","Fulfilment by Amazon customer return fee","702-1847042-6301801","X003RUSPM1","FBA Customer Return Per Unit Fee (Clothing & Shoes)","","Amazon.ca","","","","","","0","0","0","0","0","0","0","0","0","0","0","0","-4.92","0","0","-4.92"
"Jul 9, 2025 5:47:51 a.m. PDT","24005651071","Order","701-3052067-8794640","WNCA-D33-5-3","Lusait Wireless Strapless Bra for Women Silicone Removable Padded Bra Comfort Bandeau Tube Top Bra Beige M","1","amazon.ca","Amazon","Bon Accord","Alberta","T0A 0K","Combined TCS+MTC","19.99","1.00","0","0","0","0","0","0","0","0","-1.00","-2.00","-6.73","-0.04","0","11.22"
"Jul 9, 2025 8:16:14 a.m. PDT","24005651071","Order","701-2629601-1240246","WNCA-D33-6-3","Lusait Wireless Strapless Bra for Women Silicone Removable Padded Bra Comfort Bandeau Tube Top Bra White M","1","amazon.ca","Amazon","New Hamburg","Ontario","N3A 4B","Combined TCS+MTC","19.99","2.60","0","0","0","0","0","0","0","0","-2.60","-2.00","-6.36","-0.04","0","11.59"
"Jul 9, 2025 8:39:11 a.m. PDT","24005651071","Order","702-1847042-6301801","WNCA-D33-25-2","Lusait Wireless Strapless Bra for Women Silicone Removable Padded Bra Comfort Bandeau Tube Top Bra Black+Beige S","1","amazon.ca","Amazon","Sainte-Therese","Quebec","J7E 1H","Combined TCS+MTC","32.99","4.94","0","0","0","0","0","0","0","0","-4.94","-5.61","-6.73","-0.11","0","20.54"
"Jul 9, 2025 9:07:00 a.m. PDT","24005651071","Order","701-9488900-1817027","WNCA-D33-25-5","Lusait Wireless Strapless Bra for Women Silicone Removable Padded Bra Comfort Bandeau Tube Top Bra Black+Beige XL","1","amazon.ca","Amazon","CAVAN MONAGHAN","ON","K9J0G","Combined TCS+MTC","32.99","4.29","0","0","0","0","0","0","0","0","-4.29","-5.61","-7.40","-0.11","0","19.87"
"Jul 9, 2025 11:30:27 a.m. PDT","24005651071","Fulfilment by Amazon customer return fee","702-0260078-6664208","X003R2D0U1","FBA Customer Return Per Unit Fee (Clothing & Shoes)","","Amazon.ca","","","","","","0","0","0","0","0","0","0","0","0","0","0","0","-4.92","0","0","-4.92"
"Jul 9, 2025 11:47:57 a.m. PDT","24005651071","Fulfilment by Amazon customer return fee","701-8161225-7879440","X003R2BVXT","FBA Customer Return Per Unit Fee (Clothing & Shoes)","","Amazon.ca","","","","","","0","0","0","0","0","0","0","0","0","0","0","0","-4.92","0","0","-4.92"
"Jul 9, 2025 1:46:02 p.m. PDT","24005651071","Refund","701-3641973-2605830","WNCA-D33-5-3","Lusait Wireless Strapless Bra for Women Silicone Removable Padded Bra Comfort Bandeau Tube Top Bra Beige M","1","amazon.ca","Amazon","Wasaga Beach","Ontario","L9Z 0B","Combined TCS+MTC","-19.99","-2.60","0","0","0","0","0","0","0","0","2.60","1.60","0","0.04","0","-18.35"
"Jul 9, 2025 4:06:28 p.m. PDT","24005651071","Refund","702-0260078-6664208","WNCA-D33-5-4","Lusait Wireless Strapless Bra for Women Silicone Removable Padded Bra Comfort Bandeau Tube Top Bra Beige L","1","amazon.ca","Amazon","Brampton","Ontario","L6X 2W","Combined TCS+MTC","-19.99","-2.60","0","0","0","0","0","0","0","0","2.60","1.60","0","0.04","0","-18.35"
"Jul 9, 2025 5:16:57 p.m. PDT","24005651071","Order","701-5296626-5585816","WNCA-D33-6-2","Lusait Wireless Strapless Bra for Women Silicone Removable Padded Bra Comfort Bandeau Tube Top Bra White S","1","amazon.ca","Amazon","Hamilton","Ontario","L9A 0C","Combined TCS+MTC","19.99","2.60","0","0","0","0","0","0","0","0","-2.60","-2.00","-6.73","-0.04","0","11.22"
"Jul 9, 2025 6:21:42 p.m. PDT","24005651071","Order","702-4596550-7651460","WNCA-D33-25-3","Lusait Wireless Strapless Bra for Women Silicone Removable Padded Bra Comfort Bandeau Tube Top Bra Black+Beige M","1","amazon.ca","Amazon","STOUFFVILLE","Ontario","L4A 0L","Combined TCS+MTC","32.99","4.29","0","0","0","0","0","0","0","0","-4.29","-5.61","-6.73","-0.11","0","20.54"
"Jul 9, 2025 6:27:00 p.m. PDT","24005651071","Refund","702-8530352-4405053","WNCA-D33-2-3","Lusait Wireless Strapless Bra for Women Silicone Removable Padded Bra Comfort Bandeau Tube Top Bra Black M","1","amazon.ca","Amazon","Scarborough","Ontario","M1C 2K","Combined TCS+MTC","-19.99","-2.60","0","0","0","0","0","0","0","0","2.60","1.60","0","0.04","0","-18.35"
"Jul 9, 2025 9:28:35 p.m. PDT","24005651071","Refund","702-8311866-8114662","WNCA-D33-5-4","Lusait Wireless Strapless Bra for Women Silicone Removable Padded Bra Comfort Bandeau Tube Top Bra Beige L","1","amazon.ca","Amazon","St Albert","Ontario","K0A 3C","Combined TCS+MTC","-19.99","-2.60","0","0","0","0","0","0","0","0","2.60","1.60","0","0.04","0","-18.35"
"Jul 10, 2025 12:19:17 a.m. PDT","24005651071","Order","701-0659481-8074655","WNCA-D33-5-5","Lusait Wireless Strapless Bra for Women Silicone Removable Padded Bra Comfort Bandeau Tube Top Bra Beige XL","1","amazon.ca","Amazon","Cochrane","Alberta","T4C 1N","Combined TCS+MTC","19.99","1.00","0","0","0","0","0","0","0","0","-1.00","-2.00","-6.73","-0.04","0","11.22"
"Jul 10, 2025 3:18:13 a.m. PDT","24005651071","Order","701-8085983-9790643","WNCA-D33-5-5","Lusait Wireless Strapless Bra for Women Silicone Removable Padded Bra Comfort Bandeau Tube Top Bra Beige XL","1","amazon.ca","Amazon","Waterloo","Ontario","N2J 2T","Combined TCS+MTC","19.99","2.60","0","0","0","0","0","0","0","0","-2.60","-2.00","-6.73","-0.04","0","11.22"
"Jul 10, 2025 5:32:24 a.m. PDT","24005651071","Order","701-1999499-3277822","WNCA-D33-6-4","Lusait Wireless Strapless Bra for Women Silicone Removable Padded Bra Comfort Bandeau Tube Top Bra White L","1","amazon.ca","Amazon","London","Ontario","N6J 1P","Combined TCS+MTC","19.99","2.60","0","0","0","0","0","0","0","0","-2.60","-2.00","-6.73","-0.04","0","11.22"
"Jul 10, 2025 7:13:58 a.m. PDT","24005651071","Order","702-9195873-9813801","WNCA-D33-5-4","Lusait Wireless Strapless Bra for Women Silicone Removable Padded Bra Comfort Bandeau Tube Top Bra Beige L","1","amazon.ca","Amazon","Calgary","Alberta","T2X 3X","Combined TCS+MTC","19.99","1.00","0","0","0","0","0","0","0","0","-1.00","-2.00","-6.73","-0.04","0","11.22"
"Jul 10, 2025 7:41:28 a.m. PDT","24005651071","Order","702-0260078-6664208","WNCA-D33-5-4","Lusait Wireless Strapless Bra for Women Silicone Removable Padded Bra Comfort Bandeau Tube Top Bra Beige L","1","amazon.ca","Amazon","Brampton","Ontario","L6X 2W","Combined TCS+MTC","19.99","2.60","0","0","0","0","0","0","0","0","-2.60","-2.00","-6.73","-0.04","0","11.22"
"Jul 10, 2025 7:59:47 a.m. PDT","24005651071","Order","702-3620566-9929852","WNCA-D33-5-3","Lusait Wireless Strapless Bra for Women Silicone Removable Padded Bra Comfort Bandeau Tube Top Bra Beige M","1","amazon.ca","Amazon","Bothwell","Ontario","N0P 1C","Combined TCS+MTC","19.99","2.60","0","0","0","0","0","0","0","0","-2.60","-2.00","-6.73","-0.04","0","11.22"
"Jul 10, 2025 8:35:43 a.m. PDT","24005651071","Order","702-5781566-0996257","WNCA-D33-6-3","Lusait Wireless Strapless Bra for Women Silicone Removable Padded Bra Comfort Bandeau Tube Top Bra White M","1","amazon.ca","Amazon","Ridgetown","Ontario","N0P 2C","Combined TCS+MTC","19.99","2.60","0","0","0","0","0","0","0","0","-2.60","-2.00","-6.36","-0.04","0","11.59"
"Jul 10, 2025 8:40:20 a.m. PDT","24005651071","Order","702-4681573-7350605","WNCA-D33-5-3","Lusait Wireless Strapless Bra for Women Silicone Removable Padded Bra Comfort Bandeau Tube Top Bra Beige M","1","amazon.ca","Amazon","Thunder Bay","Ontario","P7E 1P","Combined TCS+MTC","19.99","2.60","0","0","0","0","0","0","0","0","-2.60","-2.00","-6.73","-0.04","0","11.22"
"Jul 10, 2025 9:16:57 a.m. PDT","24005651071","Order","702-8530352-4405053","WNCA-D33-2-3","Lusait Wireless Strapless Bra for Women Silicone Removable Padded Bra Comfort Bandeau Tube Top Bra Black M","1","amazon.ca","Amazon","Scarborough","Ontario","M1C 2K","Combined TCS+MTC","19.99","2.60","0","0","0","0","0","0","0","0","-2.60","-2.00","-6.73","-0.04","0","11.22"
"Jul 10, 2025 11:24:59 a.m. PDT","24005651071","Fulfilment by Amazon customer return fee","701-2803002-2011460","X00430JSFH","FBA Customer Return Per Unit Fee (Clothing & Shoes)","","Amazon.ca","","","","","","0","0","0","0","0","0","0","0","0","0","0","0","-4.92","0","0","-4.92"
"Jul 10, 2025 11:56:28 a.m. PDT","24005651071","Fulfilment by Amazon customer return fee","702-4358726-1279468","X00430QIK5","FBA Customer Return Per Unit Fee (Clothing & Shoes)","","Amazon.ca","","","","","","0","0","0","0","0","0","0","0","0","0","0","0","-4.92","0","0","-4.92"
"Jul 10, 2025 12:06:59 p.m. PDT","24005651071","Order","701-8290382-9989822","WNCA-D33-5-2","Lusait Wireless Strapless Bra for Women Silicone Removable Padded Bra Comfort Bandeau Tube Top Bra Beige S","1","amazon.ca","Amazon","Montreal","Quebec","H2V 4J","Combined TCS+MTC","19.99","2.99","0","0","0","0","0","0","0","0","-2.99","-2.00","-6.36","-0.04","0","11.59"
"Jul 10, 2025 4:48:07 p.m. PDT","24005651071","Order","702-8311866-8114662","WNCA-D33-5-4","Lusait Wireless Strapless Bra for Women Silicone Removable Padded Bra Comfort Bandeau Tube Top Bra Beige L","1","amazon.ca","Amazon","St Albert","Ontario","K0A 3C","Combined TCS+MTC","19.99","2.60","0","0","0","0","0","0","0","0","-2.60","-2.00","-6.73","-0.04","0","11.22"
"Jul 10, 2025 9:00:56 p.m. PDT","24005651071","Fulfilment by Amazon customer return fee","702-5202984-4224235","X00430QIK5","FBA Customer Return Per Unit Fee (Clothing & Shoes)","","Amazon.ca","","","","","","0","0","0","0","0","0","0","0","0","0","0","0","-4.92","0","0","-4.92"
"Jul 10, 2025 11:42:12 p.m. PDT","24005651071","Order","701-1987136-3805059","WNCA-D33-5-4","Lusait Wireless Strapless Bra for Women Silicone Removable Padded Bra Comfort Bandeau Tube Top Bra Beige L","1","amazon.ca","Amazon","Repentigny","Quebec","J5Y 4B","Combined TCS+MTC","19.99","2.99","0","0","0","0","0","0","0","0","-2.99","-2.00","-6.73","-0.04","0","11.22"
"Jul 11, 2025 12:29:40 a.m. PDT","24005651071","Order","701-2662096-1592242","WNCA-D33-5-6","Lusait Wireless Strapless Bra for Women Silicone Removable Padded Bra Comfort Bandeau Tube Top Bra Beige 2XL","1","amazon.ca","Amazon","Dorchester","Ontario","N0L 1G","Combined TCS+MTC","19.99","2.60","0","0","0","0","0","0","0","0","-2.60","-2.00","-6.73","-0.04","0","11.22"
"Jul 11, 2025 2:27:12 a.m. PDT","24005651071","Order","701-0267582-2923479","WNCA-D33-25-3","Lusait Wireless Strapless Bra for Women Silicone Removable Padded Bra Comfort Bandeau Tube Top Bra Black+Beige M","1","amazon.ca","Amazon","Abbotsford","British Columbia","V2S 1Y","Combined TCS+MTC","32.99","3.96","0","0","0","0","0","0","0","0","-3.96","-5.61","-6.73","-0.11","0","20.54"
"Jul 11, 2025 3:22:24 a.m. PDT","24005651071","Order","702-2379354-4949834","WNCA-D33-5-3","Lusait Wireless Strapless Bra for Women Silicone Removable Padded Bra Comfort Bandeau Tube Top Bra Beige M","1","amazon.ca","Amazon","Murray Harbour North","Prince Edward Island","C0A 1R","Combined TCS+MTC","19.99","3.00","0","0","0","0","0","0","0","0","-3.00","-2.00","-6.73","-0.04","0","11.22"
"Jul 11, 2025 4:51:41 a.m. PDT","24005651071","Order","702-9781447-6013836","WNCA-D33-25-3","Lusait Wireless Strapless Bra for Women Silicone Removable Padded Bra Comfort Bandeau Tube Top Bra Black+Beige M","1","amazon.ca","Amazon","Stoney Creeki","Ontario","L8J0K","Combined TCS+MTC","32.99","4.29","0","0","0","0","0","0","0","0","-4.29","-5.61","-6.73","-0.11","0","20.54"
"Jul 11, 2025 5:48:04 a.m. PDT","24005651071","Order","702-1727848-3687448","WNCA-D33-22-4","Lusait Wireless Strapless Bra for Women Silicone Removable Padded Bra Comfort Bandeau Tube Top Bra Black+Black L","1","amazon.ca","Amazon","Digby","Nova Scotia","B0V1A","Combined TCS+MTC","19.99","2.80","0","0","0","0","0","0","0","0","-2.80","-2.00","-6.73","-0.04","0","11.22"
"Jul 11, 2025 7:42:50 a.m. PDT","24005651071","Order","701-5247515-5065854","WNCA-D33-5-3","Lusait Wireless Strapless Bra for Women Silicone Removable Padded Bra Comfort Bandeau Tube Top Bra Beige M","1","amazon.ca","Amazon","Scarborough","Ontario","M1P3P","Combined TCS+MTC","19.99","2.60","0","0","0","0","0","0","0","0","-2.60","-2.00","-6.73","-0.04","0","11.22"
"Jul 11, 2025 9:44:31 a.m. PDT","24005651071","Fulfilment by Amazon customer return fee","702-9148715-7668269","X003R2BVSJ","FBA Customer Return Per Unit Fee (Clothing & Shoes)","","Amazon.ca","","","","","","0","0","0","0","0","0","0","0","0","0","0","0","-4.57","0","0","-4.57"
"Jul 11, 2025 11:52:16 a.m. PDT","24005651071","Refund","702-9148715-7668269","WNCA-D33-5-3","Lusait Wireless Strapless Bra for Women Silicone Removable Padded Bra Comfort Bandeau Tube Top Bra Beige M","1","amazon.ca","Amazon","Scarborough","Ontario","M1P 1B","Combined TCS+MTC","-19.99","-2.60","-2.34","0","0","0","0","0","2.34","0","2.60","1.60","0","0.04","0","-18.35"
"Jul 11, 2025 4:00:41 p.m. PDT","24005651071","Order","701-9486287-2361019","WNCA-D33-7-3","Lusait Wireless Strapless Bra for Women Silicone Removable Padded Bra Comfort Bandeau Tube Top Bra Brown M","1","amazon.ca","Amazon","Deux-Montagnes","Quebec","J7R 3N","Combined TCS+MTC","19.99","2.99","0","0","0","0","0","0","0","0","-2.99","-2.00","-6.73","-0.04","0","11.22"
"Jul 11, 2025 5:10:35 p.m. PDT","24005651071","Fulfilment by Amazon customer return fee","701-5131523-0042607","X003RUSPM1","FBA Customer Return Per Unit Fee (Clothing & Shoes)","","Amazon.ca","","","","","","0","0","0","0","0","0","0","0","0","0","0","0","-4.92","0","0","-4.92"
"Jul 11, 2025 6:26:58 p.m. PDT","24005651071","Refund","702-4906935-8173046","WNCA-D33-2-6","Lusait Wireless Strapless Bra for Women Silicone Removable Padded Bra Comfort Bandeau Tube Top Bra Black 2XL","1","amazon.ca","Amazon","Codrington","Ontario","K0K 1R","Combined TCS+MTC","-19.99","-2.60","0","0","0","0","0","0","0","0","2.60","1.60","0","0.04","0","-18.35"
"Jul 11, 2025 6:36:02 p.m. PDT","24005651071","Order","702-2862623-5325009","WNCA-D33-7-2","Lusait Wireless Strapless Bra for Women Silicone Removable Tube Top Bra Comfort Bandeau Padded Bra Brown S","1","amazon.ca","Amazon","Stoney Creek","Ontario","L8G3E","Combined TCS+MTC","19.99","2.60","0","0","0","0","0","0","0","0","-2.60","-2.00","-6.73","-0.04","0","11.22"
"Jul 11, 2025 6:44:58 p.m. PDT","24005651071","Order","702-1249428-6587428","WNCA-D33-2-5","Lusait Wireless Strapless Bra for Women Silicone Removable Padded Bra Comfort Bandeau Tube Top Bra Black XL","1","amazon.ca","Amazon","Longueuil","Quebec","J4K 2K","Combined TCS+MTC","19.99","2.99","0","0","0","0","0","0","0","0","-2.99","-2.00","-7.40","-0.04","0","10.55"
"Jul 11, 2025 11:10:24 p.m. PDT","24005651071","Order","702-3105463-5326658","WNCA-D33-5-3","Lusait Wireless Strapless Bra for Women Silicone Removable Padded Bra Comfort Bandeau Tube Top Bra Beige M","1","amazon.ca","Amazon","Fenelon Falls","Ontario","K0M 1N","Combined TCS+MTC","19.99","2.60","0","0","0","0","0","0","0","0","-2.60","-2.00","-6.73","-0.04","0","11.22"
"Jul 11, 2025 11:41:04 p.m. PDT","24005651071","Order","702-0304571-8094607","WNCA-D33-5-5","Lusait Wireless Strapless Bra for Women Silicone Removable Padded Bra Comfort Bandeau Tube Top Bra Beige XL","1","amazon.ca","Amazon","Vancouver","British Columbia","V5Y 0H","Combined TCS+MTC","19.99","2.40","0","0","0","0","0","0","0","0","-2.40","-2.00","-6.73","-0.04","0","11.22"
"Jul 11, 2025 11:50:42 p.m. PDT","24005651071","Order","702-7001725-4217822","WNCA-D33-2-3","Lusait Wireless Strapless Bra for Women Silicone Removable Padded Bra Comfort Bandeau Tube Top Bra Black M","1","amazon.ca","Amazon","Ajax","Ontario","L1T 0L","Combined TCS+MTC","19.99","2.60","0","0","0","0","0","0","0","0","-2.60","-2.00","-6.73","-0.04","0","11.22"
"Jul 12, 2025 12:22:11 a.m. PDT","24005651071","Order","701-9385320-8823451","WNCA-D33-5-3","Lusait Wireless Strapless Bra for Women Silicone Removable Padded Bra Comfort Bandeau Tube Top Bra Beige M","1","amazon.ca","Amazon","Toronto","Ontario","M2L 1L","Combined TCS+MTC","19.99","2.60","0","0","0","0","0","0","0","0","-2.60","-2.00","-6.73","-0.04","0","11.22"
"Jul 12, 2025 1:36:38 a.m. PDT","24005651071","Order","702-8733022-8479453","WNCA-D33-2-5","Lusait Wireless Strapless Bra for Women Silicone Removable Padded Bra Comfort Bandeau Tube Top Bra Black XL","1","amazon.ca","Amazon","Brossard","Quebec","J4X 2A","Combined TCS+MTC","19.99","2.99","0","0","0","0","0","0","0","0","-2.99","-2.00","-7.40","-0.04","0","10.55"
"Jul 12, 2025 4:59:58 a.m. PDT","24005651071","Order","701-3653987-2401864","WNCA-D33-5-5","Lusait Wireless Strapless Bra for Women Silicone Removable Padded Bra Comfort Bandeau Tube Top Bra Beige XL","1","amazon.ca","Amazon","Maple Ridge","British Columbia","V2X 9E","Combined TCS+MTC","19.99","2.40","0","0","0","0","0","0","0","0","-2.40","-2.00","-6.73","-0.04","0","11.22"
"Jul 12, 2025 5:49:30 a.m. PDT","24005651071","Refund","702-2862623-5325009","WNCA-D33-7-2","Lusait Wireless Strapless Bra for Women Silicone Removable Tube Top Bra Comfort Bandeau Padded Bra Brown S","1","amazon.ca","Amazon","Stoney Creek","Ontario","L8G3E","Combined TCS+MTC","-19.99","-2.60","0","0","0","0","0","0","0","0","2.60","1.60","0","0.04","0","-18.35"
"Jul 12, 2025 5:51:16 a.m. PDT","24005651071","Order","701-8875081-7343450","WNCA-D33-5-5","Lusait Wireless Strapless Bra for Women Silicone Removable Padded Bra Comfort Bandeau Tube Top Bra Beige XL","1","amazon.ca","Amazon","Fort Saskatchewan","Alberta","T8L 2A","Combined TCS+MTC","19.99","1.00","0","0","0","0","0","0","0","0","-1.00","-2.00","-6.73","-0.04","0","11.22"
"Jul 12, 2025 6:39:15 a.m. PDT","24005651071","Order","701-6760168-4532256","WNCA-D33-2-5","Lusait Wireless Strapless Bra for Women Silicone Removable Padded Bra Comfort Bandeau Tube Top Bra Black XL","1","amazon.ca","Amazon","North York","Ontario","M9M 1K","Combined TCS+MTC","19.99","2.60","0","0","0","0","0","0","0","0","-2.60","-2.00","-7.40","-0.04","0","10.55"
"Jul 12, 2025 8:53:57 a.m. PDT","24005651071","Order","701-1249598-9221048","WNCA-D33-6-6","Lusait Wireless Strapless Bra for Women Silicone Removable Padded Bra Comfort Bandeau Tube Top Bra White 2XL","1","amazon.ca","Amazon","Ottawa","Ontario","K1M 2B","Combined TCS+MTC","19.99","2.60","2.33","0","0","0","0","0","-2.33","0","-2.60","-2.00","-6.73","-0.04","0","11.22"
"Jul 12, 2025 2:35:08 p.m. PDT","24005651071","Order","702-2301430-5769855","WNCA-D33-5-3","Lusait Wireless Strapless Bra for Women Silicone Removable Padded Bra Comfort Bandeau Tube Top Bra Beige M","1","amazon.ca","Amazon","Toronto","Ontario","M6J 3X","Combined TCS+MTC","19.99","2.60","0","0","0","0","0","0","0","0","-2.60","-2.00","-6.73","-0.04","0","11.22"
"Jul 12, 2025 9:41:05 p.m. PDT","24005651071","Refund","702-6189169-9741847","WNCA-D33-5-3","Lusait Wireless Strapless Bra for Women Silicone Removable Padded Bra Comfort Bandeau Tube Top Bra Beige M","1","amazon.ca","Amazon","Richmond","British Columbia","V6V 3C","Combined TCS+MTC","-19.99","-2.40","0","0","0","0","0","0","0","0","2.40","1.60","0","0.04","0","-18.35"
"Jul 13, 2025 12:46:53 a.m. PDT","24005651071","Order","702-7177775-7893814","WNCA-D33-5-4","Lusait Wireless Strapless Bra for Women Silicone Removable Padded Bra Comfort Bandeau Tube Top Bra Beige L","1","amazon.ca","Amazon","Maple","Ontario","L6A 4R","Combined TCS+MTC","19.99","2.60","0","0","0","0","0","0","0","0","-2.60","-2.00","-6.73","-0.04","0","11.22"
"Jul 13, 2025 3:07:42 a.m. PDT","24005651071","Order","702-0903786-1823414","WNCA-D33-7-6","Lusait Wireless Strapless Bra for Women Silicone Removable Padded Bra Comfort Bandeau Tube Top Bra Brown 2XL","1","amazon.ca","Amazon","Kentville","Nova Scotia","B4N 4S","Combined TCS+MTC","19.99","2.80","0","0","0","0","0","0","0","0","-2.80","-2.00","-6.73","-0.04","0","11.22"
"Jul 13, 2025 5:37:51 a.m. PDT","24005651071","Order","702-5382338-7001835","WNCA-D33-22-6","Lusait Wireless Strapless Bra for Women Silicone Removable Padded Bra Comfort Bandeau Tube Top Bra Black+Black 2XL","1","amazon.ca","Amazon","Kentville","Nova Scotia","B4N 4S","Combined TCS+MTC","19.99","2.80","0","0","0","0","0","0","0","0","-2.80","-2.00","-6.73","-0.04","0","11.22"
"Jul 13, 2025 7:56:26 a.m. PDT","24005651071","Order","702-9160882-0025065","WNCA-D33-5-3","Lusait Wireless Strapless Bra for Women Silicone Removable Padded Bra Comfort Bandeau Tube Top Bra Beige M","1","amazon.ca","Amazon","Quebec","Quebec","G1C 3W","Combined TCS+MTC","19.99","2.99","0","0","0","0","0","0","0","0","-2.99","-2.00","-6.73","-0.04","0","11.22"
"Jul 13, 2025 8:53:49 a.m. PDT","24005651071","Order","701-4104924-6981056","WNCA-D33-5-3","Lusait Wireless Strapless Bra for Women Silicone Removable Padded Bra Comfort Bandeau Tube Top Bra Beige M","1","amazon.ca","Amazon","Milton","Ontario","L9T 2G","Combined TCS+MTC","19.99","2.60","0","0","0","0","0","0","0","0","-2.60","-2.00","-6.73","-0.04","0","11.22"
"Jul 13, 2025 9:11:14 a.m. PDT","24005651071","Fulfilment by Amazon customer return fee","702-4092565-8805054","X00430QIK5","FBA Customer Return Per Unit Fee (Clothing & Shoes)","","Amazon.ca","","","","","","0","0","0","0","0","0","0","0","0","0","0","0","-4.92","0","0","-4.92"
"Jul 13, 2025 4:13:18 p.m. PDT","24005651071","Order","701-1311220-9805841","WNCA-D33-25-3","Lusait Wireless Strapless Bra for Women Silicone Removable Padded Bra Comfort Bandeau Tube Top Bra Black+Beige M","1","amazon.ca","Amazon","Quebec","Quebec","G1B 2S","Combined TCS+MTC","32.99","4.94","0","0","0","0","0","0","0","0","-4.94","-5.61","-6.73","-0.11","0","20.54"
"Jul 13, 2025 6:48:23 p.m. PDT","24005651071","Order","701-2093144-6974630","WNCA-D33-2-3","Lusait Wireless Strapless Bra for Women Silicone Removable Padded Bra Comfort Bandeau Tube Top Bra Black M","1","amazon.ca","Amazon","Calgary","Alberta","T3P 0E","Combined TCS+MTC","19.99","1.00","0","0","0","0","0","0","0","0","-1.00","-2.00","-6.73","-0.04","0","11.22"
"Jul 13, 2025 8:44:16 p.m. PDT","24005651071","Order","701-3991831-8206649","WNCA-D33-6-3","Lusait Wireless Strapless Bra for Women Silicone Removable Padded Bra Comfort Bandeau Tube Top Bra White M","1","amazon.ca","Amazon","Mississauga","Ontario","L5N5K","Combined TCS+MTC","19.99","2.60","0","0","0","0","0","0","0","0","-2.60","-2.00","-6.36","-0.04","0","11.59"
"Jul 13, 2025 11:41:59 p.m. PDT","24005651071","Order","701-6609988-8441042","WNCA-D33-5-3","Lusait Wireless Strapless Bra for Women Silicone Removable Padded Bra Comfort Bandeau Tube Top Bra Beige M","1","amazon.ca","Amazon","Kelowna","BC","V1Y 6V","Combined TCS+MTC","19.99","2.40","0","0","0","0","0","0","0","0","-2.40","-2.00","-7.20","-0.04","0","10.75"
"Jul 14, 2025 1:11:55 a.m. PDT","24005651071","Order","702-8466855-2181814","WNCA-D33-2-5","Lusait Wireless Strapless Bra for Women Silicone Removable Padded Bra Comfort Bandeau Tube Top Bra Black XL","1","amazon.ca","Amazon","Abbotsford","British Columbia","V2S 2J","Combined TCS+MTC","19.99","2.40","0","0","0","0","0","0","0","0","-2.40","-2.00","-7.40","-0.04","0","10.55"
"Jul 14, 2025 1:28:16 a.m. PDT","24005651071","Refund","702-8466855-2181814","WNCA-D33-2-5","Lusait Wireless Strapless Bra for Women Silicone Removable Padded Bra Comfort Bandeau Tube Top Bra Black XL","1","amazon.ca","Amazon","Abbotsford","British Columbia","V2S 2J","Combined TCS+MTC","-19.99","-2.40","0","0","0","0","0","0","0","0","2.40","1.60","0","0.04","0","-18.35"
"Jul 14, 2025 1:31:20 a.m. PDT","24005651071","Order","702-5195501-7749004","WNCA-D33-5-2","Lusait Wireless Strapless Bra for Women Silicone Removable Padded Bra Comfort Bandeau Tube Top Bra Beige S","1","amazon.ca","Amazon","Milton","Ontario","L9T 3G","Combined TCS+MTC","19.99","2.60","0","0","0","0","0","0","0","0","-2.60","-2.00","-6.36","-0.04","0","11.59"
"Jul 14, 2025 1:55:24 a.m. PDT","24005651071","Order","701-0451043-7625048","WNCA-D33-5-5","Lusait Wireless Strapless Bra for Women Silicone Removable Padded Bra Comfort Bandeau Tube Top Bra Beige XL","1","amazon.ca","Amazon","Toronto","ON","M8Z 1Y","Combined TCS+MTC","19.99","2.60","0","0","0","0","0","0","0","0","-2.60","-2.00","-6.73","-0.04","0","11.22"
"Jul 14, 2025 2:09:33 a.m. PDT","24005651071","Order","702-1787345-5157051","WNCA-D33-5-4","Lusait Wireless Strapless Bra for Women Silicone Removable Padded Bra Comfort Bandeau Tube Top Bra Beige L","1","amazon.ca","Amazon","Medicine Hat","Alberta","T1B 3Z","Combined TCS+MTC","19.99","1.00","0","0","0","0","0","0","0","0","-1.00","-2.00","-6.73","-0.04","0","11.22"
"Jul 14, 2025 7:11:49 a.m. PDT","24005651071","Order","701-4182517-8812243","WNCA-D33-25-2","Lusait Wireless Strapless Bra for Women Silicone Removable Padded Bra Comfort Bandeau Tube Top Bra Black+Beige S","1","amazon.ca","Amazon","Montreal","QC","H2Z 0A","Combined TCS+MTC","32.99","4.94","0","0","0","0","0","0","0","0","-4.94","-5.61","-6.73","-0.11","0","20.54"
"Jul 14, 2025 8:49:45 a.m. PDT","24005651071","Order","701-9089619-3389809","WNCA-D33-2-2","Lusait Wireless Strapless Bra for Women Silicone Removable Padded Bra Comfort Bandeau Tube Top Bra Black S","1","amazon.ca","Amazon","St Davids","Ontario","L0S 1P","Combined TCS+MTC","19.99","2.60","0","0","0","0","0","0","0","0","-2.60","-2.00","-6.36","-0.04","0","11.59"
"Jul 14, 2025 8:52:03 a.m. PDT","24005651071","Order","702-9275576-6657849","WNCA-D33-6-3","Lusait Wireless Strapless Bra for Women Silicone Removable Padded Bra Comfort Bandeau Tube Top Bra White M","1","amazon.ca","Amazon","Montreal","Quebec","H3J 2Z","Combined TCS+MTC","19.99","2.99","0","0","0","0","0","0","0","0","-2.99","-2.00","-6.36","-0.04","0","11.59"
"Jul 14, 2025 8:54:22 a.m. PDT","24005651071","Order","702-6184639-0894647","WNCA-D33-5-4","Lusait Wireless Strapless Bra for Women Silicone Removable Padded Bra Comfort Bandeau Tube Top Bra Beige L","1","amazon.ca","Amazon","Pierrefonds","Quebec","H9J 2V","Combined TCS+MTC","19.99","2.99","0","0","0","0","0","0","0","0","-2.99","-2.00","-6.73","-0.04","0","11.22"
"Jul 14, 2025 9:40:31 a.m. PDT","24005651071","Fulfilment by Amazon customer return fee","702-0185846-8312255","X00430QIK5","FBA Customer Return Per Unit Fee (Clothing & Shoes)","","Amazon.ca","","","","","","0","0","0","0","0","0","0","0","0","0","0","0","-4.92","0","0","-4.92"
"Jul 14, 2025 10:32:27 a.m. PDT","24005651071","Adjustment","","WNCA-D33-6-5","FBA Inventory Reimbursement - Damaged:Warehouse","1","","","","","","","0","0","0","0","0","0","0","0","0","0","0","0","0","0","6.72","6.72"
"Jul 14, 2025 10:33:24 a.m. PDT","24005651071","Order","702-8903555-8192241","WNCA-D33-25-2","Lusait Wireless Strapless Bra for Women Silicone Removable Padded Bra Comfort Bandeau Tube Top Bra Black+Beige S","1","amazon.ca","Amazon","Toronto","Ontario","M2N 7E","Combined TCS+MTC","32.99","4.29","0","0","0","0","0","0","0","0","-4.29","-5.61","-6.73","-0.11","0","20.54"
"Jul 14, 2025 12:21:13 p.m. PDT","24005651071","Fulfilment by Amazon customer return fee","702-4015366-3597012","X003RUSPM1","FBA Customer Return Per Unit Fee (Clothing & Shoes)","","Amazon.ca","","","","","","0","0","0","0","0","0","0","0","0","0","0","0","-4.92","0","0","-4.92"
"Jul 14, 2025 12:24:38 p.m. PDT","24005651071","Refund","702-8657969-1274612","WNCA-D33-7-4","Lusait Wireless Strapless Bra for Women Silicone Removable Padded Bra Comfort Bandeau Tube Top Bra Brown L","1","amazon.ca","Amazon","Vancouver","British Columbia","V5Y 2G","Combined TCS+MTC","-19.99","-2.40","0","0","0","0","0","0","0","0","2.40","1.60","0","0.04","0","-18.35"
"Jul 14, 2025 1:05:10 p.m. PDT","24005651071","Fulfilment by Amazon customer return fee","701-5439687-0309835","X00430JSFH","FBA Customer Return Per Unit Fee (Clothing & Shoes)","","Amazon.ca","","","","","","0","0","0","0","0","0","0","0","0","0","0","0","-4.92","0","0","-4.92"
"Jul 14, 2025 1:22:41 p.m. PDT","24005651071","Order","701-2419577-6095437","WNCA-D33-25-2","Lusait Wireless Strapless Bra for Women Silicone Removable Padded Bra Comfort Bandeau Tube Top Bra Black+Beige S","2","amazon.ca","Amazon","Oshawa","Ontario","L1L 0W","Combined TCS+MTC","65.98","8.58","0","0","0","0","0","0","0","0","-8.58","-11.22","-13.46","-0.22","0","41.08"
"Jul 14, 2025 2:01:04 p.m. PDT","24005651071","Fulfilment by Amazon customer return fee","701-1195835-1163443","X003R2BVOX","FBA Customer Return Per Unit Fee (Clothing & Shoes)","","Amazon.ca","","","","","","0","0","0","0","0","0","0","0","0","0","0","0","-4.79","0","0","-4.79"
"Jul 14, 2025 2:07:07 p.m. PDT","24005651071","Fulfilment by Amazon customer return fee","701-0725968-7908268","X003RUT04X","FBA Customer Return Per Unit Fee (Clothing & Shoes)","","Amazon.ca","","","","","","0","0","0","0","0","0","0","0","0","0","0","0","-4.92","0","0","-4.92"
"Jul 14, 2025 11:16:05 p.m. PDT","24005651071","Order","702-6203436-5198614","WNCA-D33-5-3","Lusait Wireless Strapless Bra for Women Silicone Removable Padded Bra Comfort Bandeau Tube Top Bra Beige M","1","amazon.ca","Amazon","Hanmer","Ontario","P3P 0A","Combined TCS+MTC","19.99","2.60","0","0","0","0","0","0","0","0","-2.60","-2.00","-6.73","-0.04","0","11.22"
"Jul 15, 2025 12:56:46 a.m. PDT","24005651071","Order","701-6065152-6624255","WNCA-D33-5-2","Lusait Wireless Strapless Bra for Women Silicone Removable Padded Bra Comfort Bandeau Tube Top Bra Beige S","1","amazon.ca","Amazon","London","Ontario","N6H 5W","Combined TCS+MTC","19.99","2.60","0","0","0","0","0","0","0","0","-2.60","-2.00","-6.36","-0.04","0","11.59"
"Jul 15, 2025 1:42:13 a.m. PDT","24005651071","Order","702-5933617-2223430","WNCA-D33-6-2","Lusait Wireless Strapless Bra for Women Silicone Removable Padded Bra Comfort Bandeau Tube Top Bra White S","1","amazon.ca","Amazon","new lowell","Ontario","L0M 1N","Combined TCS+MTC","19.99","2.60","0","0","0","0","0","0","0","0","-2.60","-2.00","-6.73","-0.04","0","11.22"
"Jul 15, 2025 1:52:04 a.m. PDT","24005651071","Refund","702-2542626-2781034","WNCA-D33-5-3","Lusait Wireless Strapless Bra for Women Silicone Removable Padded Bra Comfort Bandeau Tube Top Bra Beige M","1","amazon.ca","Amazon","Oshawa","Ontario","L1L 0B","Combined TCS+MTC","-19.99","-2.60","0","0","0","0","0","0","0","0","2.60","1.60","0","0.04","0","-18.35"
"Jul 15, 2025 2:04:17 a.m. PDT","24005651071","Order","702-5210119-9532219","WNCA-D33-5-2","Lusait Wireless Strapless Bra for Women Silicone Removable Padded Bra Comfort Bandeau Tube Top Bra Beige S","1","amazon.ca","Amazon","Blackfalds","Alberta","T0M 0J","Combined TCS+MTC","19.99","1.00","0","0","0","0","0","0","0","0","-1.00","-2.00","-6.36","-0.04","0","11.59"
"Jul 15, 2025 3:11:54 a.m. PDT","24005651071","Refund","702-4015366-3597012","WNCA-D33-25-2","Lusait Wireless Strapless Bra for Women Silicone Removable Padded Bra Comfort Bandeau Tube Top Bra Black+Beige S","1","amazon.ca","Amazon","Guelph","Ontario","N1G 5C","Combined TCS+MTC","-32.99","-4.29","-3.49","0","0","0","0","0","3.49","0","4.29","4.49","0","0.11","0","-28.39"
"Jul 15, 2025 3:17:13 a.m. PDT","24005651071","Order","702-4015366-3597012","WNCA-D33-25-2","Lusait Wireless Strapless Bra for Women Silicone Removable Padded Bra Comfort Bandeau Tube Top Bra Black+Beige S","1","amazon.ca","Amazon","Guelph","Ontario","N1G 5C","Combined TCS+MTC","32.99","4.29","3.49","0","0","0","0","0","-3.49","0","-4.29","-5.61","-6.73","-0.11","0","20.54"
"Jul 15, 2025 4:58:16 a.m. PDT","24005651071","Fulfilment by Amazon customer return fee","702-2862623-5325009","X00430ZYY1","FBA Customer Return Per Unit Fee (Clothing & Shoes)","","Amazon.ca","","","","","","0","0","0","0","0","0","0","0","0","0","0","0","-4.92","0","0","-4.92"
"Jul 15, 2025 5:42:22 a.m. PDT","24005651071","Order","701-9587723-8422620","WNCA-D33-5-5","Lusait Wireless Strapless Bra for Women Silicone Removable Padded Bra Comfort Bandeau Tube Top Bra Beige XL","1","amazon.ca","Amazon","Quebec","Quebec","G2G 0E","Combined TCS+MTC","19.99","2.99","0","0","0","0","0","0","0","0","-2.99","-2.00","-6.73","-0.04","0","11.22"
"Jul 15, 2025 6:34:19 a.m. PDT","24005651071","Order","701-2065486-2292257","WNCA-D33-25-2","Lusait Wireless Strapless Bra for Women Silicone Removable Padded Bra Comfort Bandeau Tube Top Bra Black+Beige S","1","amazon.ca","Amazon","Yellowknife","Northwest Territories","X1A 3T","Combined TCS+MTC","32.99","1.65","0","0","0","0","0","0","0","0","-1.65","-5.61","-6.73","-0.11","0","20.54"
"Jul 15, 2025 6:46:59 a.m. PDT","24005651071","Order","702-3642787-1034636","WNCA-D33-5-5","Lusait Wireless Strapless Bra for Women Silicone Removable Padded Bra Comfort Bandeau Tube Top Bra Beige XL","1","amazon.ca","Amazon","Burton","New Brunswick","E2V 3K","Combined TCS+MTC","19.99","3.00","0","0","0","0","0","0","0","0","-3.00","-2.00","-6.73","-0.04","0","11.22"
"Jul 15, 2025 8:01:27 a.m. PDT","24005651071","Fulfilment by Amazon customer return fee","701-3894793-4863467","X003R2BVSJ","FBA Customer Return Per Unit Fee (Clothing & Shoes)","","Amazon.ca","","","","","","0","0","0","0","0","0","0","0","0","0","0","0","-4.92","0","0","-4.92"
"Jul 15, 2025 8:56:57 a.m. PDT","24005651071","Fulfilment by Amazon customer return fee","702-5308359-9555429","X003R2D0UV","FBA Customer Return Per Unit Fee (Clothing & Shoes)","","Amazon.ca","","","","","","0","0","0","0","0","0","0","0","0","0","0","0","-4.92","0","0","-4.92"
"Jul 15, 2025 9:05:36 a.m. PDT","24005651071","Refund","701-9486287-2361019","WNCA-D33-7-3","Lusait Wireless Strapless Bra for Women Silicone Removable Padded Bra Comfort Bandeau Tube Top Bra Brown M","1","amazon.ca","Amazon","Deux-Montagnes","Quebec","J7R 3N","Combined TCS+MTC","-19.99","-2.99","0","0","0","0","0","0","0","0","2.99","1.60","0","0.04","0","-18.35"
"Jul 15, 2025 10:41:38 a.m. PDT","24005651071","Order","701-9230484-8293831","WNCA-D33-2-2","Lusait Wireless Strapless Bra for Women Silicone Removable Padded Bra Comfort Bandeau Tube Top Bra Black S","1","amazon.ca","Amazon","Lakeside","On","N0M 2G","Combined TCS+MTC","19.99","2.60","0","0","0","0","0","0","0","0","-2.60","-2.00","-6.36","-0.04","0","11.59"
"Jul 15, 2025 10:41:38 a.m. PDT","24005651071","Order","701-9230484-8293831","WNCA-D33-25-3","Lusait Wireless Strapless Bra for Women Silicone Removable Padded Bra Comfort Bandeau Tube Top Bra Black+Beige M","1","amazon.ca","Amazon","Lakeside","On","N0M 2G","Combined TCS+MTC","32.99","4.29","0","0","0","0","0","0","0","0","-4.29","-5.61","-6.73","-0.11","0","20.54"
"Jul 15, 2025 10:46:02 a.m. PDT","24005651071","Order","702-2542626-2781034","WNCA-D33-5-3","Lusait Wireless Strapless Bra for Women Silicone Removable Padded Bra Comfort Bandeau Tube Top Bra Beige M","1","amazon.ca","Amazon","Oshawa","Ontario","L1L 0B","Combined TCS+MTC","19.99","2.60","0","0","0","0","0","0","0","0","-2.60","-2.00","-6.73","-0.04","0","11.22"
"Jul 15, 2025 11:33:45 a.m. PDT","24005651071","Order","702-1173106-7609830","WNCA-D33-2-2","Lusait Wireless Strapless Bra for Women Silicone Removable Padded Bra Comfort Bandeau Tube Top Bra Black S","1","amazon.ca","Amazon","Toronto","Ontario","M1C 3X","Combined TCS+MTC","19.99","2.60","0","0","0","0","0","0","0","0","-2.60","-2.00","-6.36","-0.04","0","11.59"
"Jul 15, 2025 12:54:59 p.m. PDT","24005651071","Fulfilment by Amazon customer return fee","701-3641973-2605830","X003R2BVSJ","FBA Customer Return Per Unit Fee (Clothing & Shoes)","","Amazon.ca","","","","","","0","0","0","0","0","0","0","0","0","0","0","0","-4.92","0","0","-4.92"
"Jul 15, 2025 1:11:59 p.m. PDT","24005651071","FBA Inventory Fee","702-2862623-5325009","","Fulfilment by Amazon removal order: disposal fee","","Amazon.ca","","","","","","0","0","0","0","0","0","0","0","0","0","0","0","0","0","-0.36","-0.36"
"Jul 15, 2025 2:40:47 p.m. PDT","24005651071","Order","701-2614074-8296236","WNCA-D33-5-5","Lusait Wireless Strapless Bra for Women Silicone Removable Padded Bra Comfort Bandeau Tube Top Bra Beige XL","1","amazon.ca","Amazon","Lasalle","Quebec","H8N 1G","Combined TCS+MTC","19.99","2.99","0","0","0","0","0","0","0","0","-2.99","-2.00","-6.73","-0.04","0","11.22"
"Jul 15, 2025 3:59:04 p.m. PDT","24005651071","Fulfilment by Amazon customer return fee","701-1979049-3877031","X003RUSPM1","FBA Customer Return Per Unit Fee (Clothing & Shoes)","","Amazon.ca","","","","","","0","0","0","0","0","0","0","0","0","0","0","0","-4.92","0","0","-4.92"
"Jul 15, 2025 6:06:31 p.m. PDT","24005651071","Refund","702-1704828-9529830","WNCA-D33-2-2","Lusait Wireless Strapless Bra for Women Silicone Removable Padded Bra Comfort Bandeau Tube Top Bra Black S","1","amazon.ca","Amazon","Tottenham","Ontario","L0G 1W","Combined TCS+MTC","-19.99","-2.60","0","0","0","0","0","0","0","0","2.60","1.60","0","0.04","0","-18.35"
"Jul 15, 2025 8:05:51 p.m. PDT","24005651071","Refund","701-6065152-6624255","WNCA-D33-5-2","Lusait Wireless Strapless Bra for Women Silicone Removable Padded Bra Comfort Bandeau Tube Top Bra Beige S","1","amazon.ca","Amazon","London","Ontario","N6H 5W","Combined TCS+MTC","-19.99","-2.60","0","0","0","0","0","0","0","0","2.60","1.60","0","0.04","0","-18.35"
"Jul 15, 2025 9:20:44 p.m. PDT","24005651071","Fulfilment by Amazon customer return fee","701-3646171-1250625","X003R2GKW1","FBA Customer Return Per Unit Fee (Clothing & Shoes)","","Amazon.ca","","","","","","0","0","0","0","0","0","0","0","0","0","0","0","-4.87","0","0","-4.87"
"Jul 15, 2025 10:15:14 p.m. PDT","24005651071","Order","702-8724320-2851405","WNCA-D33-5-3","Lusait Wireless Strapless Bra for Women Silicone Removable Padded Bra Comfort Bandeau Tube Top Bra Beige M","1","amazon.ca","Amazon","Lac-St-Joseph","Quebec","G3N 0A","Combined TCS+MTC","19.99","2.99","0","0","0","0","0","0","0","0","-2.99","-2.00","-6.73","-0.04","0","11.22"
"Jul 16, 2025 12:46:20 a.m. PDT","24005651071","Order","701-9110075-9873031","WNCA-D33-7-5","Lusait Wireless Strapless Bra for Women Silicone Removable Padded Bra Comfort Bandeau Tube Top Bra Brown XL","1","amazon.ca","Amazon","Hamilton","Ontario","L8E 1J","Combined TCS+MTC","19.99","2.60","0","0","0","0","0","0","0","0","-2.60","-2.00","-6.73","-0.04","0","11.22"
"Jul 16, 2025 1:04:25 a.m. PDT","24005651071","Order","701-6052768-0931437","WNCA-D33-6-5","Lusait Wireless Strapless Bra for Women Silicone Removable Padded Bra Comfort Bandeau Tube Top Bra White XL","1","amazon.ca","Amazon","North Vancouver","British Columbia","V7K 2R","Combined TCS+MTC","19.99","2.40","0","0","0","0","0","0","0","0","-2.40","-2.00","-6.73","-0.04","0","11.22"
"Jul 16, 2025 1:27:05 a.m. PDT","24005651071","Refund","701-3646171-1250625","WNCA-D33-6-2","Lusait Wireless Strapless Bra for Women Silicone Removable Padded Bra Comfort Bandeau Tube Top Bra White S","1","amazon.ca","Amazon","Langley","British Columbia","V2Y 3L","Combined TCS+MTC","-19.99","-2.40","0","0","0","0","0","0","0","0","2.40","1.60","0","0.04","0","-18.35"
"Jul 16, 2025 1:54:32 a.m. PDT","24005651071","Order","702-5091653-2521833","WNCA-D33-2-2","Lusait Wireless Strapless Bra for Women Silicone Removable Padded Bra Comfort Bandeau Tube Top Bra Black S","1","amazon.ca","Amazon","Toronto","Ontario","M4S 3C","Combined TCS+MTC","19.99","2.60","0","0","0","0","0","0","0","0","-2.60","-2.00","-6.36","-0.04","0","11.59"
"Jul 16, 2025 4:25:23 a.m. PDT","24005651071","Order","701-2021750-4789836","WNCA-D33-5-3","Lusait Wireless Strapless Bra for Women Silicone Removable Padded Bra Comfort Bandeau Tube Top Bra Beige M","1","amazon.ca","Amazon","Laval","Quebec","H7X 4B","Combined TCS+MTC","19.99","2.99","0","0","0","0","0","0","0","0","-2.99","-2.00","-6.73","-0.04","0","11.22"
"Jul 16, 2025 5:46:24 a.m. PDT","24005651071","Order","701-0498779-2849062","WNCA-D33-5-3","Lusait Wireless Strapless Bra for Women Silicone Removable Padded Bra Comfort Bandeau Tube Top Bra Beige M","1","amazon.ca","Amazon","Listowel","Ontario","N4W 2B","Combined TCS+MTC","19.99","2.60","0","0","0","0","0","0","0","0","-2.60","-2.00","-6.73","-0.04","0","11.22"
"Jul 16, 2025 5:51:58 a.m. PDT","24005651071","Order","701-3553881-6925863","WNCA-D33-5-3","Lusait Wireless Strapless Bra for Women Silicone Removable Padded Bra Comfort Bandeau Tube Top Bra Beige M","1","amazon.ca","Amazon","Ottawa","Ontario","K1L 0B","Combined TCS+MTC","19.99","2.60","0","0","0","0","0","0","0","0","-2.60","-2.00","-6.73","-0.04","0","11.22"
"Jul 16, 2025 6:30:46 a.m. PDT","24005651071","Order","701-1845545-9642662","WNCA-D33-5-5","Lusait Wireless Strapless Bra for Women Silicone Removable Padded Bra Comfort Bandeau Tube Top Bra Beige XL","1","amazon.ca","Amazon","Sainte-Adele","Quebec","J8B 1V","Combined TCS+MTC","19.99","2.99","0","0","0","0","0","0","0","0","-2.99","-2.00","-6.73","-0.04","0","11.22"
"Jul 16, 2025 7:58:04 a.m. PDT","24005651071","Fulfilment by Amazon customer return fee","702-0419297-7607436","X003R2GKW1","FBA Customer Return Per Unit Fee (Clothing & Shoes)","","Amazon.ca","","","","","","0","0","0","0","0","0","0","0","0","0","0","0","-4.57","0","0","-4.57"
"Jul 16, 2025 8:27:00 a.m. PDT","24005651071","Order","701-9828230-8125822","WNCA-D33-5-2","Lusait Wireless Strapless Bra for Women Silicone Removable Padded Bra Comfort Bandeau Tube Top Bra Beige S","1","amazon.ca","Amazon","Boucherville","Quebec","J4B 7S","Combined TCS+MTC","19.99","2.99","0","0","0","0","0","0","0","0","-2.99","-2.00","-6.36","-0.04","0","11.59"
"Jul 16, 2025 8:41:39 a.m. PDT","24005651071","Fulfilment by Amazon customer return fee","702-0419297-7607436","X003R2GKTT","FBA Customer Return Per Unit Fee (Clothing & Shoes)","","Amazon.ca","","","","","","0","0","0","0","0","0","0","0","0","0","0","0","-4.57","0","0","-4.57"
"Jul 16, 2025 10:21:13 a.m. PDT","24005651071","Order","701-6529512-1753068","WNCA-D33-7-4","Lusait Wireless Strapless Bra for Women Silicone Removable Padded Bra Comfort Bandeau Tube Top Bra Brown L","1","amazon.ca","Amazon","Toronto","Ontario","M6C 0A","Combined TCS+MTC","19.99","2.60","0","0","0","0","0","0","0","0","-2.60","-2.00","-6.73","-0.04","0","11.22"
"Jul 16, 2025 10:29:45 a.m. PDT","24005651071","Fulfilment by Amazon customer return fee","702-8604122-8109832","X004308FZV","FBA Customer Return Per Unit Fee (Clothing & Shoes)","","Amazon.ca","","","","","","0","0","0","0","0","0","0","0","0","0","0","0","-4.57","0","0","-4.57"
"Jul 16, 2025 12:33:42 p.m. PDT","24005651071","FBA Inventory Fee","701-3641973-2605830","","Fulfilment by Amazon removal order: disposal fee","","Amazon.ca","","","","","","0","0","0","0","0","0","0","0","0","0","0","0","0","0","-0.36","-0.36"
"Jul 16, 2025 2:47:03 p.m. PDT","24005651071","Refund","701-1799764-8794627","WNCA-D33-5-3","Lusait Wireless Strapless Bra for Women Silicone Removable Padded Bra Comfort Bandeau Tube Top Bra Beige M","1","amazon.ca","Amazon","Plympton Wyoming","Ontario","N0N 1J","Combined TCS+MTC","-19.99","-2.60","0","0","0","0","0","0","0","0","2.60","1.60","0","0.04","0","-18.35"
"Jul 16, 2025 4:02:57 p.m. PDT","24005651071","Fulfilment by Amazon customer return fee","701-5946055-9860237","X003R2BVSJ","FBA Customer Return Per Unit Fee (Clothing & Shoes)","","Amazon.ca","","","","","","0","0","0","0","0","0","0","0","0","0","0","0","-4.87","0","0","-4.87"
"Jul 16, 2025 8:22:11 p.m. PDT","24005651071","Refund","702-4783262-1876227","WNCA-D33-5-3","Lusait Wireless Strapless Bra for Women Silicone Removable Padded Bra Comfort Bandeau Tube Top Bra Beige M","1","amazon.ca","Amazon","North York","Ontario","M2K 0H","Combined TCS+MTC","-19.99","-2.60","0","0","0","0","0","0","0","0","2.60","1.60","0","0.04","0","-18.35"
"Jul 16, 2025 9:33:27 p.m. PDT","24005651071","Refund","701-7113359-8174611","WNCA-D33-25-3","Lusait Wireless Strapless Bra for Women Silicone Removable Padded Bra Comfort Bandeau Tube Top Bra Black+Beige M","1","amazon.ca","Amazon","Chestermere","Alberta","T1X 1J","Combined TCS+MTC","-32.99","-1.65","0","0","0","0","0","0","0","0","1.65","4.49","0","0.11","0","-28.39"
"Jul 16, 2025 11:46:54 p.m. PDT","24005651071","Order","701-7113359-8174611","WNCA-D33-25-3","Lusait Wireless Strapless Bra for Women Silicone Removable Padded Bra Comfort Bandeau Tube Top Bra Black+Beige M","1","amazon.ca","Amazon","Chestermere","Alberta","T1X 1J","Combined TCS+MTC","32.99","1.65","0","0","0","0","0","0","0","0","-1.65","-5.61","-6.73","-0.11","0","20.54"
"Jul 17, 2025 12:41:40 a.m. PDT","24005651071","Order","702-4783262-1876227","WNCA-D33-5-3","Lusait Wireless Strapless Bra for Women Silicone Removable Padded Bra Comfort Bandeau Tube Top Bra Beige M","1","amazon.ca","Amazon","North York","Ontario","M2K 0H","Combined TCS+MTC","19.99","2.60","0","0","0","0","0","0","0","0","-2.60","-2.00","-6.73","-0.04","0","11.22"
"Jul 17, 2025 2:36:02 a.m. PDT","24005651071","Order","702-3290641-7301013","WNCA-D33-5-4","Lusait Wireless Strapless Bra for Women Silicone Removable Padded Bra Comfort Bandeau Tube Top Bra Beige L","1","amazon.ca","Amazon","Quebec","Quebec","G2N 0G","Combined TCS+MTC","19.99","2.99","0","0","0","0","0","0","0","0","-2.99","-2.00","-6.73","-0.04","0","11.22"
"Jul 17, 2025 2:46:14 a.m. PDT","24005651071","Order","702-6190963-5933024","WNCA-D33-5-3","Lusait Wireless Strapless Bra for Women Silicone Removable Padded Bra Comfort Bandeau Tube Top Bra Beige M","1","amazon.ca","Amazon","Quebec","Quebec","G1X 2K","Combined TCS+MTC","19.99","2.99","0","0","0","0","0","0","0","0","-2.99","-2.00","-6.73","-0.04","0","11.22"
"Jul 17, 2025 2:55:59 a.m. PDT","24005651071","Order","702-5143112-8321865","WNCA-D33-5-4","Lusait Wireless Strapless Bra for Women Silicone Removable Padded Bra Comfort Bandeau Tube Top Bra Beige L","1","amazon.ca","Amazon","Burnaby","British Columbia","V5A 1K","Combined TCS+MTC","19.99","2.40","0","0","0","0","0","0","0","0","-2.40","-2.00","-7.20","-0.04","0","10.75"
"Jul 17, 2025 4:24:25 a.m. PDT","24005651071","Refund","701-6565097-7752230","WNCA-D33-5-3","Lusait Wireless Strapless Bra for Women Silicone Removable Padded Bra Comfort Bandeau Tube Top Bra Beige M","1","amazon.ca","Amazon","Brampton","Ontario","L6Z4N","Combined TCS+MTC","-19.99","-2.60","0","0","0","0","0","0","0","0","2.60","1.60","0","0.04","0","-18.35"
"Jul 17, 2025 4:50:06 a.m. PDT","24005651071","Order","701-0367769-6800247","WNCA-D33-5-3","Lusait Wireless Strapless Bra for Women Silicone Removable Padded Bra Comfort Bandeau Tube Top Bra Beige M","1","amazon.ca","Amazon","St. Catharines","Ontario","L2R 1K","Combined TCS+MTC","19.99","2.60","0","0","0","0","0","0","0","0","-2.60","-2.00","-6.73","-0.04","0","11.22"
"Jul 17, 2025 5:36:45 a.m. PDT","24005651071","Order","701-9619425-7780233","WNCA-D33-6-3","Lusait Wireless Strapless Bra for Women Silicone Removable Padded Bra Comfort Bandeau Tube Top Bra White M","1","amazon.ca","Amazon","Moose Jaw","Saskatchewan","S6H 4E","Combined TCS+MTC","19.99","2.20","0","0","0","0","0","0","0","0","-2.20","-2.00","-6.36","-0.04","0","11.59"
"Jul 17, 2025 5:45:44 a.m. PDT","24005651071","Order","701-8447051-8565854","WNCA-D33-25-2","Lusait Wireless Strapless Bra for Women Silicone Removable Padded Bra Comfort Bandeau Tube Top Bra Black+Beige S","1","amazon.ca","Amazon","Lakeside","On","N0M 2G","Combined TCS+MTC","32.99","4.29","0","0","0","0","0","0","0","0","-4.29","-5.61","-6.73","-0.11","0","20.54"
"Jul 17, 2025 6:02:39 a.m. PDT","24005651071","Order","701-6901442-7253824","WNCA-D33-5-4","Lusait Wireless Strapless Bra for Women Silicone Removable Padded Bra Comfort Bandeau Tube Top Bra Beige L","1","amazon.ca","Amazon","St. John's","Newfoundland","A1A5M","Combined TCS+MTC","19.99","3.00","0","0","0","0","0","0","0","0","-3.00","-2.00","-6.73","-0.04","0","11.22"
"Jul 17, 2025 7:20:50 a.m. PDT","24005651071","Order","701-6565097-7752230","WNCA-D33-5-3","Lusait Wireless Strapless Bra for Women Silicone Removable Padded Bra Comfort Bandeau Tube Top Bra Beige M","1","amazon.ca","Amazon","Brampton","Ontario","L6Z4N","Combined TCS+MTC","19.99","2.60","0","0","0","0","0","0","0","0","-2.60","-2.00","-6.73","-0.04","0","11.22"
"Jul 17, 2025 8:48:36 a.m. PDT","24005651071","Order","701-0196592-0760217","WNCA-D33-5-2","Lusait Wireless Strapless Bra for Women Silicone Removable Padded Bra Comfort Bandeau Tube Top Bra Beige S","1","amazon.ca","Amazon","Paradise","Newfoundland","A1L 0J","Combined TCS+MTC","19.99","3.00","0","0","0","0","0","0","0","0","-3.00","-2.00","-6.36","-0.04","0","11.59"
"Jul 17, 2025 8:56:53 a.m. PDT","24005651071","Order","701-6146321-8045026","WNCA-D33-5-2","Lusait Wireless Strapless Bra for Women Silicone Removable Padded Bra Comfort Bandeau Tube Top Bra Beige S","1","amazon.ca","Amazon","Smithville","ON","L0R 2A","Combined TCS+MTC","19.99","2.60","0","0","0","0","0","0","0","0","-2.60","-2.00","-6.36","-0.04","0","11.59"
"Jul 17, 2025 9:51:45 a.m. PDT","24005651071","Fulfilment by Amazon customer return fee","702-6585182-7629809","X003R2BVSJ","FBA Customer Return Per Unit Fee (Clothing & Shoes)","","Amazon.ca","","","","","","0","0","0","0","0","0","0","0","0","0","0","0","-4.92","0","0","-4.92"
"Jul 17, 2025 10:28:37 a.m. PDT","24005651071","Fulfilment by Amazon customer return fee","701-7450234-3301849","X003R2BU03","FBA Customer Return Per Unit Fee (Clothing & Shoes)","","Amazon.ca","","","","","","0","0","0","0","0","0","0","0","0","0","0","0","-5.15","0","0","-5.15"
"Jul 17, 2025 1:46:03 p.m. PDT","24005651071","Fulfilment by Amazon customer return fee","701-1735576-5104261","X003R2BVOX","FBA Customer Return Per Unit Fee (Clothing & Shoes)","","Amazon.ca","","","","","","0","0","0","0","0","0","0","0","0","0","0","0","-4.75","0","0","-4.75"
"Jul 17, 2025 3:13:29 p.m. PDT","24005651071","Order","701-6493099-7337816","WNCA-D33-2-2","Lusait Wireless Strapless Bra for Women Silicone Removable Padded Bra Comfort Bandeau Tube Top Bra Black S","1","amazon.ca","Amazon","Abbotsford","British Columbia","V4X 0A","Combined TCS+MTC","19.99","2.40","0","0","0","0","0","0","0","0","-2.40","-2.00","-6.36","-0.04","0","11.59"
"Jul 17, 2025 4:23:39 p.m. PDT","24005651071","FBA Inventory Fee","mqp3aYumf1","","Fulfilment by Amazon removal order: disposal fee","","Amazon.ca","","","","","","0","0","0","0","0","0","0","0","0","0","0","0","0","0","-1.80","-1.80"
"Jul 17, 2025 4:34:49 p.m. PDT","24005651071","Refund","701-7874609-0444230","WNCA-D33-5-2","Lusait Wireless Strapless Bra for Women Silicone Removable Padded Bra Comfort Bandeau Tube Top Bra Beige S","1","amazon.ca","Amazon","Montreal","QC","H1C 0G","Combined TCS+MTC","-19.99","-2.99","0","0","0","0","0","0","0","0","2.99","1.60","0","0.04","0","-18.35"
"Jul 17, 2025 4:54:28 p.m. PDT","24005651071","Refund","702-0254462-0175427","WNCA-D33-5-2","Lusait Wireless Strapless Bra for Women Silicone Removable Padded Bra Comfort Bandeau Tube Top Bra Beige S","1","amazon.ca","Amazon","Red Deer","Alberta","T4R 0R","Combined TCS+MTC","-19.99","-1.00","0","0","0","0","0","0","0","0","1.00","1.60","0","0.04","0","-18.35"
"Jul 17, 2025 6:03:58 p.m. PDT","24005651071","Order","701-6680244-6188217","WNCA-D33-7-3","Lusait Wireless Strapless Bra for Women Silicone Removable Padded Bra Comfort Bandeau Tube Top Bra Brown M","1","amazon.ca","Amazon","Walkerton","Ontario","N0G 2V","Combined TCS+MTC","19.99","2.60","0","0","0","0","0","0","0","0","-2.60","-2.00","-6.73","-0.04","0","11.22"
"Jul 17, 2025 10:37:46 p.m. PDT","24005651071","Adjustment","","WNCA-D33-5-3","FBA Inventory Reimbursement - General Adjustment","1","","","","","","","0","0","0","0","0","0","0","0","0","0","0","0","0","0","-11.26","-11.26"
"Jul 17, 2025 11:47:56 p.m. PDT","24005651071","Order","701-7828404-3145814","WNCA-D33-5-5","Lusait Wireless Strapless Bra for Women Silicone Removable Padded Bra Comfort Bandeau Tube Top Bra Beige XL","1","amazon.ca","Amazon","Edmonton","Alberta","T6V 0J","Combined TCS+MTC","19.99","1.00","0","0","0","0","0","0","0","0","-1.00","-2.00","-6.73","-0.04","0","11.22"
"Jul 17, 2025 11:53:06 p.m. PDT","24005651071","Order","701-7874609-0444230","WNCA-D33-5-2","Lusait Wireless Strapless Bra for Women Silicone Removable Padded Bra Comfort Bandeau Tube Top Bra Beige S","2","amazon.ca","Amazon","Montreal","QC","H1C 0G","Combined TCS+MTC","39.98","5.98","0","0","0","0","0","0","0","0","-5.98","-4.00","-12.72","-0.08","0","23.18"
"Jul 18, 2025 12:37:30 a.m. PDT","24005651071","Fulfilment by Amazon customer return fee","701-6565097-7752230","X003R2BVSJ","FBA Customer Return Per Unit Fee (Clothing & Shoes)","","Amazon.ca","","","","","","0","0","0","0","0","0","0","0","0","0","0","0","-4.92","0","0","-4.92"
"Jul 18, 2025 1:25:14 a.m. PDT","24005651071","Order","701-9820563-9217066","WNCA-D33-5-4","Lusait Wireless Strapless Bra for Women Silicone Removable Padded Bra Comfort Bandeau Tube Top Bra Beige L","1","amazon.ca","Amazon","Wyoming","Ontario","N0N 1T","Combined TCS+MTC","19.99","2.60","0","0","0","0","0","0","0","0","-2.60","-2.00","-6.73","-0.04","0","11.22"
"Jul 18, 2025 1:44:40 a.m. PDT","24005651071","Fulfilment by Amazon customer return fee","702-4651388-4520251","X003R2BW1Z","FBA Customer Return Per Unit Fee (Clothing & Shoes)","","Amazon.ca","","","","","","0","0","0","0","0","0","0","0","0","0","0","0","-4.87","0","0","-4.87"
"Jul 18, 2025 2:32:17 a.m. PDT","24005651071","Order","701-6721003-6177823","WNCA-D33-25-6","Lusait Wireless Strapless Bra for Women Silicone Removable Padded Bra Comfort Bandeau Tube Top Bra Black+Beige 2XL","1","amazon.ca","Amazon","Victoria","British Columbia","V9B 1G","Combined TCS+MTC","32.99","3.96","0","0","0","0","0","0","0","0","-3.96","-5.61","-6.73","-0.11","0","20.54"
"Jul 18, 2025 2:46:35 a.m. PDT","24005651071","Order","701-0842009-5050601","WNCA-D33-5-3","Lusait Wireless Strapless Bra for Women Silicone Removable Padded Bra Comfort Bandeau Tube Top Bra Beige M","1","amazon.ca","Amazon","Pincher Creek","Alberta","T0K 1W","Combined TCS+MTC","19.99","1.00","0","0","0","0","0","0","0","0","-1.00","-2.00","-6.73","-0.04","0","11.22"
"Jul 18, 2025 4:35:53 a.m. PDT","24005651071","Order","702-0254462-0175427","WNCA-D33-5-2","Lusait Wireless Strapless Bra for Women Silicone Removable Padded Bra Comfort Bandeau Tube Top Bra Beige S","1","amazon.ca","Amazon","Red Deer","Alberta","T4R 0R","Combined TCS+MTC","19.99","1.00","0","0","0","0","0","0","0","0","-1.00","-2.00","-6.36","-0.04","0","11.59"
"Jul 18, 2025 4:56:05 a.m. PDT","24005651071","Order","702-7057807-8557000","WNCA-D33-5-2","Lusait Wireless Strapless Bra for Women Silicone Removable Padded Bra Comfort Bandeau Tube Top Bra Beige S","1","amazon.ca","Amazon","HAMILTON","Ontario","L8T 4N","Combined TCS+MTC","19.99","2.60","0","0","0","0","0","0","0","0","-2.60","-2.00","-6.36","-0.04","0","11.59"
"Jul 18, 2025 5:09:55 a.m. PDT","24005651071","FBA Inventory Fee","702-4651388-4520251","","Fulfilment by Amazon removal order: disposal fee","","Amazon.ca","","","","","","0","0","0","0","0","0","0","0","0","0","0","0","0","0","-0.39","-0.39"
"Jul 18, 2025 5:13:44 a.m. PDT","24005651071","Order","702-1631237-9017839","WNCA-D33-2-6","Lusait Wireless Strapless Bra for Women Silicone Removable Padded Bra Comfort Bandeau Tube Top Bra Black 2XL","1","amazon.ca","Amazon","Bourget","Ontario","K0A 1E","Combined TCS+MTC","19.99","2.60","0","0","0","0","0","0","0","0","-2.60","-2.00","-6.73","-0.04","0","11.22"
"Jul 18, 2025 5:14:26 a.m. PDT","24005651071","Order","702-4309997-5569832","WNCA-D33-5-2","Lusait Wireless Strapless Bra for Women Silicone Removable Padded Bra Comfort Bandeau Tube Top Bra Beige S","1","amazon.ca","Amazon","Saint-Hubert","Quebec","J3Z 1C","Combined TCS+MTC","19.99","2.99","0","0","0","0","0","0","0","0","-2.99","-2.00","-6.36","-0.04","0","11.59"
"Jul 18, 2025 5:22:27 a.m. PDT","24005651071","Refund","702-1631237-9017839","WNCA-D33-2-6","Lusait Wireless Strapless Bra for Women Silicone Removable Padded Bra Comfort Bandeau Tube Top Bra Black 2XL","1","amazon.ca","Amazon","Bourget","Ontario","K0A 1E","Combined TCS+MTC","-19.99","-2.60","0","0","0","0","0","0","0","0","2.60","1.60","0","0.04","0","-18.35"
"Jul 18, 2025 6:00:48 a.m. PDT","24005651071","Order","702-3082370-4141807","WNCA-D33-7-2","Lusait Wireless Strapless Bra for Women Silicone Removable Tube Top Bra Comfort Bandeau Padded Bra Brown S","1","amazon.ca","Amazon","Burnaby","British Columbia","V5G 4T","Combined TCS+MTC","19.99","2.40","0","0","0","0","0","0","0","0","-2.40","-2.00","-6.73","-0.04","0","11.22"
"Jul 18, 2025 6:44:50 a.m. PDT","24005651071","Fulfilment by Amazon customer return fee","701-9060366-0280206","X003R2BVSJ","FBA Customer Return Per Unit Fee (Clothing & Shoes)","","Amazon.ca","","","","","","0","0","0","0","0","0","0","0","0","0","0","0","-4.92","0","0","-4.92"
"Jul 18, 2025 7:39:43 a.m. PDT","24005651071","Fulfilment by Amazon customer return fee","701-9486287-2361019","X00430QIK5","FBA Customer Return Per Unit Fee (Clothing & Shoes)","","Amazon.ca","","","","","","0","0","0","0","0","0","0","0","0","0","0","0","-4.92","0","0","-4.92"
"Jul 18, 2025 8:54:50 a.m. PDT","24005651071","Order","702-8273232-2118642","WNCA-D33-25-3","Lusait Wireless Strapless Bra for Women Silicone Removable Padded Bra Comfort Bandeau Tube Top Bra Black+Beige M","1","amazon.ca","Amazon","Stanstead","Quebec","J0B 3E","Combined TCS+MTC","32.99","4.94","0","0","0","0","0","0","0","0","-4.94","-5.61","-6.73","-0.11","0","20.54"
"Jul 18, 2025 9:11:50 a.m. PDT","24005651071","Order","701-2025424-1941007","WNCA-D33-2-2","Lusait Wireless Strapless Bra for Women Silicone Removable Padded Bra Comfort Bandeau Tube Top Bra Black S","1","amazon.ca","Amazon","richmond hill","Ontario","L4C 8L","Combined TCS+MTC","19.99","2.60","0","0","0","0","0","0","0","0","-2.60","-2.00","-6.36","-0.04","0","11.59"
"Jul 18, 2025 12:24:05 p.m. PDT","24005651071","Fulfilment by Amazon customer return fee","702-8466855-2181814","X003R2BU03","FBA Customer Return Per Unit Fee (Clothing & Shoes)","","Amazon.ca","","","","","","0","0","0","0","0","0","0","0","0","0","0","0","-5.11","0","0","-5.11"
"Jul 18, 2025 3:48:20 p.m. PDT","24005651071","FBA Inventory Fee","701-9486287-2361019","","Fulfilment by Amazon removal order: disposal fee","","Amazon.ca","","","","","","0","0","0","0","0","0","0","0","0","0","0","0","0","0","-0.36","-0.36"
"Jul 18, 2025 3:51:19 p.m. PDT","24005651071","Fulfilment by Amazon customer return fee","701-3936429-0671468","X003R2BVSJ","FBA Customer Return Per Unit Fee (Clothing & Shoes)","","Amazon.ca","","","","","","0","0","0","0","0","0","0","0","0","0","0","0","-4.57","0","0","-4.57"
"Jul 18, 2025 9:39:23 p.m. PDT","24005651071","Order","701-3936429-0671468","WNCA-D33-5-3","Lusait Wireless Strapless Bra for Women Silicone Removable Padded Bra Comfort Bandeau Tube Top Bra Beige M","1","amazon.ca","Amazon","Edmonton","Alberta","T5H 4L","Combined TCS+MTC","19.99","1.00","0","0","0","0","0","0","0","0","-1.00","-2.00","-6.73","-0.04","0","11.22"
"Jul 18, 2025 11:28:12 p.m. PDT","24005651071","Order","702-8691640-8998602","WNCA-D33-6-4","Lusait Wireless Strapless Bra for Women Silicone Removable Padded Bra Comfort Bandeau Tube Top Bra White L","1","amazon.ca","Amazon","Hamilton","Ontario","L9C 7S","Combined TCS+MTC","19.99","2.60","3.49","0","0","0","0","0","-3.49","0","-2.60","-2.00","-6.73","-0.04","0","11.22"
"Jul 19, 2025 1:59:56 a.m. PDT","24005651071","Order","702-1240606-5631464","WNCA-D33-5-3","Lusait Wireless Strapless Bra for Women Silicone Removable Padded Bra Comfort Bandeau Tube Top Bra Beige M","1","amazon.ca","Amazon","Spruce Grove","Alberta","T7X 2R","Combined TCS+MTC","19.99","1.00","0","0","0","0","0","0","0","0","-1.00","-2.00","-6.73","-0.04","0","11.22"
"Jul 19, 2025 2:09:56 a.m. PDT","24005651071","Order","702-2068228-8956200","WNCA-D33-5-3","Lusait Wireless Strapless Bra for Women Silicone Removable Padded Bra Comfort Bandeau Tube Top Bra Beige M","1","amazon.ca","Amazon","North York","Ontario","M2K 0H","Combined TCS+MTC","19.99","2.60","0","0","0","0","0","0","0","0","-2.60","-2.00","-6.73","-0.04","0","11.22"
"Jul 19, 2025 3:05:54 a.m. PDT","24005651071","Order","701-5181203-6295442","WNCA-D33-5-2","Lusait Wireless Strapless Bra for Women Silicone Removable Padded Bra Comfort Bandeau Tube Top Bra Beige S","1","amazon.ca","Amazon","Ottawa","Ontario","K2C 1S","Combined TCS+MTC","19.99","2.60","3.49","0","0","0","0","0","-3.49","0","-2.60","-2.00","-6.36","-0.04","0","11.59"
"Jul 19, 2025 3:22:58 a.m. PDT","24005651071","Order","701-6275512-7482653","WNCA-D33-5-2","Lusait Wireless Strapless Bra for Women Silicone Removable Padded Bra Comfort Bandeau Tube Top Bra Beige S","1","amazon.ca","Amazon","Bowen Island","British Columbia","V0N 1G","Combined TCS+MTC","19.99","2.40","0","0","0","0","0","0","0","0","-2.40","-2.00","-6.36","-0.04","0","11.59"
"Jul 19, 2025 3:53:36 a.m. PDT","24005651071","Refund","702-8322408-0513812","WNCA-D33-6-5","Lusait Wireless Strapless Bra for Women Silicone Removable Padded Bra Comfort Bandeau Tube Top Bra White XL","1","amazon.ca","Amazon","Beamsville","Ontario","L3J 0G","Combined TCS+MTC","-19.99","-2.60","0","0","0","0","0","0","0","0","2.60","1.60","0","0.04","0","-18.35"
"Jul 19, 2025 4:22:19 a.m. PDT","24005651071","Order","701-7874609-0444230","WNCA-D33-5-3","Lusait Wireless Strapless Bra for Women Silicone Removable Padded Bra Comfort Bandeau Tube Top Bra Beige M","1","amazon.ca","Amazon","Montreal","QC","H1C 0G","Combined TCS+MTC","19.99","2.99","0","0","0","0","0","0","0","0","-2.99","-2.00","-6.73","-0.04","0","11.22"
"Jul 19, 2025 4:48:37 a.m. PDT","24005651071","Refund","702-0840274-0176210","WNCA-D33-5-3","Lusait Wireless Strapless Bra for Women Silicone Removable Padded Bra Comfort Bandeau Tube Top Bra Beige M","1","amazon.ca","Amazon","Edmonton","Alberta","T6A 1C","Combined TCS+MTC","-19.99","-1.00","0","0","0","0","0","0","0","0","1.00","1.60","0","0.04","0","-18.35"
"Jul 19, 2025 4:49:14 a.m. PDT","24005651071","FBA Inventory Fee","","","FBA Long-Term Storage Fee","","Amazon.ca","","","","","","0","0","0","0","0","0","0","0","0","0","0","0","0","0","-63.74","-63.74"
"Jul 19, 2025 5:16:29 a.m. PDT","24005651071","Order","702-7804486-3084257","WNCA-D33-2-5","Lusait Wireless Strapless Bra for Women Silicone Removable Padded Bra Comfort Bandeau Tube Top Bra Black XL","1","amazon.ca","Amazon","Langley City","BC","V3A 3A","Combined TCS+MTC","19.99","2.40","0","0","0","0","0","0","0","0","-2.40","-2.00","-7.40","-0.04","0","10.55"
"Jul 19, 2025 5:25:23 a.m. PDT","24005651071","Order","702-0840274-0176210","WNCA-D33-5-3","Lusait Wireless Strapless Bra for Women Silicone Removable Padded Bra Comfort Bandeau Tube Top Bra Beige M","1","amazon.ca","Amazon","Edmonton","Alberta","T6A 1C","Combined TCS+MTC","19.99","1.00","0","0","0","0","0","0","0","0","-1.00","-2.00","-6.73","-0.04","0","11.22"
"Jul 19, 2025 6:10:52 a.m. PDT","24005651071","Refund","701-7874609-0444230","WNCA-D33-5-3","Lusait Wireless Strapless Bra for Women Silicone Removable Padded Bra Comfort Bandeau Tube Top Bra Beige M","1","amazon.ca","Amazon","Montreal","QC","H1C 0G","Combined TCS+MTC","-19.99","-2.99","0","0","0","0","0","0","0","0","2.99","1.60","0","0.04","0","-18.35"
"Jul 19, 2025 6:40:51 a.m. PDT","24005651071","Order","702-0272736-3741842","WNCA-D33-5-4","Lusait Wireless Strapless Bra for Women Silicone Removable Padded Bra Comfort Bandeau Tube Top Bra Beige L","1","amazon.ca","Amazon","Vancouver","British Columbia","V5V 4L","Combined TCS+MTC","19.99","2.40","0","0","0","0","0","0","0","0","-2.40","-2.00","-6.73","-0.04","0","11.22"
"Jul 19, 2025 7:24:10 a.m. PDT","24005651071","Order","701-0586945-3549803","WNCA-D33-5-2","Lusait Wireless Strapless Bra for Women Silicone Removable Padded Bra Comfort Bandeau Tube Top Bra Beige S","1","amazon.ca","Amazon","Hamilton","Ontario","L9B 2T","Combined TCS+MTC","19.99","2.60","0","0","0","0","0","0","0","0","-2.60","-2.00","-6.36","-0.04","0","11.59"
"Jul 19, 2025 7:50:55 a.m. PDT","24005651071","Refund","701-3936429-0671468","WNCA-D33-5-3","Lusait Wireless Strapless Bra for Women Silicone Removable Padded Bra Comfort Bandeau Tube Top Bra Beige M","1","amazon.ca","Amazon","Edmonton","Alberta","T5H 4L","Combined TCS+MTC","-19.99","-1.00","0","0","0","0","0","0","0","0","1.00","1.60","0","0.04","0","-18.35"
"Jul 19, 2025 8:28:21 a.m. PDT","24005651071","Order","701-4223147-7805807","WNCA-D33-22-5","Lusait Wireless Strapless Bra for Women Silicone Removable Padded Bra Comfort Bandeau Tube Top Bra Black+Black XL","1","amazon.ca","Amazon","Deer Lake","Newfoundland","A8A 2G","Combined TCS+MTC","19.99","3.00","0","0","0","0","0","0","0","0","-3.00","-2.00","-6.73","-0.04","0","11.22"
"Jul 19, 2025 9:06:33 a.m. PDT","24005651071","Order","702-7855112-1536222","WNCA-D33-5-2","Lusait Wireless Strapless Bra for Women Silicone Removable Padded Bra Comfort Bandeau Tube Top Bra Beige S","1","amazon.ca","Amazon","Newmarket","Ontario","L3X3C","Combined TCS+MTC","19.99","2.60","0","0","0","0","0","0","0","0","-2.60","-2.00","-6.36","-0.04","0","11.59"
"Jul 19, 2025 9:31:42 a.m. PDT","24005651071","Order","702-7241441-6299408","WNCA-D33-5-3","Lusait Wireless Strapless Bra for Women Silicone Removable Padded Bra Comfort Bandeau Tube Top Bra Beige M","1","amazon.ca","Amazon","St-Cesaire","Quebec","J0L 1T","Combined TCS+MTC","19.99","2.99","0","0","0","0","0","0","0","0","-2.99","-2.00","-6.73","-0.04","0","11.22"
"Jul 19, 2025 1:38:21 p.m. PDT","24005651071","Fulfilment by Amazon customer return fee","701-7113359-8174611","X003RUT04X","FBA Customer Return Per Unit Fee (Clothing & Shoes)","","Amazon.ca","","","","","","0","0","0","0","0","0","0","0","0","0","0","0","-4.57","0","0","-4.57"
"Jul 19, 2025 1:39:54 p.m. PDT","24005651071","Fulfilment by Amazon customer return fee","701-1799764-8794627","X003R2BVSJ","FBA Customer Return Per Unit Fee (Clothing & Shoes)","","Amazon.ca","","","","","","0","0","0","0","0","0","0","0","0","0","0","0","-4.92","0","0","-4.92"
"Jul 19, 2025 2:14:18 p.m. PDT","24005651071","Refund","702-9114434-1221019","WNCA-D33-5-3","Lusait Wireless Strapless Bra for Women Silicone Removable Padded Bra Comfort Bandeau Tube Top Bra Beige M","1","amazon.ca","Amazon","Toronto","Ontario","M4Y 1J","Combined TCS+MTC","-19.99","-2.60","0","0","0","0","0","0","0","0","2.60","1.60","0","0.04","0","-18.35"
"Jul 19, 2025 9:08:01 p.m. PDT","24005651071","Order","701-2135938-6685031","WNCA-D33-5-6","Lusait Wireless Strapless Bra for Women Silicone Removable Padded Bra Comfort Bandeau Tube Top Bra Beige 2XL","1","amazon.ca","Amazon","Edmonton","Alberta","T5Y 2X","Combined TCS+MTC","19.99","1.00","0","0","0","0","0","0","0","0","-1.00","-2.00","-6.73","-0.04","0","11.22"
"Jul 19, 2025 11:06:47 p.m. PDT","24005651071","Order","702-5686325-8404262","WNCA-D33-7-3","Lusait Wireless Strapless Bra for Women Silicone Removable Padded Bra Comfort Bandeau Tube Top Bra Brown M","3","amazon.ca","Amazon","Windsor","Ontario","N8P 0E","Combined TCS+MTC","59.97","7.80","0","0","0","0","0","0","0","0","-7.80","-6.00","-20.19","-0.12","0","33.66"
"Jul 19, 2025 11:56:06 p.m. PDT","24005651071","Order","701-0678656-9265845","WNCA-D33-5-6","Lusait Wireless Strapless Bra for Women Silicone Removable Padded Bra Comfort Bandeau Tube Top Bra Beige 2XL","1","amazon.ca","Amazon","Delta","British Columbia","V4K 2Z","Combined TCS+MTC","19.99","2.40","0","0","0","0","0","0","0","0","-2.40","-2.00","-6.73","-0.04","0","11.22"
"Jul 20, 2025 1:38:27 a.m. PDT","24005651071","Order","701-0934356-9065819","WNCA-D33-25-5","Lusait Wireless Strapless Bra for Women Silicone Removable Padded Bra Comfort Bandeau Tube Top Bra Black+Beige XL","1","amazon.ca","Amazon","Quebec","Quebec","G1S 1T","Combined TCS+MTC","32.99","4.94","0","0","0","0","0","0","0","0","-4.94","-5.61","-7.40","-0.11","0","19.87"
"Jul 20, 2025 3:22:28 a.m. PDT","24005651071","Order","702-8426227-5194618","WNCA-D33-5-2","Lusait Wireless Strapless Bra for Women Silicone Removable Padded Bra Comfort Bandeau Tube Top Bra Beige S","1","amazon.ca","Amazon","Toronto","Ontario","M4H 1L","Combined TCS+MTC","19.99","2.60","0","0","0","0","0","0","0","0","-2.60","-2.00","-6.36","-0.04","0","11.59"
"Jul 20, 2025 4:00:36 a.m. PDT","24005651071","Order","702-8906618-3810649","WNCA-D33-5-4","Lusait Wireless Strapless Bra for Women Silicone Removable Padded Bra Comfort Bandeau Tube Top Bra Beige L","1","amazon.ca","Amazon","Orangeville","ON","L9W 5E","Combined TCS+MTC","19.99","2.60","0","0","0","0","0","0","0","0","-2.60","-2.00","-6.73","-0.04","0","11.22"
"Jul 20, 2025 5:05:45 a.m. PDT","24005651071","Fulfilment by Amazon customer return fee","702-6189169-9741847","X003R2BVSJ","FBA Customer Return Per Unit Fee (Clothing & Shoes)","","Amazon.ca","","","","","","0","0","0","0","0","0","0","0","0","0","0","0","-4.92","0","0","-4.92"
"Jul 20, 2025 5:12:22 a.m. PDT","24005651071","Order","701-7450234-3301849","WNCA-D33-2-5","Lusait Wireless Strapless Bra for Women Silicone Removable Padded Bra Comfort Bandeau Tube Top Bra Black XL","1","amazon.ca","Amazon","Oshawa","Ontario","L1K 0X","Combined TCS+MTC","19.99","2.60","0","0","0","0","0","0","0","0","-2.60","-2.00","-7.40","-0.04","0","10.55"
"Jul 20, 2025 7:57:26 a.m. PDT","24005651071","Order","701-7538735-1509860","WNCA-D33-25-5","Lusait Wireless Strapless Bra for Women Silicone Removable Padded Bra Comfort Bandeau Tube Top Bra Black+Beige XL","1","amazon.ca","Amazon","Antigonish","Nova Scotia","B2G 1C","Combined TCS+MTC","32.99","4.62","0","0","0","0","0","0","0","0","-4.62","-5.61","-7.40","-0.11","0","19.87"
"Jul 20, 2025 9:05:34 a.m. PDT","24005651071","Refund","701-7450234-3301849","WNCA-D33-2-5","Lusait Wireless Strapless Bra for Women Silicone Removable Padded Bra Comfort Bandeau Tube Top Bra Black XL","1","amazon.ca","Amazon","Oshawa","Ontario","L1K 0X","Combined TCS+MTC","-19.99","-2.60","0","0","0","0","0","0","0","0","2.60","1.60","0","0.04","0","-18.35"
"Jul 20, 2025 7:54:12 p.m. PDT","24005651071","Fulfilment by Amazon customer return fee","702-9557407-9785020","X00430LRGZ","FBA Customer Return Per Unit Fee (Clothing & Shoes)","","Amazon.ca","","","","","","0","0","0","0","0","0","0","0","0","0","0","0","-4.92","0","0","-4.92"
"Jul 21, 2025 1:38:15 a.m. PDT","24005651071","Order","702-2747104-2787460","WNCA-D33-5-3","Lusait Wireless Strapless Bra for Women Silicone Removable Padded Bra Comfort Bandeau Tube Top Bra Beige M","1","amazon.ca","Amazon","Montréal","Québec","H3W 2C","Combined TCS+MTC","19.99","2.99","0","0","0","0","0","0","0","0","-2.99","-2.00","-6.73","-0.04","0","11.22"
"Jul 21, 2025 1:44:03 a.m. PDT","24005651071","Order","701-1452865-7006608","WNCA-D33-5-3","Lusait Wireless Strapless Bra for Women Silicone Removable Padded Bra Comfort Bandeau Tube Top Bra Beige M","1","amazon.ca","Amazon","Etobicoke","Ontario","M9B0E","Combined TCS+MTC","19.99","2.60","0","0","0","0","0","0","0","0","-2.60","-2.00","-6.73","-0.04","0","11.22"
"Jul 21, 2025 3:00:26 a.m. PDT","24005651071","Order","701-6358436-8050655","WNCA-D33-7-5","Lusait Wireless Strapless Bra for Women Silicone Removable Padded Bra Comfort Bandeau Tube Top Bra Brown XL","1","amazon.ca","Amazon","Woodstock","Ontario","N4S 7V","Combined TCS+MTC","19.99","2.60","0","0","0","0","0","0","0","0","-2.60","-2.00","-6.73","-0.04","0","11.22"
"Jul 21, 2025 3:10:35 a.m. PDT","24005651071","Order","701-6095222-6002616","WNCA-D33-6-4","Lusait Wireless Strapless Bra for Women Silicone Removable Padded Bra Comfort Bandeau Tube Top Bra White L","1","amazon.ca","Amazon","Mississauga","Ontario","L5M 0E","Combined TCS+MTC","19.99","2.60","0","0","0","0","0","0","0","0","-2.60","-2.00","-6.73","-0.04","0","11.22"
"Jul 21, 2025 4:20:31 a.m. PDT","24103983821","Refund","701-6095222-6002616","WNCA-D33-6-4","Lusait Wireless Strapless Bra for Women Silicone Removable Padded Bra Comfort Bandeau Tube Top Bra White L","1","amazon.ca","Amazon","Mississauga","Ontario","L5M 0E","Combined TCS+MTC","-19.99","-2.60","0","0","0","0","0","0","0","0","2.60","1.60","0","0.04","0","-18.35"
"Jul 21, 2025 4:20:53 a.m. PDT","24103983821","Refund","701-6089684-1779459","WNCA-D33-6-4","Lusait Wireless Strapless Bra for Women Silicone Removable Padded Bra Comfort Bandeau Tube Top Bra White L","1","amazon.ca","Amazon","Carleton place","Ontario","K7C4K","Combined TCS+MTC","-19.99","-2.60","0","0","0","0","0","0","0","0","2.60","1.60","0","0.04","0","-18.35"
"Jul 21, 2025 5:07:46 a.m. PDT","24103983821","Fulfilment by Amazon customer return fee","702-2542626-2781034","X003R2BVSJ","FBA Customer Return Per Unit Fee (Clothing & Shoes)","","Amazon.ca","","","","","","0","0","0","0","0","0","0","0","0","0","0","0","-4.92","0","0","-4.92"
"Jul 21, 2025 5:15:01 a.m. PDT","24103983821","Order","701-6089684-1779459","WNCA-D33-6-4","Lusait Wireless Strapless Bra for Women Silicone Removable Padded Bra Comfort Bandeau Tube Top Bra White L","1","amazon.ca","Amazon","Carleton place","Ontario","K7C4K","Combined TCS+MTC","19.99","2.60","0","0","0","0","0","0","0","0","-2.60","-2.00","-6.73","-0.04","0","11.22"
"Jul 21, 2025 5:21:13 a.m. PDT","24103983821","Order","701-1168077-0080260","WNCA-D33-5-3","Lusait Wireless Strapless Bra for Women Silicone Removable Padded Bra Comfort Bandeau Tube Top Bra Beige M","1","amazon.ca","Amazon","Ottawa","Ontario","K2A 3M","Combined TCS+MTC","19.99","2.60","0","0","0","0","0","0","0","0","-2.60","-2.00","-6.73","-0.04","0","11.22"
"Jul 21, 2025 5:39:08 a.m. PDT","24103983821","Order","702-8585022-6741834","WNCA-D33-25-6","Lusait Wireless Strapless Bra for Women Silicone Removable Padded Bra Comfort Bandeau Tube Top Bra Black+Beige 2XL","1","amazon.ca","Amazon","Chilliwack","British Columbia","V2R 3N","Combined TCS+MTC","32.99","3.96","0","0","0","0","0","0","0","0","-3.96","-5.61","-6.73","-0.11","0","20.54"
"Jul 21, 2025 7:13:47 a.m. PDT","24103983821","Order","701-0024312-0249005","WNCA-D33-22-4","Lusait Wireless Strapless Bra for Women Silicone Removable Padded Bra Comfort Bandeau Tube Top Bra Black+Black L","1","amazon.ca","Amazon","Cochrane","Alberta","T4C 3C","Combined TCS+MTC","19.99","1.00","0","0","0","0","0","0","0","0","-1.00","-2.00","-6.73","-0.04","0","11.22"
"Jul 21, 2025 8:12:58 a.m. PDT","24103983821","Order","701-7434473-7280220","WNCA-D33-5-5","Lusait Wireless Strapless Bra for Women Silicone Removable Padded Bra Comfort Bandeau Tube Top Bra Beige XL","1","amazon.ca","Amazon","Milton","Ontario","L9E1X","Combined TCS+MTC","19.99","2.60","0","0","0","0","0","0","0","0","-2.60","-2.00","-6.73","-0.04","0","11.22"
"Jul 21, 2025 9:53:24 a.m. PDT","24103983821","Adjustment","701-5592435-3897035","WNCA-D33-5-2","FBA Inventory Reimbursement - Customer Return","1","","","","","","","0","0","0","0","0","0","0","0","0","0","0","0","0","0","11.16","11.16"
"Jul 21, 2025 12:59:57 p.m. PDT","24103983821","Refund","702-6585182-7629809","WNCA-D33-5-3","Lusait Wireless Strapless Bra for Women Silicone Removable Padded Bra Comfort Bandeau Tube Top Bra Beige M","1","amazon.ca","Amazon","Markham","ON","L6C 0N","Combined TCS+MTC","-19.99","-2.60","0","0","0","0","0","0","0","0","2.60","1.60","0","0.04","0","-18.35"
"Jul 21, 2025 3:34:46 p.m. PDT","24103983821","Refund","702-1664845-7177049","WNCA-D33-2-2","Lusait Wireless Strapless Bra for Women Silicone Removable Padded Bra Comfort Bandeau Tube Top Bra Black S","1","amazon.ca","Amazon","Toronto","Ontario","M5P 2S","Combined TCS+MTC","-19.99","-2.60","0","0","0","0","0","0","0","0","2.60","1.60","0","0.04","0","-18.35"
"Jul 21, 2025 4:14:36 p.m. PDT","24103983821","Refund","702-8364655-5887459","WNCA-D33-5-3","Lusait Wireless Strapless Bra for Women Silicone Removable Padded Bra Comfort Bandeau Tube Top Bra Beige M","1","amazon.ca","Amazon","Oakville","Ontario","L6M 5N","Combined TCS+MTC","-19.99","-2.60","0","0","0","0","0","0","0","0","2.60","1.60","0","0.04","0","-18.35"
"Jul 21, 2025 7:39:37 p.m. PDT","24103983821","Fulfilment by Amazon customer return fee","702-8311866-8114662","X003R2D0U1","FBA Customer Return Per Unit Fee (Clothing & Shoes)","","Amazon.ca","","","","","","0","0","0","0","0","0","0","0","0","0","0","0","-4.92","0","0","-4.92"
"Jul 21, 2025 11:19:32 p.m. PDT","24103983821","FBA Inventory Fee","1NZ1nx7ysy","","Fulfilment by Amazon removal order: disposal fee","","Amazon.ca","","","","","","0","0","0","0","0","0","0","0","0","0","0","0","0","0","-0.36","-0.36"
"Jul 22, 2025 12:50:18 a.m. PDT","24103983821","Fulfilment by Amazon customer return fee","702-8322408-0513812","X003R2GKTT","FBA Customer Return Per Unit Fee (Clothing & Shoes)","","Amazon.ca","","","","","","0","0","0","0","0","0","0","0","0","0","0","0","-4.92","0","0","-4.92"
"Jul 22, 2025 3:05:21 a.m. PDT","24103983821","Order","702-1366619-6003446","WNCA-D33-25-2","Lusait Wireless Strapless Bra for Women Silicone Removable Padded Bra Comfort Bandeau Tube Top Bra Black+Beige S","1","amazon.ca","Amazon","Cote Saint-Luc","QC","H4V 2V","Combined TCS+MTC","32.99","4.94","0","0","0","0","0","0","0","0","-4.94","-5.61","-6.73","-0.11","0","20.54"
"Jul 22, 2025 4:30:43 a.m. PDT","24103983821","Transfer","","","To account ending with: 127","","","","","","","","0","0","0","0","0","0","0","0","0","0","0","0","0","0","-786.42","-786.42"
"Jul 22, 2025 6:27:12 a.m. PDT","24103983821","Order","702-5122406-2893006","WNCA-D33-2-3","Lusait Wireless Strapless Bra for Women Silicone Removable Padded Bra Comfort Bandeau Tube Top Bra Black M","1","amazon.ca","Amazon","North york","Ontario","M6M 2M","Combined TCS+MTC","19.99","2.60","2.33","0","0","0","0","0","-2.33","0","-2.60","-2.00","-6.73","-0.04","0","11.22"
"Jul 22, 2025 6:49:56 a.m. PDT","24103983821","Order","701-3642073-3388217","WNCA-D33-5-6","Lusait Wireless Strapless Bra for Women Silicone Removable Padded Bra Comfort Bandeau Tube Top Bra Beige 2XL","1","amazon.ca","Amazon","Ottawa","Ontario","K2G 4L","Combined TCS+MTC","19.99","2.60","0","0","0","0","0","0","0","0","-2.60","-2.00","-6.73","-0.04","0","11.22"
"Jul 22, 2025 6:52:17 a.m. PDT","24103983821","Order","702-6585182-7629809","WNCA-D33-5-3","Lusait Wireless Strapless Bra for Women Silicone Removable Padded Bra Comfort Bandeau Tube Top Bra Beige M","1","amazon.ca","Amazon","Markham","ON","L6C 0N","Combined TCS+MTC","19.99","2.60","0","0","0","0","0","0","0","0","-2.60","-2.00","-6.73","-0.04","0","11.22"
"Jul 22, 2025 7:04:51 a.m. PDT","24103983821","Order","702-1664845-7177049","WNCA-D33-2-2","Lusait Wireless Strapless Bra for Women Silicone Removable Padded Bra Comfort Bandeau Tube Top Bra Black S","1","amazon.ca","Amazon","Toronto","Ontario","M5P 2S","Combined TCS+MTC","19.99","2.60","0","0","0","0","0","0","0","0","-2.60","-2.00","-6.36","-0.04","0","11.59"
"Jul 22, 2025 9:32:18 a.m. PDT","24103983821","Order","701-3728560-6981017","WNCA-D33-25-3","Lusait Wireless Strapless Bra for Women Silicone Removable Padded Bra Comfort Bandeau Tube Top Bra Black+Beige M","1","amazon.ca","Amazon","Woodstock","Ontario","N4S 7V","Combined TCS+MTC","32.99","4.29","0","0","0","0","0","0","0","0","-4.29","-5.61","-6.73","-0.11","0","20.54"
"Jul 22, 2025 10:23:09 a.m. PDT","24103983821","Adjustment","702-8240565-4764239","WNCA-D33-5-2","FBA Inventory Reimbursement - Customer Return","1","","","","","","","0","0","0","0","0","0","0","0","0","0","0","0","0","0","11.16","11.16"
"Jul 22, 2025 1:08:59 p.m. PDT","24103983821","Order","701-6209861-8666649","WNCA-D33-5-4","Lusait Wireless Strapless Bra for Women Silicone Removable Padded Bra Comfort Bandeau Tube Top Bra Beige L","1","amazon.ca","Amazon","London","Ontario","N6C 1P","Combined TCS+MTC","19.99","2.60","0","0","0","0","0","0","0","0","-2.60","-2.00","-6.73","-0.04","0","11.22"
"Jul 22, 2025 1:44:03 p.m. PDT","24103983821","Order","702-7638389-3157063","WNCA-D33-5-4","Lusait Wireless Strapless Bra for Women Silicone Removable Padded Bra Comfort Bandeau Tube Top Bra Beige L","1","amazon.ca","Amazon","Markham","ON","L6C 0N","Combined TCS+MTC","19.99","2.60","0","0","0","0","0","0","0","0","-2.60","-2.00","-6.73","-0.04","0","11.22"
"Jul 22, 2025 3:54:41 p.m. PDT","24103983821","Order","701-6234255-0401869","WNCA-D33-5-5","Lusait Wireless Strapless Bra for Women Silicone Removable Padded Bra Comfort Bandeau Tube Top Bra Beige XL","1","amazon.ca","Amazon","Hamilton","Ontario","L9A 5J","Combined TCS+MTC","19.99","2.60","0","0","0","0","0","0","0","0","-2.60","-2.00","-6.73","-0.04","0","11.22"
"Jul 22, 2025 10:13:56 p.m. PDT","24103983821","Order","701-6569816-9861035","WNCA-D33-5-3","Lusait Wireless Strapless Bra for Women Silicone Removable Padded Bra Comfort Bandeau Tube Top Bra Beige M","1","amazon.ca","Amazon","Port Hope","Ontario","L1A 2J","Combined TCS+MTC","19.99","2.60","0","0","0","0","0","0","0","0","-2.60","-2.00","-6.73","-0.04","0","11.22"
"Jul 23, 2025 12:39:22 a.m. PDT","24103983821","Order","702-0495991-7237026","WNCA-D33-2-3","Lusait Wireless Strapless Bra for Women Silicone Removable Padded Bra Comfort Bandeau Tube Top Bra Black M","1","amazon.ca","Amazon","Vancouver","British Columbia","V6B 0E","Combined TCS+MTC","19.99","2.40","0","0","0","0","0","0","0","0","-2.40","-2.00","-6.73","-0.04","0","11.22"
"Jul 23, 2025 1:01:50 a.m. PDT","24103983821","Order","701-3359257-5677064","WNCA-D33-2-2","Lusait Wireless Strapless Bra for Women Silicone Removable Padded Bra Comfort Bandeau Tube Top Bra Black S","1","amazon.ca","Amazon","Winnipeg","Manitoba","R2M 1P","Combined TCS+MTC","19.99","2.40","0","0","0","0","0","0","0","0","-2.40","-2.00","-6.36","-0.04","0","11.59"
"Jul 23, 2025 1:35:07 a.m. PDT","24103983821","Refund","702-7638389-3157063","WNCA-D33-5-4","Lusait Wireless Strapless Bra for Women Silicone Removable Padded Bra Comfort Bandeau Tube Top Bra Beige L","1","amazon.ca","Amazon","Markham","ON","L6C 0N","Combined TCS+MTC","-19.99","-2.60","0","0","0","0","0","0","0","0","2.60","1.60","0","0.04","0","-18.35"
"Jul 23, 2025 1:40:32 a.m. PDT","24103983821","Order","701-8687739-0038622","WNCA-D33-5-4","Lusait Wireless Strapless Bra for Women Silicone Removable Padded Bra Comfort Bandeau Tube Top Bra Beige L","1","amazon.ca","Amazon","Burlington","Ontario","L7S 2A","Combined TCS+MTC","19.99","2.60","0","0","0","0","0","0","0","0","-2.60","-2.00","-6.73","-0.04","0","11.22"
"Jul 23, 2025 3:23:45 a.m. PDT","24103983821","Order","701-5360095-4299410","WNCA-D33-5-3","Lusait Wireless Strapless Bra for Women Silicone Removable Padded Bra Comfort Bandeau Tube Top Bra Beige M","1","amazon.ca","Amazon","Oshawa","Ontario","L1G 2L","Combined TCS+MTC","19.99","2.60","0","0","0","0","0","0","0","0","-2.60","-2.00","-6.73","-0.04","0","11.22"
"Jul 23, 2025 3:26:02 a.m. PDT","24103983821","Order","702-5365346-0762637","WNCA-D33-5-2","Lusait Wireless Strapless Bra for Women Silicone Removable Padded Bra Comfort Bandeau Tube Top Bra Beige S","1","amazon.ca","Amazon","Montreal","Quebec","H1C 0B","Combined TCS+MTC","19.99","2.99","0","0","0","0","0","0","0","0","-2.99","-2.00","-6.36","-0.04","0","11.59"
"Jul 23, 2025 4:51:13 a.m. PDT","24103983821","Order","702-4817349-8331469","WNCA-D33-5-3","Lusait Wireless Strapless Bra for Women Silicone Removable Padded Bra Comfort Bandeau Tube Top Bra Beige M","1","amazon.ca","Amazon","Mayerthorpe","Alberta","T0E 1N","Combined TCS+MTC","19.99","1.00","0","0","0","0","0","0","0","0","-1.00","-2.00","-6.73","-0.04","0","11.22"
"Jul 23, 2025 4:52:51 a.m. PDT","24103983821","Order","702-4133057-5363418","WNCA-D33-5-5","Lusait Wireless Strapless Bra for Women Silicone Removable Padded Bra Comfort Bandeau Tube Top Bra Beige XL","1","amazon.ca","Amazon","Udora","Ontario","L0C 1L","Combined TCS+MTC","19.99","2.60","0","0","0","0","0","0","0","0","-2.60","-2.00","-6.73","-0.04","0","11.22"
"Jul 23, 2025 4:57:51 a.m. PDT","24103983821","Order","701-8295992-5923445","WNCA-D33-5-4","Lusait Wireless Strapless Bra for Women Silicone Removable Padded Bra Comfort Bandeau Tube Top Bra Beige L","1","amazon.ca","Amazon","Windsor","Ontario","N8S 3X","Combined TCS+MTC","19.99","2.60","0","0","0","0","0","0","0","0","-2.60","-2.00","-6.73","-0.04","0","11.22"
"Jul 23, 2025 5:29:14 a.m. PDT","24103983821","Order","701-5971676-0178654","WNCA-D33-5-3","Lusait Wireless Strapless Bra for Women Silicone Removable Padded Bra Comfort Bandeau Tube Top Bra Beige M","1","amazon.ca","Amazon","Aurora","Ontario","L4G6X","Combined TCS+MTC","19.99","2.60","0","0","0","0","0","0","0","0","-2.60","-2.00","-6.73","-0.04","0","11.22"
"Jul 23, 2025 5:42:02 a.m. PDT","24103983821","FBA Inventory Fee","701-9060366-0280206","","Fulfilment by Amazon removal order: disposal fee","","Amazon.ca","","","","","","0","0","0","0","0","0","0","0","0","0","0","0","0","0","-0.36","-0.36"
"Jul 23, 2025 6:11:56 a.m. PDT","24103983821","Order","701-9723288-9765044","WNCA-D33-5-3","Lusait Wireless Strapless Bra for Women Silicone Removable Padded Bra Comfort Bandeau Tube Top Bra Beige M","1","amazon.ca","Amazon","Calgary","Alberta","T3C 1W","Combined TCS+MTC","19.99","1.00","0","0","0","0","0","0","0","0","-1.00","-2.00","-6.73","-0.04","0","11.22"
"Jul 23, 2025 6:19:42 a.m. PDT","24103983821","Order","702-0037647-4214658","WNCA-D33-2-2","Lusait Wireless Strapless Bra for Women Silicone Removable Padded Bra Comfort Bandeau Tube Top Bra Black S","1","amazon.ca","Amazon","St. John's","Newfoundland","A1C 6E","Combined TCS+MTC","19.99","3.00","0","0","0","0","0","0","0","0","-3.00","-2.00","-6.36","-0.04","0","11.59"
"Jul 23, 2025 7:57:22 a.m. PDT","24103983821","Order","702-5457086-8130658","WNCA-D33-2-2","Lusait Wireless Strapless Bra for Women Silicone Removable Padded Bra Comfort Bandeau Tube Top Bra Black S","1","amazon.ca","Amazon","Brampton","Ontario","L6R 0J","Combined TCS+MTC","19.99","2.60","0","0","0","0","0","0","0","0","-2.60","-2.00","-6.36","-0.04","0","11.59"
"Jul 23, 2025 11:39:35 a.m. PDT","24103983821","Order","701-5134462-3956238","WNCA-D33-25-5","Lusait Wireless Strapless Bra for Women Silicone Removable Padded Bra Comfort Bandeau Tube Top Bra Black+Beige XL","1","amazon.ca","Amazon","Delta","British Columbia","V4K 0E","Combined TCS+MTC","32.99","3.96","0","0","0","0","0","0","0","0","-3.96","-5.61","-7.40","-0.11","0","19.87"
"Jul 23, 2025 1:36:40 p.m. PDT","24103983821","Fulfilment by Amazon customer return fee","702-1704828-9529830","X003R2BVUH","FBA Customer Return Per Unit Fee (Clothing & Shoes)","","Amazon.ca","","","","","","0","0","0","0","0","0","0","0","0","0","0","0","-4.79","0","0","-4.79"
"Jul 23, 2025 4:31:50 p.m. PDT","24103983821","Order","701-8169471-5450633","WNCA-D33-5-2","Lusait Wireless Strapless Bra for Women Silicone Removable Padded Bra Comfort Bandeau Tube Top Bra Beige S","1","amazon.ca","Amazon","Fergus","Ontario","N1M0A","Combined TCS+MTC","19.99","2.60","0","0","0","0","0","0","0","0","-2.60","-2.00","-7.19","-0.04","0","10.76"
"Jul 23, 2025 4:39:42 p.m. PDT","24103983821","Order","702-2834311-5688247","WNCA-D33-5-5","Lusait Wireless Strapless Bra for Women Silicone Removable Padded Bra Comfort Bandeau Tube Top Bra Beige XL","1","amazon.ca","Amazon","Regina","Saskatchewan","S4W 0G","Combined TCS+MTC","19.99","2.20","0","0","0","0","0","0","0","0","-2.20","-2.00","-6.73","-0.04","0","11.22"
"Jul 23, 2025 6:26:26 p.m. PDT","24103983821","Order","702-8979931-1708247","WNCA-D33-25-6","Lusait Wireless Strapless Bra for Women Silicone Removable Padded Bra Comfort Bandeau Tube Top Bra Black+Beige 2XL","1","amazon.ca","Amazon","Summerside","Prince Edward Island","C1N 4H","Combined TCS+MTC","32.99","4.95","0","0","0","0","0","0","0","0","-4.95","-5.61","-6.73","-0.11","0","20.54"
"Jul 23, 2025 9:17:49 p.m. PDT","24103983821","Order","701-9721242-8761827","WNCA-D33-5-2","Lusait Wireless Strapless Bra for Women Silicone Removable Padded Bra Comfort Bandeau Tube Top Bra Beige S","1","amazon.ca","Amazon","Gatineau","QC","J9H 7R","Combined TCS+MTC","19.99","2.99","0","0","0","0","0","0","0","0","-2.99","-2.00","-7.19","-0.04","0","10.76"
"Jul 23, 2025 11:13:13 p.m. PDT","24103983821","Order","702-3177313-9400209","WNCA-D33-5-3","Lusait Wireless Strapless Bra for Women Silicone Removable Padded Bra Comfort Bandeau Tube Top Bra Beige M","1","amazon.ca","Amazon","Oakville","Ontario","L6M 4Z","Combined TCS+MTC","19.99","2.60","0","0","0","0","0","0","0","0","-2.60","-2.00","-6.73","-0.04","0","11.22"
"Jul 23, 2025 11:36:31 p.m. PDT","24103983821","Order","702-7155038-0442654","WNCA-D33-2-4","Lusait Wireless Strapless Bra for Women Silicone Removable Padded Bra Comfort Bandeau Tube Top Bra Black L","1","amazon.ca","Amazon","Picton","Ontario","K0K 2T","Combined TCS+MTC","19.99","2.60","0","0","0","0","0","0","0","0","-2.60","-2.00","-6.73","-0.04","0","11.22"
"Jul 24, 2025 12:01:19 a.m. PDT","24103983821","Order","702-9825784-0745065","WNCA-D33-5-4","Lusait Wireless Strapless Bra for Women Silicone Removable Padded Bra Comfort Bandeau Tube Top Bra Beige L","1","amazon.ca","Amazon","Caledon East","Ontario","L7K 2G","Combined TCS+MTC","19.99","2.60","0","0","0","0","0","0","0","0","-2.60","-2.00","-6.73","-0.04","0","11.22"
"Jul 24, 2025 12:46:36 a.m. PDT","24103983821","Order","701-2154202-0217043","WNCA-D33-5-3","Lusait Wireless Strapless Bra for Women Silicone Removable Padded Bra Comfort Bandeau Tube Top Bra Beige M","1","amazon.ca","Amazon","Calgary","Alberta","T2K 3T","Combined TCS+MTC","19.99","1.00","0","0","0","0","0","0","0","0","-1.00","-2.00","-7.20","-0.04","0","10.75"
"Jul 24, 2025 1:03:24 a.m. PDT","24103983821","Order","702-8128759-2757006","WNCA-D33-2-6","Lusait Wireless Strapless Bra for Women Silicone Removable Padded Bra Comfort Bandeau Tube Top Bra Black 2XL","1","amazon.ca","Amazon","souris","Prince Edward Island","C0A2B","Combined TCS+MTC","19.99","3.00","0","0","0","0","0","0","0","0","-3.00","-2.00","-6.73","-0.04","0","11.22"
"Jul 24, 2025 1:20:04 a.m. PDT","24103983821","Fulfilment by Amazon customer return fee","702-9114434-1221019","X003R2BVSJ","FBA Customer Return Per Unit Fee (Clothing & Shoes)","","Amazon.ca","","","","","","0","0","0","0","0","0","0","0","0","0","0","0","-4.92","0","0","-4.92"
"Jul 24, 2025 1:57:56 a.m. PDT","24103983821","Order","702-6683826-4173039","WNCA-D33-7-3","Lusait Wireless Strapless Bra for Women Silicone Removable Padded Bra Comfort Bandeau Tube Top Bra Brown M","1","amazon.ca","Amazon","Oshawa","Ontario","L1G 3Y","Combined TCS+MTC","19.99","2.60","0","0","0","0","0","0","0","0","-2.60","-2.00","-6.73","-0.04","0","11.22"
"Jul 24, 2025 2:00:52 a.m. PDT","24103983821","Order","701-7364011-2422614","WNCA-D33-7-4","Lusait Wireless Strapless Bra for Women Silicone Removable Padded Bra Comfort Bandeau Tube Top Bra Brown L","1","amazon.ca","Amazon","Whitby","Ontario","L1N 6K","Combined TCS+MTC","19.99","2.60","0","0","0","0","0","0","0","0","-2.60","-2.00","-6.73","-0.04","0","11.22"
"Jul 24, 2025 2:05:28 a.m. PDT","24103983821","Order","702-5779644-3054659","WNCA-D33-5-3","Lusait Wireless Strapless Bra for Women Silicone Removable Padded Bra Comfort Bandeau Tube Top Bra Beige M","1","amazon.ca","Amazon","Toronto","Ontario","M5P 2E","Combined TCS+MTC","19.99","2.60","0","0","0","0","0","0","0","0","-2.60","-2.00","-6.73","-0.04","0","11.22"
"Jul 24, 2025 2:23:25 a.m. PDT","24103983821","Order","702-7984075-4885008","WNCA-D33-6-4","Lusait Wireless Strapless Bra for Women Silicone Removable Padded Bra Comfort Bandeau Tube Top Bra White L","1","amazon.ca","Amazon","Mississauga","Ontario","L5M 7L","Combined TCS+MTC","19.99","2.60","0","0","0","0","0","0","0","0","-2.60","-2.00","-6.73","-0.04","0","11.22"
"Jul 24, 2025 2:23:57 a.m. PDT","24103983821","Order","701-9306388-6598624","WNCA-D33-7-3","Lusait Wireless Strapless Bra for Women Silicone Removable Padded Bra Comfort Bandeau Tube Top Bra Brown M","1","amazon.ca","Amazon","Mississauga","On","L5N 1S","Combined TCS+MTC","19.99","2.60","0","0","0","0","0","0","0","0","-2.60","-2.00","-6.73","-0.04","0","11.22"
"Jul 24, 2025 3:19:14 a.m. PDT","24103983821","Order","702-8073735-7231422","WNCA-D33-5-5","Lusait Wireless Strapless Bra for Women Silicone Removable Padded Bra Comfort Bandeau Tube Top Bra Beige XL","1","amazon.ca","Amazon","Perth","Ontario","K7H 3C","Combined TCS+MTC","19.99","2.60","0","0","0","0","0","0","0","0","-2.60","-2.00","-6.73","-0.04","0","11.22"
"Jul 24, 2025 3:27:56 a.m. PDT","24103983821","Order","702-6929000-1276242","WNCA-D33-2-5","Lusait Wireless Strapless Bra for Women Silicone Removable Padded Bra Comfort Bandeau Tube Top Bra Black XL","1","amazon.ca","Amazon","Thetford Mines","Quebec","G6G 6C","Combined TCS+MTC","19.99","2.99","2.52","0","0","0","0","0","-2.52","0","-2.99","-2.00","-7.92","-0.04","0","10.03"
"Jul 24, 2025 4:09:59 a.m. PDT","24103983821","Order","701-2915955-7675406","WNCA-D33-5-4","Lusait Wireless Strapless Bra for Women Silicone Removable Padded Bra Comfort Bandeau Tube Top Bra Beige L","1","amazon.ca","Amazon","Windsor","ON","N8X1Z","Combined TCS+MTC","19.99","2.60","0","0","0","0","0","0","0","0","-2.60","-2.00","-6.73","-0.04","0","11.22"
"Jul 24, 2025 5:25:08 a.m. PDT","24103983821","Refund","701-8042534-8829838","WNCA-D33-5-2","Lusait Wireless Strapless Bra for Women Silicone Removable Padded Bra Comfort Bandeau Tube Top Bra Beige S","1","amazon.ca","Amazon","Bolton","Ontario","L7E 1X","Combined TCS+MTC","-19.99","-2.60","0","0","0","0","0","0","0","0","2.60","1.60","0","0.04","0","-18.35"
"Jul 24, 2025 5:35:39 a.m. PDT","24103983821","Refund","701-2154202-0217043","WNCA-D33-5-3","Lusait Wireless Strapless Bra for Women Silicone Removable Padded Bra Comfort Bandeau Tube Top Bra Beige M","1","amazon.ca","Amazon","Calgary","Alberta","T2K 3T","Combined TCS+MTC","-19.99","-1.00","0","0","0","0","0","0","0","0","1.00","1.60","0","0.04","0","-18.35"
"Jul 24, 2025 5:54:57 a.m. PDT","24103983821","Order","701-8042534-8829838","WNCA-D33-5-2","Lusait Wireless Strapless Bra for Women Silicone Removable Padded Bra Comfort Bandeau Tube Top Bra Beige S","1","amazon.ca","Amazon","Bolton","Ontario","L7E 1X","Combined TCS+MTC","19.99","2.60","0","0","0","0","0","0","0","0","-2.60","-2.00","-7.19","-0.04","0","10.76"
"Jul 24, 2025 7:54:57 a.m. PDT","24103983821","Order","702-7725430-0779468","WNCA-D33-5-5","Lusait Wireless Strapless Bra for Women Silicone Removable Padded Bra Comfort Bandeau Tube Top Bra Beige XL","1","amazon.ca","Amazon","Caledonia","Ontario","N3W 0H","Combined TCS+MTC","19.99","2.60","0","0","0","0","0","0","0","0","-2.60","-2.00","-6.73","-0.04","0","11.22"
"Jul 24, 2025 9:02:50 a.m. PDT","24103983821","Order","702-9282304-3747406","WNCA-D33-6-6","Lusait Wireless Strapless Bra for Women Silicone Removable Padded Bra Comfort Bandeau Tube Top Bra White 2XL","1","amazon.ca","Amazon","MAGOG","Québec","J1X 5C","Combined TCS+MTC","19.99","2.99","0","0","0","0","0","0","0","0","-2.99","-2.00","-6.73","-0.04","0","11.22"
"Jul 24, 2025 9:10:42 a.m. PDT","24103983821","Refund","702-9160882-0025065","WNCA-D33-5-3","Lusait Wireless Strapless Bra for Women Silicone Removable Padded Bra Comfort Bandeau Tube Top Bra Beige M","1","amazon.ca","Amazon","Quebec","Quebec","G1C 3W","Combined TCS+MTC","-19.99","-2.99","0","0","0","0","0","0","0","0","2.99","1.60","0","0.04","0","-18.35"
"Jul 24, 2025 1:25:48 p.m. PDT","24103983821","Fulfilment by Amazon customer return fee","702-8364655-5887459","X003R2BVSJ","FBA Customer Return Per Unit Fee (Clothing & Shoes)","","Amazon.ca","","","","","","0","0","0","0","0","0","0","0","0","0","0","0","-4.92","0","0","-4.92"
"Jul 24, 2025 3:31:46 p.m. PDT","24103983821","Order","701-6860693-5046620","WNCA-D33-5-2","Lusait Wireless Strapless Bra for Women Silicone Removable Padded Bra Comfort Bandeau Tube Top Bra Beige S","1","amazon.ca","Amazon","Cambridge","Ontario","N1P 1G","Combined TCS+MTC","19.99","2.60","0","0","0","0","0","0","0","0","-2.60","-2.00","-7.19","-0.04","0","10.76"
"Jul 25, 2025 12:19:23 a.m. PDT","24103983821","Order","701-5719502-5111445","WNCA-D33-2-5","Lusait Wireless Strapless Bra for Women Silicone Removable Padded Bra Comfort Bandeau Tube Top Bra Black XL","1","amazon.ca","Amazon","Bashaw","Alberta","T0B 0H","Combined TCS+MTC","19.99","1.00","0","0","0","0","0","0","0","0","-1.00","-2.00","-7.40","-0.04","0","10.55"
"Jul 25, 2025 12:19:23 a.m. PDT","24103983821","Order","701-5719502-5111445","WNCA-D33-5-5","Lusait Wireless Strapless Bra for Women Silicone Removable Padded Bra Comfort Bandeau Tube Top Bra Beige XL","1","amazon.ca","Amazon","Bashaw","Alberta","T0B 0H","Combined TCS+MTC","19.99","1.00","0","0","0","0","0","0","0","0","-1.00","-2.00","-6.73","-0.04","0","11.22"
"Jul 25, 2025 1:14:16 a.m. PDT","24103983821","Order","701-7015070-9857062","WNCA-D33-2-2","Lusait Wireless Strapless Bra for Women Silicone Removable Padded Bra Comfort Bandeau Tube Top Bra Black S","1","amazon.ca","Amazon","Coquitlam","British Columbia","V3E 0E","Combined TCS+MTC","19.99","2.40","0","0","0","0","0","0","0","0","-2.40","-2.00","-6.36","-0.04","0","11.59"
"Jul 25, 2025 1:47:24 a.m. PDT","24103983821","Refund","702-2596085-9572252","WNCA-D33-5-3","Lusait Wireless Strapless Bra for Women Silicone Removable Padded Bra Comfort Bandeau Tube Top Bra Beige M","1","amazon.ca","Amazon","Coquitlam","British Columbia","V3E 1T","Combined TCS+MTC","-19.99","-2.40","0","0","0","0","0","0","0","0","2.40","1.60","0","0.04","0","-18.35"
"Jul 25, 2025 1:51:34 a.m. PDT","24103983821","Order","702-3243103-4249862","WNCA-D33-22-5","Lusait Wireless Strapless Bra for Women Silicone Removable Padded Bra Comfort Bandeau Tube Top Bra Black+Black XL","1","amazon.ca","Amazon","Kingston","Ontario","K7M 5Y","Combined TCS+MTC","19.99","2.60","0","0","0","0","0","0","0","0","-2.60","-2.00","-6.73","-0.04","0","11.22"
"Jul 25, 2025 2:43:19 a.m. PDT","24103983821","Order","702-8427703-3245839","WNCA-D33-5-4","Lusait Wireless Strapless Bra for Women Silicone Removable Padded Bra Comfort Bandeau Tube Top Bra Beige L","1","amazon.ca","Amazon","Moncton","New Brunswick","E1A 3Z","Combined TCS+MTC","19.99","3.00","0","0","0","0","0","0","0","0","-3.00","-2.00","-6.73","-0.04","0","11.22"
"Jul 25, 2025 3:02:01 a.m. PDT","24103983821","Order","702-0567557-5376263","WNCA-D33-5-2","Lusait Wireless Strapless Bra for Women Silicone Removable Padded Bra Comfort Bandeau Tube Top Bra Beige S","1","amazon.ca","Amazon","Merritt","BC","V1K 1R","Combined TCS+MTC","19.99","2.40","0","0","0","0","0","0","0","0","-2.40","-2.00","-7.19","-0.04","0","10.76"
"Jul 25, 2025 3:10:20 a.m. PDT","24103983821","Order","702-4771915-2290601","WNCA-D33-5-2","Lusait Wireless Strapless Bra for Women Silicone Removable Padded Bra Comfort Bandeau Tube Top Bra Beige S","1","amazon.ca","Amazon","Otonabee","Ontario","K9J 6Y","Combined TCS+MTC","19.99","2.60","0","0","0","0","0","0","0","0","-2.60","-2.00","-7.19","-0.04","0","10.76"
"Jul 25, 2025 3:15:01 a.m. PDT","24103983821","Order","702-5713814-1380237","WNCA-D33-5-5","Lusait Wireless Strapless Bra for Women Silicone Removable Padded Bra Comfort Bandeau Tube Top Bra Beige XL","1","amazon.ca","Amazon","Kleinburg","Ontario","L4H 4S","Combined TCS+MTC","19.99","2.60","0","0","0","0","0","0","0","0","-2.60","-2.00","-6.73","-0.04","0","11.22"
"Jul 25, 2025 3:54:40 a.m. PDT","24103983821","Refund","702-8427703-3245839","WNCA-D33-5-4","Lusait Wireless Strapless Bra for Women Silicone Removable Padded Bra Comfort Bandeau Tube Top Bra Beige L","1","amazon.ca","Amazon","Moncton","New Brunswick","E1A 3Z","Combined TCS+MTC","-19.99","-3.00","0","0","0","0","0","0","0","0","3.00","1.60","0","0.04","0","-18.35"
"Jul 25, 2025 4:20:42 a.m. PDT","24103983821","Order","702-7006144-3917018","WNCA-D33-2-2","Lusait Wireless Strapless Bra for Women Silicone Removable Padded Bra Comfort Bandeau Tube Top Bra Black S","1","amazon.ca","Amazon","Burlington","Ontario","L7L 4Y","Combined TCS+MTC","19.99","2.60","0","0","0","0","0","0","0","0","-2.60","-2.00","-6.36","-0.04","0","11.59"
"Jul 25, 2025 4:26:24 a.m. PDT","24103983821","Order","702-2596085-9572252","WNCA-D33-5-3","Lusait Wireless Strapless Bra for Women Silicone Removable Padded Bra Comfort Bandeau Tube Top Bra Beige M","1","amazon.ca","Amazon","Coquitlam","British Columbia","V3E 1T","Combined TCS+MTC","19.99","2.40","0","0","0","0","0","0","0","0","-2.40","-2.00","-7.20","-0.04","0","10.75"
"Jul 25, 2025 6:00:17 a.m. PDT","24103983821","Fulfilment by Amazon customer return fee","702-4966451-4399400","X00430JSFH","FBA Customer Return Per Unit Fee (Clothing & Shoes)","","Amazon.ca","","","","","","0","0","0","0","0","0","0","0","0","0","0","0","-4.92","0","0","-4.92"
"Jul 25, 2025 6:29:00 a.m. PDT","24103983821","Order","701-4080041-0840218","WNCA-D33-5-4","Lusait Wireless Strapless Bra for Women Silicone Removable Padded Bra Comfort Bandeau Tube Top Bra Beige L","1","amazon.ca","Amazon","Cranbrook","British Columbia","V1C 4P","Combined TCS+MTC","19.99","2.40","0","0","0","0","0","0","0","0","-2.40","-2.00","-6.73","-0.04","0","11.22"
"Jul 25, 2025 7:08:29 a.m. PDT","24103983821","Order","701-7966194-3480221","WNCA-D33-5-3","Lusait Wireless Strapless Bra for Women Silicone Removable Padded Bra Comfort Bandeau Tube Top Bra Beige M","1","amazon.ca","Amazon","Abbotsford","British Columbia","V2S 8B","Combined TCS+MTC","19.99","2.40","0","0","0","0","0","0","0","0","-2.40","-2.00","-7.20","-0.04","0","10.75"
"Jul 25, 2025 7:19:06 a.m. PDT","24103983821","Order","701-5054783-5149032","WNCA-D33-2-2","Lusait Wireless Strapless Bra for Women Silicone Removable Padded Bra Comfort Bandeau Tube Top Bra Black S","1","amazon.ca","Amazon","Scarborough","Ontario","M1K 5J","Combined TCS+MTC","19.99","2.60","0","0","0","0","0","0","0","0","-2.60","-2.00","-6.36","-0.04","0","11.59"
"Jul 25, 2025 7:31:58 a.m. PDT","24103983821","Order","702-6729365-0831422","WNCA-D33-2-3","Lusait Wireless Strapless Bra for Women Silicone Removable Padded Bra Comfort Bandeau Tube Top Bra Black M","1","amazon.ca","Amazon","Winnipeg","Manitoba","R2V 1R","Combined TCS+MTC","19.99","2.40","0","0","0","0","0","0","0","0","-2.40","-2.00","-6.73","-0.04","0","11.22"
"Jul 25, 2025 10:19:45 a.m. PDT","24103983821","Fulfilment by Amazon customer return fee","702-0840274-0176210","X003R2BVSJ","FBA Customer Return Per Unit Fee (Clothing & Shoes)","","Amazon.ca","","","","","","0","0","0","0","0","0","0","0","0","0","0","0","-4.57","0","0","-4.57"
"Jul 25, 2025 12:54:28 p.m. PDT","24103983821","Fulfilment by Amazon customer return fee","702-4906935-8173046","X00430JSOX","FBA Customer Return Per Unit Fee (Clothing & Shoes)","","Amazon.ca","","","","","","0","0","0","0","0","0","0","0","0","0","0","0","-4.92","0","0","-4.92"
"Jul 25, 2025 3:24:44 p.m. PDT","24103983821","Order","701-6179916-9957862","WNCA-D33-5-2","Lusait Wireless Strapless Bra for Women Silicone Removable Padded Bra Comfort Bandeau Tube Top Bra Beige S","1","amazon.ca","Amazon","Toronto","Ontario","M5J 3A","Combined TCS+MTC","19.99","2.60","0","0","0","0","0","0","0","0","-2.60","-2.00","-7.19","-0.04","0","10.76"
"Jul 25, 2025 5:09:31 p.m. PDT","24103983821","Fulfilment by Amazon customer return fee","701-6089684-1779459","X003R2BVXT","FBA Customer Return Per Unit Fee (Clothing & Shoes)","","Amazon.ca","","","","","","0","0","0","0","0","0","0","0","0","0","0","0","-4.92","0","0","-4.92"
"Jul 25, 2025 5:25:34 p.m. PDT","24103983821","Refund","702-5143112-8321865","WNCA-D33-5-4","Lusait Wireless Strapless Bra for Women Silicone Removable Padded Bra Comfort Bandeau Tube Top Bra Beige L","1","amazon.ca","Amazon","Burnaby","British Columbia","V5A 1K","Combined TCS+MTC","-19.99","-2.40","0","0","0","0","0","0","0","0","2.40","1.60","0","0.04","0","-18.35"
"Jul 25, 2025 11:48:45 p.m. PDT","24103983821","Fulfilment by Amazon customer return fee","701-7874609-0444230","X003R2BUDP","FBA Customer Return Per Unit Fee (Clothing & Shoes)","","Amazon.ca","","","","","","0","0","0","0","0","0","0","0","0","0","0","0","-4.79","0","0","-4.79"
"Jul 25, 2025 11:58:30 p.m. PDT","24103983821","Fulfilment by Amazon customer return fee","701-7874609-0444230","X003R2BVSJ","FBA Customer Return Per Unit Fee (Clothing & Shoes)","","Amazon.ca","","","","","","0","0","0","0","0","0","0","0","0","0","0","0","-4.92","0","0","-4.92"
"Jul 26, 2025 12:02:55 a.m. PDT","24103983821","Order","701-6641762-1108260","WNCA-D33-5-4","Lusait Wireless Strapless Bra for Women Silicone Removable Padded Bra Comfort Bandeau Tube Top Bra Beige L","1","amazon.ca","Amazon","Burnaby","British Columbia","V3N 3B","Combined TCS+MTC","19.99","2.40","0","0","0","0","0","0","0","0","-2.40","-2.00","-6.73","-0.04","0","11.22"
"Jul 26, 2025 3:11:31 a.m. PDT","24103983821","Order","701-5762094-6249043","WNCA-D33-5-2","Lusait Wireless Strapless Bra for Women Silicone Removable Padded Bra Comfort Bandeau Tube Top Bra Beige S","1","amazon.ca","Amazon","Surrey","British Columbia","V3X 0A","Combined TCS+MTC","19.99","2.40","0","0","0","0","0","0","0","0","-2.40","-2.00","-7.19","-0.04","0","10.76"
"Jul 26, 2025 3:29:20 a.m. PDT","24103983821","Order","702-3464952-6119438","WNCA-D33-22-4","Lusait Wireless Strapless Bra for Women Silicone Removable Padded Bra Comfort Bandeau Tube Top Bra Black+Black L","1","amazon.ca","Amazon","Toronto","Ontario","M6M 2M","Combined TCS+MTC","19.99","2.60","3.50","0","0","0","0","0","-3.50","0","-2.60","-2.00","-6.73","-0.04","0","11.22"
"Jul 26, 2025 3:29:23 a.m. PDT","24103983821","Order","702-8460412-4331469","WNCA-D33-5-2","Lusait Wireless Strapless Bra for Women Silicone Removable Padded Bra Comfort Bandeau Tube Top Bra Beige S","1","amazon.ca","Amazon","Montreal","Quebec","H4A 3L","Combined TCS+MTC","19.99","2.99","0","0","0","0","0","0","0","0","-2.99","-2.00","-7.19","-0.04","0","10.76"
"Jul 26, 2025 3:51:20 a.m. PDT","24103983821","Order","702-2492392-5659427","WNCA-D33-2-3","Lusait Wireless Strapless Bra for Women Silicone Removable Padded Bra Comfort Bandeau Tube Top Bra Black M","1","amazon.ca","Amazon","Langley","British Columbia","V2Y 4K","Combined TCS+MTC","19.99","2.40","0","0","0","0","0","0","0","0","-2.40","-2.00","-6.73","-0.04","0","11.22"
"Jul 26, 2025 5:19:31 a.m. PDT","24103983821","Order","701-8595346-7517824","WNCA-D33-5-2","Lusait Wireless Strapless Bra for Women Silicone Removable Padded Bra Comfort Bandeau Tube Top Bra Beige S","1","amazon.ca","Amazon","St Marys","Ontario","N4X 1E","Combined TCS+MTC","19.99","2.60","0","0","0","0","0","0","0","0","-2.60","-2.00","-7.19","-0.04","0","10.76"
"Jul 26, 2025 5:28:35 a.m. PDT","24103983821","Order","702-7174002-6003413","WNCA-D33-5-2","Lusait Wireless Strapless Bra for Women Silicone Removable Padded Bra Comfort Bandeau Tube Top Bra Beige S","1","amazon.ca","Amazon","Sherwood Park","Alberta","T8H 0R","Combined TCS+MTC","19.99","1.00","3.93","0","0","0","0","0","-3.93","0","-1.00","-2.00","-7.19","-0.04","0","10.76"
"Jul 26, 2025 5:48:53 a.m. PDT","24103983821","Order","701-3032055-6717019","WNCA-D33-5-5","Lusait Wireless Strapless Bra for Women Silicone Removable Padded Bra Comfort Bandeau Tube Top Bra Beige XL","1","amazon.ca","Amazon","Surrey","British Columbia","V3X 0C","Combined TCS+MTC","19.99","2.40","2.33","0","0","0","0","0","-2.33","0","-2.40","-2.00","-7.20","-0.04","0","10.75"
"Jul 26, 2025 6:26:13 a.m. PDT","24103983821","Order","702-1927766-0159444","WNCA-D33-5-4","Lusait Wireless Strapless Bra for Women Silicone Removable Padded Bra Comfort Bandeau Tube Top Bra Beige L","1","amazon.ca","Amazon","Slave Lake","Alberta","T0G 2A","Combined TCS+MTC","19.99","1.00","0","0","0","0","0","0","0","0","-1.00","-2.00","-6.73","-0.04","0","11.22"
"Jul 26, 2025 6:36:59 a.m. PDT","24103983821","Order","701-0992008-3939430","WNCA-D33-5-2","Lusait Wireless Strapless Bra for Women Silicone Removable Padded Bra Comfort Bandeau Tube Top Bra Beige S","1","amazon.ca","Amazon","Cambridge","ON","N1T 1Z","Combined TCS+MTC","19.99","2.60","0","0","0","0","0","0","0","0","-2.60","-2.00","-7.19","-0.04","0","10.76"
"Jul 26, 2025 6:53:31 a.m. PDT","24103983821","Fulfilment by Amazon customer return fee","701-8042534-8829838","X003R2BUDP","FBA Customer Return Per Unit Fee (Clothing & Shoes)","","Amazon.ca","","","","","","0","0","0","0","0","0","0","0","0","0","0","0","-4.79","0","0","-4.79"
"Jul 26, 2025 7:23:22 a.m. PDT","24103983821","Order","702-7801951-2637847","WNCA-D33-2-5","Lusait Wireless Strapless Bra for Women Silicone Removable Padded Bra Comfort Bandeau Tube Top Bra Black XL","1","amazon.ca","Amazon","Ottawa","Ontario","K1C 1C","Combined TCS+MTC","19.99","2.60","0","0","0","0","0","0","0","0","-2.60","-2.00","-7.40","-0.04","0","10.55"
"Jul 26, 2025 8:19:22 a.m. PDT","24103983821","Order","701-1651880-0449866","WNCA-D33-7-5","Lusait Wireless Strapless Bra for Women Silicone Removable Padded Bra Comfort Bandeau Tube Top Bra Brown XL","1","amazon.ca","Amazon","St Catharines","Ontario","L2M 6R","Combined TCS+MTC","19.99","2.60","0","0","0","0","0","0","0","0","-2.60","-2.00","-6.73","-0.04","0","11.22"
"Jul 26, 2025 8:20:05 a.m. PDT","24103983821","Fulfilment by Amazon customer return fee","701-9596850-9726612","X00430QG9X","FBA Customer Return Per Unit Fee (Clothing & Shoes)","","Amazon.ca","","","","","","0","0","0","0","0","0","0","0","0","0","0","0","-4.92","0","0","-4.92"
"Jul 26, 2025 9:00:28 a.m. PDT","24103983821","Order","701-7181866-1205849","WNCA-D33-5-5","Lusait Wireless Strapless Bra for Women Silicone Removable Padded Bra Comfort Bandeau Tube Top Bra Beige XL","1","amazon.ca","Amazon","Maugerville","New Brunswick","E3A 8K","Combined TCS+MTC","19.99","3.00","0","0","0","0","0","0","0","0","-3.00","-2.00","-6.73","-0.04","0","11.22"
"Jul 26, 2025 3:09:32 p.m. PDT","24103983821","FBA Inventory Fee","701-6089684-1779459","","Fulfilment by Amazon removal order: disposal fee","","Amazon.ca","","","","","","0","0","0","0","0","0","0","0","0","0","0","0","0","0","-0.36","-0.36"
"Jul 27, 2025 12:35:16 a.m. PDT","24103983821","Order","701-6574320-6664258","WNCA-D33-5-2","Lusait Wireless Strapless Bra for Women Silicone Removable Padded Bra Comfort Bandeau Tube Top Bra Beige S","1","amazon.ca","Amazon","Surrey","British Columbia","V3W 5W","Combined TCS+MTC","19.99","2.40","0","0","0","0","0","0","0","0","-2.40","-2.00","-7.19","-0.04","0","10.76"
"Jul 27, 2025 12:52:37 a.m. PDT","24103983821","Order","701-2433952-6309809","WNCA-D33-5-4","Lusait Wireless Strapless Bra for Women Silicone Removable Padded Bra Comfort Bandeau Tube Top Bra Beige L","1","amazon.ca","Amazon","Richmond Hill","Ontario","L4C 2P","Combined TCS+MTC","19.99","2.60","0","0","0","0","0","0","0","0","-2.60","-2.00","-6.73","-0.04","0","11.22"
"Jul 27, 2025 3:21:51 a.m. PDT","24103983821","Order","701-6962712-3753020","WNCA-D33-25-5","Lusait Wireless Strapless Bra for Women Silicone Removable Padded Bra Comfort Bandeau Tube Top Bra Black+Beige XL","1","amazon.ca","Amazon","Montreal-Ouest","Quebec","H4X 1Z","Combined TCS+MTC","32.99","4.94","3.93","0","0","0","0","0","-3.93","0","-4.94","-5.61","-7.40","-0.11","0","19.87"
"Jul 27, 2025 3:52:47 a.m. PDT","24103983821","Order","702-8264040-8305021","WNCA-D33-5-3","Lusait Wireless Strapless Bra for Women Silicone Removable Padded Bra Comfort Bandeau Tube Top Bra Beige M","1","amazon.ca","Amazon","Okotoks","Alberta","T1S 1Z","Combined TCS+MTC","19.99","1.00","0","0","0","0","0","0","0","0","-1.00","-2.00","-6.73","-0.04","0","11.22"
"Jul 27, 2025 4:21:57 a.m. PDT","24103983821","Order","702-5300304-8872227","WNCA-D33-22-3","Lusait Wireless Strapless Bra for Women Silicone Removable Padded Bra Comfort Bandeau Tube Top Bra Black+Black M","1","amazon.ca","Amazon","STONEY CREEK","ON","L8J2P","Combined TCS+MTC","19.99","2.60","3.49","0","0","0","0","0","-3.49","0","-2.60","-2.00","-6.73","-0.04","0","11.22"
"Jul 27, 2025 5:10:02 a.m. PDT","24103983821","Order","702-3570700-6156267","WNCA-D33-5-3","Lusait Wireless Strapless Bra for Women Silicone Removable Padded Bra Comfort Bandeau Tube Top Bra Beige M","1","amazon.ca","Amazon","Saint-Eustache","Quebec","J7R 0G","Combined TCS+MTC","19.99","2.99","0","0","0","0","0","0","0","0","-2.99","-2.00","-6.73","-0.04","0","11.22"
"Jul 27, 2025 8:15:42 a.m. PDT","24103983821","Order","702-0203428-4504233","WNCA-D33-5-2","Lusait Wireless Strapless Bra for Women Silicone Removable Padded Bra Comfort Bandeau Tube Top Bra Beige S","1","amazon.ca","Amazon","Pierrefonds","Quebec","H8Y 3T","Combined TCS+MTC","19.99","2.99","0","0","0","0","0","0","0","0","-2.99","-2.00","-7.19","-0.04","0","10.76"
"Jul 27, 2025 1:26:40 p.m. PDT","24103983821","Fulfilment by Amazon customer return fee","702-0254462-0175427","X003R2BUDP","FBA Customer Return Per Unit Fee (Clothing & Shoes)","","Amazon.ca","","","","","","0","0","0","0","0","0","0","0","0","0","0","0","-4.45","0","0","-4.45"
"Jul 27, 2025 6:46:14 p.m. PDT","24103983821","Refund","702-7177775-7893814","WNCA-D33-5-4","Lusait Wireless Strapless Bra for Women Silicone Removable Padded Bra Comfort Bandeau Tube Top Bra Beige L","1","amazon.ca","Amazon","Maple","Ontario","L6A 4R","Combined TCS+MTC","-19.99","-2.60","0","0","0","0","0","0","0","0","2.60","1.60","0","0.04","0","-18.35"
"Jul 28, 2025 12:09:06 a.m. PDT","24103983821","Order","702-1860907-7038600","WNCA-D33-5-4","Lusait Wireless Strapless Bra for Women Silicone Removable Padded Bra Comfort Bandeau Tube Top Bra Beige L","1","amazon.ca","Amazon","Hamilton","Ontario","L9C7T","Combined TCS+MTC","19.99","2.60","0","0","0","0","0","0","0","0","-2.60","-2.00","-6.73","-0.04","0","11.22"
"Jul 28, 2025 12:28:45 a.m. PDT","24103983821","Order","702-7957605-3772252","WNCA-D33-7-4","Lusait Wireless Strapless Bra for Women Silicone Removable Padded Bra Comfort Bandeau Tube Top Bra Brown L","1","amazon.ca","Amazon","STONEY CREEK","ON","L8J2P","Combined TCS+MTC","19.99","2.60","0","0","0","0","0","0","0","0","-2.60","-2.00","-6.73","-0.04","0","11.22"
"Jul 28, 2025 1:50:31 a.m. PDT","24103983821","Order","702-1131233-8496254","WNCA-D33-5-5","Lusait Wireless Strapless Bra for Women Silicone Removable Padded Bra Comfort Bandeau Tube Top Bra Beige XL","1","amazon.ca","Amazon","Newcastle","Ontario","L1B 1E","Combined TCS+MTC","19.99","2.60","2.33","0","0","0","0","0","-2.33","0","-2.60","-2.00","-6.73","-0.04","0","11.22"
"Jul 28, 2025 3:27:24 a.m. PDT","24103983821","Order","702-2408212-4820213","WNCA-D33-5-3","Lusait Wireless Strapless Bra for Women Silicone Removable Padded Bra Comfort Bandeau Tube Top Bra Beige M","1","amazon.ca","Amazon","Thorold","ON","L2V 5A","Combined TCS+MTC","19.99","2.60","0","0","0","0","0","0","0","0","-2.60","-2.00","-6.73","-0.04","0","11.22"
"Jul 28, 2025 3:33:48 a.m. PDT","24103983821","Order","702-6696749-9021011","WNCA-D33-5-3","Lusait Wireless Strapless Bra for Women Silicone Removable Padded Bra Comfort Bandeau Tube Top Bra Beige M","1","amazon.ca","Amazon","Seguin","Ontario","P2A 0B","Combined TCS+MTC","19.99","2.60","0","0","0","0","0","0","0","0","-2.60","-2.00","-6.73","-0.04","0","11.22"
"Jul 28, 2025 4:14:05 a.m. PDT","24103983821","Order","702-5988249-9985846","WNCA-D33-2-2","Lusait Wireless Strapless Bra for Women Silicone Removable Padded Bra Comfort Bandeau Tube Top Bra Black S","1","amazon.ca","Amazon","Coquitlam","British Columbia","V3E 1T","Combined TCS+MTC","19.99","2.40","0","0","0","0","0","0","0","0","-2.40","-2.00","-6.36","-0.04","0","11.59"
"Jul 28, 2025 4:58:08 a.m. PDT","24103983821","Order","702-4817547-4866660","WNCA-D33-6-4","Lusait Wireless Strapless Bra for Women Silicone Removable Padded Bra Comfort Bandeau Tube Top Bra White L","1","amazon.ca","Amazon","Stouffville","Ontario","L4A 1T","Combined TCS+MTC","19.99","2.60","0","0","0","0","0","0","0","0","-2.60","-2.00","-6.73","-0.04","0","11.22"
"Jul 28, 2025 5:20:09 a.m. PDT","24103983821","Refund","702-3998910-5202622","WNCA-D33-5-2","Lusait Wireless Strapless Bra for Women Silicone Removable Padded Bra Comfort Bandeau Tube Top Bra Beige S","1","amazon.ca","Amazon","Burlington","Ontario","L7M 3W","Combined TCS+MTC","-19.99","-2.60","0","0","0","0","0","0","0","0","2.60","1.60","0","0.04","0","-18.35"
"Jul 28, 2025 6:42:51 a.m. PDT","24103983821","Order","702-3998910-5202622","WNCA-D33-5-2","Lusait Wireless Strapless Bra for Women Silicone Removable Padded Bra Comfort Bandeau Tube Top Bra Beige S","1","amazon.ca","Amazon","Burlington","Ontario","L7M 3W","Combined TCS+MTC","19.99","2.60","0","0","0","0","0","0","0","0","-2.60","-2.00","-7.19","-0.04","0","10.76"
"Jul 28, 2025 9:03:45 a.m. PDT","24103983821","Order","702-9621255-5784208","WNCA-D33-5-3","Lusait Wireless Strapless Bra for Women Silicone Removable Padded Bra Comfort Bandeau Tube Top Bra Beige M","1","amazon.ca","Amazon","Burlington","Ontario","L7M 3W","Combined TCS+MTC","19.99","2.60","0","0","0","0","0","0","0","0","-2.60","-2.00","-6.73","-0.04","0","11.22"
"Jul 28, 2025 10:16:40 a.m. PDT","24103983821","Order","701-5193485-2689029","WNCA-D33-6-4","Lusait Wireless Strapless Bra for Women Silicone Removable Padded Bra Comfort Bandeau Tube Top Bra White L","1","amazon.ca","Amazon","Toronto","Ontario","M8X 1A","Combined TCS+MTC","19.99","2.60","0","0","0","0","0","0","0","0","-2.60","-2.00","-6.73","-0.04","0","11.22"
"Jul 28, 2025 10:16:40 a.m. PDT","24103983821","Order","701-5193485-2689029","WNCA-D33-7-4","Lusait Wireless Strapless Bra for Women Silicone Removable Padded Bra Comfort Bandeau Tube Top Bra Brown L","1","amazon.ca","Amazon","Toronto","Ontario","M8X 1A","Combined TCS+MTC","19.99","2.60","0","0","0","0","0","0","0","0","-2.60","-2.00","-6.73","-0.04","0","11.22"
"Jul 28, 2025 10:58:58 a.m. PDT","24103983821","Order","702-9564379-4665825","WNCA-D33-6-5","Lusait Wireless Strapless Bra for Women Silicone Removable Padded Bra Comfort Bandeau Tube Top Bra White XL","1","amazon.ca","Amazon","Stouffville","Ontario","L4A 1T","Combined TCS+MTC","19.99","2.60","0","0","0","0","0","0","0","0","-2.60","-2.00","-6.73","-0.04","0","11.22"
"Jul 28, 2025 11:01:56 a.m. PDT","24103983821","Order","702-1492480-5685001","WNCA-D33-25-5","Lusait Wireless Strapless Bra for Women Silicone Removable Padded Bra Comfort Bandeau Tube Top Bra Black+Beige XL","1","amazon.ca","Amazon","Richmond Hill","ON","L4E 4A","Combined TCS+MTC","32.99","4.29","0","0","0","0","0","0","0","0","-4.29","-5.61","-7.40","-0.11","0","19.87"
"Jul 28, 2025 6:03:09 p.m. PDT","24103983821","Fulfilment by Amazon customer return fee","702-3998910-5202622","X003R2BUDP","FBA Customer Return Per Unit Fee (Clothing & Shoes)","","Amazon.ca","","","","","","0","0","0","0","0","0","0","0","0","0","0","0","-4.79","0","0","-4.79"
"Jul 28, 2025 7:21:36 p.m. PDT","24103983821","Fulfilment by Amazon customer return fee","701-1959201-3573821","X003R2BVSJ","FBA Customer Return Per Unit Fee (Clothing & Shoes)","","Amazon.ca","","","","","","0","0","0","0","0","0","0","0","0","0","0","0","-4.92","0","0","-4.92"
"Jul 28, 2025 11:14:42 p.m. PDT","24103983821","Order","701-1160667-7657049","WNCA-D33-5-4","Lusait Wireless Strapless Bra for Women Silicone Removable Padded Bra Comfort Bandeau Tube Top Bra Beige L","1","amazon.ca","Amazon","Calgary","Alberta","T2K 3T","Combined TCS+MTC","19.99","1.00","0","0","0","0","0","0","0","0","-1.00","-2.00","-6.73","-0.04","0","11.22"
"Jul 28, 2025 11:19:05 p.m. PDT","24103983821","Refund","701-3674928-2945008","WNCA-D33-6-5","Lusait Wireless Strapless Bra for Women Silicone Removable Padded Bra Comfort Bandeau Tube Top Bra White XL","1","amazon.ca","Amazon","London","Ontario","N6P 1L","Combined TCS+MTC","-19.99","-2.60","0","0","0","0","0","0","0","0","2.60","1.60","0","0.04","0","-18.35"
"Jul 29, 2025 1:27:07 a.m. PDT","24103983821","Order","701-5257729-9753863","WNCA-D33-5-3","Lusait Wireless Strapless Bra for Women Silicone Removable Padded Bra Comfort Bandeau Tube Top Bra Beige M","1","amazon.ca","Amazon","Ottawa","Ontario","K1W 0E","Combined TCS+MTC","19.99","2.60","0","0","0","0","0","0","0","0","-2.60","-2.00","-6.73","-0.04","0","11.22"
"Jul 29, 2025 2:58:03 a.m. PDT","24103983821","Order","702-3678134-6557818","WNCA-D33-5-3","Lusait Wireless Strapless Bra for Women Silicone Removable Padded Bra Comfort Bandeau Tube Top Bra Beige M","1","amazon.ca","Amazon","Orford","Quebec","J1X 7A","Combined TCS+MTC","19.99","2.99","0","0","0","0","0","0","0","0","-2.99","-2.00","-6.73","-0.04","0","11.22"
"Jul 29, 2025 5:52:05 a.m. PDT","24103983821","Order","701-0278000-9846601","WNCA-D33-25-2","Lusait Wireless Strapless Bra for Women Silicone Removable Padded Bra Comfort Bandeau Tube Top Bra Black+Beige S","1","amazon.ca","Amazon","Baden","Ontario","N3A 2V","Combined TCS+MTC","32.99","4.29","1.75","0","0","0","0","0","-1.75","0","-4.29","-5.61","-6.73","-0.11","0","20.54"
"Jul 29, 2025 5:58:44 a.m. PDT","24103983821","Refund","701-9596850-9726612","WNCA-D33-7-5","Lusait Wireless Strapless Bra for Women Silicone Removable Padded Bra Comfort Bandeau Tube Top Bra Brown XL","1","amazon.ca","Amazon","STONEY CREEK","ON","L8J2P","Combined TCS+MTC","-19.99","-2.60","0","0","0","0","0","0","0","0","2.60","1.60","0","0.04","0","-18.35"
"Jul 29, 2025 6:10:44 a.m. PDT","24103983821","Fulfilment by Amazon customer return fee","702-8657969-1274612","X00430RWD7","FBA Customer Return Per Unit Fee (Clothing & Shoes)","","Amazon.ca","","","","","","0","0","0","0","0","0","0","0","0","0","0","0","-4.87","0","0","-4.87"
"Jul 29, 2025 6:26:44 a.m. PDT","24103983821","Fulfilment by Amazon customer return fee","702-0788336-1187428","X003R2BVSJ","FBA Customer Return Per Unit Fee (Clothing & Shoes)","","Amazon.ca","","","","","","0","0","0","0","0","0","0","0","0","0","0","0","-4.92","0","0","-4.92"
"Jul 29, 2025 7:14:44 a.m. PDT","24103983821","Order","701-9596850-9726612","WNCA-D33-7-5","Lusait Wireless Strapless Bra for Women Silicone Removable Padded Bra Comfort Bandeau Tube Top Bra Brown XL","1","amazon.ca","Amazon","STONEY CREEK","ON","L8J2P","Combined TCS+MTC","19.99","2.60","0","0","0","0","0","0","0","0","-2.60","-2.00","-6.73","-0.04","0","11.22"
"Jul 29, 2025 7:48:28 a.m. PDT","24103983821","Order","701-5608347-2965810","WNCA-D33-25-4","Lusait Wireless Strapless Bra for Women Silicone Removable Padded Bra Comfort Bandeau Tube Top Bra Black+Beige L","1","amazon.ca","Amazon","Edmonton","Alberta","T5S 2R","Combined TCS+MTC","19.99","1.00","0","0","0","0","0","0","0","0","-1.00","-2.00","-7.23","-0.04","0","10.72"
"Jul 29, 2025 7:59:33 a.m. PDT","24103983821","Order","701-3674928-2945008","WNCA-D33-6-5","Lusait Wireless Strapless Bra for Women Silicone Removable Padded Bra Comfort Bandeau Tube Top Bra White XL","1","amazon.ca","Amazon","London","Ontario","N6P 1L","Combined TCS+MTC","19.99","2.60","0","0","0","0","0","0","0","0","-2.60","-2.00","-6.73","-0.04","0","11.22"
"Jul 29, 2025 8:07:26 a.m. PDT","24103983821","Order","701-3203171-3062626","WNCA-D33-5-4","Lusait Wireless Strapless Bra for Women Silicone Removable Padded Bra Comfort Bandeau Tube Top Bra Beige L","1","amazon.ca","Amazon","Ste-Catherine","Quebec","J5C 1R","Combined TCS+MTC","19.99","2.99","0","0","0","0","0","0","0","0","-2.99","-2.00","-6.73","-0.04","0","11.22"
"Jul 29, 2025 9:26:59 a.m. PDT","24103983821","Order","701-8315918-7573823","WNCA-D33-22-3","Lusait Wireless Strapless Bra for Women Silicone Removable Padded Bra Comfort Bandeau Tube Top Bra Black+Black M","1","amazon.ca","Amazon","Thornhill","Ontario","L4J 0L","Combined TCS+MTC","19.99","2.60","0","0","0","0","0","0","0","0","-2.60","-2.00","-6.73","-0.04","0","11.22"
"Jul 29, 2025 2:07:27 p.m. PDT","24103983821","Order","701-1959201-3573821","WNCA-D33-5-3","Lusait Wireless Strapless Bra for Women Silicone Removable Padded Bra Comfort Bandeau Tube Top Bra Beige M","1","amazon.ca","Amazon","Stoney Creek","Ontario","L8E 2T","Combined TCS+MTC","19.99","2.60","0","0","0","0","0","0","0","0","-2.60","-2.00","-6.73","-0.04","0","11.22"
"Jul 29, 2025 2:43:38 p.m. PDT","24103983821","FBA Inventory Fee","702-8657969-1274612","","Fulfilment by Amazon removal order: disposal fee","","Amazon.ca","","","","","","0","0","0","0","0","0","0","0","0","0","0","0","0","0","-0.39","-0.39"
"Jul 29, 2025 3:18:34 p.m. PDT","24103983821","Order","701-7369109-2437818","WNCA-D33-7-3","Lusait Wireless Strapless Bra for Women Silicone Removable Padded Bra Comfort Bandeau Tube Top Bra Brown M","1","amazon.ca","Amazon","Pickering","Ontario","L1X 0A","Combined TCS+MTC","19.99","2.60","0","0","0","0","0","0","0","0","-2.60","-2.00","-6.73","-0.04","0","11.22"
"Jul 29, 2025 3:43:19 p.m. PDT","24103983821","Order","702-0987006-4057809","WNCA-D33-5-2","Lusait Wireless Strapless Bra for Women Silicone Removable Padded Bra Comfort Bandeau Tube Top Bra Beige S","1","amazon.ca","Amazon","Toronto","ON","M8X 2Z","Combined TCS+MTC","19.99","2.60","0","0","0","0","0","0","0","0","-2.60","-2.00","-6.83","-0.04","0","11.12"
"Jul 29, 2025 6:26:13 p.m. PDT","24103983821","Fulfilment by Amazon customer return fee","702-5481653-7398632","X003R2GKW1","FBA Customer Return Per Unit Fee (Clothing & Shoes)","","Amazon.ca","","","","","","0","0","0","0","0","0","0","0","0","0","0","0","-4.92","0","0","-4.92"
"Jul 29, 2025 9:10:01 p.m. PDT","24103983821","Fulfilment by Amazon customer return fee","702-2596085-9572252","X003R2BVSJ","FBA Customer Return Per Unit Fee (Clothing & Shoes)","","Amazon.ca","","","","","","0","0","0","0","0","0","0","0","0","0","0","0","-4.87","0","0","-4.87"
"Jul 30, 2025 12:02:42 a.m. PDT","24103983821","Refund","702-3258256-4725829","WNCA-D33-5-2","Lusait Wireless Strapless Bra for Women Silicone Removable Padded Bra Comfort Bandeau Tube Top Bra Beige S","1","amazon.ca","Amazon","Surrey","British Columbia","V3X 2M","Combined TCS+MTC","-19.99","-2.40","0","0","0","0","0","0","0","0","2.40","1.60","0","0.04","0","-18.35"
"Jul 30, 2025 2:06:02 a.m. PDT","24103983821","Refund","701-1959201-3573821","WNCA-D33-5-3","Lusait Wireless Strapless Bra for Women Silicone Removable Padded Bra Comfort Bandeau Tube Top Bra Beige M","1","amazon.ca","Amazon","Stoney Creek","Ontario","L8E 2T","Combined TCS+MTC","-19.99","-2.60","0","0","0","0","0","0","0","0","2.60","1.60","0","0.04","0","-18.35"
"Jul 30, 2025 2:38:54 a.m. PDT","24103983821","Order","702-9784768-9482647","WNCA-D33-5-3","Lusait Wireless Strapless Bra for Women Silicone Removable Padded Bra Comfort Bandeau Tube Top Bra Beige M","1","amazon.ca","Amazon","Surrey","British Columbia","V4N 0T","Combined TCS+MTC","19.99","2.40","2.74","0","0","0","0","0","-2.74","0","-2.40","-2.00","-6.73","-0.04","0","11.22"
"Jul 30, 2025 3:55:22 a.m. PDT","24103983821","Order","702-3258256-4725829","WNCA-D33-5-2","Lusait Wireless Strapless Bra for Women Silicone Removable Padded Bra Comfort Bandeau Tube Top Bra Beige S","1","amazon.ca","Amazon","Surrey","British Columbia","V3X 2M","Combined TCS+MTC","19.99","2.40","0","0","0","0","0","0","0","0","-2.40","-2.00","-6.83","-0.04","0","11.12"
"Jul 30, 2025 5:33:45 a.m. PDT","24103983821","FBA Inventory Fee","702-5481653-7398632","","Fulfilment by Amazon removal order: disposal fee","","Amazon.ca","","","","","","0","0","0","0","0","0","0","0","0","0","0","0","0","0","-0.36","-0.36"
"Jul 30, 2025 5:44:20 a.m. PDT","24103983821","Order","702-8517124-5629052","WNCA-D33-5-3","Lusait Wireless Strapless Bra for Women Silicone Removable Padded Bra Comfort Bandeau Tube Top Bra Beige M","1","amazon.ca","Amazon","Calgary","Alberta","T2X 0Y","Combined TCS+MTC","19.99","1.00","3.49","0","0","0","0","0","-3.49","0","-1.00","-2.00","-6.73","-0.04","0","11.22"
"Jul 30, 2025 6:59:52 a.m. PDT","24103983821","Order","701-3534553-1569833","WNCA-D33-25-4","Lusait Wireless Strapless Bra for Women Silicone Removable Padded Bra Comfort Bandeau Tube Top Bra Black+Beige L","1","amazon.ca","Amazon","ramore","Ontario","P0K 1R","Combined TCS+MTC","19.99","2.60","0","0","0","0","0","0","0","0","-2.60","-2.00","-7.23","-0.04","0","10.72"
"Jul 30, 2025 6:59:52 a.m. PDT","24103983821","Order","701-3534553-1569833","WNCA-D33-6-4","Lusait Wireless Strapless Bra for Women Silicone Removable Padded Bra Comfort Bandeau Tube Top Bra White L","1","amazon.ca","Amazon","ramore","Ontario","P0K 1R","Combined TCS+MTC","19.99","2.60","0","0","0","0","0","0","0","0","-2.60","-2.00","-6.73","-0.04","0","11.22"
"Jul 30, 2025 8:48:13 a.m. PDT","24103983821","Order","702-6665812-0942637","WNCA-D33-6-4","Lusait Wireless Strapless Bra for Women Silicone Removable Padded Bra Comfort Bandeau Tube Top Bra White L","1","amazon.ca","Amazon","Terrebonne","QC","J6W 6K","Combined TCS+MTC","19.99","2.99","0","0","0","0","0","0","0","0","-2.99","-2.00","-6.73","-0.04","0","11.22"
"Jul 30, 2025 11:48:38 a.m. PDT","24103983821","Fulfilment by Amazon customer return fee","701-9155574-1157837","X003R2BVUH","FBA Customer Return Per Unit Fee (Clothing & Shoes)","","Amazon.ca","","","","","","0","0","0","0","0","0","0","0","0","0","0","0","-4.79","0","0","-4.79"
"Jul 30, 2025 1:05:22 p.m. PDT","24103983821","Refund","702-1217106-0724200","WNCA-D33-5-4","Lusait Wireless Strapless Bra for Women Silicone Removable Padded Bra Comfort Bandeau Tube Top Bra Beige L","1","amazon.ca","Amazon","Mission","British Columbia","V4S 1L","Combined TCS+MTC","-19.99","-2.40","0","0","0","0","0","0","0","0","2.40","1.60","0","0.04","0","-18.35"
"Jul 30, 2025 4:01:34 p.m. PDT","24103983821","Fulfilment by Amazon customer return fee","702-7177775-7893814","X003R2D0U1","FBA Customer Return Per Unit Fee (Clothing & Shoes)","","Amazon.ca","","","","","","0","0","0","0","0","0","0","0","0","0","0","0","-4.92","0","0","-4.92"
"Jul 30, 2025 4:52:51 p.m. PDT","24103983821","Refund","702-5481653-7398632","WNCA-D33-6-2","Lusait Wireless Strapless Bra for Women Silicone Removable Padded Bra Comfort Bandeau Tube Top Bra White S","1","amazon.ca","Amazon","Bolton","Ontario","L7E 1Y","Combined TCS+MTC","-19.99","-2.60","0","0","0","0","0","0","0","0","2.60","1.60","0","0.04","0","-18.35"
"Jul 30, 2025 5:23:11 p.m. PDT","24103983821","Order","701-8643306-3246613","WNCA-D33-6-2","Lusait Wireless Strapless Bra for Women Silicone Removable Padded Bra Comfort Bandeau Tube Top Bra White S","1","amazon.ca","Amazon","Mississauga","Ontario","L4W 3H","Combined TCS+MTC","19.99","2.60","0","0","0","0","0","0","0","0","-2.60","-2.00","-6.73","-0.04","0","11.22"
"Jul 31, 2025 1:10:56 a.m. PDT","24103983821","Order","702-7112442-5601014","WNCA-D33-2-5","Lusait Wireless Strapless Bra for Women Silicone Removable Padded Bra Comfort Bandeau Tube Top Bra Black XL","1","amazon.ca","Amazon","Langley","British Columbia","V3A 3Y","Combined TCS+MTC","19.99","2.40","0","0","0","0","0","0","0","0","-2.40","-2.00","-7.40","-0.04","0","10.55"
"Jul 31, 2025 1:38:36 a.m. PDT","24103983821","Order","702-0788336-1187428","WNCA-D33-5-3","Lusait Wireless Strapless Bra for Women Silicone Removable Padded Bra Comfort Bandeau Tube Top Bra Beige M","1","amazon.ca","Amazon","Mount Albert","ON","L0G 1M","Combined TCS+MTC","19.99","2.60","0","0","0","0","0","0","0","0","-2.60","-2.00","-6.73","-0.04","0","11.22"
"Jul 31, 2025 1:49:39 a.m. PDT","24103983821","Order","702-1430639-5078657","WNCA-D33-5-3","Lusait Wireless Strapless Bra for Women Silicone Removable Padded Bra Comfort Bandeau Tube Top Bra Beige M","1","amazon.ca","Amazon","Dorval","QC","H9S2G","Combined TCS+MTC","19.99","2.99","0","0","0","0","0","0","0","0","-2.99","-2.00","-6.73","-0.04","0","11.22"
"Jul 31, 2025 2:26:30 a.m. PDT","24103983821","Order","702-9586884-6661047","WNCA-D33-5-5","Lusait Wireless Strapless Bra for Women Silicone Removable Padded Bra Comfort Bandeau Tube Top Bra Beige XL","1","amazon.ca","Amazon","Kemptville","Ontario","K0G1J","Combined TCS+MTC","19.99","2.60","0","0","0","0","0","0","0","0","-2.60","-2.00","-6.73","-0.04","0","11.22"
"Jul 31, 2025 3:48:26 a.m. PDT","24103983821","Order","702-6282050-8411452","WNCA-D33-25-5","Lusait Wireless Strapless Bra for Women Silicone Removable Padded Bra Comfort Bandeau Tube Top Bra Black+Beige XL","1","amazon.ca","Amazon","Port Colborne","Ontario","L3K 5V","Combined TCS+MTC","32.99","4.29","0","0","0","0","0","0","0","0","-4.29","-5.61","-7.40","-0.11","0","19.87"
"Jul 31, 2025 4:45:50 a.m. PDT","24103983821","Order","702-5481653-7398632","WNCA-D33-6-2","Lusait Wireless Strapless Bra for Women Silicone Removable Padded Bra Comfort Bandeau Tube Top Bra White S","1","amazon.ca","Amazon","Bolton","Ontario","L7E 1Y","Combined TCS+MTC","19.99","2.60","0","0","0","0","0","0","0","0","-2.60","-2.00","-7.20","-0.04","0","10.75"
"Jul 31, 2025 5:08:24 a.m. PDT","24103983821","Order","701-6181421-3877042","WNCA-D33-5-3","Lusait Wireless Strapless Bra for Women Silicone Removable Padded Bra Comfort Bandeau Tube Top Bra Beige M","1","amazon.ca","Amazon","Calgary","Alberta","T3L 1B","Combined TCS+MTC","19.99","1.00","0","0","0","0","0","0","0","0","-1.00","-2.00","-6.73","-0.04","0","11.22"
"Jul 31, 2025 5:45:37 a.m. PDT","24103983821","Order","701-6471409-3279421","WNCA-D33-2-5","Lusait Wireless Strapless Bra for Women Silicone Removable Padded Bra Comfort Bandeau Tube Top Bra Black XL","1","amazon.ca","Amazon","Barrie","Ontario","L4M 6Y","Combined TCS+MTC","19.99","2.60","0","0","0","0","0","0","0","0","-2.60","-2.00","-7.40","-0.04","0","10.55"
"Jul 31, 2025 5:55:38 a.m. PDT","24103983821","Refund","702-0788336-1187428","WNCA-D33-5-3","Lusait Wireless Strapless Bra for Women Silicone Removable Padded Bra Comfort Bandeau Tube Top Bra Beige M","1","amazon.ca","Amazon","Mount Albert","ON","L0G 1M","Combined TCS+MTC","-19.99","-2.60","0","0","0","0","0","0","0","0","2.60","1.60","0","0.04","0","-18.35"
"Jul 31, 2025 6:31:26 a.m. PDT","24103983821","Order","701-4615782-8098638","WNCA-D33-2-2","Lusait Wireless Strapless Bra for Women Silicone Removable Padded Bra Comfort Bandeau Tube Top Bra Black S","1","amazon.ca","Amazon","Markham","Ontario","L3T 4M","Combined TCS+MTC","19.99","2.60","0","0","0","0","0","0","0","0","-2.60","-2.00","-6.36","-0.04","0","11.59"
"Jul 31, 2025 6:37:43 a.m. PDT","24103983821","Order","701-3641046-0049813","WNCA-D33-5-2","Lusait Wireless Strapless Bra for Women Silicone Removable Padded Bra Comfort Bandeau Tube Top Bra Beige S","1","amazon.ca","Amazon","Ceylon","SK","S0C0T","Combined TCS+MTC","19.99","2.20","0","0","0","0","0","0","0","0","-2.20","-2.00","-7.19","-0.04","0","10.76"
"Jul 31, 2025 11:10:49 a.m. PDT","24103983821","FBA Inventory Fee","702-4906935-8173046","","Fulfilment by Amazon removal order: disposal fee","","Amazon.ca","","","","","","0","0","0","0","0","0","0","0","0","0","0","0","0","0","-0.36","-0.36"
"Jul 31, 2025 12:22:10 p.m. PDT","24103983821","Order","701-5503791-2895446","WNCA-D33-25-5","Lusait Wireless Strapless Bra for Women Silicone Removable Padded Bra Comfort Bandeau Tube Top Bra Black+Beige XL","1","amazon.ca","Amazon","Calgary","Alberta","T3M 2E","Combined TCS+MTC","32.99","1.65","0","0","0","0","0","0","0","0","-1.65","-5.61","-7.40","-0.11","0","19.87"
"Jul 31, 2025 12:43:47 p.m. PDT","24103983821","Fulfilment by Amazon customer return fee","701-6095222-6002616","X003R2BVXT","FBA Customer Return Per Unit Fee (Clothing & Shoes)","","Amazon.ca","","","","","","0","0","0","0","0","0","0","0","0","0","0","0","-4.57","0","0","-4.57"
"Jul 31, 2025 12:45:14 p.m. PDT","24103983821","Refund","701-8643306-3246613","WNCA-D33-6-2","Lusait Wireless Strapless Bra for Women Silicone Removable Padded Bra Comfort Bandeau Tube Top Bra White S","1","amazon.ca","Amazon","Mississauga","Ontario","L4W 3H","Combined TCS+MTC","-19.99","-2.60","0","0","0","0","0","0","0","0","2.60","1.60","0","0.04","0","-18.35"
"Jul 31, 2025 12:45:47 p.m. PDT","24103983821","Order","701-7832861-2645805","WNCA-D33-25-4","Lusait Wireless Strapless Bra for Women Silicone Removable Padded Bra Comfort Bandeau Tube Top Bra Black+Beige L","1","amazon.ca","Amazon","Richmond","British Columbia","V7A 2R","Combined TCS+MTC","19.99","2.40","3.50","0","0","0","0","0","-3.50","0","-2.40","-2.00","-7.74","-0.04","0","10.21"
"Jul 31, 2025 2:20:08 p.m. PDT","24103983821","Order","701-5494168-9255438","WNCA-D33-5-5","Lusait Wireless Strapless Bra for Women Silicone Removable Padded Bra Comfort Bandeau Tube Top Bra Beige XL","1","amazon.ca","Amazon","Drummondville","Quebec","J2C 4W","Combined TCS+MTC","19.99","2.99","0","0","0","0","0","0","0","0","-2.99","-2.00","-6.73","-0.04","0","11.22"
"Jul 31, 2025 2:44:06 p.m. PDT","24103983821","Refund","702-6549058-6244244","WNCA-D33-7-4","Lusait Wireless Strapless Bra for Women Silicone Removable Padded Bra Comfort Bandeau Tube Top Bra Brown L","1","amazon.ca","Amazon","Oshawa","Ontario","L1G 3Y","Combined TCS+MTC","-19.99","-2.60","0","0","0","0","0","0","0","0","2.60","1.60","0","0.04","0","-18.35"
"Jul 31, 2025 3:13:54 p.m. PDT","24103983821","FBA Inventory Fee","702-8711559-1036265","","Fulfilment by Amazon removal order: disposal fee","","Amazon.ca","","","","","","0","0","0","0","0","0","0","0","0","0","0","0","0","0","-0.36","-0.36"
"Jul 31, 2025 3:57:34 p.m. PDT","24103983821","Refund","702-3555863-0128249","WNCA-D33-5-5","Lusait Wireless Strapless Bra for Women Silicone Removable Padded Bra Comfort Bandeau Tube Top Bra Beige XL","1","amazon.ca","Amazon","Tavistock","Ontario","N0B 2R","Combined TCS+MTC","-19.99","-2.60","-3.50","0","0","0","0","0","3.50","0","2.60","1.60","0","0.04","0","-18.35"
"Jul 31, 2025 4:26:23 p.m. PDT","24103983821","Refund","702-0037647-4214658","WNCA-D33-2-2","Lusait Wireless Strapless Bra for Women Silicone Removable Padded Bra Comfort Bandeau Tube Top Bra Black S","1","amazon.ca","Amazon","St. John's","Newfoundland","A1C 6E","Combined TCS+MTC","-19.99","-3.00","0","0","0","0","0","0","0","0","3.00","1.60","0","0.04","0","-18.35"
"Jul 31, 2025 4:49:32 p.m. PDT","24103983821","Order","701-5813899-2085816","WNCA-D33-5-3","Lusait Wireless Strapless Bra for Women Silicone Removable Padded Bra Comfort Bandeau Tube Top Bra Beige M","1","amazon.ca","Amazon","Vancouver","British Columbia","V5W 1E","Combined TCS+MTC","19.99","2.40","0","0","0","0","0","0","0","0","-2.40","-2.00","-6.73","-0.04","0","11.22"
"Jul 31, 2025 7:28:34 p.m. PDT","24103983821","Order","701-6525491-9367409","WNCA-D33-5-3","Lusait Wireless Strapless Bra for Women Silicone Removable Padded Bra Comfort Bandeau Tube Top Bra Beige M","1","amazon.ca","Amazon","North Vancouver","British Columbia","V7M 0G","Combined TCS+MTC","19.99","2.40","0","0","0","0","0","0","0","0","-2.40","-2.00","-6.73","-0.04","0","11.22"
"Jul 31, 2025 11:22:50 p.m. PDT","24103983821","Order","702-3555863-0128249","WNCA-D33-5-5","Lusait Wireless Strapless Bra for Women Silicone Removable Padded Bra Comfort Bandeau Tube Top Bra Beige XL","1","amazon.ca","Amazon","Tavistock","Ontario","N0B 2R","Combined TCS+MTC","19.99","2.60","3.50","0","0","0","0","0","-3.50","0","-2.60","-2.00","-6.73","-0.04","0","11.22"
"Aug 1, 2025 4:28:43 a.m. PDT","24103983821","Order","701-4903974-2183454","WNCA-D33-5-2","Lusait Wireless Strapless Bra for Women Silicone Removable Padded Bra Comfort Bandeau Tube Top Bra Beige S","1","amazon.ca","Amazon","Puslinch","Ontario","N0B 2J","Combined TCS+MTC","19.99","2.60","0","0","0","0","0","0","0","0","-2.60","-2.00","-6.83","-0.04","0","11.12"
"Aug 1, 2025 5:17:10 a.m. PDT","24103983821","Order","701-9155574-1157837","WNCA-D33-2-2","Lusait Wireless Strapless Bra for Women Silicone Removable Padded Bra Comfort Bandeau Tube Top Bra Black S","1","amazon.ca","Amazon","Etobicoke","Ontario","M9P 1P","Combined TCS+MTC","19.99","2.60","0","0","0","0","0","0","0","0","-2.60","-2.00","-6.36","-0.04","0","11.59"
"Aug 1, 2025 5:28:35 a.m. PDT","24103983821","Order","702-0762120-5041836","WNCA-D33-5-2","Lusait Wireless Strapless Bra for Women Silicone Removable Padded Bra Comfort Bandeau Tube Top Bra Beige S","1","amazon.ca","Amazon","Grimsby","Ontario","L3M 0E","Combined TCS+MTC","19.99","2.60","1.40","0","0","0","0","0","-1.40","0","-2.60","-2.00","-6.83","-0.04","0","11.12"
"Aug 1, 2025 5:28:35 a.m. PDT","24103983821","Order","702-0762120-5041836","WNCA-D33-5-4","Lusait Wireless Strapless Bra for Women Silicone Removable Padded Bra Comfort Bandeau Tube Top Bra Beige L","1","amazon.ca","Amazon","Grimsby","Ontario","L3M 0E","Combined TCS+MTC","19.99","2.60","1.40","0","0","0","0","0","-1.40","0","-2.60","-2.00","-6.73","-0.04","0","11.22"
"Aug 1, 2025 6:48:46 a.m. PDT","24103983821","Order","702-7143889-3781852","WNCA-D33-5-5","Lusait Wireless Strapless Bra for Women Silicone Removable Padded Bra Comfort Bandeau Tube Top Bra Beige XL","1","amazon.ca","Amazon","Mississauga","Ontario","L5K 2M","Combined TCS+MTC","19.99","2.60","0","0","0","0","0","0","0","0","-2.60","-2.00","-6.73","-0.04","0","11.22"
"Aug 1, 2025 7:20:22 a.m. PDT","24103983821","Order","702-2498991-1545841","WNCA-D33-2-2","Lusait Wireless Strapless Bra for Women Silicone Removable Padded Bra Comfort Bandeau Tube Top Bra Black S","1","amazon.ca","Amazon","Toronto","Ontario","M3A 2M","Combined TCS+MTC","19.99","2.60","0","0","0","0","0","0","0","0","-2.60","-2.00","-6.36","-0.04","0","11.59"
"Aug 1, 2025 8:33:37 a.m. PDT","24103983821","Order","701-4334289-0359422","WNCA-D33-25-2","Lusait Wireless Strapless Bra for Women Silicone Removable Padded Bra Comfort Bandeau Tube Top Bra Black+Beige S","1","amazon.ca","Amazon","Saint-Laurent","Quebec","H4R 1N","Combined TCS+MTC","32.99","4.94","0","0","0","0","0","0","0","0","-4.94","-5.61","-6.73","-0.11","0","20.54"
"Aug 1, 2025 9:10:13 a.m. PDT","24103983821","Refund","701-9155574-1157837","WNCA-D33-2-2","Lusait Wireless Strapless Bra for Women Silicone Removable Padded Bra Comfort Bandeau Tube Top Bra Black S","1","amazon.ca","Amazon","Etobicoke","Ontario","M9P 1P","Combined TCS+MTC","-19.99","-2.60","0","0","0","0","0","0","0","0","2.60","1.60","0","0.04","0","-18.35"
"Aug 1, 2025 10:10:59 a.m. PDT","24103983821","FBA Inventory Fee","xxFQq7dr/Q","","Fulfilment by Amazon removal order: disposal fee","","Amazon.ca","","","","","","0","0","0","0","0","0","0","0","0","0","0","0","0","0","-0.72","-0.72"
"Aug 1, 2025 11:07:00 a.m. PDT","24103983821","Order","701-8604209-0168223","WNCA-D33-6-4","Lusait Wireless Strapless Bra for Women Silicone Removable Padded Bra Comfort Bandeau Tube Top Bra White L","1","amazon.ca","Amazon","Grimsby","Ontario","L3M 2N","Combined TCS+MTC","19.99","2.60","0","0","0","0","0","0","0","0","-2.60","-2.00","-6.73","-0.04","0","11.22"
"Aug 1, 2025 2:35:32 p.m. PDT","24103983821","Fulfilment by Amazon customer return fee","701-2154202-0217043","X003R2BVSJ","FBA Customer Return Per Unit Fee (Clothing & Shoes)","","Amazon.ca","","","","","","0","0","0","0","0","0","0","0","0","0","0","0","-4.57","0","0","-4.57"
"Aug 1, 2025 3:13:28 p.m. PDT","24103983821","Order","701-5958990-2517006","WNCA-D33-5-2","Lusait Wireless Strapless Bra for Women Silicone Removable Padded Bra Comfort Bandeau Tube Top Bra Beige S","1","amazon.ca","Amazon","Komoka","Ontario","N0L 1R","Combined TCS+MTC","19.99","2.60","0","0","0","0","0","0","0","0","-2.60","-2.00","-6.83","-0.04","0","11.12"
"Aug 1, 2025 5:24:17 p.m. PDT","24103983821","Fulfilment by Amazon customer return fee","702-9160882-0025065","X003R2BVSJ","FBA Customer Return Per Unit Fee (Clothing & Shoes)","","Amazon.ca","","","","","","0","0","0","0","0","0","0","0","0","0","0","0","-4.92","0","0","-4.92"
"Aug 1, 2025 6:50:57 p.m. PDT","24103983821","Order","702-6848952-2856240","WNCA-D33-25-6","Lusait Wireless Strapless Bra for Women Silicone Removable Padded Bra Comfort Bandeau Tube Top Bra Black+Beige 2XL","1","amazon.ca","Amazon","Kemptville","ON","K0G 1J","Combined TCS+MTC","32.99","4.29","0","0","0","0","0","0","0","0","-4.29","-5.61","-6.73","-0.11","0","20.54"
"Aug 1, 2025 11:29:04 p.m. PDT","24103983821","Order","701-3780018-2727434","WNCA-D33-5-2","Lusait Wireless Strapless Bra for Women Silicone Removable Padded Bra Comfort Bandeau Tube Top Bra Beige S","1","amazon.ca","Amazon","Woodbridge","Ontario","L4H 3E","Combined TCS+MTC","19.99","2.60","0","0","0","0","0","0","0","0","-2.60","-2.00","-6.83","-0.04","0","11.12"
"Aug 1, 2025 11:29:04 p.m. PDT","24103983821","Order","701-3780018-2727434","WNCA-D33-2-2","Lusait Wireless Strapless Bra for Women Silicone Removable Padded Bra Comfort Bandeau Tube Top Bra Black S","1","amazon.ca","Amazon","Woodbridge","Ontario","L4H 3E","Combined TCS+MTC","19.99","2.60","0","0","0","0","0","0","0","0","-2.60","-2.00","-6.36","-0.04","0","11.59"
"Aug 2, 2025 1:09:56 a.m. PDT","24103983821","Order","701-2659756-2441837","WNCA-D33-22-5","Lusait Wireless Strapless Bra for Women Silicone Removable Padded Bra Comfort Bandeau Tube Top Bra Black+Black XL","1","amazon.ca","Amazon","Lucan","Ontario","N0M 2J","Combined TCS+MTC","19.99","2.60","2.38","0","0","0","0","0","-2.38","0","-2.60","-2.00","-6.73","-0.04","0","11.22"
"Aug 2, 2025 4:46:20 a.m. PDT","24103983821","Fulfilment by Amazon customer return fee","702-8479549-3729849","X003R2BVSJ","FBA Customer Return Per Unit Fee (Clothing & Shoes)","","Amazon.ca","","","","","","0","0","0","0","0","0","0","0","0","0","0","0","-4.87","0","0","-4.87"
"Aug 2, 2025 7:20:54 a.m. PDT","24103983821","Order","702-1060156-3321863","WNCA-D33-25-5","Lusait Wireless Strapless Bra for Women Silicone Removable Padded Bra Comfort Bandeau Tube Top Bra Black+Beige XL","1","amazon.ca","Amazon","Mono","Ontario","L9V 1J","Combined TCS+MTC","32.99","4.29","0","0","0","0","0","0","0","0","-4.29","-5.61","-7.40","-0.11","0","19.87"
"Aug 2, 2025 8:09:11 a.m. PDT","24103983821","Order","702-2427286-6355437","WNCA-D33-5-2","Lusait Wireless Strapless Bra for Women Silicone Removable Padded Bra Comfort Bandeau Tube Top Bra Beige S","1","amazon.ca","Amazon","Orillia","Ontario","L3V 2R","Combined TCS+MTC","19.99","2.60","0","0","0","0","0","0","0","0","-2.60","-2.00","-6.83","-0.04","0","11.12"
"Aug 2, 2025 8:18:42 a.m. PDT","24103983821","Order","702-6848952-2856240","WNCA-D33-25-4","Lusait Wireless Strapless Bra for Women Silicone Removable Padded Bra Comfort Bandeau Tube Top Bra Black+Beige L","1","amazon.ca","Amazon","Kemptville","ON","K0G 1J","Combined TCS+MTC","19.99","2.60","0","0","0","0","0","0","0","0","-2.60","-2.00","-7.23","-0.04","0","10.72"
"Aug 2, 2025 8:45:15 a.m. PDT","24103983821","Order","701-5587037-4908252","WNCA-D33-5-3","Lusait Wireless Strapless Bra for Women Silicone Removable Padded Bra Comfort Bandeau Tube Top Bra Beige M","1","amazon.ca","Amazon","Ottawa","Ontario","K1G 2V","Combined TCS+MTC","19.99","2.60","2.94","0","0","0","0","0","-2.94","0","-2.60","-2.00","-7.20","-0.04","0","10.75"
"Aug 2, 2025 9:08:07 p.m. PDT","24103983821","Fulfilment by Amazon customer return fee","702-8530352-4405053","X003R2D0UV","FBA Customer Return Per Unit Fee (Clothing & Shoes)","","Amazon.ca","","","","","","0","0","0","0","0","0","0","0","0","0","0","0","-4.92","0","0","-4.92"
"Aug 3, 2025 12:01:37 a.m. PDT","24103983821","Order","702-0247157-6549855","WNCA-D33-2-6","Lusait Wireless Strapless Bra for Women Silicone Removable Padded Bra Comfort Bandeau Tube Top Bra Black 2XL","1","amazon.ca","Amazon","Zurich","Ontario","N0M 2T","Combined TCS+MTC","19.99","2.60","0","0","0","0","0","0","0","0","-2.60","-2.00","-6.73","-0.04","0","11.22"
"Aug 3, 2025 12:06:01 a.m. PDT","24103983821","Order","701-2212340-7137023","WNCA-D33-5-2","Lusait Wireless Strapless Bra for Women Silicone Removable Padded Bra Comfort Bandeau Tube Top Bra Beige S","1","amazon.ca","Amazon","Harvey York Co","New Brunswick","E6K 2A","Combined TCS+MTC","19.99","3.00","0","0","0","0","0","0","0","0","-3.00","-2.00","-6.83","-0.04","0","11.12"
"Aug 3, 2025 12:44:57 a.m. PDT","24103983821","Fulfilment by Amazon customer return fee","702-7638389-3157063","X003R2D0U1","FBA Customer Return Per Unit Fee (Clothing & Shoes)","","Amazon.ca","","","","","","0","0","0","0","0","0","0","0","0","0","0","0","-4.92","0","0","-4.92"
"Aug 3, 2025 3:26:19 a.m. PDT","24103983821","Adjustment","701-4669647-0541862","WNCA-D33-5-5","FBA Inventory Reimbursement - Customer Return","1","","","","","","","0","0","0","0","0","0","0","0","0","0","0","0","0","0","11.26","11.26"
"Aug 3, 2025 3:33:43 a.m. PDT","24103983821","Order","702-1338445-8297857","WNCA-D33-22-6","Lusait Wireless Strapless Bra for Women Silicone Removable Padded Bra Comfort Bandeau Tube Top Bra Black+Black 2XL","1","amazon.ca","Amazon","Woodbridge","Ontario","L4H 2Z","Combined TCS+MTC","19.99","2.60","0","0","0","0","0","0","0","0","-2.60","-2.00","-6.73","-0.04","0","11.22"
"Aug 3, 2025 9:10:20 a.m. PDT","24103983821","Order","702-2937200-9252207","WNCA-D33-2-5","Lusait Wireless Strapless Bra for Women Silicone Removable Padded Bra Comfort Bandeau Tube Top Bra Black XL","1","amazon.ca","Amazon","Niagara Falls","Ontario","L2H 2X","Combined TCS+MTC","19.99","2.60","0","0","0","0","0","0","0","0","-2.60","-2.00","-7.40","-0.04","0","10.55"
"Aug 3, 2025 11:55:49 a.m. PDT","24103983821","Order","702-6608141-8062616","WNCA-D33-2-2","Lusait Wireless Strapless Bra for Women Silicone Removable Padded Bra Comfort Bandeau Tube Top Bra Black S","1","amazon.ca","Amazon","Aurora","Ontario","L4G 3Z","Combined TCS+MTC","19.99","2.60","0","0","0","0","0","0","0","0","-2.60","-2.00","-6.36","-0.04","0","11.59"
"Aug 3, 2025 8:25:08 p.m. PDT","24103983821","Fulfilment by Amazon customer return fee","702-1664845-7177049","X003R2BVUH","FBA Customer Return Per Unit Fee (Clothing & Shoes)","","Amazon.ca","","","","","","0","0","0","0","0","0","0","0","0","0","0","0","-4.79","0","0","-4.79"
"Aug 3, 2025 11:07:47 p.m. PDT","24103983821","Order","702-9875989-7441836","WNCA-D33-5-4","Lusait Wireless Strapless Bra for Women Silicone Removable Padded Bra Comfort Bandeau Tube Top Bra Beige L","1","amazon.ca","Amazon","Terrebonne","Quebec","J6V 0C","Combined TCS+MTC","19.99","2.99","0","0","0","0","0","0","0","0","-2.99","-2.00","-6.73","-0.04","0","11.22"
"Aug 4, 2025 1:21:45 a.m. PDT","24103983821","Order","701-9380501-6183467","WNCA-D33-2-2","Lusait Wireless Strapless Bra for Women Silicone Removable Padded Bra Comfort Bandeau Tube Top Bra Black S","1","amazon.ca","Amazon","Stouffville","Ontario","L4A 4W","Combined TCS+MTC","19.99","2.60","0","0","0","0","0","0","0","0","-2.60","-2.00","-6.36","-0.04","0","11.59"
"Aug 4, 2025 1:36:18 a.m. PDT","24103983821","Order","702-5112714-9792200","WNCA-D33-5-2","Lusait Wireless Strapless Bra for Women Silicone Removable Padded Bra Comfort Bandeau Tube Top Bra Beige S","1","amazon.ca","Amazon","Whitby","Ontario","L1R 1M","Combined TCS+MTC","19.99","2.60","0","0","0","0","0","0","0","0","-2.60","-2.00","-6.83","-0.04","0","11.12"
"Aug 4, 2025 4:16:50 a.m. PDT","24209477061","Order","702-7186691-1697830","WNCA-D33-5-6","Lusait Wireless Strapless Bra for Women Silicone Removable Padded Bra Comfort Bandeau Tube Top Bra Beige 2XL","1","amazon.ca","Amazon","St Catharines","Ontario","L2M 7G","Combined TCS+MTC","19.99","2.60","1.00","0","0","0","0","0","-1.00","0","-2.60","-2.00","-6.73","-0.04","0","11.22"
"Aug 4, 2025 7:00:01 a.m. PDT","24209477061","Order","702-4330797-4801858","WNCA-D33-5-3","Lusait Wireless Strapless Bra for Women Silicone Removable Padded Bra Comfort Bandeau Tube Top Bra Beige M","1","amazon.ca","Amazon","Hamilton","Ontario","L8S 4A","Combined TCS+MTC","19.99","2.60","0","0","0","0","0","0","0","0","-2.60","-2.00","-6.73","-0.04","0","11.22"
"Aug 4, 2025 8:38:21 a.m. PDT","24209477061","Order","701-0888379-5646618","WNCA-D33-22-5","Lusait Wireless Strapless Bra for Women Silicone Removable Padded Bra Comfort Bandeau Tube Top Bra Black+Black XL","1","amazon.ca","Amazon","Marieville","Quebec","J3M 1S","Combined TCS+MTC","19.99","2.99","0","0","0","0","0","0","0","0","-2.99","-2.00","-6.73","-0.04","0","11.22"
"Aug 5, 2025 1:05:27 a.m. PDT","24209477061","Order","702-7688920-1588200","WNCA-D33-25-4","Lusait Wireless Strapless Bra for Women Silicone Removable Padded Bra Comfort Bandeau Tube Top Bra Black+Beige L","1","amazon.ca","Amazon","Innisfil","Ontario","L9S 0J","Combined TCS+MTC","19.99","2.60","0","0","0","0","0","0","0","0","-2.60","-2.00","-7.23","-0.04","0","10.72"
"Aug 5, 2025 4:01:17 a.m. PDT","24209477061","Order","702-5241683-6714638","WNCA-D33-5-4","Lusait Wireless Strapless Bra for Women Silicone Removable Padded Bra Comfort Bandeau Tube Top Bra Beige L","1","amazon.ca","Amazon","Thamesford","Ontario","N0M 2M","Combined TCS+MTC","19.99","2.60","0","0","0","0","0","0","0","0","-2.60","-2.00","-6.73","-0.04","0","11.22"
"Aug 5, 2025 4:37:29 a.m. PDT","24209477061","Transfer","","","To account ending with: 127","","","","","","","","0","0","0","0","0","0","0","0","0","0","0","0","0","0","-1,274.16","-1,274.16"
"Aug 5, 2025 5:27:37 a.m. PDT","24209477061","Order","702-6891726-3968225","WNCA-D33-2-6","Lusait Wireless Strapless Bra for Women Silicone Removable Padded Bra Comfort Bandeau Tube Top Bra Black 2XL","1","amazon.ca","Amazon","Pickering","Ontario","L1X 2T","Combined TCS+MTC","19.99","2.60","3.49","0","0","0","0","0","-3.49","0","-2.60","-2.00","-6.73","-0.04","0","11.22"
"Aug 5, 2025 5:57:00 a.m. PDT","24209477061","Order","701-5195816-8153808","WNCA-D33-5-3","Lusait Wireless Strapless Bra for Women Silicone Removable Padded Bra Comfort Bandeau Tube Top Bra Beige M","1","amazon.ca","Amazon","shawnigan lake","British Columbia","V0R 2W","Combined TCS+MTC","19.99","2.40","0","0","0","0","0","0","0","0","-2.40","-2.00","-6.73","-0.04","0","11.22"
"Aug 5, 2025 8:01:26 a.m. PDT","24209477061","Order","702-5277139-2875410","WNCA-D33-5-2","Lusait Wireless Strapless Bra for Women Silicone Removable Padded Bra Comfort Bandeau Tube Top Bra Beige S","1","amazon.ca","Amazon","St. Catharines","Ontario","L2T 3A","Combined TCS+MTC","19.99","2.60","0","0","0","0","0","0","0","0","-2.60","-2.00","-6.36","-0.04","0","11.59"
"Aug 5, 2025 8:29:00 a.m. PDT","24209477061","Order","701-0641560-3849823","WNCA-D33-5-5","Lusait Wireless Strapless Bra for Women Silicone Removable Padded Bra Comfort Bandeau Tube Top Bra Beige XL","1","amazon.ca","Amazon","Wardner","British Columbia","V0B 2J","Combined TCS+MTC","19.99","2.40","0","0","0","0","0","0","0","0","-2.40","-2.00","-6.73","-0.04","0","11.22"
"Aug 5, 2025 8:58:04 a.m. PDT","24209477061","Refund","702-8145961-1988267","WNCA-D33-5-5","Lusait Wireless Strapless Bra for Women Silicone Removable Padded Bra Comfort Bandeau Tube Top Bra Beige XL","1","amazon.ca","Amazon","North Bay","Ontario","P1B 5P","Combined TCS+MTC","-19.99","-2.60","0","0","0","0","0","0","0","0","2.60","1.60","0","0.04","0","-18.35"
"Aug 5, 2025 9:19:04 a.m. PDT","24209477061","Order","702-8356586-2510634","WNCA-D33-2-6","Lusait Wireless Strapless Bra for Women Silicone Removable Padded Bra Comfort Bandeau Tube Top Bra Black 2XL","1","amazon.ca","Amazon","OSHAWA","ON","L1H6P","Combined TCS+MTC","19.99","2.60","0","0","0","0","0","0","0","0","-2.60","-2.00","-6.73","-0.04","0","11.22"
"Aug 5, 2025 9:21:01 a.m. PDT","24209477061","Order","702-8145961-1988267","WNCA-D33-5-5","Lusait Wireless Strapless Bra for Women Silicone Removable Padded Bra Comfort Bandeau Tube Top Bra Beige XL","1","amazon.ca","Amazon","North Bay","Ontario","P1B 5P","Combined TCS+MTC","19.99","2.60","0","0","0","0","0","0","0","0","-2.60","-2.00","-6.73","-0.04","0","11.22"
"Aug 5, 2025 9:21:01 a.m. PDT","24209477061","Order","702-8145961-1988267","WNCA-D33-2-5","Lusait Wireless Strapless Bra for Women Silicone Removable Padded Bra Comfort Bandeau Tube Top Bra Black XL","1","amazon.ca","Amazon","North Bay","Ontario","P1B 5P","Combined TCS+MTC","19.99","2.60","0","0","0","0","0","0","0","0","-2.60","-2.00","-7.40","-0.04","0","10.55"
"Aug 5, 2025 11:10:00 a.m. PDT","24209477061","Order","701-0386061-7379414","WNCA-D33-22-3","Lusait Wireless Strapless Bra for Women Silicone Removable Padded Bra Comfort Bandeau Tube Top Bra Black+Black M","1","amazon.ca","Amazon","Belle River","Ontario","N0R 1A","Combined TCS+MTC","19.99","2.60","0","0","0","0","0","0","0","0","-2.60","-2.00","-6.73","-0.04","0","11.22"
"Aug 5, 2025 5:45:34 p.m. PDT","24209477061","Refund","702-1927766-0159444","WNCA-D33-5-4","Lusait Wireless Strapless Bra for Women Silicone Removable Padded Bra Comfort Bandeau Tube Top Bra Beige L","1","amazon.ca","Amazon","Slave Lake","Alberta","T0G 2A","Combined TCS+MTC","-19.99","-1.00","0","0","0","0","0","0","0","0","1.00","1.60","0","0.04","0","-18.35"
"Aug 6, 2025 12:09:58 a.m. PDT","24209477061","Refund","701-0386061-7379414","WNCA-D33-22-3","Lusait Wireless Strapless Bra for Women Silicone Removable Padded Bra Comfort Bandeau Tube Top Bra Black+Black M","1","amazon.ca","Amazon","Belle River","Ontario","N0R 1A","Combined TCS+MTC","-19.99","-2.60","0","0","0","0","0","0","0","0","2.60","1.60","0","0.04","0","-18.35"
"Aug 6, 2025 1:07:30 a.m. PDT","24209477061","Service Fee","","","Subscription","","Amazon.ca","","","","","","0","0","0","0","0","0","0","0","0","0","0","0","0","0","-12.74","-12.74"
"Aug 6, 2025 3:05:27 a.m. PDT","24209477061","Order","702-2321163-5735467","WNCA-D33-5-2","Lusait Wireless Strapless Bra for Women Silicone Removable Padded Bra Comfort Bandeau Tube Top Bra Beige S","1","amazon.ca","Amazon","Laval","Quebec","H7E 4T","Combined TCS+MTC","19.99","2.99","0","0","0","0","0","0","0","0","-2.99","-2.00","-6.36","-0.04","0","11.59"
"Aug 6, 2025 3:17:45 a.m. PDT","24209477061","Order","701-6557272-3481011","WNCA-D33-5-4","Lusait Wireless Strapless Bra for Women Silicone Removable Padded Bra Comfort Bandeau Tube Top Bra Beige L","1","amazon.ca","Amazon","Kelowna","BC","V1X 4K","Combined TCS+MTC","19.99","2.40","0","0","0","0","0","0","0","0","-2.40","-2.00","-6.73","-0.04","0","11.22"
"Aug 6, 2025 4:16:52 a.m. PDT","24209477061","Order","701-1931082-3745805","WNCA-D33-6-4","Lusait Wireless Strapless Bra for Women Silicone Removable Padded Bra Comfort Bandeau Tube Top Bra White L","1","amazon.ca","Amazon","Etobicoke","Ontario","M8Y 0C","Combined TCS+MTC","19.99","2.60","0","0","0","0","0","0","0","0","-2.60","-2.00","-6.73","-0.04","0","11.22"
"Aug 6, 2025 6:40:47 a.m. PDT","24209477061","Order","702-7270849-5161842","WNCA-D33-5-6","Lusait Wireless Strapless Bra for Women Silicone Removable Padded Bra Comfort Bandeau Tube Top Bra Beige 2XL","1","amazon.ca","Amazon","Quispamsis","New Brunswick","E2E 4W","Combined TCS+MTC","19.99","3.00","0","0","0","0","0","0","0","0","-3.00","-2.00","-6.73","-0.04","0","11.22"
"Aug 6, 2025 9:25:11 a.m. PDT","24209477061","Fulfilment by Amazon customer return fee","701-9230484-8293831","X003R2BVUH","FBA Customer Return Per Unit Fee (Clothing & Shoes)","","Amazon.ca","","","","","","0","0","0","0","0","0","0","0","0","0","0","0","-4.79","0","0","-4.79"
"Aug 6, 2025 11:34:04 a.m. PDT","24209477061","Refund","701-9230484-8293831","WNCA-D33-2-2","Lusait Wireless Strapless Bra for Women Silicone Removable Padded Bra Comfort Bandeau Tube Top Bra Black S","1","amazon.ca","Amazon","Lakeside","On","N0M 2G","Combined TCS+MTC","-19.99","-2.60","0","0","0","0","0","0","0","0","2.60","1.60","0","0.04","0","-18.35"
"Aug 6, 2025 3:02:55 p.m. PDT","24209477061","Order","701-9756283-7790621","WNCA-D33-5-2","Lusait Wireless Strapless Bra for Women Silicone Removable Padded Bra Comfort Bandeau Tube Top Bra Beige S","1","amazon.ca","Amazon","Hamilton","Ontario","L8P 1Y","Combined TCS+MTC","19.99","2.60","0","0","0","0","0","0","0","0","-2.60","-2.00","-6.36","-0.04","0","11.59"
"Aug 6, 2025 3:19:41 p.m. PDT","24209477061","Fulfilment by Amazon customer return fee","702-8427703-3245839","X003R2D0U1","FBA Customer Return Per Unit Fee (Clothing & Shoes)","","Amazon.ca","","","","","","0","0","0","0","0","0","0","0","0","0","0","0","-4.92","0","0","-4.92"
"Aug 6, 2025 3:42:06 p.m. PDT","24209477061","Refund","701-5297833-2285803","WNCA-D33-22-4","Lusait Wireless Strapless Bra for Women Silicone Removable Padded Bra Comfort Bandeau Tube Top Bra Black+Black L","1","amazon.ca","Amazon","Paris","Ontario","N3L 1V","Combined TCS+MTC","-19.99","-2.60","0","0","0","0","0","0","0","0","2.60","1.60","0","0.04","0","-18.35"
"Aug 6, 2025 4:39:45 p.m. PDT","24209477061","Fulfilment by Amazon customer return fee","702-6549058-6244244","X00430RWD7","FBA Customer Return Per Unit Fee (Clothing & Shoes)","","Amazon.ca","","","","","","0","0","0","0","0","0","0","0","0","0","0","0","-4.92","0","0","-4.92"
"Aug 6, 2025 5:28:48 p.m. PDT","24209477061","Fulfilment by Amazon customer return fee","701-3674928-2945008","X003R2GKTT","FBA Customer Return Per Unit Fee (Clothing & Shoes)","","Amazon.ca","","","","","","0","0","0","0","0","0","0","0","0","0","0","0","-4.92","0","0","-4.92"
"Aug 6, 2025 9:25:11 p.m. PDT","24209477061","Order","701-5297833-2285803","WNCA-D33-22-4","Lusait Wireless Strapless Bra for Women Silicone Removable Padded Bra Comfort Bandeau Tube Top Bra Black+Black L","1","amazon.ca","Amazon","Paris","Ontario","N3L 1V","Combined TCS+MTC","19.99","2.60","0","0","0","0","0","0","0","0","-2.60","-2.00","-6.73","-0.04","0","11.22"
"Aug 7, 2025 1:21:00 a.m. PDT","24209477061","Refund","702-1689953-1943456","WNCA-D33-2-2","Lusait Wireless Strapless Bra for Women Silicone Removable Padded Bra Comfort Bandeau Tube Top Bra Black S","1","amazon.ca","Amazon","London","Ontario","N5Y 4Y","Combined TCS+MTC","-19.99","-2.60","-3.50","0","0","0","0","0","3.50","0","2.60","1.60","0","0.04","0","-18.35"
"Aug 7, 2025 3:32:39 a.m. PDT","24209477061","FBA Inventory Fee","","","FBA storage fee","","Amazon.ca","","","","","","0","0","0","0","0","0","0","0","0","0","0","0","0","0","-43.07","-43.07"
"Aug 7, 2025 4:06:07 a.m. PDT","24209477061","Order","701-6312321-5227440","WNCA-D33-6-5","Lusait Wireless Strapless Bra for Women Silicone Removable Padded Bra Comfort Bandeau Tube Top Bra White XL","1","amazon.ca","Amazon","Beaumont","AB","T4X 1W","Combined TCS+MTC","19.99","1.00","0","0","0","0","0","0","0","0","-1.00","-2.00","-6.73","-0.04","0","11.22"
"Aug 7, 2025 4:18:59 a.m. PDT","24209477061","Order","702-3277500-1537004","WNCA-D33-25-3","Lusait Wireless Strapless Bra for Women Silicone Removable Padded Bra Comfort Bandeau Tube Top Bra Black+Beige M","1","amazon.ca","Amazon","Edmonton","Alberta","T5A 3A","Combined TCS+MTC","32.99","1.65","6.99","0","0","0","0","0","-6.99","0","-1.65","-5.61","-6.73","-0.11","0","20.54"
"Aug 7, 2025 4:47:05 a.m. PDT","24209477061","Order","701-3394320-9920211","WNCA-D33-7-3","Lusait Wireless Strapless Bra for Women Silicone Removable Padded Bra Comfort Bandeau Tube Top Bra Brown M","1","amazon.ca","Amazon","Moncton","New Brunswick","E1C 5H","Combined TCS+MTC","19.99","3.00","0","0","0","0","0","0","0","0","-3.00","-2.00","-6.73","-0.04","0","11.22"
"Aug 7, 2025 5:22:50 a.m. PDT","24209477061","Order","702-0400859-1409023","WNCA-D33-2-3","Lusait Wireless Strapless Bra for Women Silicone Removable Padded Bra Comfort Bandeau Tube Top Bra Black M","1","amazon.ca","Amazon","Winnipeg","Manitoba","R3E 2M","Combined TCS+MTC","19.99","2.40","0","0","0","0","0","0","0","0","-2.40","-2.00","-6.73","-0.04","0","11.22"
"Aug 7, 2025 7:02:17 a.m. PDT","24209477061","Order","702-1689953-1943456","WNCA-D33-2-2","Lusait Wireless Strapless Bra for Women Silicone Removable Padded Bra Comfort Bandeau Tube Top Bra Black S","1","amazon.ca","Amazon","London","Ontario","N5Y 4Y","Combined TCS+MTC","19.99","2.60","3.50","0","0","0","0","0","-3.50","0","-2.60","-2.00","-6.36","-0.04","0","11.59"
"Aug 7, 2025 7:06:42 a.m. PDT","24209477061","Order","701-7589968-4652218","WNCA-D33-22-5","Lusait Wireless Strapless Bra for Women Silicone Removable Padded Bra Comfort Bandeau Tube Top Bra Black+Black XL","1","amazon.ca","Amazon","Marieville","Quebec","J3M 1S","Combined TCS+MTC","19.99","2.99","0","0","0","0","0","0","0","0","-2.99","-2.00","-6.73","-0.04","0","11.22"
"Aug 7, 2025 11:25:02 a.m. PDT","24209477061","Order","701-0239362-9457819","WNCA-D33-5-3","Lusait Wireless Strapless Bra for Women Silicone Removable Padded Bra Comfort Bandeau Tube Top Bra Beige M","1","amazon.ca","Amazon","L'Ancienne-Lorette","Quebec","G2E 3A","Combined TCS+MTC","19.99","2.99","0","0","0","0","0","0","0","0","-2.99","-2.00","-7.22","-0.04","0","10.73"
"Aug 7, 2025 12:17:42 p.m. PDT","24209477061","Refund","701-7589968-4652218","WNCA-D33-22-5","Lusait Wireless Strapless Bra for Women Silicone Removable Padded Bra Comfort Bandeau Tube Top Bra Black+Black XL","1","amazon.ca","Amazon","Marieville","Quebec","J3M 1S","Combined TCS+MTC","-19.99","-2.99","0","0","0","0","0","0","0","0","2.99","1.60","0","0.04","0","-18.35"
"Aug 7, 2025 3:39:13 p.m. PDT","24209477061","Fulfilment by Amazon customer return fee","702-5143112-8321865","X003R2D0U1","FBA Customer Return Per Unit Fee (Clothing & Shoes)","","Amazon.ca","","","","","","0","0","0","0","0","0","0","0","0","0","0","0","-4.87","0","0","-4.87"
"Aug 7, 2025 11:08:05 p.m. PDT","24209477061","Refund","701-2659756-2441837","WNCA-D33-22-5","Lusait Wireless Strapless Bra for Women Silicone Removable Padded Bra Comfort Bandeau Tube Top Bra Black+Black XL","1","amazon.ca","Amazon","Lucan","Ontario","N0M 2J","Combined TCS+MTC","-19.99","-2.60","-2.38","0","0","0","0","0","2.38","0","2.60","1.60","0","0.04","0","-18.35"
"Aug 8, 2025 7:13:43 a.m. PDT","24209477061","Order","702-1963102-7498633","WNCA-D33-5-4","Lusait Wireless Strapless Bra for Women Silicone Removable Padded Bra Comfort Bandeau Tube Top Bra Beige L","1","amazon.ca","Amazon","Nepean","Ontario","K2J 2Z","Combined TCS+MTC","19.99","2.60","0","0","0","0","0","0","0","0","-2.60","-2.00","-6.73","-0.04","0","11.22"
"Aug 8, 2025 7:18:40 a.m. PDT","24209477061","Order","702-2404338-2691428","WNCA-D33-5-2","Lusait Wireless Strapless Bra for Women Silicone Removable Padded Bra Comfort Bandeau Tube Top Bra Beige S","1","amazon.ca","Amazon","Gatineau","Quebec","J9J 3Z","Combined TCS+MTC","19.99","2.99","0","0","0","0","0","0","0","0","-2.99","-2.00","-6.36","-0.04","0","11.59"
"Aug 8, 2025 8:21:59 a.m. PDT","24209477061","Order","701-8627497-8704257","WNCA-D33-2-2","Lusait Wireless Strapless Bra for Women Silicone Removable Padded Bra Comfort Bandeau Tube Top Bra Black S","1","amazon.ca","Amazon","Church Point","Nova Scotia","B0W 1M","Combined TCS+MTC","19.99","2.80","0","0","0","0","0","0","0","0","-2.80","-2.00","-6.36","-0.04","0","11.59"
"Aug 8, 2025 8:37:36 a.m. PDT","24209477061","Order","701-4616760-5083434","WNCA-D33-5-2","Lusait Wireless Strapless Bra for Women Silicone Removable Padded Bra Comfort Bandeau Tube Top Bra Beige S","1","amazon.ca","Amazon","Ottawa","Ontario","K2J 0T","Combined TCS+MTC","19.99","2.60","0","0","0","0","0","0","0","0","-2.60","-2.00","-6.36","-0.04","0","11.59"
"Aug 8, 2025 1:20:24 p.m. PDT","24209477061","FBA Inventory Fee","701-2659756-2441837","","Fulfilment by Amazon removal order: disposal fee","","Amazon.ca","","","","","","0","0","0","0","0","0","0","0","0","0","0","0","0","0","-0.36","-0.36"
"Aug 8, 2025 1:23:28 p.m. PDT","24209477061","FBA Inventory Fee","702-1689953-1943456","","Fulfilment by Amazon removal order: disposal fee","","Amazon.ca","","","","","","0","0","0","0","0","0","0","0","0","0","0","0","0","0","-0.36","-0.36"
"Aug 8, 2025 5:22:22 p.m. PDT","24209477061","Fulfilment by Amazon customer return fee","701-7589968-4652218","X004308G2X","FBA Customer Return Per Unit Fee (Clothing & Shoes)","","Amazon.ca","","","","","","0","0","0","0","0","0","0","0","0","0","0","0","-4.92","0","0","-4.92"
"Aug 9, 2025 12:49:38 a.m. PDT","24209477061","Fulfilment by Amazon customer return fee","702-3258256-4725829","X003R2BUDP","FBA Customer Return Per Unit Fee (Clothing & Shoes)","","Amazon.ca","","","","","","0","0","0","0","0","0","0","0","0","0","0","0","-4.75","0","0","-4.75"
"Aug 9, 2025 1:24:26 a.m. PDT","24209477061","Order","702-6258551-4698641","WNCA-D33-5-2","Lusait Wireless Strapless Bra for Women Silicone Removable Padded Bra Comfort Bandeau Tube Top Bra Beige S","1","amazon.ca","Amazon","Cambridge","Ontario","N1T 2C","Combined TCS+MTC","19.99","2.60","3.49","0","0","0","0","0","-3.49","0","-2.60","-2.00","-6.36","-0.04","0","11.59"
"Aug 9, 2025 2:32:03 a.m. PDT","24209477061","Order","701-0325411-8871417","WNCA-D33-5-5","Lusait Wireless Strapless Bra for Women Silicone Removable Padded Bra Comfort Bandeau Tube Top Bra Beige XL","1","amazon.ca","Amazon","Bristol","Quebec","J0X 1G","Combined TCS+MTC","19.99","2.99","0","0","0","0","0","0","0","0","-2.99","-2.00","-6.73","-0.04","0","11.22"
"Aug 9, 2025 2:33:18 a.m. PDT","24209477061","Order","702-4472653-3773851","WNCA-D33-25-4","Lusait Wireless Strapless Bra for Women Silicone Removable Padded Bra Comfort Bandeau Tube Top Bra Black+Beige L","1","amazon.ca","Amazon","Vankleek Hill","Ontario","K0B 1R","Combined TCS+MTC","19.99","2.60","0","0","0","0","0","0","0","0","-2.60","-2.00","-7.23","-0.04","0","10.72"
"Aug 9, 2025 3:50:00 a.m. PDT","24209477061","Order","702-1367996-5104253","WNCA-D33-7-5","Lusait Wireless Strapless Bra for Women Silicone Removable Padded Bra Comfort Bandeau Tube Top Bra Brown XL","1","amazon.ca","Amazon","Brampton","Ontario","L6Y 5K","Combined TCS+MTC","19.99","2.60","0","0","0","0","0","0","0","0","-2.60","-2.00","-6.73","-0.04","0","11.22"
"Aug 9, 2025 4:23:09 a.m. PDT","24209477061","Order","701-8214064-4114636","WNCA-D33-5-3","Lusait Wireless Strapless Bra for Women Silicone Removable Padded Bra Comfort Bandeau Tube Top Bra Beige M","1","amazon.ca","Amazon","Frenchvale","Nova Scotia","B2A 4M","Combined TCS+MTC","19.99","2.80","0","0","0","0","0","0","0","0","-2.80","-2.00","-7.22","-0.04","0","10.73"
"Aug 9, 2025 10:34:45 a.m. PDT","24209477061","Fulfilment by Amazon customer return fee","701-0386061-7379414","X00430JSFH","FBA Customer Return Per Unit Fee (Clothing & Shoes)","","Amazon.ca","","","","","","0","0","0","0","0","0","0","0","0","0","0","0","-4.92","0","0","-4.92"
"Aug 9, 2025 12:25:19 p.m. PDT","24209477061","Refund","702-9686724-8756258","WNCA-D33-5-3","Lusait Wireless Strapless Bra for Women Silicone Removable Padded Bra Comfort Bandeau Tube Top Bra Beige M","1","amazon.ca","Amazon","dollard des ormeaux","quebec","H9G1R","Combined TCS+MTC","-19.99","-2.99","0","0","0","0","0","0","0","0","2.99","1.60","0","0.04","0","-18.35"
"Aug 9, 2025 2:57:46 p.m. PDT","24209477061","Order","701-8612350-2776222","WNCA-D33-5-6","Lusait Wireless Strapless Bra for Women Silicone Removable Padded Bra Comfort Bandeau Tube Top Bra Beige 2XL","1","amazon.ca","Amazon","Gibsons","British Columbia","V0N 1V","Combined TCS+MTC","19.99","2.40","0","0","0","0","0","0","0","0","-2.40","-2.00","-6.73","-0.04","0","11.22"
"Aug 9, 2025 3:22:35 p.m. PDT","24209477061","FBA Inventory Fee","701-7589968-4652218","","Fulfilment by Amazon removal order: disposal fee","","Amazon.ca","","","","","","0","0","0","0","0","0","0","0","0","0","0","0","0","0","-0.36","-0.36"
"Aug 9, 2025 3:32:48 p.m. PDT","24209477061","Refund","701-1651880-0449866","WNCA-D33-7-5","Lusait Wireless Strapless Bra for Women Silicone Removable Padded Bra Comfort Bandeau Tube Top Bra Brown XL","1","amazon.ca","Amazon","St Catharines","Ontario","L2M 6R","Combined TCS+MTC","-19.99","-2.60","0","0","0","0","0","0","0","0","2.60","1.60","0","0.04","0","-18.35"
"Aug 9, 2025 7:52:13 p.m. PDT","24209477061","Fulfilment by Amazon customer return fee","701-5297833-2285803","X004308FZV","FBA Customer Return Per Unit Fee (Clothing & Shoes)","","Amazon.ca","","","","","","0","0","0","0","0","0","0","0","0","0","0","0","-4.92","0","0","-4.92"
"Aug 9, 2025 9:58:17 p.m. PDT","24209477061","Order","702-9195455-7645814","WNCA-D33-25-4","Lusait Wireless Strapless Bra for Women Silicone Removable Padded Bra Comfort Bandeau Tube Top Bra Black+Beige L","1","amazon.ca","Amazon","Victoria","British Columbia","V9C 1J","Combined TCS+MTC","19.99","2.40","0","0","0","0","0","0","0","0","-2.40","-2.00","-7.23","-0.04","0","10.72"
"Aug 10, 2025 12:23:21 a.m. PDT","24209477061","Order","702-2188902-5884257","WNCA-D33-25-3","Lusait Wireless Strapless Bra for Women Silicone Removable Padded Bra Comfort Bandeau Tube Top Bra Black+Beige M","1","amazon.ca","Amazon","Edmonton","Alberta","T6P1C","Combined TCS+MTC","32.99","1.65","0","0","0","0","0","0","0","0","-1.65","-5.61","-6.73","-0.11","0","20.54"
"Aug 10, 2025 12:28:53 a.m. PDT","24209477061","Order","702-9686724-8756258","WNCA-D33-5-3","Lusait Wireless Strapless Bra for Women Silicone Removable Padded Bra Comfort Bandeau Tube Top Bra Beige M","1","amazon.ca","Amazon","dollard des ormeaux","quebec","H9G1R","Combined TCS+MTC","19.99","2.99","0","0","0","0","0","0","0","0","-2.99","-2.00","-7.22","-0.04","0","10.73"
"Aug 10, 2025 8:56:56 a.m. PDT","24209477061","Adjustment","701-6323638-2893847","WNCA-D33-5-2","FBA Inventory Reimbursement - Customer Return","1","","","","","","","0","0","0","0","0","0","0","0","0","0","0","0","0","0","11.63","11.63"
"Aug 10, 2025 8:56:59 a.m. PDT","24209477061","Order","701-9553927-3625812","WNCA-D33-5-2","Lusait Wireless Strapless Bra for Women Silicone Removable Padded Bra Comfort Bandeau Tube Top Bra Beige S","1","amazon.ca","Amazon","Melbourne","Ontario","N0L 1T","Combined TCS+MTC","19.99","2.60","0","0","0","0","0","0","0","0","-2.60","-2.00","-6.36","-0.04","0","11.59"
"Aug 10, 2025 8:00:04 p.m. PDT","24209477061","Fulfilment by Amazon customer return fee","701-2659756-2441837","X004308G2X","FBA Customer Return Per Unit Fee (Clothing & Shoes)","","Amazon.ca","","","","","","0","0","0","0","0","0","0","0","0","0","0","0","-4.92","0","0","-4.92"
"Aug 11, 2025 2:46:43 a.m. PDT","24209477061","Order","702-2143181-9926613","WNCA-D33-5-3","Lusait Wireless Strapless Bra for Women Silicone Removable Padded Bra Comfort Bandeau Tube Top Bra Beige M","1","amazon.ca","Amazon","Hammond","Ontario","K0A 2A","Combined TCS+MTC","19.99","2.60","0","0","0","0","0","0","0","0","-2.60","-2.00","-7.73","-0.04","0","10.22"
"Aug 11, 2025 4:28:12 a.m. PDT","24209477061","Order","702-0797623-0574645","WNCA-D33-25-6","Lusait Wireless Strapless Bra for Women Silicone Removable Padded Bra Comfort Bandeau Tube Top Bra Black+Beige 2XL","1","amazon.ca","Amazon","Niagara Falls","Ontario","L2J 3Z","Combined TCS+MTC","32.99","4.29","0","0","0","0","0","0","0","0","-4.29","-5.61","-6.73","-0.11","0","20.54"
"Aug 11, 2025 4:30:03 a.m. PDT","24209477061","Order","701-8610336-4291458","WNCA-D33-5-4","Lusait Wireless Strapless Bra for Women Silicone Removable Padded Bra Comfort Bandeau Tube Top Bra Beige L","1","amazon.ca","Amazon","Kelowna","British Columbia","V1Y 8C","Combined TCS+MTC","19.99","2.40","0","0","0","0","0","0","0","0","-2.40","-2.00","-6.73","-0.04","0","11.22"
"Aug 11, 2025 11:29:30 a.m. PDT","24209477061","Refund","702-1367996-5104253","WNCA-D33-7-5","Lusait Wireless Strapless Bra for Women Silicone Removable Padded Bra Comfort Bandeau Tube Top Bra Brown XL","1","amazon.ca","Amazon","Brampton","Ontario","L6Y 5K","Combined TCS+MTC","-19.99","-2.60","0","0","0","0","0","0","0","0","2.60","1.60","0","0.04","0","-18.35"
"Aug 11, 2025 1:52:00 p.m. PDT","24209477061","Refund","702-6258551-4698641","WNCA-D33-5-2","Lusait Wireless Strapless Bra for Women Silicone Removable Padded Bra Comfort Bandeau Tube Top Bra Beige S","1","amazon.ca","Amazon","Cambridge","Ontario","N1T 2C","Combined TCS+MTC","-19.99","-2.60","-3.49","0","0","0","0","0","3.49","0","2.60","1.60","0","0.04","0","-18.35"
"Aug 11, 2025 3:03:04 p.m. PDT","24209477061","FBA Inventory Fee","701-9230484-8293831","","Fulfilment by Amazon removal order: disposal fee","","Amazon.ca","","","","","","0","0","0","0","0","0","0","0","0","0","0","0","0","0","-0.36","-0.36"
"Aug 11, 2025 8:12:00 p.m. PDT","24209477061","Order","701-9959782-9924262","WNCA-D33-5-2","Lusait Wireless Strapless Bra for Women Silicone Removable Padded Bra Comfort Bandeau Tube Top Bra Beige S","1","amazon.ca","Amazon","Toronto","Ontario","M5A 2T","Combined TCS+MTC","19.99","2.60","0","0","0","0","0","0","0","0","-2.60","-2.00","-6.36","-0.04","0","11.59"
"Aug 12, 2025 8:00:20 a.m. PDT","24209477061","Order","701-0414716-4741856","WNCA-D33-2-2","Lusait Wireless Strapless Bra for Women Silicone Removable Padded Bra Comfort Bandeau Tube Top Bra Black S","1","amazon.ca","Amazon","Rouyn-Noranda","Quebec","J0Z 1Y","Combined TCS+MTC","19.99","2.99","0","0","0","0","0","0","0","0","-2.99","-2.00","-6.36","-0.04","0","11.59"
"Aug 12, 2025 1:54:49 p.m. PDT","24209477061","Refund","701-0678656-9265845","WNCA-D33-5-6","Lusait Wireless Strapless Bra for Women Silicone Removable Padded Bra Comfort Bandeau Tube Top Bra Beige 2XL","1","amazon.ca","Amazon","Delta","British Columbia","V4K 2Z","Combined TCS+MTC","-19.99","-2.40","0","0","0","0","0","0","0","0","2.40","1.60","0","0.04","0","-18.35"
"Aug 12, 2025 3:55:54 p.m. PDT","24209477061","Order","701-2484423-9774605","WNCA-D33-5-3","Lusait Wireless Strapless Bra for Women Silicone Removable Padded Bra Comfort Bandeau Tube Top Bra Beige M","1","amazon.ca","Amazon","Saint-eustache","Quebec","J7R 7J","Combined TCS+MTC","19.99","2.99","0","0","0","0","0","0","0","0","-2.99","-2.00","-6.73","-0.04","0","11.22"
"Aug 12, 2025 6:35:45 p.m. PDT","24209477061","Adjustment","","WNCA-D33-5-3","FBA Inventory Reimbursement - General Adjustment","1","","","","","","","0","0","0","0","0","0","0","0","0","0","0","0","0","0","-11.26","-11.26"
"Aug 12, 2025 9:42:30 p.m. PDT","24209477061","Refund","702-8426227-5194618","WNCA-D33-5-2","Lusait Wireless Strapless Bra for Women Silicone Removable Padded Bra Comfort Bandeau Tube Top Bra Beige S","1","amazon.ca","Amazon","Toronto","Ontario","M4H 1L","Combined TCS+MTC","-19.99","-2.60","0","0","0","0","0","0","0","0","2.60","1.60","0","0.04","0","-18.35"
"Aug 12, 2025 9:49:12 p.m. PDT","24209477061","Fulfilment by Amazon customer return fee","702-1217106-0724200","X003R2D0U1","FBA Customer Return Per Unit Fee (Clothing & Shoes)","","Amazon.ca","","","","","","0","0","0","0","0","0","0","0","0","0","0","0","-4.87","0","0","-4.87"
"Aug 12, 2025 10:48:18 p.m. PDT","24209477061","Fulfilment by Amazon customer return fee","701-8315918-7573823","X00430JSFH","FBA Customer Return Per Unit Fee (Clothing & Shoes)","","Amazon.ca","","","","","","0","0","0","0","0","0","0","0","0","0","0","0","-4.92","0","0","-4.92"
"Aug 13, 2025 2:05:11 a.m. PDT","24209477061","Refund","701-8315918-7573823","WNCA-D33-22-3","Lusait Wireless Strapless Bra for Women Silicone Removable Padded Bra Comfort Bandeau Tube Top Bra Black+Black M","1","amazon.ca","Amazon","Thornhill","Ontario","L4J 0L","Combined TCS+MTC","-19.99","-2.60","0","0","0","0","0","0","0","0","2.60","1.60","0","0.04","0","-18.35"
"Aug 13, 2025 7:12:16 a.m. PDT","24209477061","Order","701-3002436-8882618","WNCA-D33-5-2","Lusait Wireless Strapless Bra for Women Silicone Removable Padded Bra Comfort Bandeau Tube Top Bra Beige S","1","amazon.ca","Amazon","Windsor","Ontario","N9E 0B","Combined TCS+MTC","19.99","2.60","0","0","0","0","0","0","0","0","-2.60","-2.00","-6.36","-0.04","0","11.59"
"Aug 13, 2025 10:14:16 a.m. PDT","24209477061","Fulfilment by Amazon customer return fee","702-8145961-1988267","X003R2BW1Z","FBA Customer Return Per Unit Fee (Clothing & Shoes)","","Amazon.ca","","","","","","0","0","0","0","0","0","0","0","0","0","0","0","-4.92","0","0","-4.92"
"Aug 14, 2025 12:43:50 a.m. PDT","24209477061","Order","701-6063272-7276258","WNCA-D33-2-5","Lusait Wireless Strapless Bra for Women Silicone Removable Padded Bra Comfort Bandeau Tube Top Bra Black XL","1","amazon.ca","Amazon","Regina","Saskatchewan","S4S 5X","Combined TCS+MTC","19.99","2.20","0","0","0","0","0","0","0","0","-2.20","-2.00","-7.40","-0.04","0","10.55"
"Aug 14, 2025 2:03:14 a.m. PDT","24209477061","Order","701-7208032-3225018","WNCA-D33-5-3","Lusait Wireless Strapless Bra for Women Silicone Removable Padded Bra Comfort Bandeau Tube Top Bra Beige M","1","amazon.ca","Amazon","Mississauga","Ontario","L5L 3Z","Combined TCS+MTC","19.99","2.60","0","0","0","0","0","0","0","0","-2.60","-2.00","-6.73","-0.04","0","11.22"
"Aug 14, 2025 3:50:28 a.m. PDT","24209477061","Order","702-2922598-8896233","WNCA-D33-5-2","Lusait Wireless Strapless Bra for Women Silicone Removable Padded Bra Comfort Bandeau Tube Top Bra Beige S","1","amazon.ca","Amazon","Narol","Manitoba","R1C 0B","Combined TCS+MTC","19.99","2.40","0","0","0","0","0","0","0","0","-2.40","-2.00","-6.36","-0.04","0","11.59"
"Aug 14, 2025 5:34:41 a.m. PDT","24209477061","Order","702-6167733-5125845","WNCA-D33-25-2","Lusait Wireless Strapless Bra for Women Silicone Removable Padded Bra Comfort Bandeau Tube Top Bra Black+Beige S","1","amazon.ca","Amazon","Elmwood","Ontario","N0G 1S","Combined TCS+MTC","32.99","4.29","0","0","0","0","0","0","0","0","-4.29","-5.61","-6.73","-0.11","0","20.54"
"Aug 14, 2025 7:59:46 a.m. PDT","24209477061","Order","702-2688805-4377827","WNCA-D33-25-4","Lusait Wireless Strapless Bra for Women Silicone Removable Padded Bra Comfort Bandeau Tube Top Bra Black+Beige L","1","amazon.ca","Amazon","Orangeville","Ontario","L9W 0A","Combined TCS+MTC","19.99","2.60","0","0","0","0","0","0","0","0","-2.60","-2.00","-7.23","-0.04","0","10.72"
"Aug 14, 2025 4:44:15 p.m. PDT","24209477061","Refund","702-1131233-8496254","WNCA-D33-5-5","Lusait Wireless Strapless Bra for Women Silicone Removable Padded Bra Comfort Bandeau Tube Top Bra Beige XL","1","amazon.ca","Amazon","Newcastle","Ontario","L1B 1E","Combined TCS+MTC","-19.99","-2.60","-2.33","0","0","0","0","0","2.33","0","2.60","1.60","0","0.04","0","-18.35"
"Aug 14, 2025 6:48:10 p.m. PDT","24209477061","Refund","702-4771915-2290601","WNCA-D33-5-2","Lusait Wireless Strapless Bra for Women Silicone Removable Padded Bra Comfort Bandeau Tube Top Bra Beige S","1","amazon.ca","Amazon","Otonabee","Ontario","K9J 6Y","Combined TCS+MTC","-19.99","-2.60","0","0","0","0","0","0","0","0","2.60","1.60","0","0.04","0","-18.35"
"Aug 14, 2025 11:43:18 p.m. PDT","24209477061","Order","702-4230163-9618601","WNCA-D33-22-6","Lusait Wireless Strapless Bra for Women Silicone Removable Padded Bra Comfort Bandeau Tube Top Bra Black+Black 2XL","1","amazon.ca","Amazon","St. Anthony","NL","A0K 2T","Combined TCS+MTC","19.99","3.00","0","0","0","0","0","0","0","0","-3.00","-2.00","-6.73","-0.04","0","11.22"
"Aug 15, 2025 12:23:33 a.m. PDT","24209477061","Fulfilment by Amazon customer return fee","702-1927766-0159444","X003R2D0U1","FBA Customer Return Per Unit Fee (Clothing & Shoes)","","Amazon.ca","","","","","","0","0","0","0","0","0","0","0","0","0","0","0","-4.57","0","0","-4.57"
"Aug 15, 2025 3:34:01 a.m. PDT","24209477061","Order","702-9937669-4994666","WNCA-D33-5-6","Lusait Wireless Strapless Bra for Women Silicone Removable Padded Bra Comfort Bandeau Tube Top Bra Beige 2XL","1","amazon.ca","Amazon","Odessa","Ontario","K0H 2H","Combined TCS+MTC","19.99","2.60","0","0","0","0","0","0","0","0","-2.60","-2.00","-6.73","-0.04","0","11.22"
"Aug 15, 2025 7:05:44 a.m. PDT","24209477061","Order","702-9986477-6053848","WNCA-D33-5-4","Lusait Wireless Strapless Bra for Women Silicone Removable Padded Bra Comfort Bandeau Tube Top Bra Beige L","1","amazon.ca","Amazon","Trout Creek","Ontario","P0H 2L","Combined TCS+MTC","19.99","2.60","0","0","0","0","0","0","0","0","-2.60","-2.00","-6.73","-0.04","0","11.22"
"Aug 16, 2025 12:27:15 a.m. PDT","24209477061","Order","702-2591003-1382650","WNCA-D33-7-4","Lusait Wireless Strapless Bra for Women Silicone Removable Padded Bra Comfort Bandeau Tube Top Bra Brown L","1","amazon.ca","Amazon","Ayr","Ontario","N0B 1E","Combined TCS+MTC","19.99","2.60","0","0","0","0","0","0","0","0","-2.60","-2.00","-6.73","-0.04","0","11.22"
"Aug 16, 2025 2:51:49 a.m. PDT","24209477061","Order","702-8489067-7877032","WNCA-D33-2-3","Lusait Wireless Strapless Bra for Women Silicone Removable Padded Bra Comfort Bandeau Tube Top Bra Black M","1","amazon.ca","Amazon","Warman","Saskatchewan","S0K 0A","Combined TCS+MTC","19.99","2.20","0","0","0","0","0","0","0","0","-2.20","-2.00","-6.73","-0.04","0","11.22"
"Aug 16, 2025 2:58:54 a.m. PDT","24209477061","Order","701-7987537-6776260","WNCA-D33-25-4","Lusait Wireless Strapless Bra for Women Silicone Removable Padded Bra Comfort Bandeau Tube Top Bra Black+Beige L","1","amazon.ca","Amazon","Barrie","Ontario","L9J0L","Combined TCS+MTC","19.99","2.60","0","0","0","0","0","0","0","0","-2.60","-2.00","-7.23","-0.04","0","10.72"
"Aug 16, 2025 7:46:14 a.m. PDT","24209477061","Order","701-8703724-9225010","WNCA-D33-5-6","Lusait Wireless Strapless Bra for Women Silicone Removable Padded Bra Comfort Bandeau Tube Top Bra Beige 2XL","1","amazon.ca","Amazon","Port Colborne","Ontario","L3K 5K","Combined TCS+MTC","19.99","2.60","0","0","0","0","0","0","0","0","-2.60","-2.00","-6.73","-0.04","0","11.22"
"Aug 16, 2025 7:55:30 a.m. PDT","24209477061","Order","701-4911319-6337038","WNCA-D33-5-2","Lusait Wireless Strapless Bra for Women Silicone Removable Padded Bra Comfort Bandeau Tube Top Bra Beige S","1","amazon.ca","Amazon","Toronto","Ontario","M4J 1V","Combined TCS+MTC","19.99","2.60","0","0","0","0","0","0","0","0","-2.60","-2.00","-6.36","-0.04","0","11.59"
"Aug 16, 2025 8:33:58 a.m. PDT","24209477061","Order","702-0446442-0932246","WNCA-D33-22-6","Lusait Wireless Strapless Bra for Women Silicone Removable Padded Bra Comfort Bandeau Tube Top Bra Black+Black 2XL","1","amazon.ca","Amazon","Longueuil","Quebec","J4H 4C","Combined TCS+MTC","19.99","2.99","0","0","0","0","0","0","0","0","-2.99","-2.00","-6.73","-0.04","0","11.22"
"Aug 16, 2025 8:33:58 a.m. PDT","24209477061","Order","702-0446442-0932246","WNCA-D33-22-5","Lusait Wireless Strapless Bra for Women Silicone Removable Padded Bra Comfort Bandeau Tube Top Bra Black+Black XL","1","amazon.ca","Amazon","Longueuil","Quebec","J4H 4C","Combined TCS+MTC","19.99","2.99","0","0","0","0","0","0","0","0","-2.99","-2.00","-6.73","-0.04","0","11.22"
"Aug 16, 2025 9:15:12 p.m. PDT","24209477061","Fulfilment by Amazon customer return fee","702-1367996-5104253","X00430QG9X","FBA Customer Return Per Unit Fee (Clothing & Shoes)","","Amazon.ca","","","","","","0","0","0","0","0","0","0","0","0","0","0","0","-4.92","0","0","-4.92"
"Aug 17, 2025 5:03:05 a.m. PDT","24209477061","Fulfilment by Amazon customer return fee","701-1651880-0449866","X00430QG9X","FBA Customer Return Per Unit Fee (Clothing & Shoes)","","Amazon.ca","","","","","","0","0","0","0","0","0","0","0","0","0","0","0","-4.92","0","0","-4.92"
"Aug 17, 2025 8:43:56 a.m. PDT","24209477061","Order","702-7322995-0681039","WNCA-D33-6-6","Lusait Wireless Strapless Bra for Women Silicone Removable Padded Bra Comfort Bandeau Tube Top Bra White 2XL","1","amazon.ca","Amazon","Milverton","Ontario","N0K1M","Combined TCS+MTC","19.99","2.60","0","0","0","0","0","0","0","0","-2.60","-2.00","-6.73","-0.04","0","11.22"
"Aug 17, 2025 9:17:33 a.m. PDT","24209477061","Order","702-3893543-8201851","WNCA-D33-22-3","Lusait Wireless Strapless Bra for Women Silicone Removable Padded Bra Comfort Bandeau Tube Top Bra Black+Black M","1","amazon.ca","Amazon","Belle River","Ontario","N0R 1A","Combined TCS+MTC","19.99","2.60","0","0","0","0","0","0","0","0","-2.60","-2.00","-6.73","-0.04","0","11.22"
"Aug 17, 2025 5:52:07 p.m. PDT","24209477061","Fulfilment by Amazon customer return fee","702-0037647-4214658","X003R2BVUH","FBA Customer Return Per Unit Fee (Clothing & Shoes)","","Amazon.ca","","","","","","0","0","0","0","0","0","0","0","0","0","0","0","-4.79","0","0","-4.79"
"Aug 17, 2025 11:37:51 p.m. PDT","24209477061","Order","701-8845097-4011468","WNCA-D33-2-6","Lusait Wireless Strapless Bra for Women Silicone Removable Padded Bra Comfort Bandeau Tube Top Bra Black 2XL","1","amazon.ca","Amazon","Laval","Quebec","H7K 3M","Combined TCS+MTC","19.99","2.99","0","0","0","0","0","0","0","0","-2.99","-2.00","-6.73","-0.04","0","11.22"
"Aug 18, 2025 2:24:07 a.m. PDT","24209477061","Order","702-4532065-2549848","WNCA-D33-6-6","Lusait Wireless Strapless Bra for Women Silicone Removable Padded Bra Comfort Bandeau Tube Top Bra White 2XL","1","amazon.ca","Amazon","Campbell River","British Columbia","V9W 5E","Combined TCS+MTC","19.99","2.40","0","0","0","0","0","0","0","0","-2.40","-2.00","-6.73","-0.04","0","11.22"
"Aug 18, 2025 10:47:33 a.m. PDT","24310634681","Fulfilment by Amazon customer return fee","701-4150945-2021007","X003R2BVSJ","FBA Customer Return Per Unit Fee (Clothing & Shoes)","","Amazon.ca","","","","","","0","0","0","0","0","0","0","0","0","0","0","0","-4.92","0","0","-4.92"
"Aug 19, 2025 2:23:01 a.m. PDT","24310634681","Order","702-7172803-0553040","WNCA-D33-2-2","Lusait Wireless Strapless Bra for Women Silicone Removable Padded Bra Comfort Bandeau Tube Top Bra Black S","1","amazon.ca","Amazon","Markham","Ontario","L6B 0W","Combined TCS+MTC","19.99","2.60","3.49","0","0","0","0","0","-3.49","0","-2.60","-2.00","-6.36","-0.04","0","11.59"
"Aug 19, 2025 4:45:03 a.m. PDT","24310634681","FBA Inventory Fee","","","FBA Long-Term Storage Fee","","Amazon.ca","","","","","","0","0","0","0","0","0","0","0","0","0","0","0","0","0","-53.03","-53.03"
"Aug 19, 2025 4:57:56 a.m. PDT","24310634681","Transfer","","","To account ending with: 127","","","","","","","","0","0","0","0","0","0","0","0","0","0","0","0","0","0","-325.08","-325.08"
"Aug 19, 2025 5:27:50 a.m. PDT","24310634681","Order","701-4150945-2021007","WNCA-D33-5-3","Lusait Wireless Strapless Bra for Women Silicone Removable Padded Bra Comfort Bandeau Tube Top Bra Beige M","1","amazon.ca","Amazon","Mitchell","On","N0K1N","Combined TCS+MTC","19.99","2.60","0","0","0","0","0","0","0","0","-2.60","-2.00","-6.73","-0.04","0","11.22"
"Aug 19, 2025 6:31:30 a.m. PDT","24310634681","Order","701-8594321-7271450","WNCA-D33-7-6","Lusait Wireless Strapless Bra for Women Silicone Removable Padded Bra Comfort Bandeau Tube Top Bra Brown 2XL","1","amazon.ca","Amazon","Thunder Bay","Ontario","P7B 3S","Combined TCS+MTC","19.99","2.60","0","0","0","0","0","0","0","0","-2.60","-2.00","-6.73","-0.04","0","11.22"
"Aug 19, 2025 9:12:41 a.m. PDT","24310634681","Refund","701-4150945-2021007","WNCA-D33-5-3","Lusait Wireless Strapless Bra for Women Silicone Removable Padded Bra Comfort Bandeau Tube Top Bra Beige M","1","amazon.ca","Amazon","Mitchell","On","N0K1N","Combined TCS+MTC","-19.99","-2.60","0","0","0","0","0","0","0","0","2.60","1.60","0","0.04","0","-18.35"
"Aug 19, 2025 6:10:52 p.m. PDT","24310634681","Fulfilment by Amazon customer return fee","702-9686724-8756258","X003R2BVSJ","FBA Customer Return Per Unit Fee (Clothing & Shoes)","","Amazon.ca","","","","","","0","0","0","0","0","0","0","0","0","0","0","0","-4.92","0","0","-4.92"
"Aug 19, 2025 8:53:35 p.m. PDT","24310634681","Order","702-6681478-8900203","WNCA-D33-2-5","Lusait Wireless Strapless Bra for Women Silicone Removable Padded Bra Comfort Bandeau Tube Top Bra Black XL","1","amazon.ca","Amazon","grande prairie","Alberta","T8X0R","Combined TCS+MTC","19.99","1.00","0","0","0","0","0","0","0","0","-1.00","-2.00","-7.40","-0.04","0","10.55"
"Aug 20, 2025 1:27:02 a.m. PDT","24310634681","Adjustment","702-4783262-1876227","WNCA-D33-5-3","FBA Inventory Reimbursement - Customer Return","1","","","","","","","0","0","0","0","0","0","0","0","0","0","0","0","0","0","11.26","11.26"
"Aug 20, 2025 4:37:46 a.m. PDT","24310634681","Order","701-8339720-5841047","WNCA-D33-6-4","Lusait Wireless Strapless Bra for Women Silicone Removable Padded Bra Comfort Bandeau Tube Top Bra White L","1","amazon.ca","Amazon","Calgary","Alberta","T3H 1K","Combined TCS+MTC","19.99","1.00","0","0","0","0","0","0","0","0","-1.00","-2.00","-6.73","-0.04","0","11.22"
"Aug 20, 2025 8:53:35 a.m. PDT","24310634681","Order","702-3612758-5429836","WNCA-D33-7-5","Lusait Wireless Strapless Bra for Women Silicone Removable Padded Bra Comfort Bandeau Tube Top Bra Brown XL","1","amazon.ca","Amazon","Vermilion","AB","T9X 1X","Combined TCS+MTC","19.99","1.00","0","0","0","0","0","0","0","0","-1.00","-2.00","-6.73","-0.04","0","11.22"
"Aug 20, 2025 11:52:14 a.m. PDT","24310634681","FBA Inventory Fee","702-9686724-8756258","","Fulfilment by Amazon removal order: disposal fee","","Amazon.ca","","","","","","0","0","0","0","0","0","0","0","0","0","0","0","0","0","-0.36","-0.36"
"Aug 20, 2025 1:37:00 p.m. PDT","24310634681","Fulfilment by Amazon customer return fee","702-3359639-9563442","X003R2BW1Z","FBA Customer Return Per Unit Fee (Clothing & Shoes)","","Amazon.ca","","","","","","0","0","0","0","0","0","0","0","0","0","0","0","-4.87","0","0","-4.87"
"Aug 20, 2025 4:14:40 p.m. PDT","24310634681","Order","702-0137619-7222639","WNCA-D33-2-6","Lusait Wireless Strapless Bra for Women Silicone Removable Padded Bra Comfort Bandeau Tube Top Bra Black 2XL","1","amazon.ca","Amazon","Beaumont","Alberta","T4X 0G","Combined TCS+MTC","19.99","1.00","0","0","0","0","0","0","0","0","-1.00","-2.00","-6.73","-0.04","0","11.22"
"Aug 20, 2025 5:07:47 p.m. PDT","24310634681","Refund","701-3002436-8882618","WNCA-D33-5-2","Lusait Wireless Strapless Bra for Women Silicone Removable Padded Bra Comfort Bandeau Tube Top Bra Beige S","1","amazon.ca","Amazon","Windsor","Ontario","N9E 0B","Combined TCS+MTC","-19.99","-2.60","0","0","0","0","0","0","0","0","2.60","1.60","0","0.04","0","-18.35"
"Aug 20, 2025 7:30:07 p.m. PDT","24310634681","Order","702-3359639-9563442","WNCA-D33-5-5","Lusait Wireless Strapless Bra for Women Silicone Removable Padded Bra Comfort Bandeau Tube Top Bra Beige XL","1","amazon.ca","Amazon","West vancouver","British Columbia","V7S 2B","Combined TCS+MTC","19.99","2.40","0","0","0","0","0","0","0","0","-2.40","-2.00","-6.73","-0.04","0","11.22"
"Aug 20, 2025 9:36:21 p.m. PDT","24310634681","Fulfilment by Amazon customer return fee","702-8426227-5194618","X003R2BUDP","FBA Customer Return Per Unit Fee (Clothing & Shoes)","","Amazon.ca","","","","","","0","0","0","0","0","0","0","0","0","0","0","0","-4.79","0","0","-4.79"
"Aug 21, 2025 3:22:21 a.m. PDT","24310634681","Refund","702-3359639-9563442","WNCA-D33-5-5","Lusait Wireless Strapless Bra for Women Silicone Removable Padded Bra Comfort Bandeau Tube Top Bra Beige XL","1","amazon.ca","Amazon","West vancouver","British Columbia","V7S 2B","Combined TCS+MTC","-19.99","-2.40","0","0","0","0","0","0","0","0","2.40","1.60","0","0.04","0","-18.35"
"Aug 21, 2025 3:40:14 a.m. PDT","24310634681","Order","702-8198267-9390618","WNCA-D33-2-5","Lusait Wireless Strapless Bra for Women Silicone Removable Padded Bra Comfort Bandeau Tube Top Bra Black XL","1","amazon.ca","Amazon","Brampton","Ontario","L6Y 5K","Combined TCS+MTC","19.99","2.60","0","0","0","0","0","0","0","0","-2.60","-2.00","-7.40","-0.04","0","10.55"
"Aug 21, 2025 12:56:09 p.m. PDT","24310634681","Order","702-3953376-5885049","WNCA-D33-2-3","Lusait Wireless Strapless Bra for Women Silicone Removable Padded Bra Comfort Bandeau Tube Top Bra Black M","1","amazon.ca","Amazon","Milton","Ontario","L9T 0G","Combined TCS+MTC","19.99","2.60","0","0","0","0","0","0","0","0","-2.60","-2.00","-6.73","-0.04","0","11.22"
"Aug 21, 2025 3:38:58 p.m. PDT","24310634681","Refund","702-2688805-4377827","WNCA-D33-25-4","Lusait Wireless Strapless Bra for Women Silicone Removable Padded Bra Comfort Bandeau Tube Top Bra Black+Beige L","1","amazon.ca","Amazon","Orangeville","Ontario","L9W 0A","Combined TCS+MTC","-19.99","-2.60","0","0","0","0","0","0","0","0","2.60","1.60","0","0.04","0","-18.35"
"Aug 21, 2025 4:05:27 p.m. PDT","24310634681","Fulfilment by Amazon customer return fee","702-1131233-8496254","X003R2BW1Z","FBA Customer Return Per Unit Fee (Clothing & Shoes)","","Amazon.ca","","","","","","0","0","0","0","0","0","0","0","0","0","0","0","-4.92","0","0","-4.92"
"Aug 21, 2025 9:35:16 p.m. PDT","24310634681","Fulfilment by Amazon customer return fee","702-4771915-2290601","X003R2BUDP","FBA Customer Return Per Unit Fee (Clothing & Shoes)","","Amazon.ca","","","","","","0","0","0","0","0","0","0","0","0","0","0","0","-4.79","0","0","-4.79"
"Aug 22, 2025 6:50:13 a.m. PDT","24310634681","Order","701-7343933-8389048","WNCA-D33-7-2","Lusait Wireless Strapless Bra for Women Silicone Removable Tube Top Bra Comfort Bandeau Padded Bra Brown S","1","amazon.ca","Amazon","Waterloo","Ontario","N2V 0B","Combined TCS+MTC","19.99","2.60","0","0","0","0","0","0","0","0","-2.60","-2.00","-6.73","-0.04","0","11.22"
"Aug 23, 2025 2:00:32 a.m. PDT","24310634681","Order","701-4636068-8098651","WNCA-D33-6-4","Lusait Wireless Strapless Bra for Women Silicone Removable Padded Bra Comfort Bandeau Tube Top Bra White L","1","amazon.ca","Amazon","Puslinch","Ontario","N0B 2J","Combined TCS+MTC","19.99","2.60","3.49","0","0","0","0","0","-3.49","0","-2.60","-2.00","-6.73","0","0","11.26"
"Aug 23, 2025 4:14:49 a.m. PDT","24310634681","Order","702-7432507-3258619","WNCA-D33-5-2","Lusait Wireless Strapless Bra for Women Silicone Removable Padded Bra Comfort Bandeau Tube Top Bra Beige S","1","amazon.ca","Amazon","Castlegar","British Columbia","V1N 4G","Combined TCS+MTC","19.99","2.40","0","0","0","0","0","0","0","0","-2.40","-2.00","-6.81","-0.04","0","11.14"
"Aug 24, 2025 2:27:22 a.m. PDT","24310634681","Order","702-3421074-1023432","WNCA-D33-2-2","Lusait Wireless Strapless Bra for Women Silicone Removable Padded Bra Comfort Bandeau Tube Top Bra Black S","1","amazon.ca","Amazon","Calgary","Alberta","T3R 0Y","Combined TCS+MTC","19.99","1.00","0","0","0","0","0","0","0","0","-1.00","-2.00","-6.36","0","0","11.63"
"Aug 24, 2025 3:25:17 a.m. PDT","24310634681","Order","702-7536622-5089068","WNCA-D33-7-3","Lusait Wireless Strapless Bra for Women Silicone Removable Padded Bra Comfort Bandeau Tube Top Bra Brown M","1","amazon.ca","Amazon","Pickering","Ontario","L1X 0E","Combined TCS+MTC","19.99","2.60","0","0","0","0","0","0","0","0","-2.60","-2.00","-6.73","0","0","11.26"
"Aug 24, 2025 3:33:26 a.m. PDT","24310634681","Order","701-8335819-4485863","WNCA-D33-7-4","Lusait Wireless Strapless Bra for Women Silicone Removable Padded Bra Comfort Bandeau Tube Top Bra Brown L","1","amazon.ca","Amazon","West Kelowna","British Columbia","V1Z 3G","Combined TCS+MTC","19.99","2.40","0","0","0","0","0","0","0","0","-2.40","-2.00","-6.73","-0.04","0","11.22"
"Aug 24, 2025 2:17:04 p.m. PDT","24310634681","Order","701-5741688-7785838","WNCA-D33-22-2","Lusait Wireless Strapless Bra for Women Silicone Removable Padded Bra Comfort Bandeau Tube Top Bra Black+Black S","1","amazon.ca","Amazon","Toronto","Ontario","M5B 0B","Combined TCS+MTC","19.99","2.60","0","0","0","0","0","0","0","0","-2.60","-2.00","-6.73","0","0","11.26"
"Aug 24, 2025 3:06:30 p.m. PDT","24310634681","Refund","702-2937200-9252207","WNCA-D33-2-5","Lusait Wireless Strapless Bra for Women Silicone Removable Padded Bra Comfort Bandeau Tube Top Bra Black XL","1","amazon.ca","Amazon","Niagara Falls","Ontario","L2H 2X","Combined TCS+MTC","-19.99","-2.60","0","0","0","0","0","0","0","0","2.60","1.60","0","0.04","0","-18.35"
"Aug 25, 2025 1:50:09 a.m. PDT","24310634681","Order","701-6960623-8555432","WNCA-D33-25-5","Lusait Wireless Strapless Bra for Women Silicone Removable Padded Bra Comfort Bandeau Tube Top Bra Black+Beige XL","1","amazon.ca","Amazon","Waterloo","Ontario","N2L2E","Combined TCS+MTC","32.99","4.29","0","0","0","0","0","0","0","0","-4.29","-5.61","-7.40","-0.11","0","19.87"
"Aug 25, 2025 1:50:09 a.m. PDT","24310634681","Order","701-6960623-8555432","WNCA-D33-25-6","Lusait Wireless Strapless Bra for Women Silicone Removable Padded Bra Comfort Bandeau Tube Top Bra Black+Beige 2XL","1","amazon.ca","Amazon","Waterloo","Ontario","N2L2E","Combined TCS+MTC","32.99","4.29","0","0","0","0","0","0","0","0","-4.29","-5.61","-6.73","-0.11","0","20.54"
"Aug 25, 2025 4:21:20 a.m. PDT","24310634681","Order","701-5877468-1194661","WNCA-D33-2-3","Lusait Wireless Strapless Bra for Women Silicone Removable Padded Bra Comfort Bandeau Tube Top Bra Black M","1","amazon.ca","Amazon","Ottawa","Ontario","K2G 2W","Combined TCS+MTC","19.99","2.60","1.40","0","0","0","0","0","-1.40","0","-2.60","-2.00","-6.73","0","0","11.26"
"Aug 25, 2025 5:46:57 a.m. PDT","24310634681","Order","701-9466186-8088259","WNCA-D33-5-6","Lusait Wireless Strapless Bra for Women Silicone Removable Padded Bra Comfort Bandeau Tube Top Bra Beige 2XL","1","amazon.ca","Amazon","Zurich","Ontario","N0M 2T","Combined TCS+MTC","19.99","2.60","0","0","0","0","0","0","0","0","-2.60","-2.00","-6.73","0","0","11.26"
"Aug 25, 2025 11:22:43 a.m. PDT","24310634681","FBA Inventory Fee","wjVRFVMQKS","","Fulfilment by Amazon removal order: disposal fee","","Amazon.ca","","","","","","0","0","0","0","0","0","0","0","0","0","0","0","0","0","-0.36","-0.36"
"Aug 25, 2025 8:27:25 p.m. PDT","24310634681","Adjustment","701-6065152-6624255","WNCA-D33-5-2","FBA Inventory Reimbursement - Customer Return","1","","","","","","","0","0","0","0","0","0","0","0","0","0","0","0","0","0","11.63","11.63"
"Aug 26, 2025 4:56:11 a.m. PDT","24310634681","Order","701-0866929-2561054","WNCA-D33-7-5","Lusait Wireless Strapless Bra for Women Silicone Removable Padded Bra Comfort Bandeau Tube Top Bra Brown XL","1","amazon.ca","Amazon","Victoria","British Columbia","V9B 6T","Combined TCS+MTC","19.99","2.40","0","0","0","0","0","0","0","0","-2.40","-2.00","-6.73","0","0","11.26"
"Aug 26, 2025 4:56:11 a.m. PDT","24310634681","Order","701-0866929-2561054","WNCA-D33-7-4","Lusait Wireless Strapless Bra for Women Silicone Removable Padded Bra Comfort Bandeau Tube Top Bra Brown L","1","amazon.ca","Amazon","Victoria","British Columbia","V9B 6T","Combined TCS+MTC","19.99","2.40","0","0","0","0","0","0","0","0","-2.40","-2.00","-6.73","0","0","11.26"
"Aug 26, 2025 7:55:27 a.m. PDT","24310634681","Adjustment","702-1631237-9017839","WNCA-D33-2-6","FBA Inventory Reimbursement - Customer Return","1","","","","","","","0","0","0","0","0","0","0","0","0","0","0","0","0","0","11.26","11.26"
"Aug 26, 2025 10:26:22 p.m. PDT","24310634681","Order","702-3602148-4642628","WNCA-D33-7-2","Lusait Wireless Strapless Bra for Women Silicone Removable Tube Top Bra Comfort Bandeau Padded Bra Brown S","1","amazon.ca","Amazon","La Salle","Manitoba","R0G 0A","Combined TCS+MTC","19.99","2.40","0","0","0","0","0","0","0","0","-2.40","-2.00","-6.73","0","0","11.26"
"Aug 27, 2025 12:02:09 a.m. PDT","24310634681","Order","702-4317046-0851425","WNCA-D33-6-2","Lusait Wireless Strapless Bra for Women Silicone Removable Padded Bra Comfort Bandeau Tube Top Bra White S","1","amazon.ca","Amazon","Gilford","Ontario","L0L 1R","Combined TCS+MTC","19.99","2.60","0","0","0","0","0","0","0","0","-2.60","-2.00","-6.73","0","0","11.26"
"Aug 27, 2025 1:15:44 a.m. PDT","24310634681","Order","702-4385620-3210653","WNCA-D33-5-6","Lusait Wireless Strapless Bra for Women Silicone Removable Padded Bra Comfort Bandeau Tube Top Bra Beige 2XL","1","amazon.ca","Amazon","North Bay","Ontario","P1B 5P","Combined TCS+MTC","19.99","2.60","0","0","0","0","0","0","0","0","-2.60","-2.00","-6.73","0","0","11.26"
"Aug 27, 2025 9:01:46 a.m. PDT","24310634681","Fulfilment by Amazon customer return fee","702-2920003-8041038","X00430LRGZ","FBA Customer Return Per Unit Fee (Clothing & Shoes)","","Amazon.ca","","","","","","0","0","0","0","0","0","0","0","0","0","0","0","-4.92","0","0","-4.92"
"Aug 27, 2025 2:44:06 p.m. PDT","24310634681","Refund","702-4506624-1469029","WNCA-D33-5-5","Lusait Wireless Strapless Bra for Women Silicone Removable Padded Bra Comfort Bandeau Tube Top Bra Beige XL","1","amazon.ca","Amazon","Sutton West","ON","L0E 1R","Combined TCS+MTC","-19.99","-2.60","0","0","0","0","0","0","0","0","2.60","1.60","0","0","0","-18.39"
"Aug 27, 2025 5:15:26 p.m. PDT","24310634681","Fulfilment by Amazon customer return fee","701-3002436-8882618","X003R2BUDP","FBA Customer Return Per Unit Fee (Clothing & Shoes)","","Amazon.ca","","","","","","0","0","0","0","0","0","0","0","0","0","0","0","-4.79","0","0","-4.79"
"Aug 27, 2025 7:15:13 p.m. PDT","24310634681","Refund","701-0866929-2561054","WNCA-D33-7-5","Lusait Wireless Strapless Bra for Women Silicone Removable Padded Bra Comfort Bandeau Tube Top Bra Brown XL","1","amazon.ca","Amazon","Victoria","British Columbia","V9B 6T","Combined TCS+MTC","-19.99","-2.40","0","0","0","0","0","0","0","0","2.40","1.60","0","0","0","-18.39"
"Aug 28, 2025 2:02:00 a.m. PDT","24310634681","Order","702-8319637-9382633","WNCA-D33-5-3","Lusait Wireless Strapless Bra for Women Silicone Removable Padded Bra Comfort Bandeau Tube Top Bra Beige M","1","amazon.ca","Amazon","Woodbridge","Ontario","L4L 3V","Combined TCS+MTC","19.99","2.60","0","0","0","0","0","0","0","0","-2.60","-2.00","-7.20","0","0","10.79"
"Aug 28, 2025 4:15:00 a.m. PDT","24310634681","Refund","702-2920003-8041038","WNCA-D33-5-6","Lusait Wireless Strapless Bra for Women Silicone Removable Padded Bra Comfort Bandeau Tube Top Bra Beige 2XL","1","amazon.ca","Amazon","Laval","Quebec","H7P 5A","Combined TCS+MTC","-19.99","-2.99","0","0","0","0","0","0","0","0","2.99","1.60","0","0","0","-18.39"
"Aug 28, 2025 4:44:30 a.m. PDT","24310634681","Order","702-2920003-8041038","WNCA-D33-5-6","Lusait Wireless Strapless Bra for Women Silicone Removable Padded Bra Comfort Bandeau Tube Top Bra Beige 2XL","1","amazon.ca","Amazon","Laval","Quebec","H7P 5A","Combined TCS+MTC","19.99","2.99","0","0","0","0","0","0","0","0","-2.99","-2.00","-6.73","0","0","11.26"
"Aug 28, 2025 5:11:43 a.m. PDT","24310634681","Order","702-4506624-1469029","WNCA-D33-5-5","Lusait Wireless Strapless Bra for Women Silicone Removable Padded Bra Comfort Bandeau Tube Top Bra Beige XL","1","amazon.ca","Amazon","Sutton West","ON","L0E 1R","Combined TCS+MTC","19.99","2.60","0","0","0","0","0","0","0","0","-2.60","-2.00","-6.73","0","0","11.26"
"Aug 28, 2025 8:37:35 a.m. PDT","24310634681","Refund","702-8319637-9382633","WNCA-D33-5-3","Lusait Wireless Strapless Bra for Women Silicone Removable Padded Bra Comfort Bandeau Tube Top Bra Beige M","1","amazon.ca","Amazon","Woodbridge","Ontario","L4L 3V","Combined TCS+MTC","-19.99","-2.60","0","0","0","0","0","0","0","0","2.60","1.60","0","0","0","-18.39"
"Aug 28, 2025 11:45:12 a.m. PDT","24310634681","Refund","702-8198267-9390618","WNCA-D33-2-5","Lusait Wireless Strapless Bra for Women Silicone Removable Padded Bra Comfort Bandeau Tube Top Bra Black XL","1","amazon.ca","Amazon","Brampton","Ontario","L6Y 5K","Combined TCS+MTC","-19.99","-2.60","0","0","0","0","0","0","0","0","2.60","1.60","0","0.04","0","-18.35"
"Aug 28, 2025 6:28:55 p.m. PDT","24310634681","Order","701-5758650-7451431","WNCA-D33-2-6","Lusait Wireless Strapless Bra for Women Silicone Removable Padded Bra Comfort Bandeau Tube Top Bra Black 2XL","1","amazon.ca","Amazon","Langley","BC","V1M 1M","Combined TCS+MTC","19.99","2.40","0","0","0","0","0","0","0","0","-2.40","-2.00","-6.73","0","0","11.26"
"Aug 29, 2025 12:16:37 a.m. PDT","24310634681","Order","701-0013707-5120271","WNCA-D33-2-5","Lusait Wireless Strapless Bra for Women Silicone Removable Padded Bra Comfort Bandeau Tube Top Bra Black XL","1","amazon.ca","Amazon","Victoria","British Columbia","V9B 0S","Combined TCS+MTC","19.99","2.40","0","0","0","0","0","0","0","0","-2.40","-2.00","-7.92","0","0","10.07"
"Aug 29, 2025 5:55:18 a.m. PDT","24310634681","Order","701-0567458-7590615","WNCA-D33-2-6","Lusait Wireless Strapless Bra for Women Silicone Removable Padded Bra Comfort Bandeau Tube Top Bra Black 2XL","1","amazon.ca","Amazon","BURLINGTON","Ontario","L7M 3E","Combined TCS+MTC","19.99","2.60","0","0","0","0","0","0","0","0","-2.60","-2.00","-6.73","0","0","11.26"
"Aug 29, 2025 6:36:54 a.m. PDT","24310634681","Order","701-6871135-0165864","WNCA-D33-5-5","Lusait Wireless Strapless Bra for Women Silicone Removable Padded Bra Comfort Bandeau Tube Top Bra Beige XL","1","amazon.ca","Amazon","Quebec","Quebec","G1C 5G","Combined TCS+MTC","19.99","2.99","0","0","0","0","0","0","0","0","-2.99","-2.00","-6.73","0","0","11.26"
"Aug 29, 2025 7:47:11 a.m. PDT","24310634681","Order","702-7811636-3133800","WNCA-D33-5-5","Lusait Wireless Strapless Bra for Women Silicone Removable Padded Bra Comfort Bandeau Tube Top Bra Beige XL","1","amazon.ca","Amazon","St. John's","Newfoundland","A1E 1T","Combined TCS+MTC","19.99","3.00","0","0","0","0","0","0","0","0","-3.00","-2.00","-6.73","0","0","11.26"
"Aug 29, 2025 8:12:05 a.m. PDT","24310634681","Refund","701-0567458-7590615","WNCA-D33-2-6","Lusait Wireless Strapless Bra for Women Silicone Removable Padded Bra Comfort Bandeau Tube Top Bra Black 2XL","1","amazon.ca","Amazon","BURLINGTON","Ontario","L7M 3E","Combined TCS+MTC","-19.99","-2.60","0","0","0","0","0","0","0","0","2.60","1.60","0","0","0","-18.39"
"Aug 29, 2025 11:32:48 a.m. PDT","24310634681","Adjustment","","WNCA-D33-6-5","FBA Inventory Reimbursement - Lost:Warehouse","1","","","","","","","0","0","0","0","0","0","0","0","0","0","0","0","0","0","6.72","6.72"
"Aug 29, 2025 11:25:06 p.m. PDT","24310634681","Order","702-9835394-2905006","WNCA-D33-25-4","Lusait Wireless Strapless Bra for Women Silicone Removable Padded Bra Comfort Bandeau Tube Top Bra Black+Beige L","1","amazon.ca","Amazon","PIERREFONDS","QC","H9H2K","Combined TCS+MTC","19.99","2.99","0","0","0","0","0","0","0","0","-2.99","-2.00","-7.23","0","0","10.76"
"Aug 30, 2025 6:58:48 a.m. PDT","24310634681","Order","702-8638556-6910611","WNCA-D33-6-6","Lusait Wireless Strapless Bra for Women Silicone Removable Padded Bra Comfort Bandeau Tube Top Bra White 2XL","1","amazon.ca","Amazon","Hannon","Ontario","L0R 1P","Combined TCS+MTC","19.99","2.60","3.49","0","0","0","0","0","-3.49","0","-2.60","-2.00","-6.73","0","0","11.26"
"Aug 30, 2025 4:46:36 p.m. PDT","24310634681","Fulfilment by Amazon customer return fee","702-2937200-9252207","X003R2BU03","FBA Customer Return Per Unit Fee (Clothing & Shoes)","","Amazon.ca","","","","","","0","0","0","0","0","0","0","0","0","0","0","0","-5.15","0","0","-5.15"
"Aug 31, 2025 12:05:03 a.m. PDT","24310634681","Order","701-6542018-8313046","WNCA-D33-7-2","Lusait Wireless Strapless Bra for Women Silicone Removable Tube Top Bra Comfort Bandeau Padded Bra Brown S","1","amazon.ca","Amazon","Richmond","British Columbia","V6X1M","Combined TCS+MTC","19.99","2.40","0","0","0","0","0","0","0","0","-2.40","-2.00","-6.73","0","0","11.26"
"Aug 31, 2025 1:42:28 a.m. PDT","24310634681","Order","702-3222188-8375429","WNCA-D33-5-5","Lusait Wireless Strapless Bra for Women Silicone Removable Padded Bra Comfort Bandeau Tube Top Bra Beige XL","1","amazon.ca","Amazon","Grimsby","Ontario","L3M 0E","Combined TCS+MTC","19.99","2.60","0","0","0","0","0","0","0","0","-2.60","-2.00","-6.73","0","0","11.26"
"Aug 31, 2025 7:45:13 a.m. PDT","24310634681","Order","701-0739882-8879468","WNCA-D33-2-2","Lusait Wireless Strapless Bra for Women Silicone Removable Padded Bra Comfort Bandeau Tube Top Bra Black S","1","amazon.ca","Amazon","Stoney Creek","Ontario","L8G 3S","Combined TCS+MTC","19.99","2.60","0","0","0","0","0","0","0","0","-2.60","-2.00","-6.36","0","0","11.63"
"Aug 31, 2025 8:50:59 a.m. PDT","24310634681","Order","701-4175170-5359445","WNCA-D33-5-3","Lusait Wireless Strapless Bra for Women Silicone Removable Padded Bra Comfort Bandeau Tube Top Bra Beige M","1","amazon.ca","Amazon","Tillsonburg","Ontario","N4G 5W","Combined TCS+MTC","19.99","2.60","0","0","0","0","0","0","0","0","-2.60","-2.00","-6.73","0","0","11.26"
"Sep 1, 2025 1:54:30 a.m. PDT","24310634681","Refund","702-8638556-6910611","WNCA-D33-6-6","Lusait Wireless Strapless Bra for Women Silicone Removable Padded Bra Comfort Bandeau Tube Top Bra White 2XL","1","amazon.ca","Amazon","Hannon","Ontario","L0R 1P","Combined TCS+MTC","-19.99","-2.60","-3.49","0","0","0","0","0","3.49","0","2.60","1.60","0","0","0","-18.39"
"Sep 1, 2025 7:31:17 a.m. PDT","24415757281","Order","701-5877036-2808228","WNCA-D33-7-6","Lusait Wireless Strapless Bra for Women Silicone Removable Padded Bra Comfort Bandeau Tube Top Bra Brown 2XL","1","amazon.ca","Amazon","Ottawa","Ontario","K1N 6M","Combined TCS+MTC","19.99","2.60","0","0","0","0","0","0","0","0","-2.60","-2.00","-6.73","0","0","11.26"
"Sep 1, 2025 9:49:37 p.m. PDT","24415757281","Fulfilment by Amazon customer return fee","702-4506624-1469029","X003R2BW1Z","FBA Customer Return Per Unit Fee (Clothing & Shoes)","","Amazon.ca","","","","","","0","0","0","0","0","0","0","0","0","0","0","0","-4.92","0","0","-4.92"
"Sep 2, 2025 2:03:00 a.m. PDT","24415757281","Order","701-5037234-4209006","WNCA-D33-25-4","Lusait Wireless Strapless Bra for Women Silicone Removable Padded Bra Comfort Bandeau Tube Top Bra Black+Beige L","1","amazon.ca","Amazon","Milton","Ontario","L9T 0C","Combined TCS+MTC","19.99","2.60","0","0","0","0","0","0","0","0","-2.60","-2.00","-7.23","0","0","10.76"
"Sep 2, 2025 4:25:23 a.m. PDT","24415757281","Refund","701-5037234-4209006","WNCA-D33-25-4","Lusait Wireless Strapless Bra for Women Silicone Removable Padded Bra Comfort Bandeau Tube Top Bra Black+Beige L","1","amazon.ca","Amazon","Milton","Ontario","L9T 0C","Combined TCS+MTC","-19.99","-2.60","0","0","0","0","0","0","0","0","2.60","1.60","0","0","0","-18.39"
"Sep 2, 2025 4:55:05 a.m. PDT","24415757281","Transfer","","","To account ending with: 127","","","","","","","","0","0","0","0","0","0","0","0","0","0","0","0","0","0","-187.91","-187.91"
"Sep 2, 2025 6:46:50 a.m. PDT","24415757281","Fulfilment by Amazon customer return fee","701-5037234-4209006","X003RUT02P","FBA Customer Return Per Unit Fee (Clothing & Shoes)","","Amazon.ca","","","","","","0","0","0","0","0","0","0","0","0","0","0","0","-5.03","0","0","-5.03"
"Sep 2, 2025 12:30:11 p.m. PDT","24415757281","Fulfilment by Amazon customer return fee","701-0567458-7590615","X00430JSOX","FBA Customer Return Per Unit Fee (Clothing & Shoes)","","Amazon.ca","","","","","","0","0","0","0","0","0","0","0","0","0","0","0","-4.92","0","0","-4.92"
"Sep 3, 2025 3:52:41 a.m. PDT","24415757281","Order","702-5074226-9378613","WNCA-D33-25-4","Lusait Wireless Strapless Bra for Women Silicone Removable Padded Bra Comfort Bandeau Tube Top Bra Black+Beige L","1","amazon.ca","Amazon","Edmonton","Alberta","T5W 3L","Combined TCS+MTC","19.99","1.00","0","0","0","0","0","0","0","0","-1.00","-2.00","-7.23","0","0","10.76"
"Sep 3, 2025 7:12:40 a.m. PDT","24415757281","Order","702-3628984-1955431","WNCA-D33-25-5","Lusait Wireless Strapless Bra for Women Silicone Removable Padded Bra Comfort Bandeau Tube Top Bra Black+Beige XL","1","amazon.ca","Amazon","Hudson","Quebec","J0P 1H","Combined TCS+MTC","32.99","4.94","0","0","0","0","0","0","0","0","-4.94","-5.61","-7.40","0","0","19.98"
"Sep 3, 2025 8:01:05 a.m. PDT","24415757281","Order","702-5550607-0088246","WNCA-D33-5-4","Lusait Wireless Strapless Bra for Women Silicone Removable Padded Bra Comfort Bandeau Tube Top Bra Beige L","1","amazon.ca","Amazon","Richmond","British Columbia","V7A 4N","Combined TCS+MTC","19.99","2.40","0","0","0","0","0","0","0","0","-2.40","-2.00","-7.20","0","0","10.79"
"Sep 3, 2025 12:57:14 p.m. PDT","24415757281","Refund","702-3602148-4642628","WNCA-D33-7-2","Lusait Wireless Strapless Bra for Women Silicone Removable Tube Top Bra Comfort Bandeau Padded Bra Brown S","1","amazon.ca","Amazon","La Salle","Manitoba","R0G 0A","Combined TCS+MTC","-19.99","-2.40","0","0","0","0","0","0","0","0","2.40","1.60","0","0","0","-18.39"
"Sep 3, 2025 1:53:43 p.m. PDT","24415757281","Fulfilment by Amazon customer return fee","702-2688805-4377827","X003RUT02P","FBA Customer Return Per Unit Fee (Clothing & Shoes)","","Amazon.ca","","","","","","0","0","0","0","0","0","0","0","0","0","0","0","-5.03","0","0","-5.03"
"Sep 3, 2025 1:57:02 p.m. PDT","24415757281","FBA Inventory Fee","701-0567458-7590615","","Fulfilment by Amazon removal order: disposal fee","","Amazon.ca","","","","","","0","0","0","0","0","0","0","0","0","0","0","0","0","0","-0.36","-0.36"
"Sep 3, 2025 5:51:34 p.m. PDT","24415757281","Fulfilment by Amazon customer return fee","702-8319637-9382633","X003R2BVSJ","FBA Customer Return Per Unit Fee (Clothing & Shoes)","","Amazon.ca","","","","","","0","0","0","0","0","0","0","0","0","0","0","0","-4.92","0","0","-4.92"
"Sep 3, 2025 11:09:52 p.m. PDT","24415757281","Fulfilment by Amazon customer return fee","702-8638556-6910611","X004308G2D","FBA Customer Return Per Unit Fee (Clothing & Shoes)","","Amazon.ca","","","","","","0","0","0","0","0","0","0","0","0","0","0","0","-4.92","0","0","-4.92"
"Sep 3, 2025 11:51:57 p.m. PDT","24415757281","Order","702-5355152-2066640","WNCA-D33-5-2","Lusait Wireless Strapless Bra for Women Silicone Removable Padded Bra Comfort Bandeau Tube Top Bra Beige S","1","amazon.ca","Amazon","Ottawa","Ontario","K4A 4V","Combined TCS+MTC","19.99","2.60","0","0","0","0","0","0","0","0","-2.60","-2.00","-6.36","0","0","11.63"
"Sep 4, 2025 3:01:49 a.m. PDT","24415757281","Order","702-5133933-3067405","WNCA-D33-5-2","Lusait Wireless Strapless Bra for Women Silicone Removable Padded Bra Comfort Bandeau Tube Top Bra Beige S","1","amazon.ca","Amazon","Castlegar","British Columbia","V1N 3Z","Combined TCS+MTC","19.99","2.40","0","0","0","0","0","0","0","0","-2.40","-2.00","-6.36","0","0","11.63"
"Sep 4, 2025 5:45:23 a.m. PDT","24415757281","Refund","702-5355152-2066640","WNCA-D33-5-2","Lusait Wireless Strapless Bra for Women Silicone Removable Padded Bra Comfort Bandeau Tube Top Bra Beige S","1","amazon.ca","Amazon","Ottawa","Ontario","K4A 4V","Combined TCS+MTC","-19.99","-2.60","0","0","0","0","0","0","0","0","2.60","1.60","0","0","0","-18.39"
"Sep 4, 2025 11:44:38 a.m. PDT","24415757281","Refund","702-3953376-5885049","WNCA-D33-2-3","Lusait Wireless Strapless Bra for Women Silicone Removable Padded Bra Comfort Bandeau Tube Top Bra Black M","1","amazon.ca","Amazon","Milton","Ontario","L9T 0G","Combined TCS+MTC","-19.99","-2.60","0","0","0","0","0","0","0","0","2.60","1.60","0","0.04","0","-18.35"
"Sep 4, 2025 6:17:36 p.m. PDT","24415757281","Refund","701-6063272-7276258","WNCA-D33-2-5","Lusait Wireless Strapless Bra for Women Silicone Removable Padded Bra Comfort Bandeau Tube Top Bra Black XL","1","amazon.ca","Amazon","Regina","Saskatchewan","S4S 5X","Combined TCS+MTC","-19.99","-2.20","0","0","0","0","0","0","0","0","2.20","1.60","0","0.04","0","-18.35"
"Sep 5, 2025 2:15:46 a.m. PDT","24415757281","Order","702-5727578-0517800","WNCA-D33-2-2","Lusait Wireless Strapless Bra for Women Silicone Removable Padded Bra Comfort Bandeau Tube Top Bra Black S","1","amazon.ca","Amazon","Revelstoke","British Columbia","V0E 2S","Combined TCS+MTC","19.99","2.40","0","0","0","0","0","0","0","0","-2.40","-2.00","-6.36","0","0","11.63"
"Sep 5, 2025 2:05:46 p.m. PDT","24415757281","Refund","701-8610336-4291458","WNCA-D33-5-4","Lusait Wireless Strapless Bra for Women Silicone Removable Padded Bra Comfort Bandeau Tube Top Bra Beige L","1","amazon.ca","Amazon","Kelowna","British Columbia","V1Y 8C","Combined TCS+MTC","-19.99","-2.40","0","0","0","0","0","0","0","0","2.40","1.60","0","0.04","0","-18.35"
"Sep 6, 2025 1:50:13 a.m. PDT","24415757281","Service Fee","","","Subscription","","Amazon.ca","","","","","","0","0","0","0","0","0","0","0","0","0","0","0","0","0","-19.44","-19.44"
"Sep 6, 2025 2:22:00 a.m. PDT","24415757281","Order","702-0708073-7416244","WNCA-D33-5-4","Lusait Wireless Strapless Bra for Women Silicone Removable Padded Bra Comfort Bandeau Tube Top Bra Beige L","1","amazon.ca","Amazon","Burnaby","British Columbia","V3N 1B","Combined TCS+MTC","19.99","2.40","0","0","0","0","0","0","0","0","-2.40","-2.00","-7.20","0","0","10.79"
"Sep 6, 2025 8:01:36 a.m. PDT","24415757281","Order","702-3629199-8010660","WNCA-D33-2-6","Lusait Wireless Strapless Bra for Women Silicone Removable Padded Bra Comfort Bandeau Tube Top Bra Black 2XL","1","amazon.ca","Amazon","North Bay","Ontario","P1B 5P","Combined TCS+MTC","19.99","2.60","0","0","0","0","0","0","0","0","-2.60","-2.00","-6.73","0","0","11.26"
"Sep 6, 2025 4:42:24 p.m. PDT","24415757281","Adjustment","","WNUS-D33-5-3","FBA Inventory Reimbursement - Lost:Warehouse","1","","","","","","","0","0","0","0","0","0","0","0","0","0","0","0","0","0","9.30","9.30"
"Sep 6, 2025 8:17:45 p.m. PDT","24415757281","Fulfilment by Amazon customer return fee","702-5355152-2066640","X003R2BUDP","FBA Customer Return Per Unit Fee (Clothing & Shoes)","","Amazon.ca","","","","","","0","0","0","0","0","0","0","0","0","0","0","0","-4.79","0","0","-4.79"
"Sep 7, 2025 1:04:27 a.m. PDT","24415757281","Order","702-5790423-3912200","WNCA-D33-7-4","Lusait Wireless Strapless Bra for Women Silicone Removable Padded Bra Comfort Bandeau Tube Top Bra Brown L","1","amazon.ca","Amazon","Saskatoon","Saskatchewan","S7V 0N","Combined TCS+MTC","19.99","2.20","0","0","0","0","0","0","0","0","-2.20","-2.00","-6.73","0","0","11.26"
"Sep 7, 2025 2:48:01 a.m. PDT","24415757281","Order","702-7926184-9421065","WNCA-D33-25-4","Lusait Wireless Strapless Bra for Women Silicone Removable Padded Bra Comfort Bandeau Tube Top Bra Black+Beige L","1","amazon.ca","Amazon","Calgary","Alberta","T3M 2L","Combined TCS+MTC","19.99","1.00","0","0","0","0","0","0","0","0","-1.00","-2.00","-7.23","0","0","10.76"
"Sep 7, 2025 3:24:38 a.m. PDT","24415757281","Order","701-6443846-4850605","WNCA-D33-2-2","Lusait Wireless Strapless Bra for Women Silicone Removable Padded Bra Comfort Bandeau Tube Top Bra Black S","1","amazon.ca","Amazon","Calgary","Alberta","T2X 4N","Combined TCS+MTC","19.99","1.00","0","0","0","0","0","0","0","0","-1.00","-2.00","-6.36","0","0","11.63"
"Sep 7, 2025 5:19:09 a.m. PDT","24415757281","FBA Inventory Fee","","","FBA storage fee","","Amazon.ca","","","","","","0","0","0","0","0","0","0","0","0","0","0","0","0","0","-33.30","-33.30"
"Sep 7, 2025 4:57:07 p.m. PDT","24415757281","Refund","701-6443846-4850605","WNCA-D33-2-2","Lusait Wireless Strapless Bra for Women Silicone Removable Padded Bra Comfort Bandeau Tube Top Bra Black S","1","amazon.ca","Amazon","Calgary","Alberta","T2X 4N","Combined TCS+MTC","-19.99","-1.00","0","0","0","0","0","0","0","0","1.00","1.60","0","0","0","-18.39"
"Sep 8, 2025 6:52:26 a.m. PDT","24415757281","Order","701-2804094-8537066","WNCA-D33-7-6","Lusait Wireless Strapless Bra for Women Silicone Removable Padded Bra Comfort Bandeau Tube Top Bra Brown 2XL","1","amazon.ca","Amazon","Mississauga","Ontario","L5N 5T","Combined TCS+MTC","19.99","2.60","0","0","0","0","0","0","0","0","-2.60","-2.00","-6.73","0","0","11.26"
"Sep 8, 2025 8:28:30 a.m. PDT","24415757281","Order","701-8733129-5711414","WNCA-D33-2-5","Lusait Wireless Strapless Bra for Women Silicone Removable Padded Bra Comfort Bandeau Tube Top Bra Black XL","1","amazon.ca","Amazon","Blind River","Ontario","P0R 1B","Combined TCS+MTC","19.99","2.60","0","0","0","0","0","0","0","0","-2.60","-2.00","-7.40","0","0","10.59"
"Sep 8, 2025 9:41:20 a.m. PDT","24415757281","Fulfilment by Amazon customer return fee","702-8198267-9390618","X003R2BU03","FBA Customer Return Per Unit Fee (Clothing & Shoes)","","Amazon.ca","","","","","","0","0","0","0","0","0","0","0","0","0","0","0","-5.15","0","0","-5.15"
"Sep 8, 2025 3:23:21 p.m. PDT","24415757281","FBA Inventory Fee","702-8198267-9390618","","Fulfilment by Amazon removal order: disposal fee","","Amazon.ca","","","","","","0","0","0","0","0","0","0","0","0","0","0","0","0","0","-0.36","-0.36"
"Sep 8, 2025 4:46:39 p.m. PDT","24415757281","Refund","701-3238110-9925052","WNCA-D33-2-6","Lusait Wireless Strapless Bra for Women Silicone Removable Padded Bra Comfort Bandeau Tube Top Bra Black 2XL","1","amazon.ca","Amazon","Barrie","Ontario","L4M7A","Combined TCS+MTC","-19.99","-2.60","0","0","0","0","0","0","0","0","2.60","1.60","0","0","0","-18.39"
"Sep 8, 2025 6:28:34 p.m. PDT","24415757281","Order","701-3238110-9925052","WNCA-D33-2-6","Lusait Wireless Strapless Bra for Women Silicone Removable Padded Bra Comfort Bandeau Tube Top Bra Black 2XL","1","amazon.ca","Amazon","Barrie","Ontario","L4M7A","Combined TCS+MTC","19.99","2.60","0","0","0","0","0","0","0","0","-2.60","-2.00","-6.73","0","0","11.26"
"Sep 9, 2025 12:14:05 a.m. PDT","24415757281","Fulfilment by Amazon customer return fee","701-6443846-4850605","X003R2BVUH","FBA Customer Return Per Unit Fee (Clothing & Shoes)","","Amazon.ca","","","","","","0","0","0","0","0","0","0","0","0","0","0","0","-4.45","0","0","-4.45"
"Sep 9, 2025 2:01:07 a.m. PDT","24415757281","Order","701-8074045-8728226","WNCA-D33-2-6","Lusait Wireless Strapless Bra for Women Silicone Removable Padded Bra Comfort Bandeau Tube Top Bra Black 2XL","1","amazon.ca","Amazon","Guelph","Ontario","N1E 0K","Combined TCS+MTC","19.99","2.60","0","0","0","0","0","0","0","0","-2.60","-2.00","-6.73","0","0","11.26"
"Sep 9, 2025 1:44:54 p.m. PDT","24415757281","Order","701-1888570-8238608","WNCA-D33-25-6","Lusait Wireless Strapless Bra for Women Silicone Removable Padded Bra Comfort Bandeau Tube Top Bra Black+Beige 2XL","1","amazon.ca","Amazon","North York","Ontario","M3A 3M","Combined TCS+MTC","32.99","4.29","0","0","0","0","0","0","0","0","-4.29","-5.61","-6.73","0","0","20.65"
"Sep 9, 2025 1:54:43 p.m. PDT","24415757281","Fulfilment by Amazon customer return fee","702-3602148-4642628","X00430ZYY1","FBA Customer Return Per Unit Fee (Clothing & Shoes)","","Amazon.ca","","","","","","0","0","0","0","0","0","0","0","0","0","0","0","-4.57","0","0","-4.57"
"Sep 9, 2025 3:55:22 p.m. PDT","24415757281","Refund","702-5790423-3912200","WNCA-D33-7-4","Lusait Wireless Strapless Bra for Women Silicone Removable Padded Bra Comfort Bandeau Tube Top Bra Brown L","1","amazon.ca","Amazon","Saskatoon","Saskatchewan","S7V 0N","Combined TCS+MTC","-19.99","-2.20","0","0","0","0","0","0","0","0","2.20","1.60","0","0","0","-18.39"
"Sep 9, 2025 4:45:00 p.m. PDT","24415757281","Fulfilment by Amazon customer return fee","701-0866929-2561054","X00430QG9X","FBA Customer Return Per Unit Fee (Clothing & Shoes)","","Amazon.ca","","","","","","0","0","0","0","0","0","0","0","0","0","0","0","-4.87","0","0","-4.87"
"Sep 10, 2025 12:21:14 a.m. PDT","24415757281","Order","701-7510486-7515411","WNCA-D33-25-5","Lusait Wireless Strapless Bra for Women Silicone Removable Padded Bra Comfort Bandeau Tube Top Bra Black+Beige XL","1","amazon.ca","Amazon","Vancouver","British Columbia","V5R 6C","Combined TCS+MTC","32.99","3.96","0","0","0","0","0","0","0","0","-3.96","-5.61","-7.40","0","0","19.98"
"Sep 10, 2025 11:50:14 p.m. PDT","24415757281","Order","701-9706246-7279421","WNCA-D33-25-3","Lusait Wireless Strapless Bra for Women Silicone Removable Padded Bra Comfort Bandeau Tube Top Bra Black+Beige M","1","amazon.ca","Amazon","Shannonville","Ontario","K0K 3A","Combined TCS+MTC","32.99","4.29","0","0","0","0","0","0","0","0","-4.29","-5.61","-6.73","0","0","20.65"
"Sep 11, 2025 5:11:43 a.m. PDT","24415757281","Order","701-4635851-7061001","WNCA-D33-5-2","Lusait Wireless Strapless Bra for Women Silicone Removable Padded Bra Comfort Bandeau Tube Top Bra Beige S","1","amazon.ca","Amazon","Kelowna","British Columbia","V1V 2J","Combined TCS+MTC","19.99","2.40","0","0","0","0","0","0","0","0","-2.40","-2.00","-6.36","0","0","11.63"
"Sep 11, 2025 5:33:41 a.m. PDT","24415757281","Order","702-7846693-9454643","WNCA-D33-2-6","Lusait Wireless Strapless Bra for Women Silicone Removable Padded Bra Comfort Bandeau Tube Top Bra Black 2XL","1","amazon.ca","Amazon","London","Ontario","N5W 3J","Combined TCS+MTC","19.99","2.60","0","0","0","0","0","0","0","0","-2.60","-2.00","-6.73","0","0","11.26"
"Sep 11, 2025 5:33:41 a.m. PDT","24415757281","Order","702-7846693-9454643","WNCA-D33-5-6","Lusait Wireless Strapless Bra for Women Silicone Removable Padded Bra Comfort Bandeau Tube Top Bra Beige 2XL","1","amazon.ca","Amazon","London","Ontario","N5W 3J","Combined TCS+MTC","19.99","2.60","0","0","0","0","0","0","0","0","-2.60","-2.00","-6.73","0","0","11.26"
"Sep 11, 2025 7:29:29 p.m. PDT","24415757281","Refund","702-0726433-0877862","WNCA-D33-22-2","Lusait Wireless Strapless Bra for Women Silicone Removable Padded Bra Comfort Bandeau Tube Top Bra Black+Black S","1","amazon.ca","Amazon","Bible Hill, NS","NS","B2N6K","Combined TCS+MTC","-19.99","-2.80","0","0","0","0","0","0","0","0","2.80","1.60","0","0","0","-18.39"
"Sep 12, 2025 3:40:36 a.m. PDT","24415757281","Order","702-0726433-0877862","WNCA-D33-22-2","Lusait Wireless Strapless Bra for Women Silicone Removable Padded Bra Comfort Bandeau Tube Top Bra Black+Black S","1","amazon.ca","Amazon","Bible Hill, NS","NS","B2N6K","Combined TCS+MTC","19.99","2.80","0","0","0","0","0","0","0","0","-2.80","-2.00","-6.73","0","0","11.26"
"Sep 12, 2025 8:56:09 a.m. PDT","24415757281","Order","702-3985127-3645837","WNCA-D33-22-2","Lusait Wireless Strapless Bra for Women Silicone Removable Padded Bra Comfort Bandeau Tube Top Bra Black+Black S","1","amazon.ca","Amazon","Conception Bay South","NL","A1X 7R","Combined TCS+MTC","19.99","3.00","0","0","0","0","0","0","0","0","-3.00","-2.00","-6.73","0","0","11.26"
"Sep 12, 2025 2:25:50 p.m. PDT","24415757281","Fulfilment by Amazon customer return fee","701-6063272-7276258","X003R2BU03","FBA Customer Return Per Unit Fee (Clothing & Shoes)","","Amazon.ca","","","","","","0","0","0","0","0","0","0","0","0","0","0","0","-4.79","0","0","-4.79"
"Sep 13, 2025 12:46:10 a.m. PDT","24415757281","Order","702-9932977-9251404","WNCA-D33-2-2","Lusait Wireless Strapless Bra for Women Silicone Removable Padded Bra Comfort Bandeau Tube Top Bra Black S","1","amazon.ca","Amazon","Québec","Québec","G1X 3X","Combined TCS+MTC","19.99","2.99","0","0","0","0","0","0","0","0","-2.99","-2.00","-6.36","0","0","11.63"
"Sep 13, 2025 4:39:35 a.m. PDT","24415757281","Order","702-1796492-2149054","WNCA-D33-22-3","Lusait Wireless Strapless Bra for Women Silicone Removable Padded Bra Comfort Bandeau Tube Top Bra Black+Black M","1","amazon.ca","Amazon","Calgary","Alberta","T2J 1A","Combined TCS+MTC","19.99","1.00","0","0","0","0","0","0","0","0","-1.00","-2.00","-6.73","0","0","11.26"
"Sep 14, 2025 12:58:40 a.m. PDT","24415757281","Order","702-9358001-3489026","WNCA-D33-5-6","Lusait Wireless Strapless Bra for Women Silicone Removable Padded Bra Comfort Bandeau Tube Top Bra Beige 2XL","1","amazon.ca","Amazon","Calgary","Alberta","T3N 1K","Combined TCS+MTC","19.99","1.00","0","0","0","0","0","0","0","0","-1.00","-2.00","-6.73","0","0","11.26"
"Sep 15, 2025 12:58:47 a.m. PDT","24415757281","Order","702-6138777-6323463","WNCA-D33-2-2","Lusait Wireless Strapless Bra for Women Silicone Removable Padded Bra Comfort Bandeau Tube Top Bra Black S","1","amazon.ca","Amazon","Alexandria","Ontario","K0C 1A","Combined TCS+MTC","19.99","2.60","0","0","0","0","0","0","0","0","-2.60","-2.00","-6.36","0","0","11.63"
"Sep 15, 2025 8:11:54 a.m. PDT","24518451571","Order","702-1451220-0619417","WNCA-D33-22-3","Lusait Wireless Strapless Bra for Women Silicone Removable Padded Bra Comfort Bandeau Tube Top Bra Black+Black M","1","amazon.ca","Amazon","Bible Hill, NS","NS","B2N6K","Combined TCS+MTC","19.99","2.80","0","0","0","0","0","0","0","0","-2.80","-2.00","-6.73","0","0","11.26"
"Sep 15, 2025 8:23:49 a.m. PDT","24518451571","Fulfilment by Amazon customer return fee","702-5790423-3912200","X00430RWD7","FBA Customer Return Per Unit Fee (Clothing & Shoes)","","Amazon.ca","","","","","","0","0","0","0","0","0","0","0","0","0","0","0","-4.57","0","0","-4.57"
"Sep 16, 2025 4:29:12 a.m. PDT","24518451571","Order","702-2577887-8315409","WNCA-D33-5-3","Lusait Wireless Strapless Bra for Women Silicone Removable Padded Bra Comfort Bandeau Tube Top Bra Beige M","1","amazon.ca","Amazon","Oakville","Ontario","L6K 1V","Combined TCS+MTC","19.99","2.60","0","0","0","0","0","0","0","0","-2.60","-2.00","-6.73","0","0","11.26"
"Sep 16, 2025 4:44:50 a.m. PDT","24518451571","Transfer","","","To account ending with: 127","","","","","","","","0","0","0","0","0","0","0","0","0","0","0","0","0","0","-75.94","-75.94"
"Sep 16, 2025 6:38:25 a.m. PDT","24518451571","Order","702-6992612-1585020","WNCA-D33-25-2","Lusait Wireless Strapless Bra for Women Silicone Removable Padded Bra Comfort Bandeau Tube Top Bra Black+Beige S","1","amazon.ca","Amazon","Calgary","Alberta","T3H 5X","Combined TCS+MTC","32.99","1.65","0","0","0","0","0","0","0","0","-1.65","-5.61","-6.73","0","0","20.65"
"Sep 16, 2025 8:27:10 p.m. PDT","24518451571","FBA Inventory Fee","QPNQ6TCo64","","Fulfilment by Amazon removal order: disposal fee","","Amazon.ca","","","","","","0","0","0","0","0","0","0","0","0","0","0","0","0","0","-0.36","-0.36"
"Sep 17, 2025 1:22:28 a.m. PDT","24518451571","Refund","701-4612192-6819443","WNCA-D33-25-4","Lusait Wireless Strapless Bra for Women Silicone Removable Padded Bra Comfort Bandeau Tube Top Bra Black+Beige L","1","amazon.ca","Amazon","Nanaimo","British Columbia","V9R 1R","Combined TCS+MTC","-19.99","-2.40","0","0","0","0","0","0","0","0","2.40","1.60","0","0","0","-18.39"
"Sep 17, 2025 8:58:32 a.m. PDT","24518451571","Order","702-7980078-8521049","WNCA-D33-2-3","Lusait Wireless Strapless Bra for Women Silicone Removable Padded Bra Comfort Bandeau Tube Top Bra Black M","1","amazon.ca","Amazon","Yellowknife","Northwest Territories","X1A 3V","Combined TCS+MTC","19.99","1.00","0","0","0","0","0","0","0","0","-1.00","-2.00","-6.73","0","0","11.26"
"Sep 17, 2025 12:58:22 p.m. PDT","24518451571","Order","701-4612192-6819443","WNCA-D33-25-4","Lusait Wireless Strapless Bra for Women Silicone Removable Padded Bra Comfort Bandeau Tube Top Bra Black+Beige L","1","amazon.ca","Amazon","Nanaimo","British Columbia","V9R 1R","Combined TCS+MTC","19.99","2.40","0","0","0","0","0","0","0","0","-2.40","-2.00","-7.23","0","0","10.76"
"Sep 18, 2025 12:24:48 a.m. PDT","24518451571","Order","701-5806173-8003442","WNCA-D33-22-4","Lusait Wireless Strapless Bra for Women Silicone Removable Padded Bra Comfort Bandeau Tube Top Bra Black+Black L","1","amazon.ca","Amazon","Calgary","Alberta","T3J 4A","Combined TCS+MTC","19.99","1.00","0","0","0","0","0","0","0","0","-1.00","-2.00","-6.73","0","0","11.26"
"Sep 18, 2025 7:28:09 p.m. PDT","24518451571","Fulfilment by Amazon customer return fee","701-3238110-9925052","X00430JSOX","FBA Customer Return Per Unit Fee (Clothing & Shoes)","","Amazon.ca","","","","","","0","0","0","0","0","0","0","0","0","0","0","0","-4.92","0","0","-4.92"
"Sep 18, 2025 8:25:12 p.m. PDT","24518451571","Fulfilment by Amazon customer return fee","702-0726433-0877862","X00430JSON","FBA Customer Return Per Unit Fee (Clothing & Shoes)","","Amazon.ca","","","","","","0","0","0","0","0","0","0","0","0","0","0","0","-4.92","0","0","-4.92"
"Sep 18, 2025 11:39:05 p.m. PDT","24518451571","Order","702-2845100-5397041","WNCA-D33-5-2","Lusait Wireless Strapless Bra for Women Silicone Removable Padded Bra Comfort Bandeau Tube Top Bra Beige S","1","amazon.ca","Amazon","Calgary","Alberta","T2W 4C","Combined TCS+MTC","19.99","1.00","0","0","0","0","0","0","0","0","-1.00","-2.00","-6.36","0","0","11.63"
"Sep 20, 2025 11:06:20 p.m. PDT","24518451571","FBA Inventory Fee","","","FBA Long-Term Storage Fee","","Amazon.ca","","","","","","0","0","0","0","0","0","0","0","0","0","0","0","0","0","-52.76","-52.76"
"Sep 20, 2025 11:54:44 p.m. PDT","24518451571","Adjustment","702-6258551-4698641","WNCA-D33-5-2","FBA Inventory Reimbursement - Customer Return","1","","","","","","","0","0","0","0","0","0","0","0","0","0","0","0","0","0","11.63","11.63"
"Sep 21, 2025 1:26:03 a.m. PDT","24518451571","Fulfilment by Amazon customer return fee","701-8610336-4291458","X003R2D0U1","FBA Customer Return Per Unit Fee (Clothing & Shoes)","","Amazon.ca","","","","","","0","0","0","0","0","0","0","0","0","0","0","0","-4.87","0","0","-4.87"
"Sep 21, 2025 4:07:40 a.m. PDT","24518451571","Order","701-8380252-9946661","WNCA-D33-25-5","Lusait Wireless Strapless Bra for Women Silicone Removable Padded Bra Comfort Bandeau Tube Top Bra Black+Beige XL","1","amazon.ca","Amazon","Cranbrook","BC","V1C5T","Combined TCS+MTC","32.99","3.96","0","0","0","0","0","0","0","0","-3.96","-5.61","-7.40","0","0","19.98"
"Sep 21, 2025 8:59:12 a.m. PDT","24518451571","Order","701-8380252-9946661","WNCA-D33-6-5","Lusait Wireless Strapless Bra for Women Silicone Removable Padded Bra Comfort Bandeau Tube Top Bra White XL","1","amazon.ca","Amazon","Cranbrook","BC","V1C5T","Combined TCS+MTC","19.99","2.40","0","0","0","0","0","0","0","0","-2.40","-2.00","-6.73","0","0","11.26"
"Sep 21, 2025 1:26:51 p.m. PDT","24518451571","FBA Inventory Fee","702-0726433-0877862","","Fulfilment by Amazon removal order: disposal fee","","Amazon.ca","","","","","","0","0","0","0","0","0","0","0","0","0","0","0","0","0","-0.36","-0.36"
"Sep 22, 2025 3:59:46 a.m. PDT","24518451571","Order","701-3318447-4879414","WNCA-D33-5-4","Lusait Wireless Strapless Bra for Women Silicone Removable Padded Bra Comfort Bandeau Tube Top Bra Beige L","1","amazon.ca","Amazon","Lethbridge","Alberta","T1H 6R","Combined TCS+MTC","19.99","1.00","0","0","0","0","0","0","0","0","-1.00","-2.00","-6.73","0","0","11.26"
"Sep 22, 2025 8:58:50 a.m. PDT","24518451571","Order","701-0767420-5717801","WNCA-D33-5-5","Lusait Wireless Strapless Bra for Women Silicone Removable Padded Bra Comfort Bandeau Tube Top Bra Beige XL","1","amazon.ca","Amazon","Mission","British Columbia","V2V 0A","Combined TCS+MTC","19.99","2.40","0","0","0","0","0","0","0","0","-2.40","-2.00","-7.20","0","0","10.79"
"Sep 22, 2025 12:04:55 p.m. PDT","24518451571","Adjustment","701-0678656-9265845","WNCA-D33-5-6","FBA Inventory Reimbursement - Customer Return","1","","","","","","","0","0","0","0","0","0","0","0","0","0","0","0","0","0","11.26","11.26"
"Sep 22, 2025 5:49:13 p.m. PDT","24518451571","Refund","701-3092674-3043430","WNCA-D33-7-3","Lusait Wireless Strapless Bra for Women Silicone Removable Padded Bra Comfort Bandeau Tube Top Bra Brown M","1","amazon.ca","Amazon","Orono","Ontario","L0B 1M","Combined TCS+MTC","-19.99","-2.60","0","0","0","0","0","0","0","0","2.60","1.60","0","0","0","-18.39"
"Sep 22, 2025 7:30:17 p.m. PDT","24518451571","Fulfilment by Amazon customer return fee","702-3953376-5885049","X003R2D0UV","FBA Customer Return Per Unit Fee (Clothing & Shoes)","","Amazon.ca","","","","","","0","0","0","0","0","0","0","0","0","0","0","0","-4.92","0","0","-4.92"
"Sep 22, 2025 10:09:22 p.m. PDT","24518451571","Order","701-3092674-3043430","WNCA-D33-7-3","Lusait Wireless Strapless Bra for Women Silicone Removable Padded Bra Comfort Bandeau Tube Top Bra Brown M","1","amazon.ca","Amazon","Orono","Ontario","L0B 1M","Combined TCS+MTC","19.99","2.60","0","0","0","0","0","0","0","0","-2.60","-2.00","-6.73","0","0","11.26"
"Sep 23, 2025 2:34:11 a.m. PDT","24518451571","Order","701-0251432-0896237","WNCA-D33-25-4","Lusait Wireless Strapless Bra for Women Silicone Removable Padded Bra Comfort Bandeau Tube Top Bra Black+Beige L","1","amazon.ca","Amazon","Sainte-Marie","Quebec","G6E 4E","Combined TCS+MTC","19.99","2.99","0","0","0","0","0","0","0","0","-2.99","-2.00","-7.23","0","0","10.76"
"Sep 23, 2025 8:27:34 a.m. PDT","24518451571","Order","701-1618993-5249816","WNCA-D33-2-2","Lusait Wireless Strapless Bra for Women Silicone Removable Padded Bra Comfort Bandeau Tube Top Bra Black S","1","amazon.ca","Amazon","Saint John","NB","E2M5S","Combined TCS+MTC","19.99","3.00","0","0","0","0","0","0","0","0","-3.00","-2.00","-6.36","0","0","11.63"
"Sep 23, 2025 9:01:49 a.m. PDT","24518451571","Order","702-8186629-0600216","WNCA-D33-5-5","Lusait Wireless Strapless Bra for Women Silicone Removable Padded Bra Comfort Bandeau Tube Top Bra Beige XL","1","amazon.ca","Amazon","Saint-Laurent","Quebec","H4L 4R","Combined TCS+MTC","19.99","2.99","0","0","0","0","0","0","0","0","-2.99","-2.00","-6.73","0","0","11.26"
"Sep 23, 2025 10:14:29 p.m. PDT","24518451571","Order","701-7515690-2632237","WNCA-D33-25-5","Lusait Wireless Strapless Bra for Women Silicone Removable Padded Bra Comfort Bandeau Tube Top Bra Black+Beige XL","1","amazon.ca","Amazon","Newmarket","Ontario","L3Y5H","Combined TCS+MTC","32.99","4.29","6.99","0","0","0","0","0","-6.99","0","-4.29","-5.61","-7.40","0","0","19.98"
"Sep 24, 2025 11:38:09 a.m. PDT","24518451571","Fulfilment by Amazon customer return fee","701-4612192-6819443","X003RUT02P","FBA Customer Return Per Unit Fee (Clothing & Shoes)","","Amazon.ca","","","","","","0","0","0","0","0","0","0","0","0","0","0","0","-4.67","0","0","-4.67"
"Sep 25, 2025 10:48:49 p.m. PDT","24518451571","FBA Inventory Fee","sifH59NKGN","","Fulfilment by Amazon removal order: disposal fee","","Amazon.ca","","","","","","0","0","0","0","0","0","0","0","0","0","0","0","0","0","-0.36","-0.36"
"Sep 26, 2025 1:08:18 a.m. PDT","24518451571","Order","701-8526310-2497030","WNCA-D33-2-2","Lusait Wireless Strapless Bra for Women Silicone Removable Padded Bra Comfort Bandeau Tube Top Bra Black S","1","amazon.ca","Amazon","Edmonton","Alberta","T6T 1L","Combined TCS+MTC","19.99","1.00","0","0","0","0","0","0","0","0","-1.00","-2.00","-6.36","0","0","11.63"
"Sep 26, 2025 3:00:05 a.m. PDT","24518451571","Order","701-3799349-9305806","WNCA-D33-25-4","Lusait Wireless Strapless Bra for Women Silicone Removable Padded Bra Comfort Bandeau Tube Top Bra Black+Beige L","1","amazon.ca","Amazon","Repentigny","Quebec","J5Y 3H","Combined TCS+MTC","19.99","2.99","0","0","0","0","0","0","0","0","-2.99","-2.00","-7.23","0","0","10.76"
"Sep 26, 2025 8:07:00 a.m. PDT","24518451571","FBA Inventory Fee","702-3953376-5885049","","Fulfilment by Amazon removal order: disposal fee","","Amazon.ca","","","","","","0","0","0","0","0","0","0","0","0","0","0","0","0","0","-0.36","-0.36"
"Sep 26, 2025 10:03:25 p.m. PDT","24518451571","Fulfilment by Amazon customer return fee","701-3092674-3043430","X00430QIK5","FBA Customer Return Per Unit Fee (Clothing & Shoes)","","Amazon.ca","","","","","","0","0","0","0","0","0","0","0","0","0","0","0","-4.92","0","0","-4.92"
"Sep 27, 2025 1:06:32 p.m. PDT","24518451571","Order","701-0410232-6875449","WNCA-D33-2-5","Lusait Wireless Strapless Bra for Women Silicone Removable Padded Bra Comfort Bandeau Tube Top Bra Black XL","1","amazon.ca","Amazon","Winnipeg","MB","R2V3L","Combined TCS+MTC","19.99","2.40","0","0","0","0","0","0","0","0","-2.40","-2.00","-7.40","0","0","10.59"
"Sep 28, 2025 8:51:23 a.m. PDT","24518451571","Order","701-4182472-0000246","WNCA-D33-6-3","Lusait Wireless Strapless Bra for Women Silicone Removable Padded Bra Comfort Bandeau Tube Top Bra White M","1","amazon.ca","Amazon","Spruce Grove","Alberta","T7X 4R","Combined TCS+MTC","19.99","1.00","0","0","0","0","0","0","0","0","-1.00","-2.00","-6.36","0","0","11.63"
"Sep 28, 2025 11:12:43 p.m. PDT","24518451571","Order","702-8262695-8616221","WNCA-D33-25-4","Lusait Wireless Strapless Bra for Women Silicone Removable Padded Bra Comfort Bandeau Tube Top Bra Black+Beige L","1","amazon.ca","Amazon","Thornhill","Ontario","L4J 8N","Combined TCS+MTC","19.99","2.60","0","0","0","0","0","0","0","0","-2.60","-2.00","-7.23","0","0","10.76"
"Sep 29, 2025 12:05:48 a.m. PDT","24518451571","Fulfilment by Amazon customer return fee","702-8262695-8616221","X003RUT02P","FBA Customer Return Per Unit Fee (Clothing & Shoes)","","Amazon.ca","","","","","","0","0","0","0","0","0","0","0","0","0","0","0","-5.03","0","0","-5.03"
"Sep 29, 2025 4:04:23 a.m. PDT","24622762091","Order","702-8004170-7187451","WNCA-D33-7-3","Lusait Wireless Strapless Bra for Women Silicone Removable Padded Bra Comfort Bandeau Tube Top Bra Brown M","1","amazon.ca","Amazon","Peterborough","Ontario","K9H 3A","Combined TCS+MTC","19.99","2.60","0","0","0","0","0","0","0","0","-2.60","-2.00","-6.73","0","0","11.26"
"Sep 29, 2025 5:59:17 a.m. PDT","24622762091","Refund","702-8262695-8616221","WNCA-D33-25-4","Lusait Wireless Strapless Bra for Women Silicone Removable Padded Bra Comfort Bandeau Tube Top Bra Black+Beige L","1","amazon.ca","Amazon","Thornhill","Ontario","L4J 8N","Combined TCS+MTC","-19.99","-2.60","0","0","0","0","0","0","0","0","2.60","1.60","0","0","0","-18.39"
"Sep 29, 2025 9:09:49 p.m. PDT","24622762091","Refund","702-2845100-5397041","WNCA-D33-5-2","Lusait Wireless Strapless Bra for Women Silicone Removable Padded Bra Comfort Bandeau Tube Top Bra Beige S","1","amazon.ca","Amazon","Calgary","Alberta","T2W 4C","Combined TCS+MTC","-19.99","-1.00","0","0","0","0","0","0","0","0","1.00","1.60","0","0","0","-18.39"
"Sep 30, 2025 4:37:27 a.m. PDT","24622762091","Transfer","","","To account ending with: 127","","","","","","","","0","0","0","0","0","0","0","0","0","0","0","0","0","0","-154.72","-154.72"
"Sep 30, 2025 9:45:22 a.m. PDT","24622762091","Refund","701-0251432-0896237","WNCA-D33-25-4","Lusait Wireless Strapless Bra for Women Silicone Removable Padded Bra Comfort Bandeau Tube Top Bra Black+Beige L","1","amazon.ca","Amazon","Sainte-Marie","Quebec","G6E 4E","Combined TCS+MTC","-19.99","-2.99","0","0","0","0","0","0","0","0","2.99","1.60","0","0","0","-18.39"
