"Includes Amazon Marketplace, Fulfillment by Amazon (FBA), and Amazon Webstore transactions"
"All amounts in CAD, unless specified"
"Definitions:"
"Sales tax collected: Includes sales tax collected from buyers for product sales, shipping, and gift wrap."
"Selling fees: Includes variable closing fees and referral fees."
"Other transaction fees: Includes shipping chargebacks and shipping holdbacks."
"Other: Includes non-order transaction amounts. For more details, see the ""Type"" and ""Description"" columns for each order ID."
"date/time","settlement id","type","order id","sku","description","quantity","marketplace","fulfillment","order city","order state","order postal","tax collection model","product sales","product sales tax","shipping credits","shipping credits tax","gift wrap credits","gift wrap credits tax","Regulatory fee","Tax on regulatory fee","promotional rebates","promotional rebates tax","marketplace withheld tax","selling fees","fba fees","other transaction fees","other","total"
"Oct 1, 2025 12:13:34 a.m. PDT","24594147221","Order","702-1296325-7976259","MSCA-D70-2-2","ANGOOL Wireless Strapless Bra for Women Seamless Push Up Non-Slip Full Support Non Removable Padded Bandeau Bra, Black, S","1","amazon.ca","Amazon","North York","Ontario","M2K 0C","Combined TCS+MTC","26.99","3.51","0","0","0","0","0","0","0","0","-3.51","-4.59","-6.73","0","0","15.67"
"Oct 1, 2025 2:06:42 a.m. PDT","24594147221","Order","701-5592447-7553839","MSCA-D70-2-3","ANGOOL Wireless Strapless Bra for Women Seamless Push Up Non-Slip Full Support Non Removable Padded Bandeau Bra, Black, M","1","amazon.ca","Amazon","Edmonton","Alberta","T5T5A","Combined TCS+MTC","26.99","1.35","0","0","0","0","0","0","0","0","-1.35","-4.59","-7.23","0","0","15.17"
"Oct 1, 2025 4:02:14 a.m. PDT","24594147221","Service Fee","","","Subscription","","Amazon.ca","","","","","","0","0","0","0","0","0","0","0","0","0","0","0","0","0","-12.61","-12.61"
"Oct 1, 2025 4:17:04 a.m. PDT","24594147221","Order","701-9874106-3741040","MSCA-D76-206-3","ANGOOL Sports Bras for Women Seamless Backless Criss Cross Strappy Sports Bra Without Underwire for Workout Gym Yoga, Black+Grey+White, M","1","amazon.ca","Amazon","Edmonton","Alberta","T6E 4R","Combined TCS+MTC","30.39","1.52","0","0","0","0","0","0","0","0","-1.52","-5.17","0","0","0","25.22"
"Oct 1, 2025 5:44:56 a.m. PDT","24594147221","Order","702-4561006-9323415","MSCA-D77-2-2","ANGOOL Racerback Bras for Women Wire Free Sexy V Neck Lace Bralette Adjustable Strap Full Coverage Padded Bra, Black, S","2","amazon.ca","Amazon","Les Escoumins","Quebec","G0T 1K","Combined TCS+MTC","49.18","7.36","0","0","0","0","0","0","0","0","-7.36","-8.36","-13.46","0","0","27.36"
"Oct 1, 2025 6:21:43 a.m. PDT","24594147221","Fulfilment by Amazon customer return fee","702-8136606-3613044","X004L4MWZX","FBA Customer Return Per Unit Fee (Clothing & Shoes)","","Amazon.ca","","","","","","0","0","0","0","0","0","0","0","0","0","0","0","-5.28","0","0","-5.28"
"Oct 1, 2025 7:15:54 a.m. PDT","24594147221","Order","701-2556771-2031443","MSCA-D77-7-6","ANGOOL Racerback Bras for Women Wire Free Sexy V Neck Lace Bralette Adjustable Strap Full Coverage Padded Bra, Brown, XXL","1","amazon.ca","Amazon","Havre-Saint-Pierre","Quebec","G0G 1P","Combined TCS+MTC","26.99","4.04","0","0","0","0","0","0","0","0","-4.04","-4.59","-6.73","0","0","15.67"
"Oct 1, 2025 10:45:56 a.m. PDT","24594147221","Refund","702-8186629-0600216","MSCA-D70-5-5","ANGOOL Wireless Strapless Bra for Women Seamless Push Up Non-Slip Full Support Non Removable Padded Bandeau Bra, Beige, XL","1","amazon.ca","Amazon","Saint-Laurent","Quebec","H4L 4R","Combined TCS+MTC","-28.19","-4.22","0","0","0","0","0","0","0","0","4.22","3.83","0","0","0","-24.36"
"Oct 1, 2025 10:50:27 a.m. PDT","24594147221","Order","701-4602599-3539438","MSCA-D76-208-3","ANGOOL Sports Bras for Women Seamless Backless Criss Cross Strappy Sports Bra Without Underwire for Workout Gym Yoga, Black+Grey+Green, M","1","amazon.ca","Amazon","London","Ontario","N5V 1B","Combined TCS+MTC","31.99","4.16","1.16","0","0","0","0","0","-1.16","0","-4.16","-5.44","-4.20","0","0","22.35"
"Oct 1, 2025 11:01:33 a.m. PDT","24594147221","Order","701-6889283-7852238","MSCA-D70-7-2","ANGOOL Wireless Strapless Bra for Women Seamless Push Up Non-Slip Full Support Non Removable Padded Bandeau Bra, Brown, S","1","amazon.ca","Amazon","Brantford","Ontario","N3R 6W","Combined TCS+MTC","26.99","3.51","2.33","0","0","0","0","0","-2.33","0","-3.51","-4.59","-6.73","0","0","15.67"
"Oct 1, 2025 11:01:49 a.m. PDT","24594147221","Order","702-6066213-6487423","MSCA-D77-6-4","ANGOOL Racerback Bras for Women Wire Free Sexy V Neck Lace Bralette Adjustable Strap Full Coverage Padded Bra, White, L","1","amazon.ca","Amazon","Victoria","British Columbia","V8P 5J","Combined TCS+MTC","26.99","3.24","0","0","0","0","0","0","0","0","-3.24","-4.59","-6.73","0","0","15.67"
"Oct 1, 2025 11:01:49 a.m. PDT","24594147221","Order","702-6066213-6487423","MSCA-D77-2-4","ANGOOL Racerback Bras for Women Wire Free Sexy V Neck Lace Bralette Adjustable Strap Full Coverage Padded Bra, Black, L","1","amazon.ca","Amazon","Victoria","British Columbia","V8P 5J","Combined TCS+MTC","26.99","3.24","0","0","0","0","0","0","0","0","-3.24","-4.59","-6.73","0","0","15.67"
"Oct 1, 2025 11:23:22 a.m. PDT","24594147221","Order","701-7220244-4541821","MSCA-D74-5-6","ANGOOL V Neck Seamless Bralette for Women Full Coverage Wireless Padded Bra No Underwire Non Removable Pads Push Up Bras, Beige, XXL","1","amazon.ca","Amazon","Newmarket","Ontario","L3Y 1R","Combined TCS+MTC","25.99","3.11","3.49","0","0","0","0","0","-5.57","0","-3.11","-4.06","-7.71","0","0","12.14"
"Oct 1, 2025 12:22:10 p.m. PDT","24594147221","Service Fee","ccac714d-d4a7-45d9-aa8a-6f9ab935b459","","Coupon Redemption Fee: Save 8% on Seamless Bra D74","2","Amazon.ca","","","","","","0","0","0","0","0","0","0","0","0","0","0","0","0","-1.20","0","-1.20"
"Oct 1, 2025 1:00:08 p.m. PDT","24594147221","Order","701-8940140-8081053","MSCA-D70-2-2","ANGOOL Wireless Strapless Bra for Women Seamless Push Up Non-Slip Full Support Non Removable Padded Bandeau Bra, Black, S","1","amazon.ca","Amazon","Toronto","Ontario","M6G 3N","Combined TCS+MTC","26.99","3.51","0","0","0","0","0","0","0","0","-3.51","-4.59","-6.73","0","0","15.67"
"Oct 1, 2025 1:26:10 p.m. PDT","24594147221","Refund","702-8508710-9940228","MSCA-D70-5-3","ANGOOL Wireless Strapless Bra for Women Seamless Push Up Non-Slip Full Support Non Removable Padded Bandeau Bra, Beige, M","1","amazon.ca","Amazon","Pickering","Ontario","L1W 3K","Combined TCS+MTC","-28.49","-3.70","0","0","0","0","0","0","0","0","3.70","3.87","0","0","0","-24.62"
"Oct 1, 2025 1:33:51 p.m. PDT","24594147221","Refund","702-5333415-6681854","MSCA-D70-25-2","ANGOOL Wireless Strapless Bra for Women Seamless Push Up Non-Slip Full Support Non Removable Padded Bandeau Bra, Black+Beige, S","1","amazon.ca","Amazon","Toronto","Ontario","M6E 2S","Combined TCS+MTC","-38.69","-5.03","-3.27","0","0","0","0","0","3.27","0","5.03","5.26","0","0","0","-33.43"
"Oct 1, 2025 1:34:01 p.m. PDT","24594147221","Refund","701-0594050-9469008","MSCA-D70-5-2","ANGOOL Wireless Strapless Bra for Women Seamless Push Up Non-Slip Full Support Non Removable Padded Bandeau Bra, Beige, S","1","amazon.ca","Amazon","ANCASTER","ON","L9G4Y","Combined TCS+MTC","-26.99","-3.51","0","0","0","0","0","0","0","0","3.51","3.67","0","0","0","-23.32"
"Oct 1, 2025 2:17:57 p.m. PDT","24594147221","Adjustment","","MSCA-D70-7-5","FBA Inventory Reimbursement - General Adjustment","1","","","","","","","0","0","0","0","0","0","0","0","0","0","0","0","0","0","-16.42","-16.42"
"Oct 1, 2025 2:20:38 p.m. PDT","24594147221","Order","701-7372740-8109850","MSCA-D77-2-5","ANGOOL Racerback Bras for Women Wire Free Sexy V Neck Lace Bralette Adjustable Strap Full Coverage Padded Bra, Black, XL","1","amazon.ca","Amazon","Westmount","Quebec","H3Y 1K","Combined TCS+MTC","26.99","4.04","0","0","0","0","0","0","0","0","-4.04","-4.59","-6.73","0","0","15.67"
"Oct 1, 2025 2:21:44 p.m. PDT","24594147221","Order","702-1915662-7968216","MSCA-D74-6-6","ANGOOL V Neck Seamless Bralette for Women Full Coverage Wireless Padded Bra No Underwire Non Removable Pads Push Up Bras, White, XXL","1","amazon.ca","Amazon","Thunder Bay","Ontario","P7A 7J","Combined TCS+MTC","25.99","3.11","0","0","0","0","0","0","-2.08","0","-3.11","-4.06","-7.71","0","0","12.14"
"Oct 1, 2025 2:45:04 p.m. PDT","24594147221","Order","701-0151251-4149868","MSCA-D70-5-4","ANGOOL Wireless Strapless Bra for Women Seamless Push Up Non-Slip Full Support Non Removable Padded Bandeau Bra, Beige, L","1","amazon.ca","Amazon","Melancthon","Ontario","L9V 2V","Combined TCS+MTC","26.99","3.51","0","0","0","0","0","0","0","0","-3.51","-4.59","-7.23","0","0","15.17"
"Oct 1, 2025 2:54:08 p.m. PDT","24594147221","Order","701-9019107-1375430","MSCA-D70-5-3","ANGOOL Wireless Strapless Bra for Women Seamless Push Up Non-Slip Full Support Non Removable Padded Bandeau Bra, Beige, M","1","amazon.ca","Amazon","Niagara Falls","Ontario","L2J 4H","Combined TCS+MTC","26.99","3.51","0","0","0","0","0","0","0","0","-3.51","-4.59","-6.73","0","0","15.67"
"Oct 1, 2025 3:24:17 p.m. PDT","24594147221","Refund","702-8047893-7722667","MSCA-D77-6-5","ANGOOL Racerback Bras for Women Wire Free Sexy V Neck Lace Bralette Adjustable Strap Full Coverage Padded Bra, White, XL","1","amazon.ca","Amazon","LORETTE WEST","Manitoba","R5K0E","Combined TCS+MTC","-26.99","-3.24","0","0","0","0","0","0","0","0","3.24","3.67","0","0","0","-23.32"
"Oct 1, 2025 3:55:34 p.m. PDT","24594147221","Fulfilment by Amazon customer return fee","701-2868296-4394656","X004L5KTDT","FBA Customer Return Per Unit Fee (Clothing & Shoes)","","Amazon.ca","","","","","","0","0","0","0","0","0","0","0","0","0","0","0","-5.15","0","0","-5.15"
"Oct 1, 2025 4:57:22 p.m. PDT","24594147221","Order","701-9762827-2875405","MSCA-D70-25-4","ANGOOL Wireless Strapless Bra for Women Seamless Push Up Non-Slip Full Support Non Removable Padded Bandeau Bra, Black+Beige, L","1","amazon.ca","Amazon","Edmonton","Alberta","T5Z 0J","Combined TCS+MTC","38.69","1.93","0","0","0","0","0","0","0","0","-1.93","-6.58","-8.25","0","0","23.86"
"Oct 1, 2025 5:08:25 p.m. PDT","24594147221","FBA Inventory Fee","701-3755072-7426660","","Fulfilment by Amazon removal order: disposal fee","","Amazon.ca","","","","","","0","0","0","0","0","0","0","0","0","0","0","0","0","0","-0.39","-0.39"
"Oct 1, 2025 5:47:34 p.m. PDT","24594147221","Refund","701-6889283-7852238","MSCA-D70-7-2","ANGOOL Wireless Strapless Bra for Women Seamless Push Up Non-Slip Full Support Non Removable Padded Bandeau Bra, Brown, S","1","amazon.ca","Amazon","Brantford","Ontario","N3R 6W","Combined TCS+MTC","-26.99","-3.51","-2.33","0","0","0","0","0","2.33","0","3.51","3.67","0","0","0","-23.32"
"Oct 1, 2025 6:21:24 p.m. PDT","24594147221","Order","701-7428064-2554618","MSCA-D70-2-3","ANGOOL Wireless Strapless Bra for Women Seamless Push Up Non-Slip Full Support Non Removable Padded Bandeau Bra, Black, M","1","amazon.ca","Amazon","Saskatoon","Saskatchewan","S7T 0E","Combined TCS+MTC","26.99","2.97","0","0","0","0","0","0","0","0","-2.97","-4.59","-7.23","0","0","15.17"
"Oct 1, 2025 6:25:10 p.m. PDT","24594147221","Order","701-9403024-8000211","MSCA-D70-25-6","ANGOOL Wireless Strapless Bra for Women Seamless Push Up Non-Slip Full Support Non Removable Padded Bandeau Bra, Black+Beige, XXL","1","amazon.ca","Amazon","Ottawa","Ontario","K2E 5R","Combined TCS+MTC","38.69","5.03","2.33","0","0","0","0","0","-2.33","0","-5.03","-6.58","-6.73","0","0","25.38"
"Oct 1, 2025 6:25:10 p.m. PDT","24594147221","Order","701-9403024-8000211","MSCA-D70-25-5","ANGOOL Wireless Strapless Bra for Women Seamless Push Up Non-Slip Full Support Non Removable Padded Bandeau Bra, Black+Beige, XL","1","amazon.ca","Amazon","Ottawa","Ontario","K2E 5R","Combined TCS+MTC","38.69","5.03","2.33","0","0","0","0","0","-2.33","0","-5.03","-6.58","-6.73","0","0","25.38"
"Oct 1, 2025 6:43:13 p.m. PDT","24594147221","Order","701-5342773-9141036","MSCA-D70-5-3","ANGOOL Wireless Strapless Bra for Women Seamless Push Up Non-Slip Full Support Non Removable Padded Bandeau Bra, Beige, M","1","amazon.ca","Amazon","Milton","Ontario","L9T 6P","Combined TCS+MTC","26.99","3.51","0","0","0","0","0","0","0","0","-3.51","-4.59","-6.73","0","0","15.67"
"Oct 1, 2025 7:26:18 p.m. PDT","24594147221","Order","701-5652686-0002668","MSCA-D70-2-3","ANGOOL Wireless Strapless Bra for Women Seamless Push Up Non-Slip Full Support Non Removable Padded Bandeau Bra, Black, M","1","amazon.ca","Amazon","Spencerville","Ontario","K0E 1X","Combined TCS+MTC","26.99","3.51","0","0","0","0","0","0","0","0","-3.51","-4.59","-7.23","0","0","15.17"
"Oct 1, 2025 8:16:21 p.m. PDT","24594147221","Order","702-7144757-1044211","MSCA-D70-6-5","ANGOOL Wireless Strapless Bra for Women Seamless Push Up Non-Slip Full Support Non Removable Padded Bandeau Bra, White, XL","1","amazon.ca","Amazon","Milton","Ontario","L9T 0M","Combined TCS+MTC","26.99","3.51","3.27","0","0","0","0","0","-3.27","0","-3.51","-4.59","-6.73","0","0","15.67"
"Oct 1, 2025 8:59:12 p.m. PDT","24594147221","Fulfilment by Amazon customer return fee","701-2736515-7735415","X004L5KTDT","FBA Customer Return Per Unit Fee (Clothing & Shoes)","","Amazon.ca","","","","","","0","0","0","0","0","0","0","0","0","0","0","0","-5.11","0","0","-5.11"
"Oct 1, 2025 9:14:49 p.m. PDT","24594147221","Fulfilment by Amazon customer return fee","702-4806077-5957836","X004L4QDE9","FBA Customer Return Per Unit Fee (Clothing & Shoes)","","Amazon.ca","","","","","","0","0","0","0","0","0","0","0","0","0","0","0","-5.28","0","0","-5.28"
"Oct 1, 2025 10:47:54 p.m. PDT","24594147221","Order","702-2812016-5321801","MSCA-D70-7-5","ANGOOL Wireless Strapless Bra for Women Seamless Push Up Non-Slip Full Support Non Removable Padded Bandeau Bra, Brown, XL","1","amazon.ca","Amazon","Oakville","Ontario","L6K 1Z","Combined TCS+MTC","26.99","3.51","6.99","0","0","0","0","0","-6.99","0","-3.51","-4.59","-7.23","0","0","15.17"
"Oct 1, 2025 10:53:18 p.m. PDT","24594147221","Order","702-7821884-8341800","MSCA-D70-2-4","ANGOOL Wireless Strapless Bra for Women Seamless Push Up Non-Slip Full Support Non Removable Padded Bandeau Bra, Black, L","1","amazon.ca","Amazon","Toronto","Ontario","M6K 3J","Combined TCS+MTC","26.99","3.51","0","0","0","0","0","0","0","0","-3.51","-4.59","-7.23","0","0","15.17"
"Oct 1, 2025 11:15:57 p.m. PDT","24594147221","Fulfilment by Amazon customer return fee","701-6939945-4565869","X004L5ZMNV","FBA Customer Return Per Unit Fee (Clothing & Shoes)","","Amazon.ca","","","","","","0","0","0","0","0","0","0","0","0","0","0","0","-4.92","0","0","-4.92"
"Oct 2, 2025 12:18:29 a.m. PDT","24594147221","Order","702-1025681-2110602","MSCA-D77-2-4","ANGOOL Racerback Bras for Women Wire Free Sexy V Neck Lace Bralette Adjustable Strap Full Coverage Padded Bra, Black, L","1","amazon.ca","Amazon","Vancouver","BC","V5P 2G","Combined TCS+MTC","26.99","3.24","6.99","0","0","0","0","0","-6.99","0","-3.24","-4.59","-7.20","0","0","15.20"
"Oct 2, 2025 3:03:23 a.m. PDT","24594147221","Order","702-3828718-9694617","MSCA-D70-25-2","ANGOOL Wireless Strapless Bra for Women Seamless Push Up Non-Slip Full Support Non Removable Padded Bandeau Bra, Black+Beige, S","1","amazon.ca","Amazon","Lemoyne","Quebec","J4R 2E","Combined TCS+MTC","38.69","5.79","6.99","0","0","0","0","0","-6.99","0","-5.79","-6.58","-7.40","0","0","24.71"
"Oct 2, 2025 4:16:15 a.m. PDT","24594147221","Fulfilment by Amazon customer return fee","701-0738559-5678618","X004L60XB1","FBA Customer Return Per Unit Fee (Clothing & Shoes)","","Amazon.ca","","","","","","0","0","0","0","0","0","0","0","0","0","0","0","-4.98","0","0","-4.98"
"Oct 2, 2025 4:32:26 a.m. PDT","24594147221","Fulfilment by Amazon customer return fee","701-3439498-6404265","X004L5Z47F","FBA Customer Return Per Unit Fee (Clothing & Shoes)","","Amazon.ca","","","","","","0","0","0","0","0","0","0","0","0","0","0","0","-5.03","0","0","-5.03"
"Oct 2, 2025 4:50:23 a.m. PDT","24594147221","FBA Inventory Fee","701-6658495-0084245","","Fulfilment by Amazon removal order: disposal fee","","Amazon.ca","","","","","","0","0","0","0","0","0","0","0","0","0","0","0","0","0","-0.36","-0.36"
"Oct 2, 2025 6:46:36 a.m. PDT","24594147221","Order","702-4565956-0585012","MSCA-D70-2-5","ANGOOL Wireless Strapless Bra for Women Seamless Push Up Non-Slip Full Support Non Removable Padded Bandeau Bra, Black, XL","1","amazon.ca","Amazon","Williamstown","NB","E1V 5G","Combined TCS+MTC","26.99","4.05","0","0","0","0","0","0","0","0","-4.05","-4.59","-7.23","0","0","15.17"
"Oct 2, 2025 8:11:20 a.m. PDT","24594147221","Order","702-2927840-4825069","MSCA-D70-7-5","ANGOOL Wireless Strapless Bra for Women Seamless Push Up Non-Slip Full Support Non Removable Padded Bandeau Bra, Brown, XL","1","amazon.ca","Amazon","Ottawa","Ontario","K1T 3R","Combined TCS+MTC","29.99","3.90","2.33","0","0","0","0","0","-2.33","0","-3.90","-5.10","-7.23","0","0","17.66"
"Oct 2, 2025 8:28:47 a.m. PDT","24594147221","Order","702-2128432-1944226","MSCA-D70-6-2","ANGOOL Wireless Strapless Bra for Women Seamless Push Up Non-Slip Full Support Non Removable Padded Bandeau Bra, White, S","1","amazon.ca","Amazon","Sault Ste. Marie","Ontario","P6B 6L","Combined TCS+MTC","26.99","3.51","0","0","0","0","0","0","0","0","-3.51","-4.59","-6.36","0","0","16.04"
"Oct 2, 2025 9:36:05 a.m. PDT","24594147221","Refund","701-1375214-9052247","MSCA-D70-25-2","ANGOOL Wireless Strapless Bra for Women Seamless Push Up Non-Slip Full Support Non Removable Padded Bandeau Bra, Black+Beige, S","1","amazon.ca","Amazon","Glace Bay","Nova Scotia","B1A 2K","Combined TCS+MTC","-40.41","-5.66","0","0","0","0","0","0","0","0","5.66","5.50","0","0","0","-34.91"
"Oct 2, 2025 10:22:31 a.m. PDT","24594147221","Order","702-5873629-2483404","MSCA-D74-5-2","ANGOOL V Neck Seamless Bralette for Women Full Coverage Wireless Padded Bra No Underwire Non Removable Pads Push Up Bras, Beige, S","1","amazon.ca","Amazon","North Bay","Ontario","P1A 3E","Combined TCS+MTC","25.99","3.11","0","0","0","0","0","0","-2.08","0","-3.11","-4.06","-7.71","0","0","12.14"
"Oct 2, 2025 10:32:58 a.m. PDT","24594147221","Fulfilment by Amazon customer return fee","701-9786813-5321061","X004L5YW73","FBA Customer Return Per Unit Fee (Clothing & Shoes)","","Amazon.ca","","","","","","0","0","0","0","0","0","0","0","0","0","0","0","-4.92","0","0","-4.92"
"Oct 2, 2025 10:47:56 a.m. PDT","24594147221","Order","701-3967420-4973825","MSCA-D70-25-2","ANGOOL Wireless Strapless Bra for Women Seamless Push Up Non-Slip Full Support Non Removable Padded Bandeau Bra, Black+Beige, S","1","amazon.ca","Amazon","Newmarket","ON","L3Y 7C","Combined TCS+MTC","42.99","5.59","6.99","0","0","0","0","0","-6.99","0","-5.59","-7.31","-7.40","0","0","28.28"
"Oct 2, 2025 10:53:37 a.m. PDT","24594147221","FBA Inventory Fee","701-6939945-4565869","","Fulfilment by Amazon removal order: disposal fee","","Amazon.ca","","","","","","0","0","0","0","0","0","0","0","0","0","0","0","0","0","-0.36","-0.36"
"Oct 2, 2025 11:53:09 a.m. PDT","24594147221","Order","702-2128432-1944226","MSCA-D70-5-2","ANGOOL Wireless Strapless Bra for Women Seamless Push Up Non-Slip Full Support Non Removable Padded Bandeau Bra, Beige, S","1","amazon.ca","Amazon","Sault Ste. Marie","Ontario","P6B 6L","Combined TCS+MTC","26.99","3.51","0","0","0","0","0","0","0","0","-3.51","-4.59","-7.40","0","0","15.00"
"Oct 2, 2025 12:22:17 p.m. PDT","24594147221","Service Fee","ccac714d-d4a7-45d9-aa8a-6f9ab935b459","","Coupon Redemption Fee: Save 8% on Seamless Bra D74","3","Amazon.ca","","","","","","0","0","0","0","0","0","0","0","0","0","0","0","0","-1.80","0","-1.80"
"Oct 2, 2025 12:26:19 p.m. PDT","24594147221","Fulfilment by Amazon customer return fee","702-8779607-9698623","X004P55D5T","FBA Customer Return Per Unit Fee (Clothing & Shoes)","","Amazon.ca","","","","","","0","0","0","0","0","0","0","0","0","0","0","0","-4.92","0","0","-4.92"
"Oct 2, 2025 1:28:30 p.m. PDT","24594147221","Order","702-8391811-5836208","CAZZ-D76-8-4","ANGOOL Women's Sports Bra Strappy Crisscross Back Bra Removable Padded Medium Support Gym Yoga Crop Top, Light Green, L","1","amazon.ca","Amazon","Fredericton","New Brunswick","E3B 8L","Combined TCS+MTC","23.99","3.60","0","0","0","0","0","0","0","0","-3.60","-4.08","-6.12","0","0","13.79"
"Oct 2, 2025 1:45:42 p.m. PDT","24594147221","Fulfilment by Amazon customer return fee","702-8920143-5129824","X004L5YW73","FBA Customer Return Per Unit Fee (Clothing & Shoes)","","Amazon.ca","","","","","","0","0","0","0","0","0","0","0","0","0","0","0","-4.92","0","0","-4.92"
"Oct 2, 2025 3:01:16 p.m. PDT","24594147221","Order","701-0879149-6705006","MSCA-D70-5-2","ANGOOL Wireless Strapless Bra for Women Seamless Push Up Non-Slip Full Support Non Removable Padded Bandeau Bra, Beige, S","1","amazon.ca","Amazon","Halifax","Nova Scotia","B3M 4T","Combined TCS+MTC","26.99","3.78","0","0","0","0","0","0","0","0","-3.78","-4.59","-7.40","0","0","15.00"
"Oct 2, 2025 3:01:16 p.m. PDT","24594147221","Order","701-0879149-6705006","MSCA-D70-2-3","ANGOOL Wireless Strapless Bra for Women Seamless Push Up Non-Slip Full Support Non Removable Padded Bandeau Bra, Black, M","1","amazon.ca","Amazon","Halifax","Nova Scotia","B3M 4T","Combined TCS+MTC","26.99","3.78","0","0","0","0","0","0","0","0","-3.78","-4.59","-7.23","0","0","15.17"
"Oct 2, 2025 3:12:52 p.m. PDT","24594147221","Order","701-9494192-4493054","MSCA-D70-7-3","ANGOOL Wireless Strapless Bra for Women Seamless Push Up Non-Slip Full Support Non Removable Padded Bandeau Bra, Brown, M","1","amazon.ca","Amazon","Victoria","British Columbia","V8V 3T","Combined TCS+MTC","26.99","3.24","0","0","0","0","0","0","0","0","-3.24","-4.59","-7.92","0","0","14.48"
"Oct 2, 2025 3:44:52 p.m. PDT","24594147221","Refund","702-9957020-9230657","MSCA-D74-2-3","ANGOOL V Neck Seamless Bralette for Women Full Coverage Wireless Padded Bra No Underwire Non Removable Pads Push Up Bras, Black, M","1","amazon.ca","Amazon","Nanaimo","British Columbia","V9V 1S","Combined TCS+MTC","-25.99","-3.12","0","0","0","0","0","0","0","0","3.12","3.54","0","0","0","-22.45"
"Oct 2, 2025 4:41:33 p.m. PDT","24594147221","Order","701-2424939-6677019","MSCA-D70-5-2","ANGOOL Wireless Strapless Bra for Women Seamless Push Up Non-Slip Full Support Non Removable Padded Bandeau Bra, Beige, S","1","amazon.ca","Amazon","Pakenham","Ontario","K0A 2X","Combined TCS+MTC","26.99","3.51","0","0","0","0","0","0","0","0","-3.51","-4.59","-7.40","0","0","15.00"
"Oct 2, 2025 4:55:11 p.m. PDT","24594147221","Fulfilment by Amazon customer return fee","702-3253765-8968256","X004P55DP9","FBA Customer Return Per Unit Fee (Clothing & Shoes)","","Amazon.ca","","","","","","0","0","0","0","0","0","0","0","0","0","0","0","-4.87","0","0","-4.87"
"Oct 2, 2025 5:13:17 p.m. PDT","24594147221","Refund","702-0643635-7357866","MSCA-D70-2-2","ANGOOL Wireless Strapless Bra for Women Seamless Push Up Non-Slip Full Support Non Removable Padded Bandeau Bra, Black, S","1","amazon.ca","Amazon","Maple Ridge","British Columbia","V4R 0E","Combined TCS+MTC","-26.99","-3.24","0","0","0","0","0","0","0","0","3.24","3.67","0","0","0","-23.32"
"Oct 2, 2025 6:08:50 p.m. PDT","24594147221","Order","701-6665720-1089850","MSCA-D70-5-3","ANGOOL Wireless Strapless Bra for Women Seamless Push Up Non-Slip Full Support Non Removable Padded Bandeau Bra, Beige, M","1","amazon.ca","Amazon","Victoria","BC","V8R 3X","Combined TCS+MTC","29.99","3.60","0","0","0","0","0","0","0","0","-3.60","-5.10","-7.20","0","0","17.69"
"Oct 2, 2025 7:08:16 p.m. PDT","24594147221","Refund","702-3828718-9694617","MSCA-D70-25-2","ANGOOL Wireless Strapless Bra for Women Seamless Push Up Non-Slip Full Support Non Removable Padded Bandeau Bra, Black+Beige, S","1","amazon.ca","Amazon","Lemoyne","Quebec","J4R 2E","Combined TCS+MTC","-38.69","-5.79","-6.99","0","0","0","0","0","6.99","0","5.79","5.26","0","0","0","-33.43"
"Oct 2, 2025 9:29:46 p.m. PDT","24594147221","Order","701-2206906-9177840","MSCA-D70-5-3","ANGOOL Wireless Strapless Bra for Women Seamless Push Up Non-Slip Full Support Non Removable Padded Bandeau Bra, Beige, M","1","amazon.ca","Amazon","Markham","ON","L3P 2J","Combined TCS+MTC","26.99","3.51","0","0","0","0","0","0","0","0","-3.51","-4.59","-6.73","0","0","15.67"
"Oct 2, 2025 9:40:35 p.m. PDT","24594147221","Refund","702-7052001-2586616","MSCA-D70-7-2","ANGOOL Wireless Strapless Bra for Women Seamless Push Up Non-Slip Full Support Non Removable Padded Bandeau Bra, Brown, S","1","amazon.ca","Amazon","Richmond","Ontario","K0A 2Z","Combined TCS+MTC","-28.19","-3.66","0","0","0","0","0","0","0","0","3.66","3.83","0","0","0","-24.36"
"Oct 2, 2025 9:56:46 p.m. PDT","24594147221","Order","702-1957067-8792244","MSCA-D77-7-5","ANGOOL Racerback Bras for Women Wire Free Sexy V Neck Lace Bralette Adjustable Strap Full Coverage Padded Bra, Brown, XL","1","amazon.ca","Amazon","Mississauga","Ontario","L5W 1W","Combined TCS+MTC","23.99","3.12","0","0","0","0","0","0","0","0","-3.12","-4.08","-6.73","0","0","13.18"
"Oct 2, 2025 10:24:59 p.m. PDT","24594147221","Order","701-4339649-1544213","MSCA-D70-5-4","ANGOOL Wireless Strapless Bra for Women Seamless Push Up Non-Slip Full Support Non Removable Padded Bandeau Bra, Beige, L","1","amazon.ca","Amazon","Vaudreuil-Dorion","Quebec","J7V 0T","Combined TCS+MTC","29.99","4.49","0","0","0","0","0","0","0","0","-4.49","-5.10","-7.23","0","0","17.66"
"Oct 2, 2025 10:27:03 p.m. PDT","24594147221","Fulfilment by Amazon customer return fee","701-4050995-3520242","X004L5VLD1","FBA Customer Return Per Unit Fee (Clothing & Shoes)","","Amazon.ca","","","","","","0","0","0","0","0","0","0","0","0","0","0","0","-4.67","0","0","-4.67"
"Oct 2, 2025 10:31:39 p.m. PDT","24594147221","Order","701-3786319-2771419","MSCA-D74-6-2","ANGOOL V Neck Seamless Bralette for Women Full Coverage Wireless Padded Bra No Underwire Non Removable Pads Push Up Bras, White, S","1","amazon.ca","Amazon","Brampton","Ontario","L6S 0B","Combined TCS+MTC","25.99","3.11","2.33","0","0","0","0","0","-4.41","0","-3.11","-4.06","-7.71","0","0","12.14"
"Oct 2, 2025 10:59:15 p.m. PDT","24594147221","Order","702-1074652-2079469","MSCA-D70-7-2","ANGOOL Wireless Strapless Bra for Women Seamless Push Up Non-Slip Full Support Non Removable Padded Bandeau Bra, Brown, S","1","amazon.ca","Amazon","Ajax","Ontario","L1T 0M","Combined TCS+MTC","29.99","3.90","3.50","0","0","0","0","0","-3.50","0","-3.90","-5.10","-6.73","0","0","18.16"
"Oct 2, 2025 11:31:50 p.m. PDT","24594147221","Order","702-8624923-3671406","MSCA-D70-7-2","ANGOOL Wireless Strapless Bra for Women Seamless Push Up Non-Slip Full Support Non Removable Padded Bandeau Bra, Brown, S","1","amazon.ca","Amazon","Milton","Ontario","L9E 1R","Combined TCS+MTC","26.99","3.51","0","0","0","0","0","0","0","0","-7.02","-9.18","-6.73","0","0","7.57"
"Oct 2, 2025 11:31:50 p.m. PDT","24594147221","Order","702-8624923-3671406","MSCA-D70-7-2","ANGOOL Wireless Strapless Bra for Women Seamless Push Up Non-Slip Full Support Non Removable Padded Bandeau Bra, Brown, S","1","amazon.ca","Amazon","Milton","Ontario","L9E 1R","","26.99","3.51","0","0","0","0","0","0","0","0","0","0","-6.73","0","0","23.77"
"Oct 3, 2025 1:21:50 a.m. PDT","24594147221","Order","702-4500763-0175457","MSCA-D70-5-5","ANGOOL Wireless Strapless Bra for Women Seamless Push Up Non-Slip Full Support Non Removable Padded Bandeau Bra, Beige, XL","1","amazon.ca","Amazon","Calgary","Alberta","T3M 3A","Combined TCS+MTC","29.99","1.50","0","0","0","0","0","0","0","0","-1.50","-5.10","-7.23","0","0","17.66"
"Oct 3, 2025 2:45:54 a.m. PDT","24594147221","Order","701-3701265-6033056","MSCA-D70-7-3","ANGOOL Wireless Strapless Bra for Women Seamless Push Up Non-Slip Full Support Non Removable Padded Bandeau Bra, Brown, M","1","amazon.ca","Amazon","Mission","British Columbia","V2V 6V","Combined TCS+MTC","29.99","3.60","6.99","0","0","0","0","0","-6.99","0","-3.60","-5.10","-7.92","0","0","16.97"
"Oct 3, 2025 3:40:39 a.m. PDT","24594147221","FBA Inventory Fee","701-4050995-3520242","","Fulfilment by Amazon removal order: disposal fee","","Amazon.ca","","","","","","0","0","0","0","0","0","0","0","0","0","0","0","0","0","-0.36","-0.36"
"Oct 3, 2025 8:59:02 a.m. PDT","24594147221","Fulfilment by Amazon customer return fee","701-8537086-7753849","X004L5XS7X","FBA Customer Return Per Unit Fee (Clothing & Shoes)","","Amazon.ca","","","","","","0","0","0","0","0","0","0","0","0","0","0","0","-4.92","0","0","-4.92"
"Oct 3, 2025 9:42:37 a.m. PDT","24594147221","Fulfilment by Amazon customer return fee","702-6089601-7406660","X004L5KTDT","FBA Customer Return Per Unit Fee (Clothing & Shoes)","","Amazon.ca","","","","","","0","0","0","0","0","0","0","0","0","0","0","0","-5.11","0","0","-5.11"
"Oct 3, 2025 9:48:35 a.m. PDT","24594147221","Order","701-8950289-6907422","MSCA-D70-5-3","ANGOOL Wireless Strapless Bra for Women Seamless Push Up Non-Slip Full Support Non Removable Padded Bandeau Bra, Beige, M","1","amazon.ca","Amazon","Laval","Quebec","H7T 0M","Combined TCS+MTC","29.99","4.49","0","0","0","0","0","0","0","0","-4.49","-5.10","-6.73","0","0","18.16"
"Oct 3, 2025 10:36:07 a.m. PDT","24594147221","Order","701-7519695-7211414","MSCA-D70-2-4","ANGOOL Wireless Strapless Bra for Women Seamless Push Up Non-Slip Full Support Non Removable Padded Bandeau Bra, Black, L","1","amazon.ca","Amazon","Mahone Bay","Nova Scotia","B0J 2E","Combined TCS+MTC","29.99","4.20","0","0","0","0","0","0","0","0","-4.20","-5.10","-7.23","0","0","17.66"
"Oct 3, 2025 12:22:14 p.m. PDT","24594147221","Service Fee","ccac714d-d4a7-45d9-aa8a-6f9ab935b459","","Coupon Redemption Fee: Save 8% on Seamless Bra D74","2","Amazon.ca","","","","","","0","0","0","0","0","0","0","0","0","0","0","0","0","-1.20","0","-1.20"
"Oct 3, 2025 1:25:36 p.m. PDT","24594147221","Refund","701-5834540-4807446","MSCA-D70-5-4","ANGOOL Wireless Strapless Bra for Women Seamless Push Up Non-Slip Full Support Non Removable Padded Bandeau Bra, Beige, L","1","amazon.ca","Amazon","Toronto","Ontario","M5R 2T","Combined TCS+MTC","-26.99","-3.51","0","0","0","0","0","0","0","0","3.51","3.67","0","0","0","-23.32"
"Oct 3, 2025 1:53:54 p.m. PDT","24594147221","Refund","702-6905960-9241864","MSCA-D70-5-2","ANGOOL Wireless Strapless Bra for Women Seamless Push Up Non-Slip Full Support Non Removable Padded Bandeau Bra, Beige, S","1","amazon.ca","Amazon","KING CITY","ON","L7B 1C","Combined TCS+MTC","-28.19","-3.66","0","0","0","0","0","0","0","0","3.66","3.83","0","0","0","-24.36"
"Oct 3, 2025 1:59:23 p.m. PDT","24594147221","Fulfilment by Amazon customer return fee","701-9722609-3791404","X004L5XII7","FBA Customer Return Per Unit Fee (Clothing & Shoes)","","Amazon.ca","","","","","","0","0","0","0","0","0","0","0","0","0","0","0","-4.92","0","0","-4.92"
"Oct 3, 2025 2:08:03 p.m. PDT","24594147221","Fulfilment by Amazon customer return fee","701-3868783-2484204","X004L5ZNMB","FBA Customer Return Per Unit Fee (Clothing & Shoes)","","Amazon.ca","","","","","","0","0","0","0","0","0","0","0","0","0","0","0","-5.03","0","0","-5.03"
"Oct 3, 2025 3:34:52 p.m. PDT","24594147221","Refund","701-5982185-1005821","MSCA-D70-6-2","ANGOOL Wireless Strapless Bra for Women Seamless Push Up Non-Slip Full Support Non Removable Padded Bandeau Bra, White, S","1","amazon.ca","Amazon","Toronto","Ontario","M5V 4A","Combined TCS+MTC","-28.19","-3.66","0","0","0","0","0","0","0","0","3.66","3.83","0","0","0","-24.36"
"Oct 3, 2025 3:36:48 p.m. PDT","24594147221","Fulfilment by Amazon customer return fee","701-6632014-2729843","X004L4OGTN","FBA Customer Return Per Unit Fee (Clothing & Shoes)","","Amazon.ca","","","","","","0","0","0","0","0","0","0","0","0","0","0","0","-5.28","0","0","-5.28"
"Oct 3, 2025 3:44:59 p.m. PDT","24594147221","Refund","702-7306443-3674626","MSCA-D74-2-3","ANGOOL V Neck Seamless Bralette for Women Full Coverage Wireless Padded Bra No Underwire Non Removable Pads Push Up Bras, Black, M","1","amazon.ca","Amazon","Winnipeg","Manitoba","R2K 1B","Combined TCS+MTC","-25.99","-2.87","0","0","0","0","0","0","2.08","0","2.87","3.25","0","0","0","-20.66"
"Oct 3, 2025 4:05:40 p.m. PDT","24594147221","Fulfilment by Amazon customer return fee","701-6404629-5229837","X004L5KTDT","FBA Customer Return Per Unit Fee (Clothing & Shoes)","","Amazon.ca","","","","","","0","0","0","0","0","0","0","0","0","0","0","0","-5.11","0","0","-5.11"
"Oct 3, 2025 7:21:10 p.m. PDT","24594147221","Order","702-9441232-9409010","MSCA-D70-5-4","ANGOOL Wireless Strapless Bra for Women Seamless Push Up Non-Slip Full Support Non Removable Padded Bandeau Bra, Beige, L","1","amazon.ca","Amazon","Peterborough","Ontario","K9J 3Z","Combined TCS+MTC","26.99","3.51","3.92","0","0","0","0","0","-3.92","0","-3.51","-4.59","-7.23","0","0","15.17"
"Oct 3, 2025 7:54:09 p.m. PDT","24594147221","Fulfilment by Amazon customer return fee","702-0974420-8921848","X004L5YB0B","FBA Customer Return Per Unit Fee (Clothing & Shoes)","","Amazon.ca","","","","","","0","0","0","0","0","0","0","0","0","0","0","0","-4.92","0","0","-4.92"
"Oct 3, 2025 8:03:34 p.m. PDT","24594147221","Refund","701-5105932-0680239","MSCA-D77-5-6","ANGOOL Racerback Bras for Women Wire Free Sexy V Neck Lace Bralette Adjustable Strap Full Coverage Padded Bra, Beige, XXL","1","amazon.ca","Amazon","Winnipeg","Manitoba","R3T 1K","Combined TCS+MTC","-26.99","-3.24","0","0","0","0","0","0","0","0","3.24","3.67","0","0","0","-23.32"
"Oct 3, 2025 8:17:16 p.m. PDT","24594147221","Refund","701-9226150-3561807","MSCA-D77-7-5","ANGOOL Racerback Bras for Women Wire Free Sexy V Neck Lace Bralette Adjustable Strap Full Coverage Padded Bra, Brown, XL","1","amazon.ca","Amazon","Winnipeg","Manitoba","R3T 1K","Combined TCS+MTC","-25.49","-3.06","0","0","0","0","0","0","0","0","3.06","3.46","0","0","0","-22.03"
"Oct 3, 2025 8:17:16 p.m. PDT","24594147221","Refund","701-9226150-3561807","MSCA-D77-2-4","ANGOOL Racerback Bras for Women Wire Free Sexy V Neck Lace Bralette Adjustable Strap Full Coverage Padded Bra, Black, L","1","amazon.ca","Amazon","Winnipeg","Manitoba","R3T 1K","Combined TCS+MTC","-26.99","-3.24","0","0","0","0","0","0","0","0","3.24","3.67","0","0","0","-23.32"
"Oct 3, 2025 8:40:39 p.m. PDT","24594147221","Fulfilment by Amazon customer return fee","702-3290318-2894626","X004L60XB1","FBA Customer Return Per Unit Fee (Clothing & Shoes)","","Amazon.ca","","","","","","0","0","0","0","0","0","0","0","0","0","0","0","-5.03","0","0","-5.03"
"Oct 3, 2025 8:59:46 p.m. PDT","24594147221","Order","702-7307923-2400213","MSCA-D74-2-2","ANGOOL V Neck Seamless Bralette for Women Full Coverage Wireless Padded Bra No Underwire Non Removable Pads Push Up Bras, Black, S","1","amazon.ca","Amazon","Melfort","Saskatchewan","S0E 1A","Combined TCS+MTC","25.99","2.63","0","0","0","0","0","0","-2.08","0","-2.63","-4.06","-7.71","0","0","12.14"
"Oct 3, 2025 9:16:47 p.m. PDT","24594147221","Order","702-2482508-9090614","MSCA-D77-7-3","ANGOOL Racerback Bras for Women Wire Free Sexy V Neck Lace Bralette Adjustable Strap Full Coverage Padded Bra, Brown, M","1","amazon.ca","Amazon","Maple","Ontario","L6A 3T","Combined TCS+MTC","26.99","3.51","3.93","0","0","0","0","0","-3.93","0","-3.51","-4.59","-6.73","0","0","15.67"
"Oct 3, 2025 9:16:47 p.m. PDT","24594147221","Order","702-2482508-9090614","MSCA-D77-2-3","ANGOOL Racerback Bras for Women Wire Free Sexy V Neck Lace Bralette Adjustable Strap Full Coverage Padded Bra, Black, M","1","amazon.ca","Amazon","Maple","Ontario","L6A 3T","Combined TCS+MTC","26.99","3.51","3.92","0","0","0","0","0","-3.92","0","-3.51","-4.59","-6.73","0","0","15.67"
"Oct 3, 2025 9:43:27 p.m. PDT","24594147221","Adjustment","","MSCA-D70-7-3","FBA Inventory Reimbursement - General Adjustment","1","","","","","","","0","0","0","0","0","0","0","0","0","0","0","0","0","0","-17.49","-17.49"
"Oct 3, 2025 10:44:16 p.m. PDT","24594147221","Order","701-1548167-1593027","MSCA-D74-5-2","ANGOOL V Neck Seamless Bralette for Women Full Coverage Wireless Padded Bra No Underwire Non Removable Pads Push Up Bras, Beige, S","1","amazon.ca","Amazon","Burlington","Ontario","L7P 3R","Combined TCS+MTC","25.99","3.11","0","0","0","0","0","0","-2.08","0","-3.11","-4.06","-7.71","0","0","12.14"
"Oct 3, 2025 10:44:50 p.m. PDT","24594147221","Order","701-0052939-1469065","MSCA-D74-6-2","ANGOOL V Neck Seamless Bralette for Women Full Coverage Wireless Padded Bra No Underwire Non Removable Pads Push Up Bras, White, S","1","amazon.ca","Amazon","Burlington","Ontario","L7P 3R","Combined TCS+MTC","25.99","3.11","0","0","0","0","0","0","-2.08","0","-3.11","-4.06","-7.71","0","0","12.14"
"Oct 4, 2025 1:18:36 a.m. PDT","24594147221","Order","702-6663557-3820237","MSCA-D76-206-3","ANGOOL Sports Bras for Women Seamless Backless Criss Cross Strappy Sports Bra Without Underwire for Workout Gym Yoga, Black+Grey+White, M","1","amazon.ca","Amazon","Barrie","Ontario","L4M 4R","Combined TCS+MTC","30.39","3.95","0","0","0","0","0","0","0","0","-3.95","-5.17","0","0","0","25.22"
"Oct 4, 2025 4:21:58 a.m. PDT","24594147221","Fulfilment by Amazon customer return fee","701-8886379-8512265","X004L5Z3KD","FBA Customer Return Per Unit Fee (Clothing & Shoes)","","Amazon.ca","","","","","","0","0","0","0","0","0","0","0","0","0","0","0","-5.03","0","0","-5.03"
"Oct 4, 2025 5:36:27 a.m. PDT","24594147221","Fulfilment by Amazon customer return fee","702-0305192-7006629","X004L5XHYH","FBA Customer Return Per Unit Fee (Clothing & Shoes)","","Amazon.ca","","","","","","0","0","0","0","0","0","0","0","0","0","0","0","-5.15","0","0","-5.15"
"Oct 4, 2025 9:41:03 a.m. PDT","24594147221","Order","702-2022106-1149838","MSCA-D70-5-5","ANGOOL Wireless Strapless Bra for Women Seamless Push Up Non-Slip Full Support Non Removable Padded Bandeau Bra, Beige, XL","1","amazon.ca","Amazon","laval","QC","H7N5E","Combined TCS+MTC","26.99","4.04","3.27","0","0","0","0","0","-3.27","0","-4.04","-4.59","-7.23","0","0","15.17"
"Oct 4, 2025 12:20:18 p.m. PDT","24594147221","Service Fee","ccac714d-d4a7-45d9-aa8a-6f9ab935b459","","Coupon Redemption Fee: Save 8% on Seamless Bra D74","2","Amazon.ca","","","","","","0","0","0","0","0","0","0","0","0","0","0","0","0","-1.20","0","-1.20"
"Oct 4, 2025 12:24:48 p.m. PDT","24594147221","Refund","702-2670618-6499466","MSCA-D70-5-5","ANGOOL Wireless Strapless Bra for Women Seamless Push Up Non-Slip Full Support Non Removable Padded Bandeau Bra, Beige, XL","1","amazon.ca","Amazon","Mississauga","Ontario","L5M 6Z","Combined TCS+MTC","-26.99","-3.51","-2.33","0","0","0","0","0","2.33","0","3.51","3.67","0","0","0","-23.32"
"Oct 4, 2025 12:57:34 p.m. PDT","24594147221","Order","702-4696945-9546631","MSCA-D76-206-3","ANGOOL Sports Bras for Women Seamless Backless Criss Cross Strappy Sports Bra Without Underwire for Workout Gym Yoga, Black+Grey+White, M","1","amazon.ca","Amazon","Woodbridge","Ontario","L4L 3W","Combined TCS+MTC","30.39","3.95","0","0","0","0","0","0","0","0","-3.95","-5.17","0","0","0","25.22"
"Oct 4, 2025 1:21:00 p.m. PDT","24594147221","Order","702-5314430-3185010","MSCA-D70-6-2","ANGOOL Wireless Strapless Bra for Women Seamless Push Up Non-Slip Full Support Non Removable Padded Bandeau Bra, White, S","1","amazon.ca","Amazon","Fredericton","New Brunswick","E3A 1E","Combined TCS+MTC","29.99","4.50","0","0","0","0","0","0","0","0","-4.50","-5.10","-6.36","0","0","18.53"
"Oct 4, 2025 1:52:07 p.m. PDT","24594147221","FBA Inventory Fee","701-8886379-8512265","","Fulfilment by Amazon removal order: disposal fee","","Amazon.ca","","","","","","0","0","0","0","0","0","0","0","0","0","0","0","0","0","-0.36","-0.36"
"Oct 4, 2025 3:09:36 p.m. PDT","24594147221","FBA Inventory Fee","701-2985289-1438620","","Fulfilment by Amazon removal order: disposal fee","","Amazon.ca","","","","","","0","0","0","0","0","0","0","0","0","0","0","0","0","0","-0.36","-0.36"
"Oct 4, 2025 3:37:54 p.m. PDT","24594147221","FBA Inventory Fee","Fe48k0FPf9","","Fulfilment by Amazon removal order: disposal fee","","Amazon.ca","","","","","","0","0","0","0","0","0","0","0","0","0","0","0","0","0","-0.36","-0.36"
"Oct 4, 2025 4:42:42 p.m. PDT","24594147221","Refund","702-1107394-4463421","MSCA-D77-5-4","ANGOOL Racerback Bras for Women Wire Free Sexy V Neck Lace Bralette Adjustable Strap Full Coverage Padded Bra, Beige, L","1","amazon.ca","Amazon","Montreal","Quebec","H4A 2P","Combined TCS+MTC","-29.99","-4.49","0","0","0","0","0","0","0","0","4.49","4.08","0","0","0","-25.91"
"Oct 4, 2025 7:26:14 p.m. PDT","24594147221","Order","702-4226740-4712215","MSCA-D74-5-2","ANGOOL V Neck Seamless Bralette for Women Full Coverage Wireless Padded Bra No Underwire Non Removable Pads Push Up Bras, Beige, S","1","amazon.ca","Amazon","Mississauga","Ontario","L5N 8B","Combined TCS+MTC","25.99","3.38","0","0","0","0","0","0","0","0","-3.38","-4.42","-7.71","0","0","13.86"
"Oct 4, 2025 9:02:24 p.m. PDT","24594147221","Order","702-1741660-2685055","MSCA-D70-5-3","ANGOOL Wireless Strapless Bra for Women Seamless Push Up Non-Slip Full Support Non Removable Padded Bandeau Bra, Beige, M","1","amazon.ca","Amazon","Taber","Alberta","T1G 2E","Combined TCS+MTC","29.99","1.50","0","0","0","0","0","0","0","0","-1.50","-5.10","-6.73","0","0","18.16"
"Oct 4, 2025 9:17:05 p.m. PDT","24594147221","Refund","701-0567653-8379433","MSCA-D70-5-4","ANGOOL Wireless Strapless Bra for Women Seamless Push Up Non-Slip Full Support Non Removable Padded Bandeau Bra, Beige, L","1","amazon.ca","Amazon","Chilliwack","B.C.","V2R4N","Combined TCS+MTC","-26.99","-3.24","-0.78","0","0","0","0","0","0.78","0","3.24","3.67","0","0","0","-23.32"
"Oct 5, 2025 12:16:18 a.m. PDT","24594147221","Order","702-6274419-6510609","MSCA-D70-2-5","ANGOOL Wireless Strapless Bra for Women Seamless Push Up Non-Slip Full Support Non Removable Padded Bandeau Bra, Black, XL","1","amazon.ca","Amazon","Vancouver","British Columbia","V5R 6A","Combined TCS+MTC","29.99","3.60","6.99","0","0","0","0","0","-6.99","0","-3.60","-5.10","-7.74","0","0","17.15"
"Oct 5, 2025 1:17:15 a.m. PDT","24594147221","Order","702-2399098-7380202","MSCA-D70-5-5","ANGOOL Wireless Strapless Bra for Women Seamless Push Up Non-Slip Full Support Non Removable Padded Bandeau Bra, Beige, XL","1","amazon.ca","Amazon","Pitt Meadows","British Columbia","V3Y 2V","Combined TCS+MTC","29.99","3.60","0","0","0","0","0","0","0","0","-3.60","-5.10","-7.23","0","0","17.66"
"Oct 5, 2025 1:26:38 a.m. PDT","24594147221","Order","702-1357745-6458654","MSCA-D77-7-2","ANGOOL Racerback Bras for Women Wire Free Sexy V Neck Lace Bralette Adjustable Strap Full Coverage Padded Bra, Brown, S","1","amazon.ca","Amazon","Calgary","Alberta","T2T 4C","Combined TCS+MTC","26.99","1.35","0","0","0","0","0","0","0","0","-1.35","-4.59","-6.73","0","0","15.67"
"Oct 5, 2025 8:21:39 a.m. PDT","24594147221","Order","702-8793241-8785809","MSCA-D70-6-5","ANGOOL Wireless Strapless Bra for Women Seamless Push Up Non-Slip Full Support Non Removable Padded Bandeau Bra, White, XL","1","amazon.ca","Amazon","Haliburton","Ontario","K0M 1S","Combined TCS+MTC","29.99","3.90","0","0","0","0","0","0","0","0","-3.90","-5.10","-6.73","0","0","18.16"
"Oct 5, 2025 10:25:09 a.m. PDT","24594147221","Order","702-9442165-7961810","MSCA-D70-25-6","ANGOOL Wireless Strapless Bra for Women Seamless Push Up Non-Slip Full Support Non Removable Padded Bandeau Bra, Black+Beige, XXL","1","amazon.ca","Amazon","Toronto","Ontario","M5E 0A","Combined TCS+MTC","42.99","5.59","6.99","0","0","0","0","0","-6.99","0","-5.59","-7.31","-6.73","0","0","28.95"
"Oct 5, 2025 10:25:39 a.m. PDT","24594147221","Order","702-2777333-3068209","MSCA-D70-6-6","ANGOOL Wireless Strapless Bra for Women Seamless Push Up Non-Slip Full Support Non Removable Padded Bandeau Bra, White, XXL","1","amazon.ca","Amazon","Toronto","Ontario","M5E 0A","Combined TCS+MTC","29.99","3.90","6.99","0","0","0","0","0","-6.99","0","-3.90","-5.10","-6.73","0","0","18.16"
"Oct 5, 2025 10:46:12 a.m. PDT","24594147221","Order","702-1974486-0020265","MSCA-D70-25-5","ANGOOL Wireless Strapless Bra for Women Seamless Push Up Non-Slip Full Support Non Removable Padded Bandeau Bra, Black+Beige, XL","1","amazon.ca","Amazon","Scarborough","Ontario","M1C 3T","Combined TCS+MTC","42.99","5.59","3.92","0","0","0","0","0","-3.92","0","-5.59","-7.31","-7.71","0","0","27.97"
"Oct 5, 2025 10:46:12 a.m. PDT","24594147221","Order","702-1974486-0020265","MSCA-D70-25-4","ANGOOL Wireless Strapless Bra for Women Seamless Push Up Non-Slip Full Support Non Removable Padded Bandeau Bra, Black+Beige, L","1","amazon.ca","Amazon","Scarborough","Ontario","M1C 3T","Combined TCS+MTC","42.99","5.59","3.93","0","0","0","0","0","-3.93","0","-5.59","-7.31","-8.25","0","0","27.43"
"Oct 5, 2025 12:19:00 p.m. PDT","24594147221","Service Fee","ccac714d-d4a7-45d9-aa8a-6f9ab935b459","","Coupon Redemption Fee: Save 8% on Seamless Bra D74","1","Amazon.ca","","","","","","0","0","0","0","0","0","0","0","0","0","0","0","0","-0.60","0","-0.60"
"Oct 5, 2025 2:04:53 p.m. PDT","24594147221","Fulfilment by Amazon customer return fee","702-0807778-3524222","X004P57GV3","FBA Customer Return Per Unit Fee (Clothing & Shoes)","","Amazon.ca","","","","","","0","0","0","0","0","0","0","0","0","0","0","0","-4.87","0","0","-4.87"
"Oct 5, 2025 2:30:55 p.m. PDT","24594147221","Order","701-8263507-7722648","MSCA-D70-5-5","ANGOOL Wireless Strapless Bra for Women Seamless Push Up Non-Slip Full Support Non Removable Padded Bandeau Bra, Beige, XL","1","amazon.ca","Amazon","Quispamsis","New Brunswick","E2G 1C","Combined TCS+MTC","29.99","4.50","0","0","0","0","0","0","0","0","-4.50","-5.10","-7.23","0","0","17.66"
"Oct 5, 2025 4:23:52 p.m. PDT","24594147221","Order","701-0398082-2501805","MSCA-D70-2-2","ANGOOL Wireless Strapless Bra for Women Seamless Push Up Non-Slip Full Support Non Removable Padded Bandeau Bra, Black, S","1","amazon.ca","Amazon","Toronto","Ontario","M5S 2H","Combined TCS+MTC","29.99","3.90","0","0","0","0","0","0","0","0","-3.90","-5.10","-6.73","0","0","18.16"
"Oct 5, 2025 5:36:26 p.m. PDT","24594147221","Fulfilment by Amazon customer return fee","701-3582103-6558669","X004L5ZNMB","FBA Customer Return Per Unit Fee (Clothing & Shoes)","","Amazon.ca","","","","","","0","0","0","0","0","0","0","0","0","0","0","0","-5.03","0","0","-5.03"
"Oct 5, 2025 8:47:32 p.m. PDT","24594147221","Fulfilment by Amazon customer return fee","701-1240289-5409008","X004L5ZNMB","FBA Customer Return Per Unit Fee (Clothing & Shoes)","","Amazon.ca","","","","","","0","0","0","0","0","0","0","0","0","0","0","0","-5.03","0","0","-5.03"
"Oct 5, 2025 10:49:40 p.m. PDT","24594147221","Order","702-3490749-7184227","MSCA-D70-2-3","ANGOOL Wireless Strapless Bra for Women Seamless Push Up Non-Slip Full Support Non Removable Padded Bandeau Bra, Black, M","1","amazon.ca","Amazon","Blainville","Quebec","J7C 5X","Combined TCS+MTC","29.99","4.49","0","0","0","0","0","0","0","0","-4.49","-5.10","-7.23","0","0","17.66"
"Oct 5, 2025 11:01:40 p.m. PDT","24594147221","Fulfilment by Amazon customer return fee","701-4363842-4861044","X004L612A7","FBA Customer Return Per Unit Fee (Clothing & Shoes)","","Amazon.ca","","","","","","0","0","0","0","0","0","0","0","0","0","0","0","-5.49","0","0","-5.49"
"Oct 5, 2025 11:59:55 p.m. PDT","24594147221","Order","702-0579783-1460228","MSCA-D70-5-2","ANGOOL Wireless Strapless Bra for Women Seamless Push Up Non-Slip Full Support Non Removable Padded Bandeau Bra, Beige, S","1","amazon.ca","Amazon","Calgary","Alberta","T2X4V","Combined TCS+MTC","29.99","1.50","0","0","0","0","0","0","0","0","-1.50","-5.10","-7.40","0","0","17.49"
"Oct 6, 2025 1:58:30 a.m. PDT","24594147221","Adjustment","702-2878440-1506664","MSCA-D70-7-4","FBA Inventory Reimbursement - Customer Return","1","","","","","","","0","0","0","0","0","0","0","0","0","0","0","0","0","0","16.42","16.42"
"Oct 6, 2025 4:48:21 a.m. PDT","24594147221","Fulfilment by Amazon customer return fee","701-5823450-3994618","X004L5YB51","FBA Customer Return Per Unit Fee (Clothing & Shoes)","","Amazon.ca","","","","","","0","0","0","0","0","0","0","0","0","0","0","0","-4.92","0","0","-4.92"
"Oct 6, 2025 6:03:45 a.m. PDT","24594147221","Fulfilment by Amazon customer return fee","702-6318160-7722629","X004P598V9","FBA Customer Return Per Unit Fee (Clothing & Shoes)","","Amazon.ca","","","","","","0","0","0","0","0","0","0","0","0","0","0","0","-4.92","0","0","-4.92"
"Oct 6, 2025 6:04:52 a.m. PDT","24594147221","Fulfilment by Amazon customer return fee","702-6318160-7722629","X004P52E65","FBA Customer Return Per Unit Fee (Clothing & Shoes)","","Amazon.ca","","","","","","0","0","0","0","0","0","0","0","0","0","0","0","-4.92","0","0","-4.92"
"Oct 6, 2025 6:56:25 a.m. PDT","24594147221","Order","702-3599384-5016210","MSCA-D77-2-3","ANGOOL Racerback Bras for Women Wire Free Sexy V Neck Lace Bralette Adjustable Strap Full Coverage Padded Bra, Black, M","1","amazon.ca","Amazon","Sault Ste. Marie","Ontario","P6B 3L","Combined TCS+MTC","26.99","3.51","0","0","0","0","0","0","0","0","-3.51","-4.59","-6.73","0","0","15.67"
"Oct 6, 2025 8:39:57 a.m. PDT","24594147221","Fulfilment by Amazon customer return fee","702-0037549-6102603","X004L5XHYH","FBA Customer Return Per Unit Fee (Clothing & Shoes)","","Amazon.ca","","","","","","0","0","0","0","0","0","0","0","0","0","0","0","-5.11","0","0","-5.11"
"Oct 6, 2025 9:43:06 a.m. PDT","24594147221","Order","701-3412640-6869840","MSCA-D70-25-3","ANGOOL Wireless Strapless Bra for Women Seamless Push Up Non-Slip Full Support Non Removable Padded Bandeau Bra, Black+Beige, M","1","amazon.ca","Amazon","Brantford","Ontario","N3V 1B","Combined TCS+MTC","42.99","5.59","6.99","0","0","0","0","0","-6.99","0","-5.59","-7.31","-7.40","0","0","28.28"
"Oct 6, 2025 10:10:28 a.m. PDT","24594147221","Fulfilment by Amazon customer return fee","702-5627948-2635454","X004L5VLD1","FBA Customer Return Per Unit Fee (Clothing & Shoes)","","Amazon.ca","","","","","","0","0","0","0","0","0","0","0","0","0","0","0","-5.03","0","0","-5.03"
"Oct 6, 2025 10:35:37 a.m. PDT","24594147221","Order","702-3128735-8903462","MSCA-D74-7-2","ANGOOL V Neck Seamless Bralette for Women Full Coverage Wireless Padded Bra No Underwire Non Removable Pads Push Up Bras, Brown, S","1","amazon.ca","Amazon","Surrey","British Columbia","V3Z 3W","Combined TCS+MTC","25.99","3.12","0","0","0","0","0","0","0","0","-3.12","-4.42","-7.71","0","0","13.86"
"Oct 6, 2025 11:52:39 a.m. PDT","24594147221","FBA Inventory Fee","701-9722609-3791404","","Fulfilment by Amazon removal order: disposal fee","","Amazon.ca","","","","","","0","0","0","0","0","0","0","0","0","0","0","0","0","0","-0.36","-0.36"
"Oct 6, 2025 12:02:44 p.m. PDT","24594147221","Fulfilment by Amazon customer return fee","702-6714507-0429829","X004L5U0M9","FBA Customer Return Per Unit Fee (Clothing & Shoes)","","Amazon.ca","","","","","","0","0","0","0","0","0","0","0","0","0","0","0","-5.11","0","0","-5.11"
"Oct 6, 2025 12:20:01 p.m. PDT","24594147221","Service Fee","ccac714d-d4a7-45d9-aa8a-6f9ab935b459","","Coupon Redemption Fee: Save 8% on Seamless Bra D74","1","Amazon.ca","","","","","","0","0","0","0","0","0","0","0","0","0","0","0","0","-0.60","0","-0.60"
"Oct 6, 2025 12:47:20 p.m. PDT","24594147221","Order","702-3900090-2497829","MSCA-D74-7-2","ANGOOL V Neck Seamless Bralette for Women Full Coverage Wireless Padded Bra No Underwire Non Removable Pads Push Up Bras, Brown, S","1","amazon.ca","Amazon","Melfort","Saskatchewan","S0E 1A","Combined TCS+MTC","25.99","2.86","0","0","0","0","0","0","0","0","-2.86","-4.42","-7.71","0","0","13.86"
"Oct 6, 2025 12:47:20 p.m. PDT","24594147221","Order","702-3900090-2497829","MSCA-D74-5-2","ANGOOL V Neck Seamless Bralette for Women Full Coverage Wireless Padded Bra No Underwire Non Removable Pads Push Up Bras, Beige, S","1","amazon.ca","Amazon","Melfort","Saskatchewan","S0E 1A","Combined TCS+MTC","25.99","2.86","0","0","0","0","0","0","0","0","-2.86","-4.42","-7.71","0","0","13.86"
"Oct 6, 2025 1:12:40 p.m. PDT","24594147221","Order","702-2049041-0095455","MSCA-D76-208-2","ANGOOL Sports Bras for Women Seamless Backless Criss Cross Strappy Sports Bra Without Underwire for Workout Gym Yoga, Black+Grey+Green, S","1","amazon.ca","Amazon","Langley","British Columbia","V2Y 3R","Combined TCS+MTC","31.99","3.84","0","0","0","0","0","0","0","0","-3.84","-5.44","0","0","0","26.55"
"Oct 6, 2025 3:32:44 p.m. PDT","24594147221","FBA Inventory Fee","701-9786813-5321061","","Fulfilment by Amazon removal order: disposal fee","","Amazon.ca","","","","","","0","0","0","0","0","0","0","0","0","0","0","0","0","0","-0.36","-0.36"
"Oct 6, 2025 4:21:51 p.m. PDT","24594147221","Order","702-3835739-9277014","MSCA-D70-2-4","ANGOOL Wireless Strapless Bra for Women Seamless Push Up Non-Slip Full Support Non Removable Padded Bandeau Bra, Black, L","1","amazon.ca","Amazon","Nepean","Ontario","K2H 7N","Combined TCS+MTC","29.99","3.90","0","0","0","0","0","0","0","0","-3.90","-5.10","-7.23","0","0","17.66"
"Oct 6, 2025 4:54:37 p.m. PDT","24594147221","Refund","701-2206906-9177840","MSCA-D70-5-3","ANGOOL Wireless Strapless Bra for Women Seamless Push Up Non-Slip Full Support Non Removable Padded Bandeau Bra, Beige, M","1","amazon.ca","Amazon","Markham","ON","L3P 2J","Combined TCS+MTC","-26.99","-3.51","0","0","0","0","0","0","0","0","3.51","3.67","0","0","0","-23.32"
"Oct 6, 2025 5:13:57 p.m. PDT","24594147221","Refund","702-1025681-2110602","MSCA-D77-2-4","ANGOOL Racerback Bras for Women Wire Free Sexy V Neck Lace Bralette Adjustable Strap Full Coverage Padded Bra, Black, L","1","amazon.ca","Amazon","Vancouver","BC","V5P 2G","Combined TCS+MTC","-26.99","-3.24","-6.99","0","0","0","0","0","6.99","0","3.24","3.67","0","0","0","-23.32"
"Oct 6, 2025 6:05:05 p.m. PDT","24594147221","Order","701-4672887-7637028","MSCA-D74-6-6","ANGOOL V Neck Seamless Bralette for Women Full Coverage Wireless Padded Bra No Underwire Non Removable Pads Push Up Bras, White, XXL","1","amazon.ca","Amazon","Flatrock","Newfoundland","A1K 1E","Combined TCS+MTC","25.99","3.90","0","0","0","0","0","0","0","0","-3.90","-4.42","-7.71","0","0","13.86"
"Oct 6, 2025 6:10:55 p.m. PDT","24594147221","Refund","702-3974646-2320235","MSCA-D77-7-2","ANGOOL Racerback Bras for Women Wire Free Sexy V Neck Lace Bralette Adjustable Strap Full Coverage Padded Bra, Brown, S","1","amazon.ca","Amazon","Maple","Ontario","L6A 3T","Combined TCS+MTC","-26.99","-3.51","-2.51","0","0","0","0","0","2.51","0","3.51","3.67","0","0","0","-23.32"
"Oct 6, 2025 7:07:15 p.m. PDT","24594147221","Refund","702-8802062-0364236","MSCA-D70-5-4","ANGOOL Wireless Strapless Bra for Women Seamless Push Up Non-Slip Full Support Non Removable Padded Bandeau Bra, Beige, L","1","amazon.ca","Amazon","Brantford","Ontario","N3R 4G","Combined TCS+MTC","-28.19","-3.66","0","0","0","0","0","0","0","0","3.66","3.83","0","0","0","-24.36"
"Oct 6, 2025 7:36:59 p.m. PDT","24594147221","Order","701-6046191-6093828","MSCA-D70-6-4","ANGOOL Wireless Strapless Bra for Women Seamless Push Up Non-Slip Full Support Non Removable Padded Bandeau Bra, White, L","1","amazon.ca","Amazon","Oakville","Ontario","L6M 3C","Combined TCS+MTC","29.99","3.90","3.26","0","0","0","0","0","-3.26","0","-3.90","-5.10","-6.73","0","0","18.16"
"Oct 6, 2025 8:26:56 p.m. PDT","24594147221","Order","701-1377122-0820258","MSCA-D70-6-4","ANGOOL Wireless Strapless Bra for Women Seamless Push Up Non-Slip Full Support Non Removable Padded Bandeau Bra, White, L","1","amazon.ca","Amazon","Saint-Jerome","Quebec","J7Y 0N","Combined TCS+MTC","29.99","4.49","0","0","0","0","0","0","0","0","-4.49","-5.10","-6.73","0","0","18.16"
"Oct 6, 2025 9:05:25 p.m. PDT","24594147221","Refund","701-8201408-1910607","MSCA-D70-25-5","ANGOOL Wireless Strapless Bra for Women Seamless Push Up Non-Slip Full Support Non Removable Padded Bandeau Bra, Black+Beige, XL","1","amazon.ca","Amazon","St. Albert","Alberta","T8N 6W","Combined TCS+MTC","-40.41","-2.02","0","0","0","0","0","0","0","0","2.02","5.50","0","0","0","-34.91"
"Oct 6, 2025 9:09:11 p.m. PDT","24594147221","Order","702-6975058-1167417","MSCA-D70-2-5","ANGOOL Wireless Strapless Bra for Women Seamless Push Up Non-Slip Full Support Non Removable Padded Bandeau Bra, Black, XL","1","amazon.ca","Amazon","Calgary","AB","T3G 3R","Combined TCS+MTC","29.99","1.50","0","0","0","0","0","0","0","0","-1.50","-5.10","-7.23","0","0","17.66"
"Oct 6, 2025 9:48:25 p.m. PDT","24594147221","Order","701-6297437-9361841","MSCA-D70-2-3","ANGOOL Wireless Strapless Bra for Women Seamless Push Up Non-Slip Full Support Non Removable Padded Bandeau Bra, Black, M","1","amazon.ca","Amazon","Calgary","Alberta","T3P 1T","Combined TCS+MTC","29.99","1.50","0","0","0","0","0","0","0","0","-1.50","-5.10","-7.23","0","0","17.66"
"Oct 6, 2025 9:58:16 p.m. PDT","24594147221","Order","701-2477276-5618639","MSCA-D70-6-5","ANGOOL Wireless Strapless Bra for Women Seamless Push Up Non-Slip Full Support Non Removable Padded Bandeau Bra, White, XL","1","amazon.ca","Amazon","Burlington","Ontario","L7L 1C","Combined TCS+MTC","29.99","3.90","0","0","0","0","0","0","0","0","-3.90","-5.10","-6.73","0","0","18.16"
"Oct 6, 2025 10:08:27 p.m. PDT","24594147221","Refund","702-4802343-0629810","MSCA-D70-2-2","ANGOOL Wireless Strapless Bra for Women Seamless Push Up Non-Slip Full Support Non Removable Padded Bandeau Bra, Black, S","1","amazon.ca","Amazon","Aurora","Ontario","L4G 6M","Combined TCS+MTC","-26.99","-3.51","0","0","0","0","0","0","0","0","3.51","3.67","0","0","0","-23.32"
"Oct 6, 2025 10:38:41 p.m. PDT","24594147221","Order","701-7563877-8277058","MSCA-D77-2-5","ANGOOL Racerback Bras for Women Wire Free Sexy V Neck Lace Bralette Adjustable Strap Full Coverage Padded Bra, Black, XL","1","amazon.ca","Amazon","Toronto","Ontario","M4E 3J","Combined TCS+MTC","29.99","3.90","0","0","0","0","0","0","0","0","-3.90","-5.10","-6.73","0","0","18.16"
"Oct 6, 2025 10:49:13 p.m. PDT","24594147221","Order","701-8663335-9729811","MSCA-D70-25-3","ANGOOL Wireless Strapless Bra for Women Seamless Push Up Non-Slip Full Support Non Removable Padded Bandeau Bra, Black+Beige, M","1","amazon.ca","Amazon","Toronto","Ontario","M6N 2N","Combined TCS+MTC","42.99","5.59","0","0","0","0","0","0","0","0","-5.59","-7.31","-7.40","0","0","28.28"
"Oct 6, 2025 11:25:05 p.m. PDT","24594147221","Order","702-0559552-4583440","MSCA-D70-5-2","ANGOOL Wireless Strapless Bra for Women Seamless Push Up Non-Slip Full Support Non Removable Padded Bandeau Bra, Beige, S","1","amazon.ca","Amazon","Oakville","Ontario","L6K 0J","Combined TCS+MTC","29.99","3.90","1.40","0","0","0","0","0","-1.40","0","-3.90","-5.10","-7.40","0","0","17.49"
"Oct 7, 2025 12:49:28 a.m. PDT","24594147221","Order","701-8495202-7582620","MSCA-D70-5-3","ANGOOL Wireless Strapless Bra for Women Seamless Push Up Non-Slip Full Support Non Removable Padded Bandeau Bra, Beige, M","1","amazon.ca","Amazon","Belle River","Ontario","N0R 1A","Combined TCS+MTC","29.99","3.90","0","0","0","0","0","0","0","0","-3.90","-5.10","-6.73","0","0","18.16"
"Oct 7, 2025 12:49:47 a.m. PDT","24594147221","Adjustment","702-5471992-4701003","MSCA-D70-5-3","FBA Inventory Reimbursement - Customer Return","1","","","","","","","0","0","0","0","0","0","0","0","0","0","0","0","0","0","16.92","16.92"
"Oct 7, 2025 1:19:19 a.m. PDT","24594147221","Order","701-5333106-5952224","MSCA-D77-2-2","ANGOOL Racerback Bras for Women Wire Free Sexy V Neck Lace Bralette Adjustable Strap Full Coverage Padded Bra, Black, S","1","amazon.ca","Amazon","Calgary","Alberta","T2E 1T","Combined TCS+MTC","29.99","1.50","0","0","0","0","0","0","0","0","-1.50","-5.10","-6.73","0","0","18.16"
"Oct 7, 2025 1:31:10 a.m. PDT","24594147221","Order","702-8611644-8796264","MSCA-D70-25-2","ANGOOL Wireless Strapless Bra for Women Seamless Push Up Non-Slip Full Support Non Removable Padded Bandeau Bra, Black+Beige, S","1","amazon.ca","Amazon","Mississauga","Ontario","L5M 5S","Combined TCS+MTC","42.99","5.59","0","0","0","0","0","0","0","0","-5.59","-7.31","-7.40","0","0","28.28"
"Oct 7, 2025 1:32:45 a.m. PDT","24594147221","Order","702-9347031-1897823","MSCA-D70-7-3","ANGOOL Wireless Strapless Bra for Women Seamless Push Up Non-Slip Full Support Non Removable Padded Bandeau Bra, Brown, M","1","amazon.ca","Amazon","Mississauga","Ontario","L5M 0N","Combined TCS+MTC","29.99","3.90","0","0","0","0","0","0","0","0","-3.90","-5.10","-7.40","0","0","17.49"
"Oct 7, 2025 1:53:38 a.m. PDT","24594147221","Order","702-2486519-5952231","MSCA-D70-2-3","ANGOOL Wireless Strapless Bra for Women Seamless Push Up Non-Slip Full Support Non Removable Padded Bandeau Bra, Black, M","1","amazon.ca","Amazon","Saint-Hubert","Quebec","J3Y 8P","Combined TCS+MTC","29.99","4.49","0","0","0","0","0","0","0","0","-4.49","-5.10","-7.23","0","0","17.66"
"Oct 7, 2025 2:36:46 a.m. PDT","24594147221","Order","702-4237047-9541025","MSCA-D70-5-5","ANGOOL Wireless Strapless Bra for Women Seamless Push Up Non-Slip Full Support Non Removable Padded Bandeau Bra, Beige, XL","1","amazon.ca","Amazon","Winfield","Alberta","T0C 2X","Combined TCS+MTC","29.99","1.50","5.36","0.27","0","0","0","0","0","0","-1.77","-5.10","-12.59","0","0","17.66"
"Oct 7, 2025 4:21:26 a.m. PDT","24594147221","Order","702-6714094-6765050","MSCA-D70-7-4","ANGOOL Wireless Strapless Bra for Women Seamless Push Up Non-Slip Full Support Non Removable Padded Bandeau Bra, Brown, L","1","amazon.ca","Amazon","Scarborough","Ontario","M1W 2N","Combined TCS+MTC","29.99","3.90","0","0","0","0","0","0","0","0","-3.90","-5.10","-7.23","0","0","17.66"
"Oct 7, 2025 4:31:37 a.m. PDT","24594147221","Fulfilment by Amazon customer return fee","702-8508710-9940228","X004L5YB51","FBA Customer Return Per Unit Fee (Clothing & Shoes)","","Amazon.ca","","","","","","0","0","0","0","0","0","0","0","0","0","0","0","-4.92","0","0","-4.92"
"Oct 7, 2025 6:32:57 a.m. PDT","24594147221","Fulfilment by Amazon customer return fee","701-9524643-9554629","X004L5KTDT","FBA Customer Return Per Unit Fee (Clothing & Shoes)","","Amazon.ca","","","","","","0","0","0","0","0","0","0","0","0","0","0","0","-5.15","0","0","-5.15"
"Oct 7, 2025 6:48:46 a.m. PDT","24594147221","Fulfilment by Amazon customer return fee","702-6289782-8234658","X004L5YB51","FBA Customer Return Per Unit Fee (Clothing & Shoes)","","Amazon.ca","","","","","","0","0","0","0","0","0","0","0","0","0","0","0","-4.92","0","0","-4.92"
"Oct 7, 2025 7:48:40 a.m. PDT","24594147221","Fulfilment by Amazon customer return fee","702-6311417-1453826","X004L631E7","FBA Customer Return Per Unit Fee (Clothing & Shoes)","","Amazon.ca","","","","","","0","0","0","0","0","0","0","0","0","0","0","0","-5.03","0","0","-5.03"
"Oct 7, 2025 9:15:21 a.m. PDT","24594147221","Refund","702-7172585-0761054","MSCA-D70-2-3","ANGOOL Wireless Strapless Bra for Women Seamless Push Up Non-Slip Full Support Non Removable Padded Bandeau Bra, Black, M","1","amazon.ca","Amazon","Aurora","ON","L4G 1Z","Combined TCS+MTC","-28.19","-3.66","0","0","0","0","0","0","0","0","3.66","3.83","0","0","0","-24.36"
"Oct 7, 2025 11:46:25 a.m. PDT","24594147221","Order","701-6047971-5360208","MSCA-D77-2-4","ANGOOL Racerback Bras for Women Wire Free Sexy V Neck Lace Bralette Adjustable Strap Full Coverage Padded Bra, Black, L","1","amazon.ca","Amazon","Edwards","Ontario","K0A1V","Combined TCS+MTC","29.99","3.90","0","0","0","0","0","0","0","0","-3.90","-5.10","-6.73","0","0","18.16"
"Oct 7, 2025 12:03:54 p.m. PDT","24594147221","FBA Inventory Fee","","","FBA storage fee","","Amazon.ca","","","","","","0","0","0","0","0","0","0","0","0","0","0","0","0","0","-249.91","-249.91"
"Oct 7, 2025 12:17:12 p.m. PDT","24594147221","FBA Inventory Fee","702-5627948-2635454","","Fulfilment by Amazon removal order: disposal fee","","Amazon.ca","","","","","","0","0","0","0","0","0","0","0","0","0","0","0","0","0","-0.36","-0.36"
"Oct 7, 2025 12:19:18 p.m. PDT","24594147221","Service Fee","ccac714d-d4a7-45d9-aa8a-6f9ab935b459","","Coupon Redemption Fee: Save 8% on Seamless Bra D74","3","Amazon.ca","","","","","","0","0","0","0","0","0","0","0","0","0","0","0","0","-1.80","0","-1.80"
"Oct 7, 2025 12:21:05 p.m. PDT","24594147221","Fulfilment by Amazon customer return fee","702-5333415-6681854","X004L5XHYH","FBA Customer Return Per Unit Fee (Clothing & Shoes)","","Amazon.ca","","","","","","0","0","0","0","0","0","0","0","0","0","0","0","-5.15","0","0","-5.15"
"Oct 7, 2025 12:21:54 p.m. PDT","24594147221","Order","702-7686629-1503449","MSCA-D74-2-2","ANGOOL V Neck Seamless Bralette for Women Full Coverage Wireless Padded Bra No Underwire Non Removable Pads Push Up Bras, Black, S","1","amazon.ca","Amazon","Delta","British Columbia","V4C 6N","Combined TCS+MTC","22.09","2.65","0","0","0","0","0","0","0","0","-2.65","-3.76","-7.71","0","0","10.62"
"Oct 7, 2025 1:02:29 p.m. PDT","24594147221","Order","701-6374605-7557059","MSCA-D77-5-2","ANGOOL Racerback Bras for Women Wire Free Sexy V Neck Lace Bralette Adjustable Strap Full Coverage Padded Bra, Beige, S","1","amazon.ca","Amazon","North Bay","Ontario","P1B 3L","Combined TCS+MTC","25.49","3.31","0","0","0","0","0","0","0","0","-3.31","-4.33","-6.73","0","0","14.43"
"Oct 7, 2025 1:21:29 p.m. PDT","24594147221","Order","702-1478476-0835461","MSCA-D70-5-2","ANGOOL Wireless Strapless Bra for Women Seamless Push Up Non-Slip Full Support Non Removable Padded Bandeau Bra, Beige, S","1","amazon.ca","Amazon","Petawawa","Ontario","K8H 2H","Combined TCS+MTC","25.49","3.31","0","0","0","0","0","0","0","0","-3.31","-4.33","-7.40","0","0","13.76"
"Oct 7, 2025 1:35:45 p.m. PDT","24594147221","Refund","702-6466690-8041801","MSCA-D70-5-3","ANGOOL Wireless Strapless Bra for Women Seamless Push Up Non-Slip Full Support Non Removable Padded Bandeau Bra, Beige, M","1","amazon.ca","Amazon","Penetanguishene","ON","L9M 2H","Combined TCS+MTC","-26.99","-3.51","0","0","0","0","0","0","0","0","3.51","3.67","0","0","0","-23.32"
"Oct 7, 2025 1:57:32 p.m. PDT","24594147221","Refund","702-4527703-5420223","MSCA-D70-7-5","ANGOOL Wireless Strapless Bra for Women Seamless Push Up Non-Slip Full Support Non Removable Padded Bandeau Bra, Brown, XL","1","amazon.ca","Amazon","Calgary","Alberta","T3K 4R","Combined TCS+MTC","-26.99","-1.35","0","0","0","0","0","0","0","0","1.35","3.67","0","0","0","-23.32"
"Oct 7, 2025 2:05:39 p.m. PDT","24594147221","Order","702-9709163-7448223","MSCA-D70-5-2","ANGOOL Wireless Strapless Bra for Women Seamless Push Up Non-Slip Full Support Non Removable Padded Bandeau Bra, Beige, S","1","amazon.ca","Amazon","Vancouver","British Columbia","V6H 1B","Combined TCS+MTC","25.49","3.06","3.50","0","0","0","0","0","-3.50","0","-3.06","-4.33","-7.92","0","0","13.24"
"Oct 7, 2025 2:16:12 p.m. PDT","24594147221","Refund","702-2927840-4825069","MSCA-D70-7-5","ANGOOL Wireless Strapless Bra for Women Seamless Push Up Non-Slip Full Support Non Removable Padded Bandeau Bra, Brown, XL","1","amazon.ca","Amazon","Ottawa","Ontario","K1T 3R","Combined TCS+MTC","-29.99","-3.90","-2.33","0","0","0","0","0","2.33","0","3.90","4.08","0","0","0","-25.91"
"Oct 7, 2025 2:47:55 p.m. PDT","24594147221","Order","702-2743317-8369022","MSCA-D74-7-2","ANGOOL V Neck Seamless Bralette for Women Full Coverage Wireless Padded Bra No Underwire Non Removable Pads Push Up Bras, Brown, S","1","amazon.ca","Amazon","Trenton","Ontario","K8V 4E","Combined TCS+MTC","25.99","3.38","0","0","0","0","0","0","0","0","-3.38","-4.42","-7.71","0","0","13.86"
"Oct 7, 2025 2:55:00 p.m. PDT","24594147221","Order","701-4152782-6496223","MSCA-D77-7-3","ANGOOL Racerback Bras for Women Wire Free Sexy V Neck Lace Bralette Adjustable Strap Full Coverage Padded Bra, Brown, M","1","amazon.ca","Amazon","Sarnia","Ontario","N7S 4H","Combined TCS+MTC","25.49","3.31","0","0","0","0","0","0","0","0","-3.31","-4.33","-6.73","0","0","14.43"
"Oct 7, 2025 3:19:14 p.m. PDT","24594147221","FBA Inventory Fee","702-6289782-8234658","","Fulfilment by Amazon removal order: disposal fee","","Amazon.ca","","","","","","0","0","0","0","0","0","0","0","0","0","0","0","0","0","-0.36","-0.36"
"Oct 7, 2025 3:25:17 p.m. PDT","24594147221","Fulfilment by Amazon customer return fee","702-0643635-7357866","X004L5VLFT","FBA Customer Return Per Unit Fee (Clothing & Shoes)","","Amazon.ca","","","","","","0","0","0","0","0","0","0","0","0","0","0","0","-4.87","0","0","-4.87"
"Oct 7, 2025 4:07:03 p.m. PDT","24594147221","Fulfilment by Amazon customer return fee","701-5014127-8922662","X004L5ZNMB","FBA Customer Return Per Unit Fee (Clothing & Shoes)","","Amazon.ca","","","","","","0","0","0","0","0","0","0","0","0","0","0","0","-4.67","0","0","-4.67"
"Oct 7, 2025 4:51:27 p.m. PDT","24594147221","Refund","702-8624923-3671406","MSCA-D70-7-2","ANGOOL Wireless Strapless Bra for Women Seamless Push Up Non-Slip Full Support Non Removable Padded Bandeau Bra, Brown, S","1","amazon.ca","Amazon","Milton","Ontario","L9E 1R","Combined TCS+MTC","-26.99","-3.51","0","0","0","0","0","0","0","0","7.02","7.34","0","0","0","-16.14"
"Oct 7, 2025 4:51:27 p.m. PDT","24594147221","Refund","702-8624923-3671406","MSCA-D70-7-2","ANGOOL Wireless Strapless Bra for Women Seamless Push Up Non-Slip Full Support Non Removable Padded Bandeau Bra, Brown, S","1","amazon.ca","Amazon","Milton","Ontario","L9E 1R","","-26.99","-3.51","0","0","0","0","0","0","0","0","0","0","0","0","0","-30.50"
"Oct 7, 2025 5:12:51 p.m. PDT","24594147221","Order","702-2898775-7596223","MSCA-D77-2-3","ANGOOL Racerback Bras for Women Wire Free Sexy V Neck Lace Bralette Adjustable Strap Full Coverage Padded Bra, Black, M","1","amazon.ca","Amazon","Grimsby","ON","L3M 1S","Combined TCS+MTC","29.99","3.90","0","0","0","0","0","0","0","0","-3.90","-5.10","-6.73","0","0","18.16"
"Oct 7, 2025 6:05:26 p.m. PDT","24594147221","Fulfilment by Amazon customer return fee","701-0594050-9469008","X004L5KTDT","FBA Customer Return Per Unit Fee (Clothing & Shoes)","","Amazon.ca","","","","","","0","0","0","0","0","0","0","0","0","0","0","0","-5.15","0","0","-5.15"
"Oct 7, 2025 7:16:55 p.m. PDT","24594147221","Order","701-5263713-4672238","MSCA-D70-2-6","ANGOOL Wireless Strapless Bra for Women Seamless Push Up Non-Slip Full Support Non Removable Padded Bandeau Bra, Black, XXL","1","amazon.ca","Amazon","Laval","Quebec","H7N 3Y","Combined TCS+MTC","25.49","3.82","0","0","0","0","0","0","0","0","-3.82","-4.33","-6.73","0","0","14.43"
"Oct 7, 2025 7:58:04 p.m. PDT","24594147221","Order","702-0980176-5904239","MSCA-D70-25-3","ANGOOL Wireless Strapless Bra for Women Seamless Push Up Non-Slip Full Support Non Removable Padded Bandeau Bra, Black+Beige, M","1","amazon.ca","Amazon","Mississauga","Ontario","L5M 5S","Combined TCS+MTC","36.54","4.75","0","0","0","0","0","0","0","0","-4.75","-6.21","-7.40","0","0","22.93"
"Oct 7, 2025 8:08:13 p.m. PDT","24594147221","Refund","701-8552051-9311446","MSCA-D70-25-3","ANGOOL Wireless Strapless Bra for Women Seamless Push Up Non-Slip Full Support Non Removable Padded Bandeau Bra, Black+Beige, M","1","amazon.ca","Amazon","North Vancouver","British Columbia","V7J 3M","Combined TCS+MTC","-40.84","-4.90","0","0","0","0","0","0","0","0","4.90","5.55","0","0","0","-35.29"
"Oct 7, 2025 8:35:52 p.m. PDT","24594147221","Order","701-5587310-1427438","MSCA-D70-25-3","ANGOOL Wireless Strapless Bra for Women Seamless Push Up Non-Slip Full Support Non Removable Padded Bandeau Bra, Black+Beige, M","1","amazon.ca","Amazon","Brantford","Ontario","N3V 1B","Combined TCS+MTC","36.54","4.75","3.49","0","0","0","0","0","-3.49","0","-4.75","-6.21","-7.40","0","0","22.93"
"Oct 7, 2025 9:48:01 p.m. PDT","24594147221","Order","701-2638049-6322628","MSCA-D70-25-3","ANGOOL Wireless Strapless Bra for Women Seamless Push Up Non-Slip Full Support Non Removable Padded Bandeau Bra, Black+Beige, M","1","amazon.ca","Amazon","Brampton","Ontario","L6W 4K","Combined TCS+MTC","36.54","4.75","0","0","0","0","0","0","0","0","-4.75","-6.21","-7.40","0","0","22.93"
"Oct 7, 2025 9:54:10 p.m. PDT","24594147221","Order","702-6822988-2708220","MSCA-D70-7-5","ANGOOL Wireless Strapless Bra for Women Seamless Push Up Non-Slip Full Support Non Removable Padded Bandeau Bra, Brown, XL","1","amazon.ca","Amazon","Laval","QC","H7N 4M","Combined TCS+MTC","25.49","3.82","0","0","0","0","0","0","0","0","-3.82","-4.33","-7.23","0","0","13.93"
"Oct 7, 2025 10:13:10 p.m. PDT","24594147221","Order","702-4133947-3405829","MSCA-D70-25-4","ANGOOL Wireless Strapless Bra for Women Seamless Push Up Non-Slip Full Support Non Removable Padded Bandeau Bra, Black+Beige, L","1","amazon.ca","Amazon","Burnaby","British Columbia","V5C 2H","Combined TCS+MTC","36.54","4.38","0","0","0","0","0","0","0","0","-4.38","-6.21","-8.25","0","0","22.08"
"Oct 7, 2025 10:19:43 p.m. PDT","24594147221","Refund","702-6728316-8665047","MSCA-D70-5-3","ANGOOL Wireless Strapless Bra for Women Seamless Push Up Non-Slip Full Support Non Removable Padded Bandeau Bra, Beige, M","1","amazon.ca","Amazon","Regina","Saskatchewan","S4S 1W","Combined TCS+MTC","-28.19","-3.10","0","0","0","0","0","0","0","0","3.10","3.83","0","0","0","-24.36"
"Oct 7, 2025 10:38:31 p.m. PDT","24594147221","Order","702-6254862-0781855","MSCA-D74-2-2","ANGOOL V Neck Seamless Bralette for Women Full Coverage Wireless Padded Bra No Underwire Non Removable Pads Push Up Bras, Black, S","1","amazon.ca","Amazon","Edmonton","Alberta","T6J 4Z","Combined TCS+MTC","25.99","1.30","0","0","0","0","0","0","0","0","-1.30","-4.42","-7.71","0","0","13.86"
"Oct 8, 2025 12:03:06 a.m. PDT","24594147221","Order","702-3079135-3628239","MSCA-D70-7-4","ANGOOL Wireless Strapless Bra for Women Seamless Push Up Non-Slip Full Support Non Removable Padded Bandeau Bra, Brown, L","1","amazon.ca","Amazon","Grande Prairie","Alberta","T8V 7S","Combined TCS+MTC","25.49","1.27","0","0","0","0","0","0","0","0","-1.27","-4.33","-7.23","0","0","13.93"
"Oct 8, 2025 12:32:50 a.m. PDT","24594147221","Order","702-7431333-8587416","MSCA-D70-2-5","ANGOOL Wireless Strapless Bra for Women Seamless Push Up Non-Slip Full Support Non Removable Padded Bandeau Bra, Black, XL","1","amazon.ca","Amazon","Calgary","Alberta","T3A 6E","Combined TCS+MTC","25.49","1.27","0","0","0","0","0","0","0","0","-1.27","-4.33","-7.23","0","0","13.93"
"Oct 8, 2025 12:55:14 a.m. PDT","24594147221","Order","701-5673044-5949026","MSCA-D70-25-4","ANGOOL Wireless Strapless Bra for Women Seamless Push Up Non-Slip Full Support Non Removable Padded Bandeau Bra, Black+Beige, L","1","amazon.ca","Amazon","Strathmore","Alberta","T1P 0C","Combined TCS+MTC","36.54","1.83","0","0","0","0","0","0","0","0","-1.83","-6.21","-8.25","0","0","22.08"
"Oct 8, 2025 1:16:20 a.m. PDT","24594147221","Order","701-0728939-5589856","MSCA-D70-2-5","ANGOOL Wireless Strapless Bra for Women Seamless Push Up Non-Slip Full Support Non Removable Padded Bandeau Bra, Black, XL","1","amazon.ca","Amazon","Embrun","Ontario","K0A 1W","Combined TCS+MTC","25.49","3.31","0","0","0","0","0","0","0","0","-3.31","-4.33","-7.23","0","0","13.93"
"Oct 8, 2025 1:52:48 a.m. PDT","24594147221","Order","701-4414060-9124260","MSCA-D77-2-2","ANGOOL Racerback Bras for Women Wire Free Sexy V Neck Lace Bralette Adjustable Strap Full Coverage Padded Bra, Black, S","1","amazon.ca","Amazon","Baden","Ontario","N3A 4K","Combined TCS+MTC","23.09","3.00","0","0","0","0","0","0","0","0","-3.00","-3.93","-6.73","0","0","12.43"
"Oct 8, 2025 1:53:28 a.m. PDT","24594147221","Order","701-1512668-0908200","MSCA-D70-25-4","ANGOOL Wireless Strapless Bra for Women Seamless Push Up Non-Slip Full Support Non Removable Padded Bandeau Bra, Black+Beige, L","1","amazon.ca","Amazon","Pickering","Ontario","L1X 0G","Combined TCS+MTC","36.54","4.75","0","0","0","0","0","0","0","0","-4.75","-6.21","-8.25","0","0","22.08"
"Oct 8, 2025 2:47:58 a.m. PDT","24594147221","Order","701-1174037-1916205","MSCA-D70-5-2","ANGOOL Wireless Strapless Bra for Women Seamless Push Up Non-Slip Full Support Non Removable Padded Bandeau Bra, Beige, S","1","amazon.ca","Amazon","Moncton","NB","E1A 7A","Combined TCS+MTC","25.49","3.82","0","0","0","0","0","0","0","0","-3.82","-4.33","-7.40","0","0","13.76"
"Oct 8, 2025 6:45:17 a.m. PDT","24594147221","Order","701-8569815-7537048","MSCA-D76-208-2","ANGOOL Sports Bras for Women Seamless Backless Criss Cross Strappy Sports Bra Without Underwire for Workout Gym Yoga, Black+Grey+Green, S","1","amazon.ca","Amazon","Grande Prairie","Alberta","T8W 0A","Combined TCS+MTC","31.99","1.60","0","0","0","0","0","0","0","0","-1.60","-5.44","0","0","0","26.55"
"Oct 8, 2025 7:14:52 a.m. PDT","24594147221","Fulfilment by Amazon customer return fee","701-6889283-7852238","X004L5VMH1","FBA Customer Return Per Unit Fee (Clothing & Shoes)","","Amazon.ca","","","","","","0","0","0","0","0","0","0","0","0","0","0","0","-4.92","0","0","-4.92"
"Oct 8, 2025 7:55:19 a.m. PDT","24594147221","Order","701-9927878-0915463","MSCA-D70-5-6","ANGOOL Wireless Strapless Bra for Women Seamless Push Up Non-Slip Full Support Non Removable Padded Bandeau Bra, Beige, XXL","1","amazon.ca","Amazon","Gatineau","Quebec","J9A 2X","Combined TCS+MTC","25.49","3.82","1.64","0","0","0","0","0","-1.64","0","-3.82","-4.33","-7.23","0","0","13.93"
"Oct 8, 2025 10:46:22 a.m. PDT","24594147221","Refund","701-5249901-9460209","MSCA-D70-7-4","ANGOOL Wireless Strapless Bra for Women Seamless Push Up Non-Slip Full Support Non Removable Padded Bandeau Bra, Brown, L","1","amazon.ca","Amazon","Hamilton","Ontario","L8P 3H","Combined TCS+MTC","-26.99","-3.51","-6.99","0","0","0","0","0","6.99","0","3.51","3.67","0","0","0","-23.32"
"Oct 8, 2025 10:58:01 a.m. PDT","24594147221","Order","702-6875079-6108212","MSCA-D74-5-2","ANGOOL V Neck Seamless Bralette for Women Full Coverage Wireless Padded Bra No Underwire Non Removable Pads Push Up Bras, Beige, S","1","amazon.ca","Amazon","Delta","British Columbia","V4C 6N","Combined TCS+MTC","22.09","2.65","0","0","0","0","0","0","0","0","-2.65","-3.76","-7.71","0","0","10.62"
"Oct 8, 2025 11:22:05 a.m. PDT","24594147221","Order","701-2242525-4027455","MSCA-D70-2-2","ANGOOL Wireless Strapless Bra for Women Seamless Push Up Non-Slip Full Support Non Removable Padded Bandeau Bra, Black, S","1","amazon.ca","Amazon","Vancouver","British Columbia","V5X 1N","Combined TCS+MTC","25.49","3.06","0","0","0","0","0","0","0","0","-3.06","-4.33","-6.73","0","0","14.43"
"Oct 8, 2025 11:22:59 a.m. PDT","24594147221","Order","701-3320774-9457031","MSCA-D70-2-5","ANGOOL Wireless Strapless Bra for Women Seamless Push Up Non-Slip Full Support Non Removable Padded Bandeau Bra, Black, XL","1","amazon.ca","Amazon","Langley","British Columbia","V3A 4V","Combined TCS+MTC","25.49","3.06","0","0","0","0","0","0","0","0","-3.06","-4.33","-7.23","0","0","13.93"
"Oct 8, 2025 11:46:33 a.m. PDT","24594147221","Order","701-9528926-2085047","MSCA-D76-206-2","ANGOOL Sports Bras for Women Seamless Backless Criss Cross Strappy Sports Bra Without Underwire for Workout Gym Yoga, Black+Grey+White, S","1","amazon.ca","Amazon","Mississauga","Ontario","L5A 3G","Combined TCS+MTC","30.39","3.95","0","0","0","0","0","0","0","0","-3.95","-5.17","0","0","0","25.22"
"Oct 8, 2025 11:49:52 a.m. PDT","24594147221","Order","701-4356208-7129867","MSCA-D70-2-2","ANGOOL Wireless Strapless Bra for Women Seamless Push Up Non-Slip Full Support Non Removable Padded Bandeau Bra, Black, S","1","amazon.ca","Amazon","Amherstburg","Ontario","N0R 1J","Combined TCS+MTC","25.49","3.31","0","0","0","0","0","0","0","0","-3.31","-4.33","-6.73","0","0","14.43"
"Oct 8, 2025 12:06:20 p.m. PDT","24594147221","Fulfilment by Amazon customer return fee","702-7306443-3674626","X004L4QDE9","FBA Customer Return Per Unit Fee (Clothing & Shoes)","","Amazon.ca","","","","","","0","0","0","0","0","0","0","0","0","0","0","0","-4.90","0","0","-4.90"
"Oct 8, 2025 12:17:57 p.m. PDT","24594147221","Order","701-4092537-6501809","MSCA-D70-5-4","ANGOOL Wireless Strapless Bra for Women Seamless Push Up Non-Slip Full Support Non Removable Padded Bandeau Bra, Beige, L","1","amazon.ca","Amazon","Surrey","British Columbia","V3S 9Y","Combined TCS+MTC","25.49","3.06","0","0","0","0","0","0","0","0","-3.06","-4.33","-7.74","0","0","13.42"
"Oct 8, 2025 12:49:10 p.m. PDT","24594147221","Refund","702-1957067-8792244","MSCA-D77-7-5","ANGOOL Racerback Bras for Women Wire Free Sexy V Neck Lace Bralette Adjustable Strap Full Coverage Padded Bra, Brown, XL","1","amazon.ca","Amazon","Mississauga","Ontario","L5W 1W","Combined TCS+MTC","-23.99","-3.12","0","0","0","0","0","0","0","0","3.12","3.26","0","0","0","-20.73"
"Oct 8, 2025 1:51:22 p.m. PDT","24594147221","Order","701-9103960-1341041","MSCA-D70-5-3","ANGOOL Wireless Strapless Bra for Women Seamless Push Up Non-Slip Full Support Non Removable Padded Bandeau Bra, Beige, M","1","amazon.ca","Amazon","Orillia","Ontario","L3V 0A","Combined TCS+MTC","25.49","3.31","0","0","0","0","0","0","0","0","-3.31","-4.33","-6.73","0","0","14.43"
"Oct 8, 2025 1:55:36 p.m. PDT","24594147221","Order","702-9298198-3697050","MSCA-D70-5-3","ANGOOL Wireless Strapless Bra for Women Seamless Push Up Non-Slip Full Support Non Removable Padded Bandeau Bra, Beige, M","1","amazon.ca","Amazon","Calgary","Alberta","T2P 0C","Combined TCS+MTC","25.49","1.27","0","0","0","0","0","0","0","0","-1.27","-4.33","-7.20","0","0","13.96"
"Oct 8, 2025 2:05:26 p.m. PDT","24594147221","Order","702-1771321-5976223","MSCA-D70-25-4","ANGOOL Wireless Strapless Bra for Women Seamless Push Up Non-Slip Full Support Non Removable Padded Bandeau Bra, Black+Beige, L","1","amazon.ca","Amazon","Coquitlam","BC","V3B7E","Combined TCS+MTC","36.54","4.38","6.99","0","0","0","0","0","-6.99","0","-4.38","-6.21","-8.83","0","0","21.50"
"Oct 8, 2025 3:08:03 p.m. PDT","24594147221","Refund","702-0559552-4583440","MSCA-D70-5-2","ANGOOL Wireless Strapless Bra for Women Seamless Push Up Non-Slip Full Support Non Removable Padded Bandeau Bra, Beige, S","1","amazon.ca","Amazon","Oakville","Ontario","L6K 0J","Combined TCS+MTC","-29.99","-3.90","-1.40","0","0","0","0","0","1.40","0","3.90","4.08","0","0","0","-25.91"
"Oct 8, 2025 3:08:22 p.m. PDT","24594147221","Refund","702-8631787-8187405","MSCA-D70-2-4","ANGOOL Wireless Strapless Bra for Women Seamless Push Up Non-Slip Full Support Non Removable Padded Bandeau Bra, Black, L","1","amazon.ca","Amazon","Thunder Bay","Ontario","P7E 4N","Combined TCS+MTC","-28.19","-3.66","0","0","0","0","0","0","0","0","3.66","3.83","0","0","0","-24.36"
"Oct 8, 2025 3:26:37 p.m. PDT","24594147221","FBA Inventory Fee","701-2736515-7735415","","Fulfilment by Amazon removal order: disposal fee","","Amazon.ca","","","","","","0","0","0","0","0","0","0","0","0","0","0","0","0","0","-0.39","-0.39"
"Oct 8, 2025 3:26:49 p.m. PDT","24594147221","FBA Inventory Fee","701-0738559-5678618","","Fulfilment by Amazon removal order: disposal fee","","Amazon.ca","","","","","","0","0","0","0","0","0","0","0","0","0","0","0","0","0","-0.39","-0.39"
"Oct 8, 2025 3:41:52 p.m. PDT","24594147221","Order","701-5036486-7541040","MSCA-D70-6-3","ANGOOL Wireless Strapless Bra for Women Seamless Push Up Non-Slip Full Support Non Removable Padded Bandeau Bra, White, M","1","amazon.ca","Amazon","Surrey","British Columbia","V3S 0B","Combined TCS+MTC","25.49","3.06","0","0","0","0","0","0","0","0","-3.06","-4.33","-6.73","0","0","14.43"
"Oct 8, 2025 3:50:56 p.m. PDT","24594147221","Order","702-4802703-3345822","MSCA-D70-6-4","ANGOOL Wireless Strapless Bra for Women Seamless Push Up Non-Slip Full Support Non Removable Padded Bandeau Bra, White, L","1","amazon.ca","Amazon","Oakville","Ontario","L6H 4K","Combined TCS+MTC","25.49","3.31","0","0","0","0","0","0","0","0","-3.31","-4.33","-6.73","0","0","14.43"
"Oct 8, 2025 3:59:06 p.m. PDT","24594147221","FBA Inventory Fee","702-3253765-8968256","","Fulfilment by Amazon removal order: disposal fee","","Amazon.ca","","","","","","0","0","0","0","0","0","0","0","0","0","0","0","0","0","-0.39","-0.39"
"Oct 8, 2025 4:12:55 p.m. PDT","24594147221","Fulfilment by Amazon customer return fee","701-5982185-1005821","X004L5ZNNZ","FBA Customer Return Per Unit Fee (Clothing & Shoes)","","Amazon.ca","","","","","","0","0","0","0","0","0","0","0","0","0","0","0","-4.79","0","0","-4.79"
"Oct 8, 2025 4:20:05 p.m. PDT","24594147221","Refund","702-3599384-5016210","MSCA-D77-2-3","ANGOOL Racerback Bras for Women Wire Free Sexy V Neck Lace Bralette Adjustable Strap Full Coverage Padded Bra, Black, M","1","amazon.ca","Amazon","Sault Ste. Marie","Ontario","P6B 3L","Combined TCS+MTC","-26.99","-3.51","0","0","0","0","0","0","0","0","3.51","3.67","0","0","0","-23.32"
"Oct 8, 2025 4:25:22 p.m. PDT","24594147221","Order","702-5256739-5126613","MSCA-D70-5-2","ANGOOL Wireless Strapless Bra for Women Seamless Push Up Non-Slip Full Support Non Removable Padded Bandeau Bra, Beige, S","1","amazon.ca","Amazon","Toronto","Ontario","M4S 0B","Combined TCS+MTC","25.49","3.31","0","0","0","0","0","0","0","0","-3.31","-4.33","-7.40","0","0","13.76"
"Oct 8, 2025 4:51:16 p.m. PDT","24594147221","Refund","701-2359072-0290664","MSCA-D70-6-6","ANGOOL Wireless Strapless Bra for Women Seamless Push Up Non-Slip Full Support Non Removable Padded Bandeau Bra, White, XXL","1","amazon.ca","Amazon","Toronto","Ontario","M4V 1Z","Combined TCS+MTC","-28.49","-3.70","0","0","0","0","0","0","0","0","3.70","3.87","0","0","0","-24.62"
"Oct 8, 2025 6:10:33 p.m. PDT","24594147221","Order","702-6973249-6021038","MSCA-D70-2-2","ANGOOL Wireless Strapless Bra for Women Seamless Push Up Non-Slip Full Support Non Removable Padded Bandeau Bra, Black, S","1","amazon.ca","Amazon","Courtenay","British Columbia","V9N 3M","Combined TCS+MTC","25.49","3.06","0","0","0","0","0","0","0","0","-3.06","-4.33","-6.73","0","0","14.43"
"Oct 8, 2025 6:46:44 p.m. PDT","24594147221","Order","702-7099069-2805825","MSCA-D70-25-2","ANGOOL Wireless Strapless Bra for Women Seamless Push Up Non-Slip Full Support Non Removable Padded Bandeau Bra, Black+Beige, S","1","amazon.ca","Amazon","Oakville","Ontario","L6K 0J","Combined TCS+MTC","36.54","4.75","0","0","0","0","0","0","0","0","-4.75","-6.21","-7.40","0","0","22.93"
"Oct 8, 2025 6:49:08 p.m. PDT","24594147221","Refund","701-9096103-5017014","MSCA-D70-2-2","ANGOOL Wireless Strapless Bra for Women Seamless Push Up Non-Slip Full Support Non Removable Padded Bandeau Bra, Black, S","1","amazon.ca","Amazon","Scarborough","Ontario","M1K 1Y","Combined TCS+MTC","-28.19","-3.66","0","0","0","0","0","0","0","0","3.66","3.83","0","0","0","-24.36"
"Oct 8, 2025 7:22:13 p.m. PDT","24594147221","Order","702-0027004-6116243","MSCA-D70-5-4","ANGOOL Wireless Strapless Bra for Women Seamless Push Up Non-Slip Full Support Non Removable Padded Bandeau Bra, Beige, L","1","amazon.ca","Amazon","Pierrefonds","Quebec","H9J 3V","Combined TCS+MTC","25.49","3.82","0","0","0","0","0","0","0","0","-3.82","-4.33","-7.23","0","0","13.93"
"Oct 8, 2025 7:54:00 p.m. PDT","24594147221","Order","702-6478486-8844258","MSCA-D77-7-2","ANGOOL Racerback Bras for Women Wire Free Sexy V Neck Lace Bralette Adjustable Strap Full Coverage Padded Bra, Brown, S","2","amazon.ca","Amazon","Les Escoumins","Quebec","G0T 1K","Combined TCS+MTC","50.98","7.64","0","0","0","0","0","0","0","0","-7.64","-8.66","-13.46","0","0","28.86"
"Oct 8, 2025 7:54:00 p.m. PDT","24594147221","Order","702-6478486-8844258","MSCA-D77-2-2","ANGOOL Racerback Bras for Women Wire Free Sexy V Neck Lace Bralette Adjustable Strap Full Coverage Padded Bra, Black, S","2","amazon.ca","Amazon","Les Escoumins","Quebec","G0T 1K","Combined TCS+MTC","46.18","6.92","0","0","0","0","0","0","0","0","-6.92","-7.86","-13.46","0","0","24.86"
"Oct 8, 2025 8:26:25 p.m. PDT","24594147221","Order","701-4797387-5791433","MSCA-D70-5-3","ANGOOL Wireless Strapless Bra for Women Seamless Push Up Non-Slip Full Support Non Removable Padded Bandeau Bra, Beige, M","1","amazon.ca","Amazon","Calgary","Alberta","T2S 0J","Combined TCS+MTC","25.49","1.27","0","0","0","0","0","0","0","0","-1.27","-4.33","-6.73","0","0","14.43"
"Oct 8, 2025 8:29:23 p.m. PDT","24594147221","Refund","702-6214917-4216259","MSCA-D70-25-2","ANGOOL Wireless Strapless Bra for Women Seamless Push Up Non-Slip Full Support Non Removable Padded Bandeau Bra, Black+Beige, S","1","amazon.ca","Amazon","Pickering","Ontario","L1V 6X","Combined TCS+MTC","-40.41","-5.25","0","0","0","0","0","0","0","0","5.25","5.50","0","0","0","-34.91"
"Oct 8, 2025 9:24:14 p.m. PDT","24594147221","Order","702-6116462-4804237","MSCA-D70-5-3","ANGOOL Wireless Strapless Bra for Women Seamless Push Up Non-Slip Full Support Non Removable Padded Bandeau Bra, Beige, M","1","amazon.ca","Amazon","L'Ile-Perrot","Quebec","J7V 2G","Combined TCS+MTC","25.49","3.82","0","0","0","0","0","0","0","0","-3.82","-4.33","-6.73","0","0","14.43"
"Oct 8, 2025 9:32:55 p.m. PDT","24594147221","Order","702-0929094-0813058","MSCA-D70-5-4","ANGOOL Wireless Strapless Bra for Women Seamless Push Up Non-Slip Full Support Non Removable Padded Bandeau Bra, Beige, L","1","amazon.ca","Amazon","Calgary","Alberta","T3G 1C","Combined TCS+MTC","25.49","1.27","0","0","0","0","0","0","0","0","-1.27","-4.33","-7.23","0","0","13.93"
"Oct 8, 2025 9:32:58 p.m. PDT","24594147221","Order","702-3558368-8617046","MSCA-D70-5-4","ANGOOL Wireless Strapless Bra for Women Seamless Push Up Non-Slip Full Support Non Removable Padded Bandeau Bra, Beige, L","1","amazon.ca","Amazon","Gatineau","Quebec","J8T 1C","Combined TCS+MTC","25.49","3.82","0","0","0","0","0","0","0","0","-3.82","-4.33","-7.23","0","0","13.93"
"Oct 8, 2025 9:37:28 p.m. PDT","24594147221","Order","701-5917165-9495425","MSCA-D70-5-3","ANGOOL Wireless Strapless Bra for Women Seamless Push Up Non-Slip Full Support Non Removable Padded Bandeau Bra, Beige, M","1","amazon.ca","Amazon","East Amherst","Nova Scotia","B4H 3Y","Combined TCS+MTC","25.49","3.57","0","0","0","0","0","0","0","0","-3.57","-4.33","-6.73","0","0","14.43"
"Oct 8, 2025 9:55:06 p.m. PDT","24594147221","Order","702-1002924-2921838","MSCA-D70-25-6","ANGOOL Wireless Strapless Bra for Women Seamless Push Up Non-Slip Full Support Non Removable Padded Bandeau Bra, Black+Beige, XXL","1","amazon.ca","Amazon","Ariss","Ontario","N0B1B","Combined TCS+MTC","36.54","4.75","0","0","0","0","0","0","0","0","-4.75","-6.21","-6.73","0","0","23.60"
"Oct 8, 2025 10:42:28 p.m. PDT","24594147221","Order","702-2411225-5789065","MSCA-D70-25-4","ANGOOL Wireless Strapless Bra for Women Seamless Push Up Non-Slip Full Support Non Removable Padded Bandeau Bra, Black+Beige, L","1","amazon.ca","Amazon","Fort McMurray","Alberta","T9K 2X","Combined TCS+MTC","36.54","1.83","0","0","0","0","0","0","0","0","-1.83","-6.21","-8.25","0","0","22.08"
"Oct 8, 2025 11:07:49 p.m. PDT","24594147221","Fulfilment by Amazon customer return fee","701-6955863-0934620","X004L5KTDT","FBA Customer Return Per Unit Fee (Clothing & Shoes)","","Amazon.ca","","","","","","0","0","0","0","0","0","0","0","0","0","0","0","-5.11","0","0","-5.11"
"Oct 8, 2025 11:10:31 p.m. PDT","24594147221","Order","702-2603790-6817826","MSCA-D70-5-5","ANGOOL Wireless Strapless Bra for Women Seamless Push Up Non-Slip Full Support Non Removable Padded Bandeau Bra, Beige, XL","1","amazon.ca","Amazon","Hamilton","Ontario","L8E 1H","Combined TCS+MTC","25.49","3.31","3.49","0","0","0","0","0","-3.49","0","-3.31","-4.33","-7.23","0","0","13.93"
"Oct 8, 2025 11:13:15 p.m. PDT","24594147221","Order","701-2799956-7168245","MSCA-D70-5-3","ANGOOL Wireless Strapless Bra for Women Seamless Push Up Non-Slip Full Support Non Removable Padded Bandeau Bra, Beige, M","1","amazon.ca","Amazon","Waterdown","Ontario","L8B 0M","Combined TCS+MTC","25.49","3.31","0","0","0","0","0","0","0","0","-3.31","-4.33","-6.73","0","0","14.43"
"Oct 9, 2025 12:00:04 a.m. PDT","24594147221","Order","701-6875070-1530661","MSCA-D70-6-4","ANGOOL Wireless Strapless Bra for Women Seamless Push Up Non-Slip Full Support Non Removable Padded Bandeau Bra, White, L","1","amazon.ca","Amazon","Hamilton","Ontario","L9B 2E","Combined TCS+MTC","25.49","3.31","0","0","0","0","0","0","0","0","-3.31","-4.33","-6.73","0","0","14.43"
"Oct 9, 2025 12:19:11 a.m. PDT","24594147221","Order","701-9429662-5186600","MSCA-D70-7-2","ANGOOL Wireless Strapless Bra for Women Seamless Push Up Non-Slip Full Support Non Removable Padded Bandeau Bra, Brown, S","1","amazon.ca","Amazon","Banff","Alberta","T1L 1B","Combined TCS+MTC","25.49","1.27","0","0","0","0","0","0","0","0","-1.27","-4.33","-6.73","0","0","14.43"
"Oct 9, 2025 12:19:34 a.m. PDT","24594147221","Fulfilment by Amazon customer return fee","702-6622526-4731427","X004L62ZH1","FBA Customer Return Per Unit Fee (Clothing & Shoes)","","Amazon.ca","","","","","","0","0","0","0","0","0","0","0","0","0","0","0","-4.92","0","0","-4.92"
"Oct 9, 2025 1:27:33 a.m. PDT","24594147221","Order","701-7404824-6690604","MSCA-D70-25-4","ANGOOL Wireless Strapless Bra for Women Seamless Push Up Non-Slip Full Support Non Removable Padded Bandeau Bra, Black+Beige, L","1","amazon.ca","Amazon","Vancouver","British Columbia","V6J 1N","Combined TCS+MTC","36.54","4.38","0","0","0","0","0","0","0","0","-4.38","-6.21","-8.83","0","0","21.50"
"Oct 9, 2025 1:55:07 a.m. PDT","24594147221","Adjustment","701-7887471-3301804","MSCA-D70-5-3","FBA Inventory Reimbursement - Customer Return","1","","","","","","","0","0","0","0","0","0","0","0","0","0","0","0","0","0","16.92","16.92"
"Oct 9, 2025 2:26:27 a.m. PDT","24699394731","Order","702-3919859-9247426","MSCA-D74-5-5","ANGOOL V Neck Seamless Bralette for Women Full Coverage Wireless Padded Bra No Underwire Non Removable Pads Push Up Bras, Beige, XL","1","amazon.ca","Amazon","Sainte-Madeleine","Quebec","J0H 1S","Combined TCS+MTC","22.09","3.31","0","0","0","0","0","0","0","0","-3.31","-3.76","-7.71","0","0","10.62"
"Oct 9, 2025 3:24:08 a.m. PDT","24699394731","Order","702-0707676-3507421","MSCA-D70-5-2","ANGOOL Wireless Strapless Bra for Women Seamless Push Up Non-Slip Full Support Non Removable Padded Bandeau Bra, Beige, S","1","amazon.ca","Amazon","Edmonton","Alberta","T5E 6V","Combined TCS+MTC","25.49","1.27","0","0","0","0","0","0","0","0","-1.27","-4.33","-7.40","0","0","13.76"
"Oct 9, 2025 4:39:51 a.m. PDT","24699394731","Adjustment","701-8126716-4709009","MSCA-D70-5-6","FBA Inventory Reimbursement - Customer Return","1","","","","","","","0","0","0","0","0","0","0","0","0","0","0","0","0","0","16.42","16.42"
"Oct 9, 2025 7:07:21 a.m. PDT","24699394731","Order","702-0075746-7110651","MSCA-D77-2-2","ANGOOL Racerback Bras for Women Wire Free Sexy V Neck Lace Bralette Adjustable Strap Full Coverage Padded Bra, Black, S","1","amazon.ca","Amazon","Sault ste marie","Ontario","P6B 3J","Combined TCS+MTC","23.09","3.00","0","0","0","0","0","0","0","0","-3.00","-3.93","-6.73","0","0","12.43"
"Oct 9, 2025 7:17:38 a.m. PDT","24699394731","Adjustment","","MSCA-D70-2-4","FBA Inventory Reimbursement - General Adjustment","1","","","","","","","0","0","0","0","0","0","0","0","0","0","0","0","0","0","-17.66","-17.66"
"Oct 9, 2025 8:21:48 a.m. PDT","24699394731","Order","702-2043184-8296263","MSCA-D70-25-5","ANGOOL Wireless Strapless Bra for Women Seamless Push Up Non-Slip Full Support Non Removable Padded Bandeau Bra, Black+Beige, XL","1","amazon.ca","Amazon","Toronto","Ontario","M9L 2B","Combined TCS+MTC","36.54","4.75","1.75","0","0","0","0","0","-1.75","0","-4.75","-6.21","-7.71","0","0","22.62"
"Oct 9, 2025 10:18:10 a.m. PDT","24699394731","Order","701-3761315-9754640","MSCA-D70-2-3","ANGOOL Wireless Strapless Bra for Women Seamless Push Up Non-Slip Full Support Non Removable Padded Bandeau Bra, Black, M","1","amazon.ca","Amazon","Brampton","Ontario","L6R 0P","Combined TCS+MTC","25.49","3.31","3.50","0","0","0","0","0","-3.50","0","-3.31","-4.33","-7.23","0","0","13.93"
"Oct 9, 2025 10:35:54 a.m. PDT","24699394731","Order","701-5177284-9930619","MSCA-D70-25-3","ANGOOL Wireless Strapless Bra for Women Seamless Push Up Non-Slip Full Support Non Removable Padded Bandeau Bra, Black+Beige, M","1","amazon.ca","Amazon","Kitchener","Ontario","N2N 1E","Combined TCS+MTC","36.54","4.75","0.64","0","0","0","0","0","-0.64","0","-4.75","-6.21","-7.40","0","0","22.93"
"Oct 9, 2025 10:35:54 a.m. PDT","24699394731","Order","701-5177284-9930619","MSCA-D70-25-4","ANGOOL Wireless Strapless Bra for Women Seamless Push Up Non-Slip Full Support Non Removable Padded Bandeau Bra, Black+Beige, L","1","amazon.ca","Amazon","Kitchener","Ontario","N2N 1E","Combined TCS+MTC","36.54","4.75","0.64","0","0","0","0","0","-0.64","0","-4.75","-6.21","-8.25","0","0","22.08"
"Oct 9, 2025 12:09:53 p.m. PDT","24699394731","Adjustment","","MSCA-D70-5-2","FBA Inventory Reimbursement - Damaged:Warehouse","1","","","","","","","0","0","0","0","0","0","0","0","0","0","0","0","0","0","10.08","10.08"
"Oct 9, 2025 12:16:08 p.m. PDT","24699394731","Order","702-5376802-2984200","MSCA-D70-25-3","ANGOOL Wireless Strapless Bra for Women Seamless Push Up Non-Slip Full Support Non Removable Padded Bandeau Bra, Black+Beige, M","1","amazon.ca","Amazon","Oshawa","Ontario","L1J 1A","Combined TCS+MTC","36.54","4.75","0","0","0","0","0","0","0","0","-4.75","-6.21","-7.40","0","0","22.93"
"Oct 9, 2025 12:21:42 p.m. PDT","24699394731","Adjustment","702-8551004-5344255","MSCA-D70-5-5","FBA Inventory Reimbursement - Customer Return","1","","","","","","","0","0","0","0","0","0","0","0","0","0","0","0","0","0","16.42","16.42"
"Oct 9, 2025 1:15:26 p.m. PDT","24699394731","Refund","701-7399148-2233844","MSCA-D70-5-3","ANGOOL Wireless Strapless Bra for Women Seamless Push Up Non-Slip Full Support Non Removable Padded Bandeau Bra, Beige, M","1","amazon.ca","Amazon","Winnipeg","Manitoba","R3K 0C","Combined TCS+MTC","-26.99","-3.24","-3.92","0","0","0","0","0","3.92","0","3.24","3.67","0","0","0","-23.32"
"Oct 9, 2025 1:55:42 p.m. PDT","24699394731","Order","701-0044622-2934669","MSCA-D70-25-5","ANGOOL Wireless Strapless Bra for Women Seamless Push Up Non-Slip Full Support Non Removable Padded Bandeau Bra, Black+Beige, XL","1","amazon.ca","Amazon","Clavet","SK","S0K 0Y","Combined TCS+MTC","36.54","4.02","0","0","0","0","0","0","0","0","-4.02","-6.21","-7.71","0","0","22.62"
"Oct 9, 2025 2:10:04 p.m. PDT","24699394731","Order","701-4671626-2221007","MSCA-D70-25-4","ANGOOL Wireless Strapless Bra for Women Seamless Push Up Non-Slip Full Support Non Removable Padded Bandeau Bra, Black+Beige, L","1","amazon.ca","Amazon","Maple Ridge","British Columbia","V4R 0B","Combined TCS+MTC","36.54","4.38","2.33","0","0","0","0","0","-2.33","0","-4.38","-6.21","-8.83","0","0","21.50"
"Oct 9, 2025 2:54:53 p.m. PDT","24699394731","FBA Inventory Fee","6Ejzq2vdKn","","Fulfilment by Amazon removal order: disposal fee","","Amazon.ca","","","","","","0","0","0","0","0","0","0","0","0","0","0","0","0","0","-0.82","-0.82"
"Oct 9, 2025 3:19:11 p.m. PDT","24699394731","FBA Inventory Fee","701-6889283-7852238","","Fulfilment by Amazon removal order: disposal fee","","Amazon.ca","","","","","","0","0","0","0","0","0","0","0","0","0","0","0","0","0","-0.36","-0.36"
"Oct 9, 2025 3:49:07 p.m. PDT","24699394731","Refund","701-9403024-8000211","MSCA-D70-25-5","ANGOOL Wireless Strapless Bra for Women Seamless Push Up Non-Slip Full Support Non Removable Padded Bandeau Bra, Black+Beige, XL","1","amazon.ca","Amazon","Ottawa","Ontario","K2E 5R","Combined TCS+MTC","-38.69","-5.03","-2.33","0","0","0","0","0","2.33","0","5.03","5.26","0","0","0","-33.43"
"Oct 9, 2025 3:49:43 p.m. PDT","24699394731","Refund","702-5687475-8225839","MSCA-D70-25-3","ANGOOL Wireless Strapless Bra for Women Seamless Push Up Non-Slip Full Support Non Removable Padded Bandeau Bra, Black+Beige, M","1","amazon.ca","Amazon","Langley","British Columbia","V2Y 3S","Combined TCS+MTC","-40.41","-4.85","-2.74","0","0","0","0","0","2.74","0","4.85","5.50","0","0","0","-34.91"
"Oct 9, 2025 4:16:35 p.m. PDT","24699394731","Order","701-9915303-1817042","MSCA-D77-5-6","ANGOOL Racerback Bras for Women Wire Free Sexy V Neck Lace Bralette Adjustable Strap Full Coverage Padded Bra, Beige, XXL","1","amazon.ca","Amazon","Paris","Ontario","N3L 4C","Combined TCS+MTC","25.49","3.31","6.99","0","0","0","0","0","-6.99","0","-3.31","-4.33","-6.73","0","0","14.43"
"Oct 9, 2025 4:18:05 p.m. PDT","24699394731","Order","701-2912048-7107447","MSCA-D70-6-3","ANGOOL Wireless Strapless Bra for Women Seamless Push Up Non-Slip Full Support Non Removable Padded Bandeau Bra, White, M","1","amazon.ca","Amazon","Edmonton","Alberta","T5T 1C","Combined TCS+MTC","25.49","1.27","0","0","0","0","0","0","0","0","-1.27","-4.33","-6.73","0","0","14.43"
"Oct 9, 2025 4:45:23 p.m. PDT","24699394731","Refund","701-9403024-8000211","MSCA-D70-25-6","ANGOOL Wireless Strapless Bra for Women Seamless Push Up Non-Slip Full Support Non Removable Padded Bandeau Bra, Black+Beige, XXL","1","amazon.ca","Amazon","Ottawa","Ontario","K2E 5R","Combined TCS+MTC","-38.69","-5.03","-2.33","0","0","0","0","0","2.33","0","5.03","5.26","0","0","0","-33.43"
"Oct 9, 2025 4:48:22 p.m. PDT","24699394731","Order","701-9465268-0099452","MSCA-D77-2-2","ANGOOL Racerback Bras for Women Wire Free Sexy V Neck Lace Bralette Adjustable Strap Full Coverage Padded Bra, Black, S","1","amazon.ca","Amazon","Calgary","AB","T3E 7Y","Combined TCS+MTC","23.09","1.15","0","0","0","0","0","0","0","0","-1.15","-3.93","-6.73","0","0","12.43"
"Oct 9, 2025 4:50:00 p.m. PDT","24699394731","Order","701-1232662-8525824","MSCA-D77-2-2","ANGOOL Racerback Bras for Women Wire Free Sexy V Neck Lace Bralette Adjustable Strap Full Coverage Padded Bra, Black, S","1","amazon.ca","Amazon","Waterloo","Ontario","N2L 2M","Combined TCS+MTC","23.09","3.00","0","0","0","0","0","0","0","0","-3.00","-3.93","-6.73","0","0","12.43"
"Oct 9, 2025 5:06:29 p.m. PDT","24699394731","Order","701-0733219-6350610","MSCA-D74-2-3","ANGOOL V Neck Seamless Bralette for Women Full Coverage Wireless Padded Bra No Underwire Non Removable Pads Push Up Bras, Black, M","1","amazon.ca","Amazon","Spruce Grove","Alberta","T7X 0Z","Combined TCS+MTC","22.09","1.10","0","0","0","0","0","0","0","0","-1.10","-3.76","-7.71","0","0","10.62"
"Oct 9, 2025 5:20:16 p.m. PDT","24699394731","Refund","702-4565956-0585012","MSCA-D70-2-5","ANGOOL Wireless Strapless Bra for Women Seamless Push Up Non-Slip Full Support Non Removable Padded Bandeau Bra, Black, XL","1","amazon.ca","Amazon","Williamstown","NB","E1V 5G","Combined TCS+MTC","-26.99","-4.05","0","0","0","0","0","0","0","0","4.05","3.67","0","0","0","-23.32"
"Oct 9, 2025 5:21:16 p.m. PDT","24699394731","Order","702-7837302-1414646","MSCA-D77-5-2","ANGOOL Racerback Bras for Women Wire Free Sexy V Neck Lace Bralette Adjustable Strap Full Coverage Padded Bra, Beige, S","1","amazon.ca","Amazon","Montreal","Quebec","H3H 1K","Combined TCS+MTC","25.49","3.82","0","0","0","0","0","0","0","0","-3.82","-4.33","-6.73","0","0","14.43"
"Oct 9, 2025 5:30:43 p.m. PDT","24699394731","Order","701-6493980-5779415","MSCA-D70-5-3","ANGOOL Wireless Strapless Bra for Women Seamless Push Up Non-Slip Full Support Non Removable Padded Bandeau Bra, Beige, M","1","amazon.ca","Amazon","Oil Springs","Ontario","N0N 1P","Combined TCS+MTC","25.49","3.31","0","0","0","0","0","0","0","0","-3.31","-4.33","-6.73","0","0","14.43"
"Oct 9, 2025 6:09:26 p.m. PDT","24699394731","Order","702-9045141-2480229","MSCA-D70-2-3","ANGOOL Wireless Strapless Bra for Women Seamless Push Up Non-Slip Full Support Non Removable Padded Bandeau Bra, Black, M","1","amazon.ca","Amazon","Montreal","Quebec","H4B 2B","Combined TCS+MTC","25.49","3.82","0","0","0","0","0","0","0","0","-3.82","-4.33","-7.23","0","0","13.93"
"Oct 9, 2025 6:39:43 p.m. PDT","24699394731","Order","702-9240461-1683445","MSCA-D74-5-3","ANGOOL V Neck Seamless Bralette for Women Full Coverage Wireless Padded Bra No Underwire Non Removable Pads Push Up Bras, Beige, M","1","amazon.ca","Amazon","Leduc","Alberta","T9E 1G","Combined TCS+MTC","22.09","1.10","0","0","0","0","0","0","0","0","-1.10","-3.76","-7.71","0","0","10.62"
"Oct 9, 2025 6:46:31 p.m. PDT","24699394731","Order","702-8883973-6683426","MSCA-D70-5-3","ANGOOL Wireless Strapless Bra for Women Seamless Push Up Non-Slip Full Support Non Removable Padded Bandeau Bra, Beige, M","1","amazon.ca","Amazon","Waterloo","Ontario","N2T 2Y","Combined TCS+MTC","25.49","3.31","0","0","0","0","0","0","0","0","-3.31","-4.33","-6.73","0","0","14.43"
"Oct 9, 2025 7:15:14 p.m. PDT","24699394731","Order","702-0055176-3351435","MSCA-D70-7-4","ANGOOL Wireless Strapless Bra for Women Seamless Push Up Non-Slip Full Support Non Removable Padded Bandeau Bra, Brown, L","1","amazon.ca","Amazon","Scarborough","Ontario","M1R 1H","Combined TCS+MTC","25.49","3.31","0","0","0","0","0","0","0","0","-3.31","-4.33","-7.23","0","0","13.93"
"Oct 9, 2025 7:20:36 p.m. PDT","24699394731","Order","701-7803308-1842643","MSCA-D77-7-3","ANGOOL Racerback Bras for Women Wire Free Sexy V Neck Lace Bralette Adjustable Strap Full Coverage Padded Bra, Brown, M","1","amazon.ca","Amazon","Toronto","Ontario","M6A 0B","Combined TCS+MTC","25.49","3.31","0","0","0","0","0","0","0","0","-3.31","-4.33","-6.73","0","0","14.43"
"Oct 9, 2025 9:08:49 p.m. PDT","24699394731","Order","702-9045141-2480229","MSCA-D70-5-3","ANGOOL Wireless Strapless Bra for Women Seamless Push Up Non-Slip Full Support Non Removable Padded Bandeau Bra, Beige, M","1","amazon.ca","Amazon","Montreal","Quebec","H4B 2B","Combined TCS+MTC","25.49","3.82","0","0","0","0","0","0","0","0","-3.82","-4.33","-6.73","0","0","14.43"
"Oct 9, 2025 9:21:26 p.m. PDT","24699394731","Order","702-3449671-7705853","MSCA-D70-2-4","ANGOOL Wireless Strapless Bra for Women Seamless Push Up Non-Slip Full Support Non Removable Padded Bandeau Bra, Black, L","1","amazon.ca","Amazon","Kelowna","British Columbia","V1V3C","Combined TCS+MTC","25.49","3.06","0","0","0","0","0","0","0","0","-3.06","-4.33","-7.23","0","0","13.93"
"Oct 9, 2025 9:22:52 p.m. PDT","24699394731","Order","702-7421619-1523422","MSCA-D70-5-2","ANGOOL Wireless Strapless Bra for Women Seamless Push Up Non-Slip Full Support Non Removable Padded Bandeau Bra, Beige, S","1","amazon.ca","Amazon","West Kelowna","British Columbia","V1Z 1L","Combined TCS+MTC","25.49","3.06","0","0","0","0","0","0","0","0","-3.06","-4.33","-7.40","0","0","13.76"
"Oct 9, 2025 9:33:58 p.m. PDT","24699394731","Order","702-1642206-0781865","MSCA-D70-5-3","ANGOOL Wireless Strapless Bra for Women Seamless Push Up Non-Slip Full Support Non Removable Padded Bandeau Bra, Beige, M","1","amazon.ca","Amazon","Toronto","Ontario","M6J0C","Combined TCS+MTC","25.49","3.31","0","0","0","0","0","0","0","0","-3.31","-4.33","-6.73","0","0","14.43"
"Oct 9, 2025 9:52:59 p.m. PDT","24699394731","Order","701-8158449-2776262","MSCA-D70-7-4","ANGOOL Wireless Strapless Bra for Women Seamless Push Up Non-Slip Full Support Non Removable Padded Bandeau Bra, Brown, L","1","amazon.ca","Amazon","Dollard-Des-Ormeaux","Quebec","H9B 3K","Combined TCS+MTC","25.49","3.82","0","0","0","0","0","0","0","0","-3.82","-4.33","-7.23","0","0","13.93"
"Oct 9, 2025 9:56:00 p.m. PDT","24699394731","Order","701-0847956-3168246","MSCA-D77-7-3","ANGOOL Racerback Bras for Women Wire Free Sexy V Neck Lace Bralette Adjustable Strap Full Coverage Padded Bra, Brown, M","1","amazon.ca","Amazon","Lorraine","Québec","J6Z 4N","Combined TCS+MTC","25.49","3.82","0","0","0","0","0","0","0","0","-3.82","-4.33","-6.73","0","0","14.43"
"Oct 9, 2025 11:20:41 p.m. PDT","24699394731","Order","701-6800143-2223422","MSCA-D70-25-5","ANGOOL Wireless Strapless Bra for Women Seamless Push Up Non-Slip Full Support Non Removable Padded Bandeau Bra, Black+Beige, XL","1","amazon.ca","Amazon","Tottenham","Ontario","L0G 1W","Combined TCS+MTC","36.54","4.75","0","0","0","0","0","0","0","0","-4.75","-6.21","-7.71","0","0","22.62"
"Oct 9, 2025 11:29:47 p.m. PDT","24699394731","Order","701-0358591-7458653","MSCA-D70-7-3","ANGOOL Wireless Strapless Bra for Women Seamless Push Up Non-Slip Full Support Non Removable Padded Bandeau Bra, Brown, M","1","amazon.ca","Amazon","Toronto","Ontario","M5A 0W","Combined TCS+MTC","25.49","3.31","0","0","0","0","0","0","0","0","-3.31","-4.33","-7.92","0","0","13.24"
"Oct 10, 2025 12:46:39 a.m. PDT","24699394731","Order","702-5723612-6526665","MSCA-D70-25-4","ANGOOL Wireless Strapless Bra for Women Seamless Push Up Non-Slip Full Support Non Removable Padded Bandeau Bra, Black+Beige, L","1","amazon.ca","Amazon","Leduc","Alberta","T9E 0W","Combined TCS+MTC","36.54","1.83","0","0","0","0","0","0","0","0","-1.83","-6.21","-8.25","0","0","22.08"
"Oct 10, 2025 1:12:36 a.m. PDT","24699394731","Order","702-9207718-3377015","MSCA-D70-7-2","ANGOOL Wireless Strapless Bra for Women Seamless Push Up Non-Slip Full Support Non Removable Padded Bandeau Bra, Brown, S","1","amazon.ca","Amazon","Etobicoke","Ontario","M8V 0B","Combined TCS+MTC","25.49","3.31","0","0","0","0","0","0","0","0","-3.31","-4.33","-6.73","0","0","14.43"
"Oct 10, 2025 1:16:51 a.m. PDT","24699394731","Order","701-0200928-1616279","MSCA-D74-5-4","ANGOOL V Neck Seamless Bralette for Women Full Coverage Wireless Padded Bra No Underwire Non Removable Pads Push Up Bras, Beige, L","1","amazon.ca","Amazon","Dunnville","Ontario","N1A 1P","Combined TCS+MTC","22.09","2.87","0","0","0","0","0","0","0","0","-2.87","-3.76","-7.71","0","0","10.62"
"Oct 10, 2025 1:41:28 a.m. PDT","24699394731","Fulfilment by Amazon customer return fee","702-8001732-0636249","X004L5YB51","FBA Customer Return Per Unit Fee (Clothing & Shoes)","","Amazon.ca","","","","","","0","0","0","0","0","0","0","0","0","0","0","0","-4.57","0","0","-4.57"
"Oct 10, 2025 1:58:53 a.m. PDT","24699394731","Order","701-2094364-9671457","MSCA-D70-25-5","ANGOOL Wireless Strapless Bra for Women Seamless Push Up Non-Slip Full Support Non Removable Padded Bandeau Bra, Black+Beige, XL","1","amazon.ca","Amazon","Milton","Ontario","L9T 6B","Combined TCS+MTC","36.54","4.75","0","0","0","0","0","0","0","0","-4.75","-6.21","-7.71","0","0","22.62"
"Oct 10, 2025 2:55:23 a.m. PDT","24699394731","Transfer","","","To account ending with: 797","","","","","","","","0","0","0","0","0","0","0","0","0","0","0","0","0","0","-2,712.19","-2,712.19"
"Oct 10, 2025 3:01:31 a.m. PDT","24699394731","Adjustment","701-8302474-2090627","MSCA-D70-5-4","FBA Inventory Reimbursement - Customer Return","1","","","","","","","0","0","0","0","0","0","0","0","0","0","0","0","0","0","16.42","16.42"
"Oct 10, 2025 3:20:29 a.m. PDT","24699394731","Order","702-3441842-5772257","MSCA-D70-7-3","ANGOOL Wireless Strapless Bra for Women Seamless Push Up Non-Slip Full Support Non Removable Padded Bandeau Bra, Brown, M","1","amazon.ca","Amazon","Edmonton","Alberta","T6L 1V","Combined TCS+MTC","25.49","1.27","0","0","0","0","0","0","0","0","-1.27","-4.33","-7.40","0","0","13.76"
"Oct 10, 2025 8:19:51 a.m. PDT","24699394731","Order","702-9676470-9557835","MSCA-D74-2-3","ANGOOL V Neck Seamless Bralette for Women Full Coverage Wireless Padded Bra No Underwire Non Removable Pads Push Up Bras, Black, M","1","amazon.ca","Amazon","Windsor","Ontario","N8N 2L","Combined TCS+MTC","22.09","2.87","0","0","0","0","0","0","0","0","-2.87","-3.76","-7.71","0","0","10.62"
"Oct 10, 2025 8:19:51 a.m. PDT","24699394731","Order","702-9676470-9557835","MSCA-D74-6-3","ANGOOL V Neck Seamless Bralette for Women Full Coverage Wireless Padded Bra No Underwire Non Removable Pads Push Up Bras, White, M","1","amazon.ca","Amazon","Windsor","Ontario","N8N 2L","Combined TCS+MTC","22.09","2.87","0","0","0","0","0","0","0","0","-2.87","-3.76","-7.71","0","0","10.62"
"Oct 10, 2025 9:18:17 a.m. PDT","24699394731","Refund","702-2482508-9090614","MSCA-D77-2-3","ANGOOL Racerback Bras for Women Wire Free Sexy V Neck Lace Bralette Adjustable Strap Full Coverage Padded Bra, Black, M","1","amazon.ca","Amazon","Maple","Ontario","L6A 3T","Combined TCS+MTC","-26.99","-3.51","-3.92","0","0","0","0","0","3.92","0","3.51","3.67","0","0","0","-23.32"
"Oct 10, 2025 9:19:57 a.m. PDT","24699394731","Fulfilment by Amazon customer return fee","701-9997639-1835420","X004L4MWZX","FBA Customer Return Per Unit Fee (Clothing & Shoes)","","Amazon.ca","","","","","","0","0","0","0","0","0","0","0","0","0","0","0","-5.28","0","0","-5.28"
"Oct 10, 2025 9:22:06 a.m. PDT","24699394731","Fulfilment by Amazon customer return fee","701-9997639-1835420","X004L489V9","FBA Customer Return Per Unit Fee (Clothing & Shoes)","","Amazon.ca","","","","","","0","0","0","0","0","0","0","0","0","0","0","0","-5.28","0","0","-5.28"
"Oct 10, 2025 9:22:56 a.m. PDT","24699394731","Fulfilment by Amazon customer return fee","701-9997639-1835420","X004L4QD0X","FBA Customer Return Per Unit Fee (Clothing & Shoes)","","Amazon.ca","","","","","","0","0","0","0","0","0","0","0","0","0","0","0","-5.28","0","0","-5.28"
"Oct 10, 2025 10:05:11 a.m. PDT","24699394731","Refund","701-7147480-4179469","MSCA-D70-25-3","ANGOOL Wireless Strapless Bra for Women Seamless Push Up Non-Slip Full Support Non Removable Padded Bandeau Bra, Black+Beige, M","1","amazon.ca","Amazon","Oakville","Ontario","L6M 0J","Combined TCS+MTC","-38.69","-5.03","0","0","0","0","0","0","0","0","5.03","5.26","0","0","0","-33.43"
"Oct 10, 2025 11:10:31 a.m. PDT","24699394731","Order","702-5290697-1813033","MSCA-D70-5-4","ANGOOL Wireless Strapless Bra for Women Seamless Push Up Non-Slip Full Support Non Removable Padded Bandeau Bra, Beige, L","1","amazon.ca","Amazon","Barrie","Ontario","L4N 5C","Combined TCS+MTC","25.49","3.31","0","0","0","0","0","0","0","0","-3.31","-4.33","-7.23","0","0","13.93"
"Oct 10, 2025 11:54:23 a.m. PDT","24699394731","Order","701-5418297-2545856","MSCA-D77-7-6","ANGOOL Racerback Bras for Women Wire Free Sexy V Neck Lace Bralette Adjustable Strap Full Coverage Padded Bra, Brown, XXL","1","amazon.ca","Amazon","Saint-Simon-De-Rimouski","Quebec","G0L 4C","Combined TCS+MTC","29.99","4.49","2.74","0","0","0","0","0","-2.74","0","-4.49","-5.10","-6.73","0","0","18.16"
"Oct 10, 2025 12:03:44 p.m. PDT","24699394731","Order","702-1858832-1155428","MSCA-D70-7-3","ANGOOL Wireless Strapless Bra for Women Seamless Push Up Non-Slip Full Support Non Removable Padded Bandeau Bra, Brown, M","1","amazon.ca","Amazon","port hope","Ontario","L1A 3T","Combined TCS+MTC","25.49","3.31","0","0","0","0","0","0","0","0","-3.31","-4.33","-7.40","0","0","13.76"
"Oct 10, 2025 12:19:59 p.m. PDT","24699394731","Order","702-1865247-9688206","MSCA-D70-5-3","ANGOOL Wireless Strapless Bra for Women Seamless Push Up Non-Slip Full Support Non Removable Padded Bandeau Bra, Beige, M","1","amazon.ca","Amazon","Kitchener","Ontario","N2P 1T","Combined TCS+MTC","29.99","3.90","2.74","0","0","0","0","0","-2.74","0","-3.90","-5.10","-6.73","0","0","18.16"
"Oct 10, 2025 12:23:55 p.m. PDT","24699394731","Refund","702-1974486-0020265","MSCA-D70-25-5","ANGOOL Wireless Strapless Bra for Women Seamless Push Up Non-Slip Full Support Non Removable Padded Bandeau Bra, Black+Beige, XL","1","amazon.ca","Amazon","Scarborough","Ontario","M1C 3T","Combined TCS+MTC","-42.99","-5.59","-3.92","0","0","0","0","0","3.92","0","5.59","5.85","0","0","0","-37.14"
"Oct 10, 2025 1:08:41 p.m. PDT","24699394731","Fulfilment by Amazon customer return fee","701-9226150-3561807","X004P4NNFR","FBA Customer Return Per Unit Fee (Clothing & Shoes)","","Amazon.ca","","","","","","0","0","0","0","0","0","0","0","0","0","0","0","-4.57","0","0","-4.57"
"Oct 10, 2025 1:26:18 p.m. PDT","24699394731","Fulfilment by Amazon customer return fee","701-9226150-3561807","X004P4NM9T","FBA Customer Return Per Unit Fee (Clothing & Shoes)","","Amazon.ca","","","","","","0","0","0","0","0","0","0","0","0","0","0","0","-4.57","0","0","-4.57"
"Oct 10, 2025 1:28:45 p.m. PDT","24699394731","Order","701-9876682-4431443","MSCA-D70-5-4","ANGOOL Wireless Strapless Bra for Women Seamless Push Up Non-Slip Full Support Non Removable Padded Bandeau Bra, Beige, L","1","amazon.ca","Amazon","Blind Bay","British Columbia","V0E 1H","Combined TCS+MTC","25.49","3.06","0","0","0","0","0","0","0","0","-3.06","-4.33","-7.23","0","0","13.93"
"Oct 10, 2025 1:31:22 p.m. PDT","24699394731","Order","701-8149449-3413026","MSCA-D70-5-5","ANGOOL Wireless Strapless Bra for Women Seamless Push Up Non-Slip Full Support Non Removable Padded Bandeau Bra, Beige, XL","1","amazon.ca","Amazon","Salt Spring Island","British Columbia","V8K 2C","Combined TCS+MTC","25.49","3.06","0","0","0","0","0","0","0","0","-3.06","-4.33","-7.23","0","0","13.93"
"Oct 10, 2025 2:08:23 p.m. PDT","24699394731","Order","701-2569967-4292220","MSCA-D70-25-4","ANGOOL Wireless Strapless Bra for Women Seamless Push Up Non-Slip Full Support Non Removable Padded Bandeau Bra, Black+Beige, L","1","amazon.ca","Amazon","WATERDOWN","Ontario","L8B 0M","Combined TCS+MTC","36.54","4.75","0","0","0","0","0","0","0","0","-4.75","-6.21","-8.25","0","0","22.08"
"Oct 10, 2025 2:46:05 p.m. PDT","24699394731","Fulfilment by Amazon customer return fee","701-5105932-0680239","X004P52E65","FBA Customer Return Per Unit Fee (Clothing & Shoes)","","Amazon.ca","","","","","","0","0","0","0","0","0","0","0","0","0","0","0","-4.57","0","0","-4.57"
"Oct 10, 2025 2:54:08 p.m. PDT","24699394731","Order","701-6102185-0165850","MSCA-D70-6-4","ANGOOL Wireless Strapless Bra for Women Seamless Push Up Non-Slip Full Support Non Removable Padded Bandeau Bra, White, L","1","amazon.ca","Amazon","MAPLE","ON","L6A 0P","Combined TCS+MTC","25.49","3.31","0","0","0","0","0","0","0","0","-3.31","-4.33","-6.73","0","0","14.43"
"Oct 10, 2025 3:36:31 p.m. PDT","24699394731","Order","702-4386906-6102651","MSCA-D70-25-4","ANGOOL Wireless Strapless Bra for Women Seamless Push Up Non-Slip Full Support Non Removable Padded Bandeau Bra, Black+Beige, L","1","amazon.ca","Amazon","Maple","Ontario","L6A 1V","Combined TCS+MTC","36.54","4.75","0","0","0","0","0","0","0","0","-4.75","-6.21","-8.25","0","0","22.08"
"Oct 10, 2025 5:03:22 p.m. PDT","24699394731","Order","701-3456984-4237068","MSCA-D70-25-2","ANGOOL Wireless Strapless Bra for Women Seamless Push Up Non-Slip Full Support Non Removable Padded Bandeau Bra, Black+Beige, S","1","amazon.ca","Amazon","Verdun","Quebec","H4H 1Y","Combined TCS+MTC","36.54","5.47","0","0","0","0","0","0","0","0","-5.47","-6.21","-7.40","0","0","22.93"
"Oct 10, 2025 5:17:30 p.m. PDT","24699394731","Fulfilment by Amazon customer return fee","702-3974646-2320235","X004P598PP","FBA Customer Return Per Unit Fee (Clothing & Shoes)","","Amazon.ca","","","","","","0","0","0","0","0","0","0","0","0","0","0","0","-4.92","0","0","-4.92"
"Oct 10, 2025 5:33:48 p.m. PDT","24699394731","Refund","701-1245487-3397834","MSCA-D70-5-3","ANGOOL Wireless Strapless Bra for Women Seamless Push Up Non-Slip Full Support Non Removable Padded Bandeau Bra, Beige, M","1","amazon.ca","Amazon","Whitby","Ontario","L1P 0E","Combined TCS+MTC","-28.19","-3.66","0","0","0","0","0","0","0","0","3.66","3.83","0","0","0","-24.36"
"Oct 10, 2025 5:44:25 p.m. PDT","24699394731","Fulfilment by Amazon customer return fee","702-8624923-3671406","X004L5VMH1","FBA Customer Return Per Unit Fee (Clothing & Shoes)","","Amazon.ca","","","","","","0","0","0","0","0","0","0","0","0","0","0","0","-4.92","0","0","-4.92"
"Oct 10, 2025 5:44:53 p.m. PDT","24699394731","Fulfilment by Amazon customer return fee","702-8624923-3671406","X004L5VMH1","FBA Customer Return Per Unit Fee (Clothing & Shoes)","","Amazon.ca","","","","","","0","0","0","0","0","0","0","0","0","0","0","0","-4.92","0","0","-4.92"
"Oct 10, 2025 5:57:09 p.m. PDT","24699394731","Order","702-7853765-1462653","MSCA-D70-5-2","ANGOOL Wireless Strapless Bra for Women Seamless Push Up Non-Slip Full Support Non Removable Padded Bandeau Bra, Beige, S","1","amazon.ca","Amazon","North Vancouver","British Columbia","V7P 1Y","Combined TCS+MTC","25.49","3.06","0","0","0","0","0","0","0","0","-3.06","-4.33","-7.92","0","0","13.24"
"Oct 10, 2025 6:17:24 p.m. PDT","24699394731","Fulfilment by Amazon customer return fee","701-8201408-1910607","X004L5KSKD","FBA Customer Return Per Unit Fee (Clothing & Shoes)","","Amazon.ca","","","","","","0","0","0","0","0","0","0","0","0","0","0","0","-4.90","0","0","-4.90"
"Oct 10, 2025 7:11:38 p.m. PDT","24699394731","Order","701-1910210-2253010","MSCA-D70-6-2","ANGOOL Wireless Strapless Bra for Women Seamless Push Up Non-Slip Full Support Non Removable Padded Bandeau Bra, White, S","1","amazon.ca","Amazon","St Catharines","Ontario","L2S 4B","Combined TCS+MTC","25.49","3.31","0","0","0","0","0","0","0","0","-3.31","-4.33","-6.36","0","0","14.80"
"Oct 10, 2025 7:21:18 p.m. PDT","24699394731","Order","701-4740699-0583467","MSCA-D76-208-4","ANGOOL Sports Bras for Women Seamless Backless Criss Cross Strappy Sports Bra Without Underwire for Workout Gym Yoga, Black+Grey+Green, L","1","amazon.ca","Amazon","Niagara Falls","Ontario","L2E 4L","Combined TCS+MTC","31.99","4.16","7.48","0.97","0","0","0","0","0","0","-5.13","-5.44","-7.48","0","0","26.55"
"Oct 10, 2025 9:40:20 p.m. PDT","24699394731","Refund","701-7334483-3131401","MSCA-D70-25-6","ANGOOL Wireless Strapless Bra for Women Seamless Push Up Non-Slip Full Support Non Removable Padded Bandeau Bra, Black+Beige, XXL","1","amazon.ca","Amazon","Scarborough","Ontario","M1B 0C","Combined TCS+MTC","-38.69","-5.03","0","0","0","0","0","0","0","0","5.03","5.26","0","0","0","-33.43"
"Oct 10, 2025 9:41:32 p.m. PDT","24699394731","Order","701-4314254-5147401","MSCA-D77-2-4","ANGOOL Racerback Bras for Women Wire Free Sexy V Neck Lace Bralette Adjustable Strap Full Coverage Padded Bra, Black, L","1","amazon.ca","Amazon","Strathmore","Alberta","T1P 1A","Combined TCS+MTC","25.49","1.27","0","0","0","0","0","0","0","0","-1.27","-4.33","-6.73","0","0","14.43"
"Oct 10, 2025 9:46:09 p.m. PDT","24699394731","Fulfilment by Amazon customer return fee","701-0567653-8379433","X004L5ZNMB","FBA Customer Return Per Unit Fee (Clothing & Shoes)","","Amazon.ca","","","","","","0","0","0","0","0","0","0","0","0","0","0","0","-4.98","0","0","-4.98"
"Oct 10, 2025 10:33:36 p.m. PDT","24699394731","Fulfilment by Amazon customer return fee","702-9957020-9230657","X004L4QDE9","FBA Customer Return Per Unit Fee (Clothing & Shoes)","","Amazon.ca","","","","","","0","0","0","0","0","0","0","0","0","0","0","0","-5.23","0","0","-5.23"
"Oct 10, 2025 10:52:01 p.m. PDT","24699394731","Order","701-0557914-8412202","MSCA-D70-2-4","ANGOOL Wireless Strapless Bra for Women Seamless Push Up Non-Slip Full Support Non Removable Padded Bandeau Bra, Black, L","1","amazon.ca","Amazon","Waterloo","Ontario","N2K 1W","Combined TCS+MTC","25.49","3.31","0","0","0","0","0","0","0","0","-3.31","-4.33","-7.23","0","0","13.93"
"Oct 10, 2025 11:02:44 p.m. PDT","24699394731","Order","701-0065253-0209031","MSCA-D70-2-4","ANGOOL Wireless Strapless Bra for Women Seamless Push Up Non-Slip Full Support Non Removable Padded Bandeau Bra, Black, L","1","amazon.ca","Amazon","Calgary","Alberta","T3P 1T","Combined TCS+MTC","25.49","1.27","0","0","0","0","0","0","0","0","-1.27","-4.33","-7.23","0","0","13.93"
"Oct 10, 2025 11:35:00 p.m. PDT","24699394731","Order","701-3418341-7064261","MSCA-D70-5-4","ANGOOL Wireless Strapless Bra for Women Seamless Push Up Non-Slip Full Support Non Removable Padded Bandeau Bra, Beige, L","1","amazon.ca","Amazon","Lac-Des-Plages","Quebec","J0T 1K","Combined TCS+MTC","25.49","3.82","0","0","0","0","0","0","0","0","-3.82","-4.33","-7.23","0","0","13.93"
"Oct 11, 2025 12:57:21 a.m. PDT","24699394731","Order","702-3152587-4074659","MSCA-D70-25-3","ANGOOL Wireless Strapless Bra for Women Seamless Push Up Non-Slip Full Support Non Removable Padded Bandeau Bra, Black+Beige, M","1","amazon.ca","Amazon","Mississauga","Ontario","L5B 2Y","Combined TCS+MTC","36.54","4.75","0","0","0","0","0","0","0","0","-4.75","-6.21","-7.40","0","0","22.93"
"Oct 11, 2025 1:07:28 a.m. PDT","24699394731","Order","701-1223731-4397058","MSCA-D70-5-2","ANGOOL Wireless Strapless Bra for Women Seamless Push Up Non-Slip Full Support Non Removable Padded Bandeau Bra, Beige, S","1","amazon.ca","Amazon","Orleans","Ontario","K4A 3J","Combined TCS+MTC","25.49","3.31","0","0","0","0","0","0","0","0","-3.31","-4.33","-7.40","0","0","13.76"
"Oct 11, 2025 2:54:20 a.m. PDT","24699394731","Adjustment","701-6583863-4083412","MSCA-D70-2-4","FBA Inventory Reimbursement - Customer Return","1","","","","","","","0","0","0","0","0","0","0","0","0","0","0","0","0","0","16.42","16.42"
"Oct 11, 2025 4:24:17 a.m. PDT","24699394731","Order","702-5308613-9593843","MSCA-D70-2-4","ANGOOL Wireless Strapless Bra for Women Seamless Push Up Non-Slip Full Support Non Removable Padded Bandeau Bra, Black, L","1","amazon.ca","Amazon","Langley","British Columbia","V2Y 3S","Combined TCS+MTC","25.49","3.06","0","0","0","0","0","0","0","0","-3.06","-4.33","-7.23","0","0","13.93"
"Oct 11, 2025 8:23:01 a.m. PDT","24699394731","Fulfilment by Amazon customer return fee","701-5834540-4807446","X004L5ZNMB","FBA Customer Return Per Unit Fee (Clothing & Shoes)","","Amazon.ca","","","","","","0","0","0","0","0","0","0","0","0","0","0","0","-5.03","0","0","-5.03"
"Oct 11, 2025 8:44:08 a.m. PDT","24699394731","Order","701-5155632-4563469","MSCA-D77-7-4","ANGOOL Racerback Bras for Women Wire Free Sexy V Neck Lace Bralette Adjustable Strap Full Coverage Padded Bra, Brown, L","1","amazon.ca","Amazon","Kingsville","Ontario","N9Y1N","Combined TCS+MTC","23.99","3.12","0","0","0","0","0","0","0","0","-3.12","-4.08","-7.20","0","0","12.71"
"Oct 11, 2025 11:42:09 a.m. PDT","24699394731","FBA Inventory Fee","701-0567653-8379433","","Fulfilment by Amazon removal order: disposal fee","","Amazon.ca","","","","","","0","0","0","0","0","0","0","0","0","0","0","0","0","0","-0.39","-0.39"
"Oct 11, 2025 12:33:06 p.m. PDT","24699394731","Order","701-1405174-8709002","MSCA-D77-7-5","ANGOOL Racerback Bras for Women Wire Free Sexy V Neck Lace Bralette Adjustable Strap Full Coverage Padded Bra, Brown, XL","1","amazon.ca","Amazon","Oshawa","Ontario","L1G 3X","Combined TCS+MTC","22.49","2.92","0","0","0","0","0","0","0","0","-2.92","-3.82","-6.73","0","0","11.94"
"Oct 11, 2025 12:34:02 p.m. PDT","24699394731","Order","701-8655769-2500229","MSCA-D70-2-3","ANGOOL Wireless Strapless Bra for Women Seamless Push Up Non-Slip Full Support Non Removable Padded Bandeau Bra, Black, M","1","amazon.ca","Amazon","Saanich","British Columbia","V8X 2E","Combined TCS+MTC","25.49","3.06","0","0","0","0","0","0","0","0","-3.06","-4.33","-7.23","0","0","13.93"
"Oct 11, 2025 2:07:55 p.m. PDT","24699394731","Refund","701-5177284-9930619","MSCA-D70-25-3","ANGOOL Wireless Strapless Bra for Women Seamless Push Up Non-Slip Full Support Non Removable Padded Bandeau Bra, Black+Beige, M","1","amazon.ca","Amazon","Kitchener","Ontario","N2N 1E","Combined TCS+MTC","-36.54","-4.75","-0.64","0","0","0","0","0","0.64","0","4.75","4.97","0","0","0","-31.57"
"Oct 11, 2025 2:07:55 p.m. PDT","24699394731","Refund","701-5177284-9930619","MSCA-D70-25-4","ANGOOL Wireless Strapless Bra for Women Seamless Push Up Non-Slip Full Support Non Removable Padded Bandeau Bra, Black+Beige, L","1","amazon.ca","Amazon","Kitchener","Ontario","N2N 1E","Combined TCS+MTC","-36.54","-4.75","-0.64","0","0","0","0","0","0.64","0","4.75","4.97","0","0","0","-31.57"
"Oct 11, 2025 2:38:48 p.m. PDT","24699394731","Order","702-2930738-9594667","MSCA-D77-7-5","ANGOOL Racerback Bras for Women Wire Free Sexy V Neck Lace Bralette Adjustable Strap Full Coverage Padded Bra, Brown, XL","1","amazon.ca","Amazon","London","ON","N5Y 5C","Combined TCS+MTC","29.99","3.90","0","0","0","0","0","0","0","0","-3.90","-5.10","-6.73","0","0","18.16"
"Oct 11, 2025 2:52:08 p.m. PDT","24699394731","Order","702-7606530-9463411","MSCA-D70-25-3","ANGOOL Wireless Strapless Bra for Women Seamless Push Up Non-Slip Full Support Non Removable Padded Bandeau Bra, Black+Beige, M","1","amazon.ca","Amazon","Laval","Quebec","H7L 5S","Combined TCS+MTC","42.99","6.44","0","0","0","0","0","0","0","0","-6.44","-7.31","-7.40","0","0","28.28"
"Oct 11, 2025 3:47:14 p.m. PDT","24699394731","Fulfilment by Amazon customer return fee","702-2670618-6499466","X004L5Z47F","FBA Customer Return Per Unit Fee (Clothing & Shoes)","","Amazon.ca","","","","","","0","0","0","0","0","0","0","0","0","0","0","0","-5.03","0","0","-5.03"
"Oct 11, 2025 4:14:22 p.m. PDT","24699394731","Refund","701-3508214-1991461","MSCA-D70-5-4","ANGOOL Wireless Strapless Bra for Women Seamless Push Up Non-Slip Full Support Non Removable Padded Bandeau Bra, Beige, L","1","amazon.ca","Amazon","Brampton","Ontario","L6V 4H","Combined TCS+MTC","-26.99","-3.51","-3.49","0","0","0","0","0","3.49","0","3.51","3.67","0","0","0","-23.32"
"Oct 11, 2025 4:14:57 p.m. PDT","24699394731","Adjustment","","MSCA-D70-6-5","FBA Inventory Reimbursement - Lost:Warehouse","1","","","","","","","0","0","0","0","0","0","0","0","0","0","0","0","0","0","8.70","8.70"
"Oct 11, 2025 5:20:27 p.m. PDT","24699394731","Fulfilment by Amazon customer return fee","701-1375214-9052247","X004L5XHYH","FBA Customer Return Per Unit Fee (Clothing & Shoes)","","Amazon.ca","","","","","","0","0","0","0","0","0","0","0","0","0","0","0","-5.15","0","0","-5.15"
"Oct 11, 2025 5:46:38 p.m. PDT","24699394731","Refund","702-5723612-6526665","MSCA-D70-25-4","ANGOOL Wireless Strapless Bra for Women Seamless Push Up Non-Slip Full Support Non Removable Padded Bandeau Bra, Black+Beige, L","1","amazon.ca","Amazon","Leduc","Alberta","T9E 0W","Combined TCS+MTC","-36.54","-1.83","0","0","0","0","0","0","0","0","1.83","4.97","0","0","0","-31.57"
"Oct 11, 2025 5:55:17 p.m. PDT","24699394731","Order","701-4576480-0953869","MSCA-D77-6-5","ANGOOL Racerback Bras for Women Wire Free Sexy V Neck Lace Bralette Adjustable Strap Full Coverage Padded Bra, White, XL","1","amazon.ca","Amazon","Ottawa","Ontario","K2G 7B","Combined TCS+MTC","25.49","3.31","0","0","0","0","0","0","0","0","-3.31","-4.33","-6.73","0","0","14.43"
"Oct 11, 2025 5:55:17 p.m. PDT","24699394731","Order","701-4576480-0953869","MSCA-D77-2-5","ANGOOL Racerback Bras for Women Wire Free Sexy V Neck Lace Bralette Adjustable Strap Full Coverage Padded Bra, Black, XL","1","amazon.ca","Amazon","Ottawa","Ontario","K2G 7B","Combined TCS+MTC","25.49","3.31","0","0","0","0","0","0","0","0","-3.31","-4.33","-6.73","0","0","14.43"
"Oct 11, 2025 6:25:08 p.m. PDT","24699394731","Order","701-2665489-6624208","MSCA-D70-2-3","ANGOOL Wireless Strapless Bra for Women Seamless Push Up Non-Slip Full Support Non Removable Padded Bandeau Bra, Black, M","1","amazon.ca","Amazon","Ottawa","Ontario","K1N 6M","Combined TCS+MTC","29.99","3.90","0","0","0","0","0","0","0","0","-3.90","-5.10","-7.23","0","0","17.66"
"Oct 11, 2025 6:32:14 p.m. PDT","24699394731","Order","701-3734623-3960232","MSCA-D70-6-4","ANGOOL Wireless Strapless Bra for Women Seamless Push Up Non-Slip Full Support Non Removable Padded Bandeau Bra, White, L","1","amazon.ca","Amazon","Roslin","Ontario","K0K 2Y","Combined TCS+MTC","25.49","3.31","0","0","0","0","0","0","0","0","-3.31","-4.33","-6.73","0","0","14.43"
"Oct 11, 2025 6:37:37 p.m. PDT","24699394731","Order","702-2515224-6177031","MSCA-D77-5-6","ANGOOL Racerback Bras for Women Wire Free Sexy V Neck Lace Bralette Adjustable Strap Full Coverage Padded Bra, Beige, XXL","1","amazon.ca","Amazon","St Catharines","Ontario","L2N 3N","Combined TCS+MTC","29.99","3.90","3.49","0","0","0","0","0","-3.49","0","-3.90","-5.10","-6.73","0","0","18.16"
"Oct 11, 2025 6:58:34 p.m. PDT","24699394731","Order","701-2594399-7033805","MSCA-D70-5-4","ANGOOL Wireless Strapless Bra for Women Seamless Push Up Non-Slip Full Support Non Removable Padded Bandeau Bra, Beige, L","1","amazon.ca","Amazon","Calgary","Alberta","T2E 4R","Combined TCS+MTC","25.49","1.27","0","0","0","0","0","0","0","0","-1.27","-4.33","-7.23","0","0","13.93"
"Oct 11, 2025 7:33:31 p.m. PDT","24699394731","Order","702-0553465-6786629","MSCA-D70-25-3","ANGOOL Wireless Strapless Bra for Women Seamless Push Up Non-Slip Full Support Non Removable Padded Bandeau Bra, Black+Beige, M","1","amazon.ca","Amazon","Stouffville","Ontario","L4A 0W","Combined TCS+MTC","42.99","5.59","0","0","0","0","0","0","0","0","-5.59","-7.31","-7.40","0","0","28.28"
"Oct 11, 2025 7:41:58 p.m. PDT","24699394731","Order","702-2351221-2669047","MSCA-D70-25-3","ANGOOL Wireless Strapless Bra for Women Seamless Push Up Non-Slip Full Support Non Removable Padded Bandeau Bra, Black+Beige, M","1","amazon.ca","Amazon","Elmsdale","Nova Scotia","B2S 1L","Combined TCS+MTC","36.54","5.12","0","0","0","0","0","0","0","0","-5.12","-6.21","-7.40","0","0","22.93"
"Oct 11, 2025 7:41:58 p.m. PDT","24699394731","Order","702-2351221-2669047","MSCA-D70-25-2","ANGOOL Wireless Strapless Bra for Women Seamless Push Up Non-Slip Full Support Non Removable Padded Bandeau Bra, Black+Beige, S","1","amazon.ca","Amazon","Elmsdale","Nova Scotia","B2S 1L","Combined TCS+MTC","36.54","5.12","0","0","0","0","0","0","0","0","-5.12","-6.21","-7.40","0","0","22.93"
"Oct 11, 2025 7:42:24 p.m. PDT","24699394731","Order","702-5211502-2010650","MSCA-D70-25-4","ANGOOL Wireless Strapless Bra for Women Seamless Push Up Non-Slip Full Support Non Removable Padded Bandeau Bra, Black+Beige, L","1","amazon.ca","Amazon","Toronto","Ontario","M9L 2B","Combined TCS+MTC","42.99","5.59","0","0","0","0","0","0","0","0","-5.59","-7.31","-8.25","0","0","27.43"
"Oct 11, 2025 9:26:39 p.m. PDT","24699394731","Fulfilment by Amazon customer return fee","702-3828718-9694617","X004L5XHYH","FBA Customer Return Per Unit Fee (Clothing & Shoes)","","Amazon.ca","","","","","","0","0","0","0","0","0","0","0","0","0","0","0","-5.15","0","0","-5.15"
"Oct 11, 2025 10:45:20 p.m. PDT","24699394731","Order","701-9187751-5315466","MSCA-D70-7-4","ANGOOL Wireless Strapless Bra for Women Seamless Push Up Non-Slip Full Support Non Removable Padded Bandeau Bra, Brown, L","1","amazon.ca","Amazon","Scarborough","Ontario","M1N 2A","Combined TCS+MTC","29.99","3.90","6.99","0","0","0","0","0","-6.99","0","-3.90","-5.10","-7.23","0","0","17.66"
"Oct 11, 2025 10:56:24 p.m. PDT","24699394731","Order","701-5159247-9767454","MSCA-D70-25-5","ANGOOL Wireless Strapless Bra for Women Seamless Push Up Non-Slip Full Support Non Removable Padded Bandeau Bra, Black+Beige, XL","1","amazon.ca","Amazon","North York","ON","M6B 3Z","Combined TCS+MTC","36.54","4.75","0","0","0","0","0","0","0","0","-4.75","-6.21","-8.25","0","0","22.08"
"Oct 11, 2025 11:54:00 p.m. PDT","24699394731","Order","701-3095097-7783428","MSCA-D74-6-3","ANGOOL V Neck Seamless Bralette for Women Full Coverage Wireless Padded Bra No Underwire Non Removable Pads Push Up Bras, White, M","1","amazon.ca","Amazon","Brampton","Ontario","L7A 2V","Combined TCS+MTC","22.09","2.87","0","0","0","0","0","0","0","0","-2.87","-3.76","-7.71","0","0","10.62"
"Oct 11, 2025 11:54:00 p.m. PDT","24699394731","Order","701-3095097-7783428","MSCA-D74-5-3","ANGOOL V Neck Seamless Bralette for Women Full Coverage Wireless Padded Bra No Underwire Non Removable Pads Push Up Bras, Beige, M","1","amazon.ca","Amazon","Brampton","Ontario","L7A 2V","Combined TCS+MTC","22.09","2.87","0","0","0","0","0","0","0","0","-2.87","-3.76","-7.71","0","0","10.62"
"Oct 12, 2025 12:36:36 a.m. PDT","24699394731","Order","701-6610074-5991453","MSCA-D70-5-4","ANGOOL Wireless Strapless Bra for Women Seamless Push Up Non-Slip Full Support Non Removable Padded Bandeau Bra, Beige, L","1","amazon.ca","Amazon","St. John's","Newfoundland","A1H 1B","Combined TCS+MTC","25.49","3.82","0","0","0","0","0","0","0","0","-3.82","-4.33","-7.23","0","0","13.93"
"Oct 12, 2025 4:03:38 a.m. PDT","24699394731","Order","701-6430230-9239416","MSCA-D70-25-3","ANGOOL Wireless Strapless Bra for Women Seamless Push Up Non-Slip Full Support Non Removable Padded Bandeau Bra, Black+Beige, M","1","amazon.ca","Amazon","Winnipeg","Manitoba","R3Y 1S","Combined TCS+MTC","36.54","4.38","0","0","0","0","0","0","0","0","-4.38","-6.21","-7.40","0","0","22.93"
"Oct 12, 2025 6:31:56 a.m. PDT","24699394731","Order","702-9595952-2137820","MSCA-D74-6-3","ANGOOL V Neck Seamless Bralette for Women Full Coverage Wireless Padded Bra No Underwire Non Removable Pads Push Up Bras, White, M","1","amazon.ca","Amazon","Exeter","Ontario","N0M 1S","Combined TCS+MTC","22.09","2.87","0","0","0","0","0","0","0","0","-2.87","-3.76","-7.71","0","0","10.62"
"Oct 12, 2025 8:23:48 a.m. PDT","24699394731","Order","702-8863371-2883411","MSCA-D77-7-5","ANGOOL Racerback Bras for Women Wire Free Sexy V Neck Lace Bralette Adjustable Strap Full Coverage Padded Bra, Brown, XL","1","amazon.ca","Amazon","Bowmanville","Ontario","L1C7G","Combined TCS+MTC","22.49","2.92","0","0","0","0","0","0","0","0","-2.92","-3.82","-6.73","0","0","11.94"
"Oct 12, 2025 9:30:12 a.m. PDT","24699394731","Order","702-7931744-4203468","MSCA-D70-7-3","ANGOOL Wireless Strapless Bra for Women Seamless Push Up Non-Slip Full Support Non Removable Padded Bandeau Bra, Brown, M","1","amazon.ca","Amazon","Shawinigan","Quebec","G9T 7H","Combined TCS+MTC","25.49","3.82","0","0","0","0","0","0","0","0","-3.82","-4.33","-7.40","0","0","13.76"
"Oct 12, 2025 12:53:58 p.m. PDT","24699394731","Refund","701-6297437-9361841","MSCA-D70-2-3","ANGOOL Wireless Strapless Bra for Women Seamless Push Up Non-Slip Full Support Non Removable Padded Bandeau Bra, Black, M","1","amazon.ca","Amazon","Calgary","Alberta","T3P 1T","Combined TCS+MTC","-29.99","-1.50","0","0","0","0","0","0","0","0","1.50","4.08","0","0","0","-25.91"
"Oct 12, 2025 1:26:28 p.m. PDT","24699394731","Refund","702-8746972-2382604","MSCA-D70-5-4","ANGOOL Wireless Strapless Bra for Women Seamless Push Up Non-Slip Full Support Non Removable Padded Bandeau Bra, Beige, L","1","amazon.ca","Amazon","SURREY","BC","V3S7C","Combined TCS+MTC","-26.99","-3.24","0","0","0","0","0","0","0","0","3.24","3.67","0","0","0","-23.32"
"Oct 12, 2025 1:29:40 p.m. PDT","24699394731","FBA Inventory Fee","702-2670618-6499466","","Fulfilment by Amazon removal order: disposal fee","","Amazon.ca","","","","","","0","0","0","0","0","0","0","0","0","0","0","0","0","0","-0.36","-0.36"
"Oct 12, 2025 1:52:56 p.m. PDT","24699394731","Order","701-8647434-0990633","MSCA-D70-25-4","ANGOOL Wireless Strapless Bra for Women Seamless Push Up Non-Slip Full Support Non Removable Padded Bandeau Bra, Black+Beige, L","1","amazon.ca","Amazon","Victoria","BC","V8R 3X","Combined TCS+MTC","42.99","5.16","0","0","0","0","0","0","0","0","-5.16","-7.31","-8.83","0","0","26.85"
"Oct 12, 2025 2:25:17 p.m. PDT","24699394731","Refund","701-4797387-5791433","MSCA-D70-5-3","ANGOOL Wireless Strapless Bra for Women Seamless Push Up Non-Slip Full Support Non Removable Padded Bandeau Bra, Beige, M","1","amazon.ca","Amazon","Calgary","Alberta","T2S 0J","Combined TCS+MTC","-25.49","-1.27","0","0","0","0","0","0","0","0","1.27","3.46","0","0","0","-22.03"
"Oct 12, 2025 2:31:37 p.m. PDT","24699394731","Order","702-4174194-2496253","MSCA-D74-2-2","ANGOOL V Neck Seamless Bralette for Women Full Coverage Wireless Padded Bra No Underwire Non Removable Pads Push Up Bras, Black, S","1","amazon.ca","Amazon","Addison","Ontario","K0E 1A","Combined TCS+MTC","22.09","2.87","0","0","0","0","0","0","0","0","-2.87","-3.76","-7.71","0","0","10.62"
"Oct 12, 2025 2:43:58 p.m. PDT","24699394731","Order","701-6873838-8890656","MSCA-D77-5-6","ANGOOL Racerback Bras for Women Wire Free Sexy V Neck Lace Bralette Adjustable Strap Full Coverage Padded Bra, Beige, XXL","1","amazon.ca","Amazon","Oshawa","Ontario","L1G 7T","Combined TCS+MTC","29.99","3.90","3.92","0","0","0","0","0","-3.92","0","-3.90","-5.10","-6.73","0","0","18.16"
"Oct 12, 2025 4:27:16 p.m. PDT","24699394731","Order","702-7237699-9580263","MSCA-D70-2-3","ANGOOL Wireless Strapless Bra for Women Seamless Push Up Non-Slip Full Support Non Removable Padded Bandeau Bra, Black, M","1","amazon.ca","Amazon","Calgary","Alberta","T3B 6R","Combined TCS+MTC","25.49","1.27","0","0","0","0","0","0","0","0","-1.27","-4.33","-7.23","0","0","13.93"
"Oct 12, 2025 4:46:50 p.m. PDT","24699394731","Order","701-7139098-2478623","MSCA-D70-25-5","ANGOOL Wireless Strapless Bra for Women Seamless Push Up Non-Slip Full Support Non Removable Padded Bandeau Bra, Black+Beige, XL","1","amazon.ca","Amazon","Clarenville","Newfoundland","A5A 1W","Combined TCS+MTC","36.54","5.48","0","0","0","0","0","0","0","0","-5.48","-6.21","-7.71","0","0","22.62"
"Oct 12, 2025 5:20:36 p.m. PDT","24699394731","Order","701-2591625-9074625","MSCA-D70-2-2","ANGOOL Wireless Strapless Bra for Women Seamless Push Up Non-Slip Full Support Non Removable Padded Bandeau Bra, Black, S","1","amazon.ca","Amazon","Oakville","Ontario","L6H 3Z","Combined TCS+MTC","25.49","3.31","0","0","0","0","0","0","0","0","-3.31","-4.33","-6.73","0","0","14.43"
"Oct 12, 2025 5:47:42 p.m. PDT","24699394731","Order","701-4141648-5223428","MSCA-D70-25-2","ANGOOL Wireless Strapless Bra for Women Seamless Push Up Non-Slip Full Support Non Removable Padded Bandeau Bra, Black+Beige, S","1","amazon.ca","Amazon","Corman park","Saskatchewan","S7T 1E","Combined TCS+MTC","36.54","4.02","0","0","0","0","0","0","0","0","-4.02","-6.21","-7.40","0","0","22.93"
"Oct 12, 2025 6:25:42 p.m. PDT","24699394731","Order","702-9825726-8234657","MSCA-D70-5-3","ANGOOL Wireless Strapless Bra for Women Seamless Push Up Non-Slip Full Support Non Removable Padded Bandeau Bra, Beige, M","1","amazon.ca","Amazon","Drumbo","Ontario","N0J 1G","Combined TCS+MTC","25.49","3.31","0","0","0","0","0","0","0","0","-3.31","-4.33","-6.73","0","0","14.43"
"Oct 12, 2025 6:27:01 p.m. PDT","24699394731","Refund","702-2399098-7380202","MSCA-D70-5-5","ANGOOL Wireless Strapless Bra for Women Seamless Push Up Non-Slip Full Support Non Removable Padded Bandeau Bra, Beige, XL","1","amazon.ca","Amazon","Pitt Meadows","British Columbia","V3Y 2V","Combined TCS+MTC","-29.99","-3.60","0","0","0","0","0","0","0","0","3.60","4.08","0","0","0","-25.91"
"Oct 12, 2025 6:36:07 p.m. PDT","24699394731","Order","701-2111390-4844227","MSCA-D77-5-2","ANGOOL Racerback Bras for Women Wire Free Sexy V Neck Lace Bralette Adjustable Strap Full Coverage Padded Bra, Beige, S","1","amazon.ca","Amazon","Calgary","AB","T3E 7Y","Combined TCS+MTC","23.99","1.20","0","0","0","0","0","0","0","0","-1.20","-4.08","-6.73","0","0","13.18"
"Oct 12, 2025 6:56:35 p.m. PDT","24699394731","Order","701-3531359-0336248","MSCA-D76-268-2","ANGOOL Sports Bras for Women Seamless Backless Criss Cross Strappy Sports Bra Without Underwire for Workout Gym Yoga, Black+White+Green, S","1","amazon.ca","Amazon","Saint-Laurent","Quebec","H4R 0E","Combined TCS+MTC","31.99","4.79","0","0","0","0","0","0","0","0","-4.79","-5.44","0","0","0","26.55"
"Oct 12, 2025 8:45:39 p.m. PDT","24699394731","Order","701-5601096-1616252","MSCA-D70-5-2","ANGOOL Wireless Strapless Bra for Women Seamless Push Up Non-Slip Full Support Non Removable Padded Bandeau Bra, Beige, S","1","amazon.ca","Amazon","Cochrane","Alberta","T4C 1W","Combined TCS+MTC","25.49","1.27","0","0","0","0","0","0","0","0","-1.27","-4.33","-7.40","0","0","13.76"
"Oct 12, 2025 10:53:40 p.m. PDT","24699394731","Order","701-1901752-2607467","MSCA-D77-5-5","ANGOOL Racerback Bras for Women Wire Free Sexy V Neck Lace Bralette Adjustable Strap Full Coverage Padded Bra, Beige, XL","1","amazon.ca","Amazon","Burlington","Ontario","L7L 7B","Combined TCS+MTC","29.99","3.90","0","0","0","0","0","0","0","0","-3.90","-5.10","-6.73","0","0","18.16"
"Oct 12, 2025 10:59:47 p.m. PDT","24699394731","Order","702-3670117-7148268","MSCA-D70-5-2","ANGOOL Wireless Strapless Bra for Women Seamless Push Up Non-Slip Full Support Non Removable Padded Bandeau Bra, Beige, S","1","amazon.ca","Amazon","Saskatoon","Saskatchewan","S7L 4Z","Combined TCS+MTC","25.49","2.80","2.52","0","0","0","0","0","-2.52","0","-2.80","-4.33","-7.40","0","0","13.76"
"Oct 13, 2025 12:10:53 a.m. PDT","24699394731","Order","702-0079267-5489040","MSCA-D70-25-2","ANGOOL Wireless Strapless Bra for Women Seamless Push Up Non-Slip Full Support Non Removable Padded Bandeau Bra, Black+Beige, S","1","amazon.ca","Amazon","Coldwater","Ontario","L0K 1E","Combined TCS+MTC","36.54","4.75","0","0","0","0","0","0","0","0","-4.75","-6.21","-7.40","0","0","22.93"
"Oct 13, 2025 12:25:35 a.m. PDT","24699394731","Fulfilment by Amazon customer return fee","702-7172585-0761054","X004L5VLD1","FBA Customer Return Per Unit Fee (Clothing & Shoes)","","Amazon.ca","","","","","","0","0","0","0","0","0","0","0","0","0","0","0","-5.03","0","0","-5.03"
"Oct 13, 2025 12:46:03 a.m. PDT","24699394731","Order","702-5207357-8223469","MSCA-D77-2-6","ANGOOL Racerback Bras for Women Wire Free Sexy V Neck Lace Bralette Adjustable Strap Full Coverage Padded Bra, Black, XXL","1","amazon.ca","Amazon","St Catharines","Ontario","L2N 3N","Combined TCS+MTC","23.99","3.12","0","0","0","0","0","0","0","0","-3.12","-4.08","-7.20","0","0","12.71"
"Oct 13, 2025 5:06:58 a.m. PDT","24699394731","Fulfilment by Amazon customer return fee","702-7052001-2586616","X004L5VMH1","FBA Customer Return Per Unit Fee (Clothing & Shoes)","","Amazon.ca","","","","","","0","0","0","0","0","0","0","0","0","0","0","0","-4.92","0","0","-4.92"
"Oct 13, 2025 9:28:32 a.m. PDT","24699394731","FBA Inventory Fee","3zfjlKKh/W","","Fulfilment by Amazon removal order: disposal fee","","Amazon.ca","","","","","","0","0","0","0","0","0","0","0","0","0","0","0","0","0","-0.36","-0.36"
"Oct 13, 2025 11:27:23 a.m. PDT","24699394731","Fulfilment by Amazon customer return fee","701-2206906-9177840","X004L5YB51","FBA Customer Return Per Unit Fee (Clothing & Shoes)","","Amazon.ca","","","","","","0","0","0","0","0","0","0","0","0","0","0","0","-4.92","0","0","-4.92"
"Oct 13, 2025 12:13:59 p.m. PDT","24699394731","Order","701-9534081-9490622","MSCA-D70-5-4","ANGOOL Wireless Strapless Bra for Women Seamless Push Up Non-Slip Full Support Non Removable Padded Bandeau Bra, Beige, L","1","amazon.ca","Amazon","Halifax","Nova Scotia","B3R 1N","Combined TCS+MTC","25.49","3.57","0","0","0","0","0","0","0","0","-3.57","-4.33","-7.23","0","0","13.93"
"Oct 13, 2025 1:10:42 p.m. PDT","24699394731","FBA Inventory Fee","i9pORHu9M1","","Fulfilment by Amazon removal order: disposal fee","","Amazon.ca","","","","","","0","0","0","0","0","0","0","0","0","0","0","0","0","0","-0.82","-0.82"
"Oct 13, 2025 2:37:19 p.m. PDT","24699394731","Refund","702-5308613-9593843","MSCA-D70-2-4","ANGOOL Wireless Strapless Bra for Women Seamless Push Up Non-Slip Full Support Non Removable Padded Bandeau Bra, Black, L","1","amazon.ca","Amazon","Langley","British Columbia","V2Y 3S","Combined TCS+MTC","-25.49","-3.06","0","0","0","0","0","0","0","0","3.06","3.46","0","0","0","-22.03"
"Oct 13, 2025 2:41:20 p.m. PDT","24699394731","Order","701-9886002-8564258","MSCA-D70-5-3","ANGOOL Wireless Strapless Bra for Women Seamless Push Up Non-Slip Full Support Non Removable Padded Bandeau Bra, Beige, M","1","amazon.ca","Amazon","Victoria","BC","V9A 0A","Combined TCS+MTC","25.49","3.06","0","0","0","0","0","0","0","0","-3.06","-4.33","-7.20","0","0","13.96"
"Oct 13, 2025 3:57:23 p.m. PDT","24699394731","Order","702-5862275-3980214","MSCA-D70-6-3","ANGOOL Wireless Strapless Bra for Women Seamless Push Up Non-Slip Full Support Non Removable Padded Bandeau Bra, White, M","1","amazon.ca","Amazon","Ottawa","Ontario","K1K 1P","Combined TCS+MTC","29.99","3.90","2.11","0","0","0","0","0","-2.11","0","-3.90","-5.10","-6.73","0","0","18.16"
"Oct 13, 2025 5:26:28 p.m. PDT","24699394731","Order","702-3048260-0245035","MSCA-D70-25-5","ANGOOL Wireless Strapless Bra for Women Seamless Push Up Non-Slip Full Support Non Removable Padded Bandeau Bra, Black+Beige, XL","1","amazon.ca","Amazon","Nobleton","Ontario","L0G 1N","Combined TCS+MTC","36.54","4.75","0","0","0","0","0","0","0","0","-4.75","-6.21","-7.71","0","0","22.62"
"Oct 13, 2025 6:33:12 p.m. PDT","24699394731","Fulfilment by Amazon customer return fee","702-6728316-8665047","X004L5YB51","FBA Customer Return Per Unit Fee (Clothing & Shoes)","","Amazon.ca","","","","","","0","0","0","0","0","0","0","0","0","0","0","0","-4.57","0","0","-4.57"
"Oct 13, 2025 6:40:36 p.m. PDT","24699394731","Order","702-9518411-5968219","MSCA-D70-25-4","ANGOOL Wireless Strapless Bra for Women Seamless Push Up Non-Slip Full Support Non Removable Padded Bandeau Bra, Black+Beige, L","1","amazon.ca","Amazon","Ottawa","Ontario","K2C 0N","Combined TCS+MTC","36.54","4.75","0","0","0","0","0","0","0","0","-4.75","-6.21","-8.25","0","0","22.08"
"Oct 13, 2025 7:11:26 p.m. PDT","24699394731","Order","701-7024970-0835428","MSCA-D70-7-4","ANGOOL Wireless Strapless Bra for Women Seamless Push Up Non-Slip Full Support Non Removable Padded Bandeau Bra, Brown, L","1","amazon.ca","Amazon","Waterloo","Ontario","N2K 1W","Combined TCS+MTC","25.49","3.31","6.99","0","0","0","0","0","-6.99","0","-3.31","-4.33","-7.23","0","0","13.93"
"Oct 13, 2025 7:18:36 p.m. PDT","24699394731","Order","701-2450229-3880224","MSCA-D70-7-6","ANGOOL Wireless Strapless Bra for Women Seamless Push Up Non-Slip Full Support Non Removable Padded Bandeau Bra, Brown, XXL","1","amazon.ca","Amazon","Hampstead","Quebec","H3X 0A","Combined TCS+MTC","25.49","3.82","0","0","0","0","0","0","0","0","-3.82","-4.33","-6.73","0","0","14.43"
"Oct 13, 2025 7:19:33 p.m. PDT","24699394731","Order","702-2373843-4343468","MSCA-D70-5-4","ANGOOL Wireless Strapless Bra for Women Seamless Push Up Non-Slip Full Support Non Removable Padded Bandeau Bra, Beige, L","1","amazon.ca","Amazon","BALTIMORE","Ontario","K0K 1C","Combined TCS+MTC","25.49","3.31","0","0","0","0","0","0","0","0","-3.31","-4.33","-7.23","0","0","13.93"
"Oct 13, 2025 7:51:54 p.m. PDT","24699394731","Order","702-0981779-3792227","MSCA-D70-6-4","ANGOOL Wireless Strapless Bra for Women Seamless Push Up Non-Slip Full Support Non Removable Padded Bandeau Bra, White, L","1","amazon.ca","Amazon","Brampton","Ontario","L6W3L","Combined TCS+MTC","25.49","3.31","0","0","0","0","0","0","0","0","-3.31","-4.33","-6.73","0","0","14.43"
"Oct 13, 2025 8:06:08 p.m. PDT","24699394731","FBA Inventory Fee","702-0643635-7357866","","Fulfilment by Amazon removal order: disposal fee","","Amazon.ca","","","","","","0","0","0","0","0","0","0","0","0","0","0","0","0","0","-0.39","-0.39"
"Oct 13, 2025 8:06:12 p.m. PDT","24699394731","FBA Inventory Fee","702-9957020-9230657","","Fulfilment by Amazon removal order: disposal fee","","Amazon.ca","","","","","","0","0","0","0","0","0","0","0","0","0","0","0","0","0","-0.39","-0.39"
"Oct 13, 2025 8:18:37 p.m. PDT","24699394731","Order","701-7675856-1194610","MSCA-D70-25-6","ANGOOL Wireless Strapless Bra for Women Seamless Push Up Non-Slip Full Support Non Removable Padded Bandeau Bra, Black+Beige, XXL","1","amazon.ca","Amazon","Brunkild","Manitoba","R0G 0E","Combined TCS+MTC","36.54","4.38","0","0","0","0","0","0","0","0","-4.38","-6.21","-6.73","0","0","23.60"
"Oct 13, 2025 8:42:57 p.m. PDT","24699394731","Order","701-3312034-9304265","MSCA-D70-25-4","ANGOOL Wireless Strapless Bra for Women Seamless Push Up Non-Slip Full Support Non Removable Padded Bandeau Bra, Black+Beige, L","1","amazon.ca","Amazon","Brownsburg-Chatham","Quebec","J8G 1P","Combined TCS+MTC","42.99","6.44","0","0","0","0","0","0","0","0","-6.44","-7.31","-8.25","0","0","27.43"
"Oct 13, 2025 8:44:10 p.m. PDT","24699394731","Order","702-4399165-5557004","MSCA-D70-5-6","ANGOOL Wireless Strapless Bra for Women Seamless Push Up Non-Slip Full Support Non Removable Padded Bandeau Bra, Beige, XXL","1","amazon.ca","Amazon","Saint-Jerome","Quebec","J5L 2R","Combined TCS+MTC","25.49","3.82","0","0","0","0","0","0","0","0","-3.82","-4.33","-7.23","0","0","13.93"
"Oct 13, 2025 9:16:45 p.m. PDT","24699394731","Order","701-7200945-8793800","MSCA-D70-5-3","ANGOOL Wireless Strapless Bra for Women Seamless Push Up Non-Slip Full Support Non Removable Padded Bandeau Bra, Beige, M","1","amazon.ca","Amazon","Longueuil","Quebec","J4L 2V","Combined TCS+MTC","25.49","3.82","0","0","0","0","0","0","0","0","-3.82","-4.33","-6.73","0","0","14.43"
"Oct 13, 2025 9:21:35 p.m. PDT","24699394731","Order","702-2240268-0677037","MSCA-D70-5-3","ANGOOL Wireless Strapless Bra for Women Seamless Push Up Non-Slip Full Support Non Removable Padded Bandeau Bra, Beige, M","1","amazon.ca","Amazon","Richmond Hill","Ontario","L4S 2J","Combined TCS+MTC","25.49","3.31","0","0","0","0","0","0","0","0","-3.31","-4.33","-6.73","0","0","14.43"
"Oct 13, 2025 9:39:25 p.m. PDT","24699394731","Order","701-9015822-3103404","MSCA-D70-2-3","ANGOOL Wireless Strapless Bra for Women Seamless Push Up Non-Slip Full Support Non Removable Padded Bandeau Bra, Black, M","1","amazon.ca","Amazon","Pickering","Ontario","L1X 0B","Combined TCS+MTC","25.49","3.31","0","0","0","0","0","0","0","0","-3.31","-4.33","-7.23","0","0","13.93"
"Oct 13, 2025 9:57:41 p.m. PDT","24699394731","Order","701-6839284-9353840","MSCA-D70-5-4","ANGOOL Wireless Strapless Bra for Women Seamless Push Up Non-Slip Full Support Non Removable Padded Bandeau Bra, Beige, L","1","amazon.ca","Amazon","Kingston","Ontario","K7M 2G","Combined TCS+MTC","25.49","3.31","0","0","0","0","0","0","0","0","-3.31","-4.33","-7.23","0","0","13.93"
"Oct 13, 2025 9:58:07 p.m. PDT","24699394731","Order","702-0740312-7880243","MSCA-D70-5-5","ANGOOL Wireless Strapless Bra for Women Seamless Push Up Non-Slip Full Support Non Removable Padded Bandeau Bra, Beige, XL","1","amazon.ca","Amazon","Québec","Québec","G1V0H","Combined TCS+MTC","25.49","3.82","0","0","0","0","0","0","0","0","-3.82","-4.33","-7.23","0","0","13.93"
"Oct 13, 2025 10:01:45 p.m. PDT","24699394731","Order","701-8475003-5852266","MSCA-D70-6-3","ANGOOL Wireless Strapless Bra for Women Seamless Push Up Non-Slip Full Support Non Removable Padded Bandeau Bra, White, M","1","amazon.ca","Amazon","Niverville","Manitoba","R0A 0A","Combined TCS+MTC","25.49","3.06","0","0","0","0","0","0","0","0","-3.06","-4.33","-6.73","0","0","14.43"
"Oct 13, 2025 10:04:14 p.m. PDT","24699394731","Order","701-1739412-1605029","MSCA-D70-2-5","ANGOOL Wireless Strapless Bra for Women Seamless Push Up Non-Slip Full Support Non Removable Padded Bandeau Bra, Black, XL","1","amazon.ca","Amazon","Toronto","Ontario","M4T 1G","Combined TCS+MTC","25.49","3.31","0","0","0","0","0","0","0","0","-3.31","-4.33","-7.23","0","0","13.93"
"Oct 13, 2025 10:14:21 p.m. PDT","24699394731","Order","702-9934238-7696211","MSCA-D76-268-3","ANGOOL Sports Bras for Women Seamless Backless Criss Cross Strappy Sports Bra Without Underwire for Workout Gym Yoga, Black+White+Green, M","1","amazon.ca","Amazon","Toronto","Ontario","M5V 3S","Combined TCS+MTC","31.99","4.16","0","0","0","0","0","0","0","0","-4.16","-5.44","0","0","0","26.55"
"Oct 13, 2025 10:44:54 p.m. PDT","24699394731","Fulfilment by Amazon customer return fee","701-8552051-9311446","X004L5UE9N","FBA Customer Return Per Unit Fee (Clothing & Shoes)","","Amazon.ca","","","","","","0","0","0","0","0","0","0","0","0","0","0","0","-5.11","0","0","-5.11"
"Oct 13, 2025 10:46:00 p.m. PDT","24699394731","Order","701-2411787-6305827","MSCA-D70-5-5","ANGOOL Wireless Strapless Bra for Women Seamless Push Up Non-Slip Full Support Non Removable Padded Bandeau Bra, Beige, XL","1","amazon.ca","Amazon","Milton","Ontario","L9T 0L","Combined TCS+MTC","25.49","3.31","0","0","0","0","0","0","0","0","-3.31","-4.33","-7.23","0","0","13.93"
"Oct 13, 2025 11:26:48 p.m. PDT","24699394731","Order","702-6323018-8813849","MSCA-D76-268-2","ANGOOL Sports Bras for Women Seamless Backless Criss Cross Strappy Sports Bra Without Underwire for Workout Gym Yoga, Black+White+Green, S","1","amazon.ca","Amazon","Invermere","British Columbia","V0A 1K","Combined TCS+MTC","31.99","3.84","0","0","0","0","0","0","0","0","-3.84","-5.44","0","0","0","26.55"
"Oct 13, 2025 11:27:36 p.m. PDT","24699394731","Order","701-0357333-7781007","MSCA-D74-5-4","ANGOOL V Neck Seamless Bralette for Women Full Coverage Wireless Padded Bra No Underwire Non Removable Pads Push Up Bras, Beige, L","1","amazon.ca","Amazon","Toronto","Ontario","M4M 0E","Combined TCS+MTC","22.09","2.87","0","0","0","0","0","0","0","0","-2.87","-3.76","-7.71","0","0","10.62"
"Oct 13, 2025 11:49:21 p.m. PDT","24699394731","Order","701-1859401-7760251","MSCA-D70-5-5","ANGOOL Wireless Strapless Bra for Women Seamless Push Up Non-Slip Full Support Non Removable Padded Bandeau Bra, Beige, XL","1","amazon.ca","Amazon","Bolton","Ontario","L7E 1Z","Combined TCS+MTC","25.49","3.31","0","0","0","0","0","0","0","0","-3.31","-4.33","-7.23","0","0","13.93"
"Oct 14, 2025 2:14:49 a.m. PDT","24699394731","Order","702-1089661-8913011","MSCA-D70-5-5","ANGOOL Wireless Strapless Bra for Women Seamless Push Up Non-Slip Full Support Non Removable Padded Bandeau Bra, Beige, XL","1","amazon.ca","Amazon","Simcoe","Ontario","N3Y 4S","Combined TCS+MTC","25.49","3.31","0","0","0","0","0","0","0","0","-3.31","-4.33","-7.23","0","0","13.93"
"Oct 14, 2025 4:58:46 a.m. PDT","24699394731","Adjustment","","MSCA-D70-25-6","FBA Inventory Reimbursement - Lost:Warehouse","1","","","","","","","0","0","0","0","0","0","0","0","0","0","0","0","0","0","12.47","12.47"
"Oct 14, 2025 6:37:58 a.m. PDT","24699394731","FBA Inventory Fee","701-5834540-4807446","","Fulfilment by Amazon removal order: disposal fee","","Amazon.ca","","","","","","0","0","0","0","0","0","0","0","0","0","0","0","0","0","-0.36","-0.36"
"Oct 14, 2025 7:43:37 a.m. PDT","24699394731","Refund","701-7220244-4541821","MSCA-D74-5-6","ANGOOL V Neck Seamless Bralette for Women Full Coverage Wireless Padded Bra No Underwire Non Removable Pads Push Up Bras, Beige, XXL","1","amazon.ca","Amazon","Newmarket","Ontario","L3Y 1R","Combined TCS+MTC","-25.99","-3.11","-3.49","0","0","0","0","0","5.57","0","3.11","3.25","0","0","0","-20.66"
"Oct 14, 2025 7:51:42 a.m. PDT","24699394731","Order","701-9258565-5118664","MSCA-D70-6-6","ANGOOL Wireless Strapless Bra for Women Seamless Push Up Non-Slip Full Support Non Removable Padded Bandeau Bra, White, XXL","1","amazon.ca","Amazon","Hagersville","ON","N0A 1H","Combined TCS+MTC","25.49","3.31","2.33","0","0","0","0","0","-2.33","0","-3.31","-4.33","-6.73","0","0","14.43"
"Oct 14, 2025 8:06:07 a.m. PDT","24699394731","Fulfilment by Amazon customer return fee","702-4527703-5420223","X004L5VN5R","FBA Customer Return Per Unit Fee (Clothing & Shoes)","","Amazon.ca","","","","","","0","0","0","0","0","0","0","0","0","0","0","0","-4.67","0","0","-4.67"
"Oct 14, 2025 8:10:22 a.m. PDT","24699394731","Order","702-0256182-1096233","MSCA-D70-25-3","ANGOOL Wireless Strapless Bra for Women Seamless Push Up Non-Slip Full Support Non Removable Padded Bandeau Bra, Black+Beige, M","1","amazon.ca","Amazon","Cambridge","Ontario","N3H 5S","Combined TCS+MTC","36.54","4.75","6.99","0","0","0","0","0","-6.99","0","-4.75","-6.21","-7.40","0","0","22.93"
"Oct 14, 2025 8:46:48 a.m. PDT","24699394731","Order","701-6394172-2629824","MSCA-D70-6-3","ANGOOL Wireless Strapless Bra for Women Seamless Push Up Non-Slip Full Support Non Removable Padded Bandeau Bra, White, M","1","amazon.ca","Amazon","Saint-Eustache","Quebec","J7R 5M","Combined TCS+MTC","29.99","4.49","3.26","0","0","0","0","0","-3.26","0","-4.49","-5.10","-6.73","0","0","18.16"
"Oct 14, 2025 10:46:34 a.m. PDT","24699394731","Fulfilment by Amazon customer return fee","701-2210944-9018628","X004L5VLD1","FBA Customer Return Per Unit Fee (Clothing & Shoes)","","Amazon.ca","","","","","","0","0","0","0","0","0","0","0","0","0","0","0","-5.03","0","0","-5.03"
"Oct 14, 2025 11:02:10 a.m. PDT","24699394731","Order","702-9190051-9860263","MSCA-D70-5-4","ANGOOL Wireless Strapless Bra for Women Seamless Push Up Non-Slip Full Support Non Removable Padded Bandeau Bra, Beige, L","1","amazon.ca","Amazon","Mississauga","Ontario","L5M 4M","Combined TCS+MTC","25.49","3.31","6.99","0","0","0","0","0","-6.99","0","-3.31","-4.33","-7.23","0","0","13.93"
"Oct 14, 2025 11:43:15 a.m. PDT","24699394731","Order","702-6862029-8851417","MSCA-D70-2-4","ANGOOL Wireless Strapless Bra for Women Seamless Push Up Non-Slip Full Support Non Removable Padded Bandeau Bra, Black, L","1","amazon.ca","Amazon","Maple Ridge","British Columbia","V2X 0W","Combined TCS+MTC","25.49","3.06","0","0","0","0","0","0","0","0","-3.06","-4.33","-7.23","0","0","13.93"
"Oct 14, 2025 11:43:59 a.m. PDT","24699394731","Refund","701-7372740-8109850","MSCA-D77-2-5","ANGOOL Racerback Bras for Women Wire Free Sexy V Neck Lace Bralette Adjustable Strap Full Coverage Padded Bra, Black, XL","1","amazon.ca","Amazon","Westmount","Quebec","H3Y 1K","Combined TCS+MTC","-26.99","-4.04","0","0","0","0","0","0","0","0","4.04","3.67","0","0","0","-23.32"
"Oct 14, 2025 1:17:32 p.m. PDT","24699394731","Adjustment","","MSCA-D77-5-4","FBA Inventory Reimbursement - General Adjustment","1","","","","","","","0","0","0","0","0","0","0","0","0","0","0","0","0","0","-14.43","-14.43"
"Oct 14, 2025 2:44:51 p.m. PDT","24699394731","Order","702-7413978-6155443","MSCA-D70-5-3","ANGOOL Wireless Strapless Bra for Women Seamless Push Up Non-Slip Full Support Non Removable Padded Bandeau Bra, Beige, M","1","amazon.ca","Amazon","KIRKLAND LAKE","ON","P2N1K","Combined TCS+MTC","25.49","3.31","0","0","0","0","0","0","0","0","-3.31","-4.33","-6.73","0","0","14.43"
"Oct 14, 2025 2:48:10 p.m. PDT","24699394731","Order","702-8082159-1045005","MSCA-D70-2-2","ANGOOL Wireless Strapless Bra for Women Seamless Push Up Non-Slip Full Support Non Removable Padded Bandeau Bra, Black, S","1","amazon.ca","Amazon","Brampton","Ontario","L6P 2W","Combined TCS+MTC","25.49","3.31","0","0","0","0","0","0","0","0","-3.31","-4.33","-6.73","0","0","14.43"
"Oct 14, 2025 3:08:10 p.m. PDT","24699394731","Refund","701-5073060-7473806","MSCA-D70-5-4","ANGOOL Wireless Strapless Bra for Women Seamless Push Up Non-Slip Full Support Non Removable Padded Bandeau Bra, Beige, L","1","amazon.ca","Amazon","Cote Saint-Luc","Quebec","H3X 4A","Combined TCS+MTC","-28.19","-4.22","-2.33","0","0","0","0","0","2.33","0","4.22","3.83","0","0","0","-24.36"
"Oct 14, 2025 3:13:24 p.m. PDT","24699394731","Order","701-3228569-4241854","MSCA-D70-25-5","ANGOOL Wireless Strapless Bra for Women Seamless Push Up Non-Slip Full Support Non Removable Padded Bandeau Bra, Black+Beige, XL","1","amazon.ca","Amazon","Montreal","Quebec","H2B 2S","Combined TCS+MTC","36.54","5.47","0","0","0","0","0","0","0","0","-5.47","-6.21","-7.71","0","0","22.62"
"Oct 14, 2025 3:17:18 p.m. PDT","24699394731","Refund","701-1901752-2607467","MSCA-D77-5-5","ANGOOL Racerback Bras for Women Wire Free Sexy V Neck Lace Bralette Adjustable Strap Full Coverage Padded Bra, Beige, XL","1","amazon.ca","Amazon","Burlington","Ontario","L7L 7B","Combined TCS+MTC","-29.99","-3.90","0","0","0","0","0","0","0","0","3.90","4.08","0","0","0","-25.91"
"Oct 14, 2025 3:26:31 p.m. PDT","24699394731","Fulfilment by Amazon customer return fee","702-0220418-4459469","X004L5Z3KD","FBA Customer Return Per Unit Fee (Clothing & Shoes)","","Amazon.ca","","","","","","0","0","0","0","0","0","0","0","0","0","0","0","-5.03","0","0","-5.03"
"Oct 14, 2025 3:34:45 p.m. PDT","24699394731","Fulfilment by Amazon customer return fee","702-8186629-0600216","X004L5Z47F","FBA Customer Return Per Unit Fee (Clothing & Shoes)","","Amazon.ca","","","","","","0","0","0","0","0","0","0","0","0","0","0","0","-5.03","0","0","-5.03"
"Oct 14, 2025 5:31:43 p.m. PDT","24699394731","Refund","702-0220418-4459469","MSCA-D70-2-4","ANGOOL Wireless Strapless Bra for Women Seamless Push Up Non-Slip Full Support Non Removable Padded Bandeau Bra, Black, L","1","amazon.ca","Amazon","St. John's","Newfoundland","A1A 2L","Combined TCS+MTC","-26.99","-4.05","0","0","0","0","0","0","0","0","4.05","3.67","0","0","0","-23.32"
"Oct 14, 2025 5:54:33 p.m. PDT","24699394731","Order","701-2826930-5428214","MSCA-D70-25-3","ANGOOL Wireless Strapless Bra for Women Seamless Push Up Non-Slip Full Support Non Removable Padded Bandeau Bra, Black+Beige, M","1","amazon.ca","Amazon","Shedden","Ontario","N0L 2E","Combined TCS+MTC","36.54","4.75","0","0","0","0","0","0","0","0","-4.75","-6.21","-7.40","0","0","22.93"
"Oct 14, 2025 5:55:52 p.m. PDT","24699394731","Fulfilment by Amazon customer return fee","702-4802343-0629810","X004L5VLFT","FBA Customer Return Per Unit Fee (Clothing & Shoes)","","Amazon.ca","","","","","","0","0","0","0","0","0","0","0","0","0","0","0","-4.92","0","0","-4.92"
"Oct 14, 2025 5:59:01 p.m. PDT","24699394731","Order","701-2708148-0549051","MSCA-D70-2-4","ANGOOL Wireless Strapless Bra for Women Seamless Push Up Non-Slip Full Support Non Removable Padded Bandeau Bra, Black, L","1","amazon.ca","Amazon","dieppe","New Brunswick","E1A 0H","Combined TCS+MTC","25.49","3.82","0","0","0","0","0","0","0","0","-3.82","-4.33","-7.23","0","0","13.93"
"Oct 14, 2025 6:01:40 p.m. PDT","24699394731","Order","702-0394642-1776228","MSCA-D70-2-4","ANGOOL Wireless Strapless Bra for Women Seamless Push Up Non-Slip Full Support Non Removable Padded Bandeau Bra, Black, L","1","amazon.ca","Amazon","Lacombe","Alberta","T4L 1T","Combined TCS+MTC","25.49","1.27","0","0","0","0","0","0","0","0","-1.27","-4.33","-7.23","0","0","13.93"
"Oct 14, 2025 6:14:10 p.m. PDT","24699394731","Order","701-9060930-5045025","MSCA-D70-25-5","ANGOOL Wireless Strapless Bra for Women Seamless Push Up Non-Slip Full Support Non Removable Padded Bandeau Bra, Black+Beige, XL","1","amazon.ca","Amazon","Sherwood Park","Alberta","T8H 0Y","Combined TCS+MTC","36.54","1.83","0","0","0","0","0","0","0","0","-1.83","-6.21","-8.25","0","0","22.08"
"Oct 14, 2025 6:22:57 p.m. PDT","24699394731","Order","701-1479665-8651425","MSCA-D70-2-6","ANGOOL Wireless Strapless Bra for Women Seamless Push Up Non-Slip Full Support Non Removable Padded Bandeau Bra, Black, XXL","1","amazon.ca","Amazon","Toronto","Ontario","M6S 4W","Combined TCS+MTC","25.49","3.31","3.50","0","0","0","0","0","-3.50","0","-3.31","-4.33","-6.73","0","0","14.43"
"Oct 14, 2025 6:27:44 p.m. PDT","24699394731","Order","702-2324031-7082606","MSCA-D70-7-4","ANGOOL Wireless Strapless Bra for Women Seamless Push Up Non-Slip Full Support Non Removable Padded Bandeau Bra, Brown, L","1","amazon.ca","Amazon","Gloucester","Ontario","K1T 0T","Combined TCS+MTC","25.49","3.31","0","0","0","0","0","0","0","0","-3.31","-4.33","-7.23","0","0","13.93"
"Oct 14, 2025 6:30:13 p.m. PDT","24699394731","Order","701-6794360-2765058","MSCA-D70-6-3","ANGOOL Wireless Strapless Bra for Women Seamless Push Up Non-Slip Full Support Non Removable Padded Bandeau Bra, White, M","1","amazon.ca","Amazon","Carignan","Quebec","J3L 0J","Combined TCS+MTC","25.49","3.82","0","0","0","0","0","0","0","0","-3.82","-4.33","-6.73","0","0","14.43"
"Oct 14, 2025 7:24:18 p.m. PDT","24699394731","Order","701-9853789-8461044","MSCA-D70-5-3","ANGOOL Wireless Strapless Bra for Women Seamless Push Up Non-Slip Full Support Non Removable Padded Bandeau Bra, Beige, M","1","amazon.ca","Amazon","London","Ontario","N6G 1G","Combined TCS+MTC","25.49","3.31","6.99","0","0","0","0","0","-6.99","0","-3.31","-4.33","-6.73","0","0","14.43"
"Oct 14, 2025 7:27:10 p.m. PDT","24699394731","Order","702-5755571-9203414","MSCA-D70-25-6","ANGOOL Wireless Strapless Bra for Women Seamless Push Up Non-Slip Full Support Non Removable Padded Bandeau Bra, Black+Beige, XXL","1","amazon.ca","Amazon","Windsor","Ontario","N8T 2T","Combined TCS+MTC","36.54","4.75","6.99","0","0","0","0","0","-6.99","0","-4.75","-6.21","-6.73","0","0","23.60"
"Oct 14, 2025 9:45:34 p.m. PDT","24699394731","Order","702-1191488-7633803","MSCA-D70-25-3","ANGOOL Wireless Strapless Bra for Women Seamless Push Up Non-Slip Full Support Non Removable Padded Bandeau Bra, Black+Beige, M","1","amazon.ca","Amazon","Palgrave","Ontario","L7E 4L","Combined TCS+MTC","36.54","4.75","0","0","0","0","0","0","0","0","-4.75","-6.21","-7.40","0","0","22.93"
"Oct 15, 2025 12:37:46 a.m. PDT","24699394731","Order","702-1685383-5243417","MSCA-D70-5-4","ANGOOL Wireless Strapless Bra for Women Seamless Push Up Non-Slip Full Support Non Removable Padded Bandeau Bra, Beige, L","1","amazon.ca","Amazon","Halifax","Nova Scotia","B3M 0J","Combined TCS+MTC","25.49","3.57","0","0","0","0","0","0","0","0","-3.57","-4.33","-7.65","0","0","13.51"
"Oct 15, 2025 1:43:59 a.m. PDT","24699394731","Order","701-8307838-9436246","MSCA-D70-2-3","ANGOOL Wireless Strapless Bra for Women Seamless Push Up Non-Slip Full Support Non Removable Padded Bandeau Bra, Black, M","1","amazon.ca","Amazon","Longueuil","Quebec","J4L 4M","Combined TCS+MTC","25.49","3.82","0","0","0","0","0","0","0","0","-3.82","-4.33","-7.65","0","0","13.51"
"Oct 15, 2025 5:39:12 a.m. PDT","24699394731","Fulfilment by Amazon customer return fee","702-6466690-8041801","X004L5YB51","FBA Customer Return Per Unit Fee (Clothing & Shoes)","","Amazon.ca","","","","","","0","0","0","0","0","0","0","0","0","0","0","0","-4.92","0","0","-4.92"
"Oct 15, 2025 8:43:13 a.m. PDT","24699394731","Refund","702-9045141-2480229","MSCA-D70-2-3","ANGOOL Wireless Strapless Bra for Women Seamless Push Up Non-Slip Full Support Non Removable Padded Bandeau Bra, Black, M","1","amazon.ca","Amazon","Montreal","Quebec","H4B 2B","Combined TCS+MTC","-25.49","-3.82","0","0","0","0","0","0","0","0","3.82","3.46","0","0","0","-22.03"
"Oct 15, 2025 9:04:22 a.m. PDT","24699394731","Refund","702-9045141-2480229","MSCA-D70-5-3","ANGOOL Wireless Strapless Bra for Women Seamless Push Up Non-Slip Full Support Non Removable Padded Bandeau Bra, Beige, M","1","amazon.ca","Amazon","Montreal","Quebec","H4B 2B","Combined TCS+MTC","-25.49","-3.82","0","0","0","0","0","0","0","0","3.82","3.46","0","0","0","-22.03"
"Oct 15, 2025 9:55:19 a.m. PDT","24699394731","Refund","701-2638049-6322628","MSCA-D70-25-3","ANGOOL Wireless Strapless Bra for Women Seamless Push Up Non-Slip Full Support Non Removable Padded Bandeau Bra, Black+Beige, M","1","amazon.ca","Amazon","Brampton","Ontario","L6W 4K","Combined TCS+MTC","-36.54","-4.75","0","0","0","0","0","0","0","0","4.75","4.97","0","0","0","-31.57"
"Oct 15, 2025 10:10:40 a.m. PDT","24699394731","Order","702-9335471-9636201","MSCA-D70-6-4","ANGOOL Wireless Strapless Bra for Women Seamless Push Up Non-Slip Full Support Non Removable Padded Bandeau Bra, White, L","1","amazon.ca","Amazon","Grimsby","Ontario","L3M 2M","Combined TCS+MTC","25.49","3.31","3.50","0","0","0","0","0","-3.50","0","-3.31","-4.33","-7.13","0","0","14.03"
"Oct 15, 2025 10:35:44 a.m. PDT","24699394731","Order","702-2799370-2014664","MSCA-D74-5-5","ANGOOL V Neck Seamless Bralette for Women Full Coverage Wireless Padded Bra No Underwire Non Removable Pads Push Up Bras, Beige, XL","1","amazon.ca","Amazon","Wahnapitae","Ontario","P0M 3C","Combined TCS+MTC","22.09","2.87","0","0","0","0","0","0","0","0","-2.87","-3.76","-8.17","0","0","10.16"
"Oct 15, 2025 10:44:13 a.m. PDT","24699394731","Order","702-9453305-6071407","MSCA-D77-7-6","ANGOOL Racerback Bras for Women Wire Free Sexy V Neck Lace Bralette Adjustable Strap Full Coverage Padded Bra, Brown, XXL","1","amazon.ca","Amazon","London","Ontario","N6J 1B","Combined TCS+MTC","23.99","3.12","1.74","0","0","0","0","0","-1.74","0","-3.12","-4.08","-7.13","0","0","12.78"
"Oct 15, 2025 10:48:44 a.m. PDT","24699394731","Order","702-1970079-9797010","MSCA-D70-7-4","ANGOOL Wireless Strapless Bra for Women Seamless Push Up Non-Slip Full Support Non Removable Padded Bandeau Bra, Brown, L","1","amazon.ca","Amazon","Maple Ridge","BC","V2X 9H","Combined TCS+MTC","25.49","3.06","0","0","0","0","0","0","0","0","-3.06","-4.33","-7.65","0","0","13.51"
"Oct 15, 2025 12:36:56 p.m. PDT","24699394731","Order","702-7349234-7914615","MSCA-D77-6-5","ANGOOL Racerback Bras for Women Wire Free Sexy V Neck Lace Bralette Adjustable Strap Full Coverage Padded Bra, White, XL","1","amazon.ca","Amazon","Pemberton","British Columbia","V0N 2L","Combined TCS+MTC","23.99","2.88","0","0","0","0","0","0","0","0","-2.88","-4.08","-7.13","0","0","12.78"
"Oct 15, 2025 2:17:57 p.m. PDT","24699394731","Order","701-1760558-7184234","MSCA-D76-206-4","ANGOOL Sports Bras for Women Seamless Backless Criss Cross Strappy Sports Bra Without Underwire for Workout Gym Yoga, Black+Grey+White, L","1","amazon.ca","Amazon","Chilliwack","British Columbia","V2R 0P","Combined TCS+MTC","31.99","3.84","0","0","0","0","0","0","0","0","-3.84","-5.44","-2.40","0","0","24.15"
"Oct 15, 2025 2:54:23 p.m. PDT","24699394731","Order","702-1456843-4120229","MSCA-D70-2-4","ANGOOL Wireless Strapless Bra for Women Seamless Push Up Non-Slip Full Support Non Removable Padded Bandeau Bra, Black, L","1","amazon.ca","Amazon","Woodbridge","Ontario","L4H 1X","Combined TCS+MTC","25.49","3.31","0","0","0","0","0","0","0","0","-3.31","-4.33","-7.65","0","0","13.51"
"Oct 15, 2025 3:02:18 p.m. PDT","24699394731","Order","701-2037801-7441056","MSCA-D77-5-4","ANGOOL Racerback Bras for Women Wire Free Sexy V Neck Lace Bralette Adjustable Strap Full Coverage Padded Bra, Beige, L","1","amazon.ca","Amazon","Sarnia","ON","N7S 3X","Combined TCS+MTC","29.99","3.90","0","0","0","0","0","0","0","0","-3.90","-5.10","-7.13","0","0","17.76"
"Oct 15, 2025 3:48:44 p.m. PDT","24699394731","Fulfilment by Amazon customer return fee","702-8802062-0364236","X004L5ZNMB","FBA Customer Return Per Unit Fee (Clothing & Shoes)","","Amazon.ca","","","","","","0","0","0","0","0","0","0","0","0","0","0","0","-5.03","0","0","-5.03"
"Oct 15, 2025 4:16:22 p.m. PDT","24699394731","Order","702-3757903-4529846","MSCA-D70-7-4","ANGOOL Wireless Strapless Bra for Women Seamless Push Up Non-Slip Full Support Non Removable Padded Bandeau Bra, Brown, L","1","amazon.ca","Amazon","Rigaud","Québec","J0P1P","Combined TCS+MTC","25.49","3.82","0","0","0","0","0","0","0","0","-3.82","-4.33","-7.65","0","0","13.51"
"Oct 15, 2025 4:50:21 p.m. PDT","24699394731","FBA Inventory Fee","702-8186629-0600216","","Fulfilment by Amazon removal order: disposal fee","","Amazon.ca","","","","","","0","0","0","0","0","0","0","0","0","0","0","0","0","0","-0.36","-0.36"
"Oct 15, 2025 5:13:20 p.m. PDT","24699394731","Adjustment","702-5449209-4178626","MSCA-D77-6-4","FBA Inventory Reimbursement - Customer Return","1","","","","","","","0","0","0","0","0","0","0","0","0","0","0","0","0","0","17.76","17.76"
"Oct 15, 2025 6:16:37 p.m. PDT","24699394731","Order","702-6135020-3129861","MSCA-D70-7-3","ANGOOL Wireless Strapless Bra for Women Seamless Push Up Non-Slip Full Support Non Removable Padded Bandeau Bra, Brown, M","1","amazon.ca","Amazon","Gloucester","Ontario","K1T 0T","Combined TCS+MTC","25.49","3.31","0","0","0","0","0","0","0","0","-3.31","-4.33","-7.84","0","0","13.32"
"Oct 15, 2025 6:37:43 p.m. PDT","24699394731","Adjustment","702-5449209-4178626","MSCA-D77-6-4","FBA Inventory Reimbursement - Customer Return","1","","","","","","","0","0","0","0","0","0","0","0","0","0","0","0","0","0","17.76","17.76"
"Oct 15, 2025 6:43:09 p.m. PDT","24699394731","Refund","701-2513318-0431440","MSCA-D70-5-6","ANGOOL Wireless Strapless Bra for Women Seamless Push Up Non-Slip Full Support Non Removable Padded Bandeau Bra, Beige, XXL","1","amazon.ca","Amazon","Scarborough","Ontario","M1N 2Y","Combined TCS+MTC","-28.19","-3.66","0","0","0","0","0","0","0","0","3.66","3.83","0","0","0","-24.36"
"Oct 15, 2025 6:46:55 p.m. PDT","24699394731","Order","702-8345084-8074669","MSCA-D70-7-2","ANGOOL Wireless Strapless Bra for Women Seamless Push Up Non-Slip Full Support Non Removable Padded Bandeau Bra, Brown, S","1","amazon.ca","Amazon","Sarnia","Ontario","N7V 2R","Combined TCS+MTC","25.49","3.31","0","0","0","0","0","0","0","0","-3.31","-4.33","-7.13","0","0","14.03"
"Oct 15, 2025 7:29:14 p.m. PDT","24699394731","Refund","702-0579783-1460228","MSCA-D70-5-2","ANGOOL Wireless Strapless Bra for Women Seamless Push Up Non-Slip Full Support Non Removable Padded Bandeau Bra, Beige, S","1","amazon.ca","Amazon","Calgary","Alberta","T2X4V","Combined TCS+MTC","-29.99","-1.50","0","0","0","0","0","0","0","0","1.50","4.08","0","0","0","-25.91"
"Oct 15, 2025 7:43:17 p.m. PDT","24699394731","Fulfilment by Amazon customer return fee","701-5249901-9460209","X004L631E7","FBA Customer Return Per Unit Fee (Clothing & Shoes)","","Amazon.ca","","","","","","0","0","0","0","0","0","0","0","0","0","0","0","-5.03","0","0","-5.03"
"Oct 15, 2025 7:52:16 p.m. PDT","24699394731","Fulfilment by Amazon customer return fee","701-7399148-2233844","X004L5YB51","FBA Customer Return Per Unit Fee (Clothing & Shoes)","","Amazon.ca","","","","","","0","0","0","0","0","0","0","0","0","0","0","0","-4.57","0","0","-4.57"
"Oct 15, 2025 8:46:58 p.m. PDT","24699394731","Order","702-5586488-0593865","MSCA-D70-5-4","ANGOOL Wireless Strapless Bra for Women Seamless Push Up Non-Slip Full Support Non Removable Padded Bandeau Bra, Beige, L","1","amazon.ca","Amazon","London","Ontario","N5Z 4Y","Combined TCS+MTC","25.49","3.31","0","0","0","0","0","0","0","0","-3.31","-4.33","-7.65","0","0","13.51"
"Oct 15, 2025 9:41:39 p.m. PDT","24699394731","Adjustment","701-1119143-5281864","MSCA-D77-2-6","FBA Inventory Reimbursement - Customer Return","1","","","","","","","0","0","0","0","0","0","0","0","0","0","0","0","0","0","17.76","17.76"
"Oct 15, 2025 10:47:27 p.m. PDT","24699394731","Order","702-3362269-4863411","MSCA-D70-25-4","ANGOOL Wireless Strapless Bra for Women Seamless Push Up Non-Slip Full Support Non Removable Padded Bandeau Bra, Black+Beige, L","1","amazon.ca","Amazon","Brantford","ON","N3T 6P","Combined TCS+MTC","36.54","4.75","0","0","0","0","0","0","0","0","-4.75","-6.21","-8.74","0","0","21.59"
"Oct 16, 2025 12:05:16 a.m. PDT","24699394731","Fulfilment by Amazon customer return fee","702-8631787-8187405","X004L5Z3KD","FBA Customer Return Per Unit Fee (Clothing & Shoes)","","Amazon.ca","","","","","","0","0","0","0","0","0","0","0","0","0","0","0","-4.67","0","0","-4.67"
"Oct 16, 2025 12:39:15 a.m. PDT","24699394731","Refund","702-4174194-2496253","MSCA-D74-2-2","ANGOOL V Neck Seamless Bralette for Women Full Coverage Wireless Padded Bra No Underwire Non Removable Pads Push Up Bras, Black, S","1","amazon.ca","Amazon","Addison","Ontario","K0E 1A","Combined TCS+MTC","-22.09","-2.87","0","0","0","0","0","0","0","0","2.87","3.01","0","0","0","-19.08"
"Oct 16, 2025 1:06:30 a.m. PDT","24699394731","Refund","702-2351221-2669047","MSCA-D70-25-2","ANGOOL Wireless Strapless Bra for Women Seamless Push Up Non-Slip Full Support Non Removable Padded Bandeau Bra, Black+Beige, S","1","amazon.ca","Amazon","Elmsdale","Nova Scotia","B2S 1L","Combined TCS+MTC","-36.54","-5.12","0","0","0","0","0","0","0","0","5.12","4.97","0","0","0","-31.57"
"Oct 16, 2025 1:16:02 a.m. PDT","24699394731","Order","702-8660054-2197018","MSCA-D70-5-2","ANGOOL Wireless Strapless Bra for Women Seamless Push Up Non-Slip Full Support Non Removable Padded Bandeau Bra, Beige, S","1","amazon.ca","Amazon","Toronto","Ontario","M5G 2G","Combined TCS+MTC","25.49","3.31","0","0","0","0","0","0","0","0","-3.31","-4.33","-7.84","0","0","13.32"
"Oct 16, 2025 1:20:46 a.m. PDT","24699394731","Order","701-4656699-3741815","MSCA-D70-5-2","ANGOOL Wireless Strapless Bra for Women Seamless Push Up Non-Slip Full Support Non Removable Padded Bandeau Bra, Beige, S","1","amazon.ca","Amazon","Rocky View County","Alberta","T1X 2B","Combined TCS+MTC","25.49","1.27","0","0","0","0","0","0","0","0","-1.27","-4.33","-7.84","0","0","13.32"
"Oct 16, 2025 1:24:37 a.m. PDT","24699394731","Order","701-6852846-7636261","MSCA-D70-5-5","ANGOOL Wireless Strapless Bra for Women Seamless Push Up Non-Slip Full Support Non Removable Padded Bandeau Bra, Beige, XL","1","amazon.ca","Amazon","North York","Ontario","M2M 4J","Combined TCS+MTC","25.49","3.31","0","0","0","0","0","0","0","0","-3.31","-4.33","-7.65","0","0","13.51"
"Oct 16, 2025 2:30:14 a.m. PDT","24699394731","Order","702-7037703-5024234","MSCA-D70-7-4","ANGOOL Wireless Strapless Bra for Women Seamless Push Up Non-Slip Full Support Non Removable Padded Bandeau Bra, Brown, L","1","amazon.ca","Amazon","Vanessa","Ontario","N0E 1V","Combined TCS+MTC","25.49","3.31","0","0","0","0","0","0","0","0","-3.31","-4.33","-7.65","0","0","13.51"
"Oct 16, 2025 3:11:53 a.m. PDT","24699394731","FBA Inventory Fee","702-8631787-8187405","","Fulfilment by Amazon removal order: disposal fee","","Amazon.ca","","","","","","0","0","0","0","0","0","0","0","0","0","0","0","0","0","-0.36","-0.36"
"Oct 16, 2025 7:38:37 a.m. PDT","24699394731","Fulfilment by Amazon customer return fee","701-6297437-9361841","X004L5VLD1","FBA Customer Return Per Unit Fee (Clothing & Shoes)","","Amazon.ca","","","","","","0","0","0","0","0","0","0","0","0","0","0","0","-4.67","0","0","-4.67"
"Oct 16, 2025 8:34:33 a.m. PDT","24699394731","Fulfilment by Amazon customer return fee","701-4797387-5791433","X004L5YB51","FBA Customer Return Per Unit Fee (Clothing & Shoes)","","Amazon.ca","","","","","","0","0","0","0","0","0","0","0","0","0","0","0","-4.57","0","0","-4.57"
"Oct 16, 2025 9:00:07 a.m. PDT","24699394731","Order","701-6452866-9656221","MSCA-D76-268-2","ANGOOL Sports Bras for Women Seamless Backless Criss Cross Strappy Sports Bra Without Underwire for Workout Gym Yoga, Black+White+Green, S","1","amazon.ca","Amazon","montreal","Quebec","H1E 1T","Combined TCS+MTC","39.99","5.99","0","0","0","0","0","0","0","0","-5.99","-6.80","-6.49","0","0","26.70"
"Oct 16, 2025 10:36:57 a.m. PDT","24699394731","Refund","701-2181007-2602624","MSCA-D70-5-3","ANGOOL Wireless Strapless Bra for Women Seamless Push Up Non-Slip Full Support Non Removable Padded Bandeau Bra, Beige, M","1","amazon.ca","Amazon","GLOUCESTER","Ontario","K1T 0V","Combined TCS+MTC","-26.99","-3.51","0","0","0","0","0","0","0","0","3.51","3.67","0","0","0","-23.32"
"Oct 16, 2025 10:56:09 a.m. PDT","24699394731","Fulfilment by Amazon customer return fee","702-6905960-9241864","X004L5KTDT","FBA Customer Return Per Unit Fee (Clothing & Shoes)","","Amazon.ca","","","","","","0","0","0","0","0","0","0","0","0","0","0","0","-5.15","0","0","-5.15"
"Oct 16, 2025 12:57:11 p.m. PDT","24699394731","Refund","702-1500075-8260260","MSCA-D74-7-2","ANGOOL V Neck Seamless Bralette for Women Full Coverage Wireless Padded Bra No Underwire Non Removable Pads Push Up Bras, Brown, S","1","amazon.ca","Amazon","Fort McMurray","AB","T9K2X","Combined TCS+MTC","-25.99","-1.20","0","0","0","0","0","0","2.08","0","1.20","3.25","0","0","0","-20.66"
"Oct 16, 2025 1:03:33 p.m. PDT","24699394731","Fulfilment by Amazon customer return fee","702-1025681-2110602","X004P4NNFR","FBA Customer Return Per Unit Fee (Clothing & Shoes)","","Amazon.ca","","","","","","0","0","0","0","0","0","0","0","0","0","0","0","-4.87","0","0","-4.87"
"Oct 16, 2025 1:33:06 p.m. PDT","24699394731","Order","702-1574327-6977805","MSCA-D70-2-2","ANGOOL Wireless Strapless Bra for Women Seamless Push Up Non-Slip Full Support Non Removable Padded Bandeau Bra, Black, S","1","amazon.ca","Amazon","Richmond Hill","Ontario","L4S 2C","Combined TCS+MTC","25.49","3.31","0","0","0","0","0","0","0","0","-3.31","-4.33","-7.13","0","0","14.03"
"Oct 16, 2025 1:53:57 p.m. PDT","24699394731","Order","702-2444074-9433865","MSCA-D70-25-2","ANGOOL Wireless Strapless Bra for Women Seamless Push Up Non-Slip Full Support Non Removable Padded Bandeau Bra, Black+Beige, S","1","amazon.ca","Amazon","LANGLEY","BC","V2Z1N","Combined TCS+MTC","36.54","4.38","3.50","0","0","0","0","0","-3.50","0","-4.38","-6.21","-8.39","0","0","21.94"
"Oct 16, 2025 2:06:25 p.m. PDT","24699394731","Refund","702-1500075-8260260","MSCA-D74-2-3","ANGOOL V Neck Seamless Bralette for Women Full Coverage Wireless Padded Bra No Underwire Non Removable Pads Push Up Bras, Black, M","1","amazon.ca","Amazon","Fort McMurray","AB","T9K2X","Combined TCS+MTC","-25.99","-1.20","0","0","0","0","0","0","2.08","0","1.20","3.25","0","0","0","-20.66"
"Oct 16, 2025 3:55:10 p.m. PDT","24699394731","Refund","702-0553465-6786629","MSCA-D70-25-3","ANGOOL Wireless Strapless Bra for Women Seamless Push Up Non-Slip Full Support Non Removable Padded Bandeau Bra, Black+Beige, M","1","amazon.ca","Amazon","Stouffville","Ontario","L4A 0W","Combined TCS+MTC","-42.99","-5.59","0","0","0","0","0","0","0","0","5.59","5.85","0","0","0","-37.14"
"Oct 16, 2025 5:26:50 p.m. PDT","24699394731","Order","702-1711047-4125049","MSCA-D76-268-4","ANGOOL Sports Bras for Women Seamless Backless Criss Cross Strappy Sports Bra Without Underwire for Workout Gym Yoga, Black+White+Green, L","1","amazon.ca","Amazon","Prince George","British Columbia","V2K 1K","Combined TCS+MTC","30.39","3.65","0","0","0","0","0","0","0","0","-3.65","-5.17","-6.49","0","0","18.73"
"Oct 16, 2025 5:46:43 p.m. PDT","24699394731","Order","701-7907857-8893869","MSCA-D70-2-5","ANGOOL Wireless Strapless Bra for Women Seamless Push Up Non-Slip Full Support Non Removable Padded Bandeau Bra, Black, XL","1","amazon.ca","Amazon","Lucknow","Ontario","N0G 2H","Combined TCS+MTC","25.49","3.31","3.93","0","0","0","0","0","-3.93","0","-3.31","-4.33","-7.65","0","0","13.51"
"Oct 16, 2025 5:52:44 p.m. PDT","24699394731","Fulfilment by Amazon customer return fee","702-6579112-6481806","X004P57GV3","FBA Customer Return Per Unit Fee (Clothing & Shoes)","","Amazon.ca","","","","","","0","0","0","0","0","0","0","0","0","0","0","0","-4.92","0","0","-4.92"
"Oct 16, 2025 5:59:12 p.m. PDT","24699394731","Order","701-2464068-6797067","MSCA-D77-7-5","ANGOOL Racerback Bras for Women Wire Free Sexy V Neck Lace Bralette Adjustable Strap Full Coverage Padded Bra, Brown, XL","1","amazon.ca","Amazon","Havre-Saint-Pierre","Quebec","G0G 1P","Combined TCS+MTC","23.99","3.59","0","0","0","0","0","0","0","0","-3.59","-4.08","-7.13","0","0","12.78"
"Oct 16, 2025 6:01:15 p.m. PDT","24699394731","Order","701-2073446-6117862","MSCA-D70-2-4","ANGOOL Wireless Strapless Bra for Women Seamless Push Up Non-Slip Full Support Non Removable Padded Bandeau Bra, Black, L","1","amazon.ca","Amazon","Port Perry","Ontario","L9L 1B","Combined TCS+MTC","25.49","3.31","0","0","0","0","0","0","0","0","-3.31","-4.33","-7.65","0","0","13.51"
"Oct 16, 2025 6:32:32 p.m. PDT","24699394731","Order","702-3498760-0422636","MSCA-D70-2-3","ANGOOL Wireless Strapless Bra for Women Seamless Push Up Non-Slip Full Support Non Removable Padded Bandeau Bra, Black, M","1","amazon.ca","Amazon","Toronto","Ontario","M5V 2Y","Combined TCS+MTC","25.49","3.31","3.92","0","0","0","0","0","-3.92","0","-3.31","-4.33","-7.65","0","0","13.51"
"Oct 16, 2025 6:34:28 p.m. PDT","24699394731","Order","701-9144787-7517056","MSCA-D74-5-4","ANGOOL V Neck Seamless Bralette for Women Full Coverage Wireless Padded Bra No Underwire Non Removable Pads Push Up Bras, Beige, L","1","amazon.ca","Amazon","Laval","Quebec","H7E 5C","Combined TCS+MTC","22.09","3.31","0","0","0","0","0","0","0","0","-3.31","-3.76","-8.17","0","0","10.16"
"Oct 16, 2025 6:34:49 p.m. PDT","24699394731","Order","702-2728146-6241860","MSCA-D77-5-6","ANGOOL Racerback Bras for Women Wire Free Sexy V Neck Lace Bralette Adjustable Strap Full Coverage Padded Bra, Beige, XXL","1","amazon.ca","Amazon","Montreal","Quebec","H2X 2L","Combined TCS+MTC","23.99","3.59","0","0","0","0","0","0","0","0","-3.59","-4.08","-7.13","0","0","12.78"
"Oct 16, 2025 6:44:30 p.m. PDT","24699394731","Order","702-0959290-4530651","MSCA-D70-2-4","ANGOOL Wireless Strapless Bra for Women Seamless Push Up Non-Slip Full Support Non Removable Padded Bandeau Bra, Black, L","1","amazon.ca","Amazon","Laval","Quebec","H7L 5S","Combined TCS+MTC","25.49","3.82","0","0","0","0","0","0","0","0","-3.82","-4.33","-7.65","0","0","13.51"
"Oct 16, 2025 7:58:00 p.m. PDT","24699394731","Refund","702-6579112-6481806","MSCA-D77-2-6","ANGOOL Racerback Bras for Women Wire Free Sexy V Neck Lace Bralette Adjustable Strap Full Coverage Padded Bra, Black, XXL","1","amazon.ca","Amazon","Orangeville","ON","L9W3H","Combined TCS+MTC","-26.99","-3.51","0","0","0","0","0","0","0","0","3.51","3.67","0","0","0","-23.32"
"Oct 16, 2025 8:20:13 p.m. PDT","24699394731","Order","702-6915047-1376243","MSCA-D74-2-5","ANGOOL V Neck Seamless Bralette for Women Full Coverage Wireless Padded Bra No Underwire Non Removable Pads Push Up Bras, Black, XL","1","amazon.ca","Amazon","Hamilton","Ontario","L8S 1A","Combined TCS+MTC","22.09","2.87","2.33","0","0","0","0","0","-2.33","0","-2.87","-3.76","-8.17","0","0","10.16"
"Oct 16, 2025 8:27:06 p.m. PDT","24699394731","Adjustment","","MSCA-D70-25-2","FBA Inventory Reimbursement - General Adjustment","1","","","","","","","0","0","0","0","0","0","0","0","0","0","0","0","0","0","-28.95","-28.95"
"Oct 16, 2025 8:47:50 p.m. PDT","24699394731","Order","702-8251415-7087457","MSCA-D70-25-4","ANGOOL Wireless Strapless Bra for Women Seamless Push Up Non-Slip Full Support Non Removable Padded Bandeau Bra, Black+Beige, L","1","amazon.ca","Amazon","Vaughan","Ontario","L4H 0X","Combined TCS+MTC","36.54","4.75","6.99","0","0","0","0","0","-6.99","0","-4.75","-6.21","-8.74","0","0","21.59"
"Oct 16, 2025 8:48:49 p.m. PDT","24699394731","Order","701-6522450-8579439","MSCA-D74-5-3","ANGOOL V Neck Seamless Bralette for Women Full Coverage Wireless Padded Bra No Underwire Non Removable Pads Push Up Bras, Beige, M","1","amazon.ca","Amazon","Maple","Ontario","L6A 2S","Combined TCS+MTC","22.09","2.87","6.99","0.91","0","0","0","0","0","0","-3.78","-3.76","-15.16","0","0","10.16"
"Oct 16, 2025 9:01:05 p.m. PDT","24699394731","Adjustment","","MSCA-D70-25-3","FBA Inventory Reimbursement - Lost:Warehouse","1","","","","","","","0","0","0","0","0","0","0","0","0","0","0","0","0","0","11.76","11.76"
"Oct 16, 2025 9:13:43 p.m. PDT","24699394731","Fulfilment by Amazon customer return fee","702-6214917-4216259","X004L5XHYH","FBA Customer Return Per Unit Fee (Clothing & Shoes)","","Amazon.ca","","","","","","0","0","0","0","0","0","0","0","0","0","0","0","-5.15","0","0","-5.15"
"Oct 16, 2025 9:21:16 p.m. PDT","24699394731","Order","701-4909562-3922623","MSCA-D70-25-6","ANGOOL Wireless Strapless Bra for Women Seamless Push Up Non-Slip Full Support Non Removable Padded Bandeau Bra, Black+Beige, XXL","1","amazon.ca","Amazon","Chatham","Ontario","N7M 5N","Combined TCS+MTC","36.54","4.75","0","0","0","0","0","0","0","0","-4.75","-6.21","-7.13","0","0","23.20"
"Oct 16, 2025 10:49:36 p.m. PDT","24699394731","Order","701-3780047-0329862","MSCA-D70-25-2","ANGOOL Wireless Strapless Bra for Women Seamless Push Up Non-Slip Full Support Non Removable Padded Bandeau Bra, Black+Beige, S","1","amazon.ca","Amazon","Mississauga","Ontario","L5N 2P","Combined TCS+MTC","36.54","4.75","0","0","0","0","0","0","0","0","-4.75","-6.21","-7.84","0","0","22.49"
"Oct 16, 2025 10:50:58 p.m. PDT","24699394731","Order","701-3051788-3985805","MSCA-D70-5-4","ANGOOL Wireless Strapless Bra for Women Seamless Push Up Non-Slip Full Support Non Removable Padded Bandeau Bra, Beige, L","1","amazon.ca","Amazon","Acton","Ontario","L7J 2W","Combined TCS+MTC","25.49","3.31","0","0","0","0","0","0","0","0","-3.31","-4.33","-7.65","0","0","13.51"
"Oct 16, 2025 10:53:03 p.m. PDT","24699394731","Order","701-5204835-8084231","MSCA-D70-7-5","ANGOOL Wireless Strapless Bra for Women Seamless Push Up Non-Slip Full Support Non Removable Padded Bandeau Bra, Brown, XL","1","amazon.ca","Amazon","Ajax","Ontario","L1S 2J","Combined TCS+MTC","25.49","3.31","6.99","0","0","0","0","0","-6.99","0","-3.31","-4.33","-7.65","0","0","13.51"
"Oct 17, 2025 12:06:37 a.m. PDT","24699394731","Order","702-6500012-0845809","MSCA-D77-7-3","ANGOOL Racerback Bras for Women Wire Free Sexy V Neck Lace Bralette Adjustable Strap Full Coverage Padded Bra, Brown, M","1","amazon.ca","Amazon","Fort McMurray","Alberta","T9K 0E","Combined TCS+MTC","23.99","1.20","0","0","0","0","0","0","0","0","-1.20","-4.08","-7.13","0","0","12.78"
"Oct 17, 2025 12:40:50 a.m. PDT","24699394731","Order","701-6422615-4045003","MSCA-D74-6-4","ANGOOL V Neck Seamless Bralette for Women Full Coverage Wireless Padded Bra No Underwire Non Removable Pads Push Up Bras, White, L","1","amazon.ca","Amazon","Oshawa","Ontario","L1H 7N","Combined TCS+MTC","22.09","2.87","0","0","0","0","0","0","0","0","-2.87","-3.76","-8.17","0","0","10.16"
"Oct 17, 2025 1:08:04 a.m. PDT","24699394731","Order","702-1144252-5612248","MSCA-D74-2-4","ANGOOL V Neck Seamless Bralette for Women Full Coverage Wireless Padded Bra No Underwire Non Removable Pads Push Up Bras, Black, L","1","amazon.ca","Amazon","Montreal","Quebec","H4E 3G","Combined TCS+MTC","22.09","3.31","0","0","0","0","0","0","0","0","-3.31","-3.76","-8.17","0","0","10.16"
"Oct 17, 2025 3:20:36 a.m. PDT","24699394731","Order","702-6343118-2878646","MSCA-D70-5-4","ANGOOL Wireless Strapless Bra for Women Seamless Push Up Non-Slip Full Support Non Removable Padded Bandeau Bra, Beige, L","1","amazon.ca","Amazon","Delta","British Columbia","V4M 2B","Combined TCS+MTC","25.49","3.06","0.64","0","0","0","0","0","-0.64","0","-3.06","-4.33","-8.19","0","0","12.97"
"Oct 17, 2025 4:32:33 a.m. PDT","24699394731","Fulfilment by Amazon customer return fee","702-1957067-8792244","X004P4NM9T","FBA Customer Return Per Unit Fee (Clothing & Shoes)","","Amazon.ca","","","","","","0","0","0","0","0","0","0","0","0","0","0","0","-4.92","0","0","-4.92"
"Oct 17, 2025 7:16:07 a.m. PDT","24699394731","Fulfilment by Amazon customer return fee","702-5723612-6526665","X004L612A7","FBA Customer Return Per Unit Fee (Clothing & Shoes)","","Amazon.ca","","","","","","0","0","0","0","0","0","0","0","0","0","0","0","-5.10","0","0","-5.10"
"Oct 17, 2025 8:01:05 a.m. PDT","24699394731","Order","701-5963959-2196219","MSCA-D70-5-4","ANGOOL Wireless Strapless Bra for Women Seamless Push Up Non-Slip Full Support Non Removable Padded Bandeau Bra, Beige, L","1","amazon.ca","Amazon","Cambridge","Ontario","N3C 1A","Combined TCS+MTC","25.49","3.31","3.49","0","0","0","0","0","-3.49","0","-3.31","-4.33","-7.65","0","0","13.51"
"Oct 17, 2025 8:10:31 a.m. PDT","24699394731","Order","702-4715982-4093045","MSCA-D70-5-3","ANGOOL Wireless Strapless Bra for Women Seamless Push Up Non-Slip Full Support Non Removable Padded Bandeau Bra, Beige, M","1","amazon.ca","Amazon","New Canaan","New Brunswick","E4Z 6A","Combined TCS+MTC","25.49","3.82","0","0","0","0","0","0","0","0","-3.82","-4.33","-7.13","0","0","14.03"
"Oct 17, 2025 8:47:00 a.m. PDT","24699394731","FBA Inventory Fee","702-6905960-9241864","","Fulfilment by Amazon removal order: disposal fee","","Amazon.ca","","","","","","0","0","0","0","0","0","0","0","0","0","0","0","0","0","-0.36","-0.36"
"Oct 17, 2025 10:39:39 a.m. PDT","24699394731","Fulfilment by Amazon customer return fee","702-2482508-9090614","X004P4YWI9","FBA Customer Return Per Unit Fee (Clothing & Shoes)","","Amazon.ca","","","","","","0","0","0","0","0","0","0","0","0","0","0","0","-4.92","0","0","-4.92"
"Oct 17, 2025 11:37:20 a.m. PDT","24699394731","Order","701-6106393-0519462","MSCA-D77-7-6","ANGOOL Racerback Bras for Women Wire Free Sexy V Neck Lace Bralette Adjustable Strap Full Coverage Padded Bra, Brown, XXL","1","amazon.ca","Amazon","Chatsworth","Ontario","N0H 1G","Combined TCS+MTC","23.99","3.12","0","0","0","0","0","0","0","0","-3.12","-4.08","-7.13","0","0","12.78"
"Oct 17, 2025 11:37:20 a.m. PDT","24699394731","Order","701-6106393-0519462","MSCA-D77-6-6","ANGOOL Racerback Bras for Women Wire Free Sexy V Neck Lace Bralette Adjustable Strap Full Coverage Padded Bra, White, XXL","1","amazon.ca","Amazon","Chatsworth","Ontario","N0H 1G","Combined TCS+MTC","23.99","3.12","0","0","0","0","0","0","0","0","-3.12","-4.08","-7.13","0","0","12.78"
"Oct 17, 2025 11:46:51 a.m. PDT","24699394731","Order","701-9817040-4861029","MSCA-D74-2-5","ANGOOL V Neck Seamless Bralette for Women Full Coverage Wireless Padded Bra No Underwire Non Removable Pads Push Up Bras, Black, XL","1","amazon.ca","Amazon","Hamilton","Ontario","L9C 1C","Combined TCS+MTC","22.09","2.87","3.50","0","0","0","0","0","-3.50","0","-2.87","-3.76","-8.17","0","0","10.16"
"Oct 17, 2025 12:34:57 p.m. PDT","24699394731","Refund","701-6852846-7636261","MSCA-D70-5-5","ANGOOL Wireless Strapless Bra for Women Seamless Push Up Non-Slip Full Support Non Removable Padded Bandeau Bra, Beige, XL","1","amazon.ca","Amazon","North York","Ontario","M2M 4J","Combined TCS+MTC","-25.49","-3.31","0","0","0","0","0","0","0","0","3.31","3.46","0","0","0","-22.03"
"Oct 17, 2025 1:08:54 p.m. PDT","24699394731","Order","702-7319964-8922664","MSCA-D70-5-4","ANGOOL Wireless Strapless Bra for Women Seamless Push Up Non-Slip Full Support Non Removable Padded Bandeau Bra, Beige, L","1","amazon.ca","Amazon","Nelson","British Columbia","V1L 6J","Combined TCS+MTC","25.49","3.06","0","0","0","0","0","0","0","0","-3.06","-4.33","-8.19","0","0","12.97"
"Oct 17, 2025 1:55:07 p.m. PDT","24699394731","Refund","702-7311121-1978656","MSCA-D70-7-4","ANGOOL Wireless Strapless Bra for Women Seamless Push Up Non-Slip Full Support Non Removable Padded Bandeau Bra, Brown, L","1","amazon.ca","Amazon","Mississauga","Ontario","L5T 1Y","Combined TCS+MTC","-28.49","-3.70","0","0","0","0","0","0","0","0","3.70","3.87","0","0","0","-24.62"
"Oct 17, 2025 2:04:58 p.m. PDT","24699394731","Refund","701-3418341-7064261","MSCA-D70-5-4","ANGOOL Wireless Strapless Bra for Women Seamless Push Up Non-Slip Full Support Non Removable Padded Bandeau Bra, Beige, L","1","amazon.ca","Amazon","Lac-Des-Plages","Quebec","J0T 1K","Combined TCS+MTC","-25.49","-3.82","0","0","0","0","0","0","0","0","3.82","3.46","0","0","0","-22.03"
"Oct 17, 2025 2:19:43 p.m. PDT","24699394731","FBA Inventory Fee","702-6214917-4216259","","Fulfilment by Amazon removal order: disposal fee","","Amazon.ca","","","","","","0","0","0","0","0","0","0","0","0","0","0","0","0","0","-0.82","-0.82"
"Oct 17, 2025 3:42:27 p.m. PDT","24699394731","Adjustment","","MSCA-D77-2-6","FBA Inventory Reimbursement - General Adjustment","1","","","","","","","0","0","0","0","0","0","0","0","0","0","0","0","0","0","-17.76","-17.76"
"Oct 17, 2025 4:28:24 p.m. PDT","24699394731","Order","702-6598496-4379467","MSCA-D70-7-5","ANGOOL Wireless Strapless Bra for Women Seamless Push Up Non-Slip Full Support Non Removable Padded Bandeau Bra, Brown, XL","1","amazon.ca","Amazon","Dawson Creek","British Columbia","V1G 0A","Combined TCS+MTC","25.49","3.06","0","0","0","0","0","0","0","0","-3.06","-4.33","-7.65","0","0","13.51"
"Oct 17, 2025 5:06:39 p.m. PDT","24699394731","Refund","702-2743317-8369022","MSCA-D74-7-2","ANGOOL V Neck Seamless Bralette for Women Full Coverage Wireless Padded Bra No Underwire Non Removable Pads Push Up Bras, Brown, S","1","amazon.ca","Amazon","Trenton","Ontario","K8V 4E","Combined TCS+MTC","-25.99","-3.38","0","0","0","0","0","0","0","0","3.38","3.54","0","0","0","-22.45"
"Oct 17, 2025 6:01:38 p.m. PDT","24699394731","Fulfilment by Amazon customer return fee","702-1107394-4463421","X004P52F3H","FBA Customer Return Per Unit Fee (Clothing & Shoes)","","Amazon.ca","","","","","","0","0","0","0","0","0","0","0","0","0","0","0","-4.92","0","0","-4.92"
"Oct 17, 2025 6:15:19 p.m. PDT","24699394731","Refund","701-6592543-1856256","MSCA-D74-5-5","ANGOOL V Neck Seamless Bralette for Women Full Coverage Wireless Padded Bra No Underwire Non Removable Pads Push Up Bras, Beige, XL","1","amazon.ca","Amazon","Markham","ON","L3P 2P","Combined TCS+MTC","-25.99","-3.11","-6.99","0","0","0","0","0","9.07","0","3.11","3.25","0","0","0","-20.66"
"Oct 17, 2025 7:17:11 p.m. PDT","24699394731","Order","702-9470837-5888247","MSCA-D70-25-4","ANGOOL Wireless Strapless Bra for Women Seamless Push Up Non-Slip Full Support Non Removable Padded Bandeau Bra, Black+Beige, L","1","amazon.ca","Amazon","Saskatoon","Saskatchewan","S7V 0R","Combined TCS+MTC","36.54","4.02","5.90","0","0","0","0","0","-5.90","0","-4.02","-6.21","-8.74","0","0","21.59"
"Oct 17, 2025 7:50:17 p.m. PDT","24699394731","Order","702-0961207-7717846","MSCA-D74-7-3","ANGOOL V Neck Seamless Bralette for Women Full Coverage Wireless Padded Bra No Underwire Non Removable Pads Push Up Bras, Brown, M","1","amazon.ca","Amazon","Mississauga","Ontario","L5A 2K","Combined TCS+MTC","22.09","2.87","0","0","0","0","0","0","0","0","-2.87","-3.76","-8.17","0","0","10.16"
"Oct 17, 2025 8:14:33 p.m. PDT","24699394731","Refund","701-6794360-2765058","MSCA-D70-6-3","ANGOOL Wireless Strapless Bra for Women Seamless Push Up Non-Slip Full Support Non Removable Padded Bandeau Bra, White, M","1","amazon.ca","Amazon","Carignan","Quebec","J3L 0J","Combined TCS+MTC","-25.49","-3.82","0","0","0","0","0","0","0","0","3.82","3.46","0","0","0","-22.03"
"Oct 17, 2025 9:20:47 p.m. PDT","24699394731","Order","701-6001760-6936234","MSCA-D70-5-6","ANGOOL Wireless Strapless Bra for Women Seamless Push Up Non-Slip Full Support Non Removable Padded Bandeau Bra, Beige, XXL","1","amazon.ca","Amazon","Calgary","Alberta","T3L 3C","Combined TCS+MTC","25.49","1.27","0","0","0","0","0","0","0","0","-1.27","-4.33","-7.65","0","0","13.51"
"Oct 17, 2025 9:27:56 p.m. PDT","24699394731","Refund","702-6714094-6765050","MSCA-D70-7-4","ANGOOL Wireless Strapless Bra for Women Seamless Push Up Non-Slip Full Support Non Removable Padded Bandeau Bra, Brown, L","1","amazon.ca","Amazon","Scarborough","Ontario","M1W 2N","Combined TCS+MTC","-29.99","-3.90","0","0","0","0","0","0","0","0","3.90","4.08","0","0","0","-25.91"
"Oct 17, 2025 9:33:35 p.m. PDT","24699394731","Order","701-7591966-2782611","MSCA-D76-206-4","ANGOOL Sports Bras for Women Seamless Backless Criss Cross Strappy Sports Bra Without Underwire for Workout Gym Yoga, Black+Grey+White, L","1","amazon.ca","Amazon","Quebec","Quebec","G1T 2A","Combined TCS+MTC","31.99","4.79","0","0","0","0","0","0","0","0","-4.79","-5.44","-6.49","0","0","20.06"
"Oct 17, 2025 11:23:14 p.m. PDT","24699394731","Order","702-3209992-0925012","MSCA-D70-5-4","ANGOOL Wireless Strapless Bra for Women Seamless Push Up Non-Slip Full Support Non Removable Padded Bandeau Bra, Beige, L","1","amazon.ca","Amazon","Laval","Quebec","H7X 3H","Combined TCS+MTC","25.49","3.82","0","0","0","0","0","0","0","0","-3.82","-4.33","-7.65","0","0","13.51"
"Oct 18, 2025 1:02:10 a.m. PDT","24699394731","Fulfilment by Amazon customer return fee","701-9403024-8000211","X004L5XS7X","FBA Customer Return Per Unit Fee (Clothing & Shoes)","","Amazon.ca","","","","","","0","0","0","0","0","0","0","0","0","0","0","0","-4.92","0","0","-4.92"
"Oct 18, 2025 3:54:53 a.m. PDT","24699394731","Order","702-2785686-0071450","MSCA-D77-2-4","ANGOOL Racerback Bras for Women Wire Free Sexy V Neck Lace Bralette Adjustable Strap Full Coverage Padded Bra, Black, L","1","amazon.ca","Amazon","Shawnigan Lake","British Columbia","V0R 2W","Combined TCS+MTC","23.99","2.88","3.93","0","0","0","0","0","-3.93","0","-2.88","-4.08","-7.13","0","0","12.78"
"Oct 18, 2025 4:23:42 a.m. PDT","24699394731","Fulfilment by Amazon customer return fee","701-9403024-8000211","X004L5KSKD","FBA Customer Return Per Unit Fee (Clothing & Shoes)","","Amazon.ca","","","","","","0","0","0","0","0","0","0","0","0","0","0","0","-5.28","0","0","-5.28"
"Oct 18, 2025 5:11:41 a.m. PDT","24699394731","Fulfilment by Amazon customer return fee","702-1974486-0020265","X004L5KSKD","FBA Customer Return Per Unit Fee (Clothing & Shoes)","","Amazon.ca","","","","","","0","0","0","0","0","0","0","0","0","0","0","0","-5.28","0","0","-5.28"
"Oct 18, 2025 8:15:05 a.m. PDT","24699394731","Order","701-2008385-8592255","MSCA-D70-2-6","ANGOOL Wireless Strapless Bra for Women Seamless Push Up Non-Slip Full Support Non Removable Padded Bandeau Bra, Black, XXL","1","amazon.ca","Amazon","Montreal-Nord","Quebec","H1G 2L","Combined TCS+MTC","25.49","3.82","3.49","0","0","0","0","0","-3.49","0","-3.82","-4.33","-7.13","0","0","14.03"
"Oct 18, 2025 10:14:17 a.m. PDT","24699394731","Refund","702-0027004-6116243","MSCA-D70-5-4","ANGOOL Wireless Strapless Bra for Women Seamless Push Up Non-Slip Full Support Non Removable Padded Bandeau Bra, Beige, L","1","amazon.ca","Amazon","Pierrefonds","Quebec","H9J 3V","Combined TCS+MTC","-25.49","-3.82","0","0","0","0","0","0","0","0","3.82","3.46","0","0","0","-22.03"
"Oct 18, 2025 10:22:39 a.m. PDT","24699394731","Order","701-6973084-3736209","MSCA-D70-25-3","ANGOOL Wireless Strapless Bra for Women Seamless Push Up Non-Slip Full Support Non Removable Padded Bandeau Bra, Black+Beige, M","1","amazon.ca","Amazon","Milton","Ontario","L9T 0N","Combined TCS+MTC","36.54","4.75","6.99","0","0","0","0","0","-6.99","0","-4.75","-6.21","-7.84","0","0","22.49"
"Oct 18, 2025 11:14:34 a.m. PDT","24699394731","Order","702-9432765-6320254","MSCA-D74-2-6","ANGOOL V Neck Seamless Bralette for Women Full Coverage Wireless Padded Bra No Underwire Non Removable Pads Push Up Bras, Black, XXL","1","amazon.ca","Amazon","Kamloops","BC","V2E 2R","Combined TCS+MTC","22.09","2.65","0","0","0","0","0","0","0","0","-2.65","-3.76","-8.17","0","0","10.16"
"Oct 18, 2025 11:14:34 a.m. PDT","24699394731","Order","702-9432765-6320254","MSCA-D74-2-5","ANGOOL V Neck Seamless Bralette for Women Full Coverage Wireless Padded Bra No Underwire Non Removable Pads Push Up Bras, Black, XL","1","amazon.ca","Amazon","Kamloops","BC","V2E 2R","Combined TCS+MTC","22.09","2.65","0","0","0","0","0","0","0","0","-2.65","-3.76","-8.17","0","0","10.16"
"Oct 18, 2025 11:23:17 a.m. PDT","24699394731","Refund","701-1548167-1593027","MSCA-D74-5-2","ANGOOL V Neck Seamless Bralette for Women Full Coverage Wireless Padded Bra No Underwire Non Removable Pads Push Up Bras, Beige, S","1","amazon.ca","Amazon","Burlington","Ontario","L7P 3R","Combined TCS+MTC","-25.99","-3.11","0","0","0","0","0","0","2.08","0","3.11","3.25","0","0","0","-20.66"
"Oct 18, 2025 11:24:25 a.m. PDT","24699394731","Refund","701-0052939-1469065","MSCA-D74-6-2","ANGOOL V Neck Seamless Bralette for Women Full Coverage Wireless Padded Bra No Underwire Non Removable Pads Push Up Bras, White, S","1","amazon.ca","Amazon","Burlington","Ontario","L7P 3R","Combined TCS+MTC","-25.99","-3.11","0","0","0","0","0","0","2.08","0","3.11","3.25","0","0","0","-20.66"
"Oct 18, 2025 11:53:03 a.m. PDT","24699394731","FBA Inventory Fee","701-9403024-8000211","","Fulfilment by Amazon removal order: disposal fee","","Amazon.ca","","","","","","0","0","0","0","0","0","0","0","0","0","0","0","0","0","-0.36","-0.36"
"Oct 18, 2025 11:57:05 a.m. PDT","24699394731","FBA Inventory Fee","702-0559552-4583440","","Fulfilment by Amazon removal order: disposal fee","","Amazon.ca","","","","","","0","0","0","0","0","0","0","0","0","0","0","0","0","0","-0.36","-0.36"
"Oct 18, 2025 12:52:42 p.m. PDT","24699394731","FBA Inventory Fee","702-1025681-2110602","","Fulfilment by Amazon removal order: disposal fee","","Amazon.ca","","","","","","0","0","0","0","0","0","0","0","0","0","0","0","0","0","-0.39","-0.39"
"Oct 18, 2025 2:27:45 p.m. PDT","24699394731","Refund","702-8660054-2197018","MSCA-D70-5-2","ANGOOL Wireless Strapless Bra for Women Seamless Push Up Non-Slip Full Support Non Removable Padded Bandeau Bra, Beige, S","1","amazon.ca","Amazon","Toronto","Ontario","M5G 2G","Combined TCS+MTC","-25.49","-3.31","0","0","0","0","0","0","0","0","3.31","3.46","0","0","0","-22.03"
"Oct 18, 2025 4:34:22 p.m. PDT","24699394731","Refund","701-6665720-1089850","MSCA-D70-5-3","ANGOOL Wireless Strapless Bra for Women Seamless Push Up Non-Slip Full Support Non Removable Padded Bandeau Bra, Beige, M","1","amazon.ca","Amazon","Victoria","BC","V8R 3X","Combined TCS+MTC","-29.99","-3.60","0","0","0","0","0","0","0","0","3.60","4.08","0","0","0","-25.91"
"Oct 18, 2025 4:43:50 p.m. PDT","24699394731","Refund","701-8647434-0990633","MSCA-D70-25-4","ANGOOL Wireless Strapless Bra for Women Seamless Push Up Non-Slip Full Support Non Removable Padded Bandeau Bra, Black+Beige, L","1","amazon.ca","Amazon","Victoria","BC","V8R 3X","Combined TCS+MTC","-42.99","-5.16","0","0","0","0","0","0","0","0","5.16","5.85","0","0","0","-37.14"
"Oct 18, 2025 5:17:10 p.m. PDT","24699394731","Order","702-2903566-7917822","MSCA-D70-6-4","ANGOOL Wireless Strapless Bra for Women Seamless Push Up Non-Slip Full Support Non Removable Padded Bandeau Bra, White, L","1","amazon.ca","Amazon","Sarnia","Ontario","N7W 0B","Combined TCS+MTC","25.49","3.31","0","0","0","0","0","0","0","0","-3.31","-4.33","-7.13","0","0","14.03"
"Oct 18, 2025 6:44:06 p.m. PDT","24699394731","Order","702-4839838-5989008","MSCA-D74-5-4","ANGOOL V Neck Seamless Bralette for Women Full Coverage Wireless Padded Bra No Underwire Non Removable Pads Push Up Bras, Beige, L","1","amazon.ca","Amazon","Belleville","Ontario","K8N 5L","Combined TCS+MTC","22.09","2.87","0","0","0","0","0","0","0","0","-2.87","-3.76","-8.17","0","0","10.16"
"Oct 18, 2025 6:53:45 p.m. PDT","24699394731","Order","702-3751903-7038619","MSCA-D70-6-4","ANGOOL Wireless Strapless Bra for Women Seamless Push Up Non-Slip Full Support Non Removable Padded Bandeau Bra, White, L","1","amazon.ca","Amazon","Laval","Quebec","H7L 5S","Combined TCS+MTC","25.49","3.82","0","0","0","0","0","0","0","0","-3.82","-4.33","-7.13","0","0","14.03"
"Oct 18, 2025 7:12:35 p.m. PDT","24699394731","Order","701-3074007-3859415","MSCA-D70-6-3","ANGOOL Wireless Strapless Bra for Women Seamless Push Up Non-Slip Full Support Non Removable Padded Bandeau Bra, White, M","1","amazon.ca","Amazon","Saint John","New Brunswick","E2M 4A","Combined TCS+MTC","25.49","3.82","0","0","0","0","0","0","0","0","-3.82","-4.33","-7.13","0","0","14.03"
"Oct 18, 2025 10:18:07 p.m. PDT","24699394731","Order","701-2858697-9941041","MSCA-D70-5-6","ANGOOL Wireless Strapless Bra for Women Seamless Push Up Non-Slip Full Support Non Removable Padded Bandeau Bra, Beige, XXL","1","amazon.ca","Amazon","Windsor","Ontario","N9B 2N","Combined TCS+MTC","25.49","3.31","6.99","0","0","0","0","0","-6.99","0","-3.31","-4.33","-7.65","0","0","13.51"
"Oct 18, 2025 10:49:57 p.m. PDT","24699394731","Order","701-5270431-1790630","MSCA-D70-25-5","ANGOOL Wireless Strapless Bra for Women Seamless Push Up Non-Slip Full Support Non Removable Padded Bandeau Bra, Black+Beige, XL","1","amazon.ca","Amazon","Port Perry","Ontario","L9L 1B","Combined TCS+MTC","36.54","4.75","6.99","0","0","0","0","0","-6.99","0","-4.75","-6.21","-8.17","0","0","22.16"
"Oct 19, 2025 12:35:17 a.m. PDT","24699394731","Order","702-4726696-3117019","MSCA-D70-5-3","ANGOOL Wireless Strapless Bra for Women Seamless Push Up Non-Slip Full Support Non Removable Padded Bandeau Bra, Beige, M","1","amazon.ca","Amazon","Langley","British Columbia","V3A 3C","Combined TCS+MTC","25.49","3.06","6.99","0","0","0","0","0","-6.99","0","-3.06","-4.33","-7.63","0","0","13.53"
"Oct 19, 2025 1:15:19 a.m. PDT","24699394731","Order","701-3715323-1437064","MSCA-D70-5-4","ANGOOL Wireless Strapless Bra for Women Seamless Push Up Non-Slip Full Support Non Removable Padded Bandeau Bra, Beige, L","1","amazon.ca","Amazon","Barrie","Ontario","L4N 0B","Combined TCS+MTC","25.49","3.31","0","0","0","0","0","0","0","0","-3.31","-4.33","-7.65","0","0","13.51"
"Oct 19, 2025 3:21:01 a.m. PDT","24699394731","Order","702-7732210-0862602","MSCA-D70-2-3","ANGOOL Wireless Strapless Bra for Women Seamless Push Up Non-Slip Full Support Non Removable Padded Bandeau Bra, Black, M","1","amazon.ca","Amazon","Paradise","NL","A1L 4A","Combined TCS+MTC","25.49","3.82","0","0","0","0","0","0","0","0","-3.82","-4.33","-7.65","0","0","13.51"
"Oct 19, 2025 5:56:38 a.m. PDT","24699394731","Fulfilment by Amazon customer return fee","701-7147480-4179469","X004L5UE9N","FBA Customer Return Per Unit Fee (Clothing & Shoes)","","Amazon.ca","","","","","","0","0","0","0","0","0","0","0","0","0","0","0","-5.15","0","0","-5.15"
"Oct 19, 2025 6:32:57 a.m. PDT","24699394731","Order","701-6723269-3262655","MSCA-D70-5-2","ANGOOL Wireless Strapless Bra for Women Seamless Push Up Non-Slip Full Support Non Removable Padded Bandeau Bra, Beige, S","1","amazon.ca","Amazon","Burnaby","British Columbia","V5B 1Z","Combined TCS+MTC","25.49","3.06","0","0","0","0","0","0","0","0","-3.06","-4.33","-8.39","0","0","12.77"
"Oct 19, 2025 6:35:22 a.m. PDT","24699394731","FBA Inventory Fee","701-6297437-9361841","","Fulfilment by Amazon removal order: disposal fee","","Amazon.ca","","","","","","0","0","0","0","0","0","0","0","0","0","0","0","0","0","-0.36","-0.36"
"Oct 19, 2025 6:35:36 a.m. PDT","24699394731","FBA Inventory Fee","701-4797387-5791433","","Fulfilment by Amazon removal order: disposal fee","","Amazon.ca","","","","","","0","0","0","0","0","0","0","0","0","0","0","0","0","0","-0.36","-0.36"
"Oct 19, 2025 8:13:07 a.m. PDT","24699394731","Order","701-1941683-7653051","MSCA-D70-2-3","ANGOOL Wireless Strapless Bra for Women Seamless Push Up Non-Slip Full Support Non Removable Padded Bandeau Bra, Black, M","1","amazon.ca","Amazon","Montreal","Quebec","H1E 6A","Combined TCS+MTC","25.49","3.82","0","0","0","0","0","0","0","0","-3.82","-4.33","-7.65","0","0","13.51"
"Oct 19, 2025 8:42:27 a.m. PDT","24699394731","Fulfilment by Amazon customer return fee","701-2359072-0290664","X004L5Z7U9","FBA Customer Return Per Unit Fee (Clothing & Shoes)","","Amazon.ca","","","","","","0","0","0","0","0","0","0","0","0","0","0","0","-4.92","0","0","-4.92"
"Oct 19, 2025 8:55:10 a.m. PDT","24699394731","Order","702-4878099-8577044","MSCA-D70-2-5","ANGOOL Wireless Strapless Bra for Women Seamless Push Up Non-Slip Full Support Non Removable Padded Bandeau Bra, Black, XL","1","amazon.ca","Amazon","Hamilton","On","L8K 2J","Combined TCS+MTC","25.49","3.31","2.33","0","0","0","0","0","-2.33","0","-3.31","-4.33","-7.65","0","0","13.51"
"Oct 19, 2025 11:14:23 a.m. PDT","24699394731","Refund","702-1144252-5612248","MSCA-D74-2-4","ANGOOL V Neck Seamless Bralette for Women Full Coverage Wireless Padded Bra No Underwire Non Removable Pads Push Up Bras, Black, L","1","amazon.ca","Amazon","Montreal","Quebec","H4E 3G","Combined TCS+MTC","-22.09","-3.31","0","0","0","0","0","0","0","0","3.31","3.01","0","0","0","-19.08"
"Oct 19, 2025 11:40:36 a.m. PDT","24699394731","Order","701-0305787-2203471","MSCA-D77-2-5","ANGOOL Racerback Bras for Women Wire Free Sexy V Neck Lace Bralette Adjustable Strap Full Coverage Padded Bra, Black, XL","1","amazon.ca","Amazon","Edwards","Ontario","K0A1V","Combined TCS+MTC","23.99","3.12","0","0","0","0","0","0","0","0","-3.12","-4.08","-7.13","0","0","12.78"
"Oct 19, 2025 12:44:55 p.m. PDT","24699394731","Order","702-6200328-5910626","MSCA-D76-206-4","ANGOOL Sports Bras for Women Seamless Backless Criss Cross Strappy Sports Bra Without Underwire for Workout Gym Yoga, Black+Grey+White, L","1","amazon.ca","Amazon","Edmonton","Alberta","T6L 4J","Combined TCS+MTC","30.39","1.52","3.50","0","0","0","0","0","-3.50","0","-1.52","-5.17","-6.49","0","0","18.73"
"Oct 19, 2025 2:17:32 p.m. PDT","24699394731","Order","702-3914249-0693011","MSCA-D70-25-5","ANGOOL Wireless Strapless Bra for Women Seamless Push Up Non-Slip Full Support Non Removable Padded Bandeau Bra, Black+Beige, XL","1","amazon.ca","Amazon","St. John's","Newfoundland","A1A 2Z","Combined TCS+MTC","36.54","5.48","0","0","0","0","0","0","0","0","-5.48","-6.21","-8.17","0","0","22.16"
"Oct 19, 2025 3:14:24 p.m. PDT","24699394731","Order","702-1260857-1628253","MSCA-D70-2-6","ANGOOL Wireless Strapless Bra for Women Seamless Push Up Non-Slip Full Support Non Removable Padded Bandeau Bra, Black, XXL","1","amazon.ca","Amazon","Contrecoeur","Quebec","J0L 1C","Combined TCS+MTC","25.49","3.82","0","0","0","0","0","0","0","0","-3.82","-4.33","-7.13","0","0","14.03"
"Oct 19, 2025 3:18:00 p.m. PDT","24699394731","Order","702-3689029-4687402","MSCA-D77-2-4","ANGOOL Racerback Bras for Women Wire Free Sexy V Neck Lace Bralette Adjustable Strap Full Coverage Padded Bra, Black, L","1","amazon.ca","Amazon","Revelstoke","British Columbia","V0E 2S","Combined TCS+MTC","23.99","2.88","0","0","0","0","0","0","0","0","-2.88","-4.08","-7.13","0","0","12.78"
"Oct 19, 2025 3:23:49 p.m. PDT","24699394731","FBA Inventory Fee","701-2359072-0290664","","Fulfilment by Amazon removal order: disposal fee","","Amazon.ca","","","","","","0","0","0","0","0","0","0","0","0","0","0","0","0","0","-0.36","-0.36"
"Oct 19, 2025 4:30:11 p.m. PDT","24699394731","Fulfilment by Amazon customer return fee","702-2927840-4825069","X004L5VN5R","FBA Customer Return Per Unit Fee (Clothing & Shoes)","","Amazon.ca","","","","","","0","0","0","0","0","0","0","0","0","0","0","0","-5.03","0","0","-5.03"
"Oct 19, 2025 4:34:50 p.m. PDT","24699394731","Refund","701-2073446-6117862","MSCA-D70-2-4","ANGOOL Wireless Strapless Bra for Women Seamless Push Up Non-Slip Full Support Non Removable Padded Bandeau Bra, Black, L","1","amazon.ca","Amazon","Port Perry","Ontario","L9L 1B","Combined TCS+MTC","-25.49","-3.31","0","0","0","0","0","0","0","0","3.31","3.46","0","0","0","-22.03"
"Oct 19, 2025 4:47:33 p.m. PDT","24699394731","Order","702-8054831-3113002","MSCA-D70-5-4","ANGOOL Wireless Strapless Bra for Women Seamless Push Up Non-Slip Full Support Non Removable Padded Bandeau Bra, Beige, L","1","amazon.ca","Amazon","Newmarket","Ontario","L3Y 2Z","Combined TCS+MTC","25.49","3.31","0","0","0","0","0","0","0","0","-3.31","-4.33","-7.65","0","0","13.51"
"Oct 19, 2025 4:48:38 p.m. PDT","24699394731","Fulfilment by Amazon customer return fee","701-3508214-1991461","X004L5ZNMB","FBA Customer Return Per Unit Fee (Clothing & Shoes)","","Amazon.ca","","","","","","0","0","0","0","0","0","0","0","0","0","0","0","-5.03","0","0","-5.03"
"Oct 19, 2025 7:12:19 p.m. PDT","24699394731","Order","701-7007468-6066655","MSCA-D70-6-6","ANGOOL Wireless Strapless Bra for Women Seamless Push Up Non-Slip Full Support Non Removable Padded Bandeau Bra, White, XXL","1","amazon.ca","Amazon","Guelph","Ontario","N1H 6A","Combined TCS+MTC","25.49","3.31","6.99","0","0","0","0","0","-6.99","0","-3.31","-4.33","-7.13","0","0","14.03"
"Oct 19, 2025 7:43:11 p.m. PDT","24699394731","Order","702-2985633-7392261","MSCA-D70-25-3","ANGOOL Wireless Strapless Bra for Women Seamless Push Up Non-Slip Full Support Non Removable Padded Bandeau Bra, Black+Beige, M","1","amazon.ca","Amazon","Collingwood","Ontario","L9Y 3H","Combined TCS+MTC","36.54","4.75","0","0","0","0","0","0","0","0","-4.75","-6.21","-7.84","0","0","22.49"
"Oct 19, 2025 9:26:20 p.m. PDT","24699394731","Order","701-9259236-7405851","MSCA-D70-25-5","ANGOOL Wireless Strapless Bra for Women Seamless Push Up Non-Slip Full Support Non Removable Padded Bandeau Bra, Black+Beige, XL","1","amazon.ca","Amazon","Ottawa","Ontario","K1T 1H","Combined TCS+MTC","36.54","4.75","6.99","0","0","0","0","0","-6.99","0","-4.75","-6.21","-8.17","0","0","22.16"
"Oct 19, 2025 10:09:20 p.m. PDT","24699394731","Order","702-3342578-2297059","MSCA-D77-2-5","ANGOOL Racerback Bras for Women Wire Free Sexy V Neck Lace Bralette Adjustable Strap Full Coverage Padded Bra, Black, XL","1","amazon.ca","Amazon","Markham","Ontario","L6G 0C","Combined TCS+MTC","23.99","3.12","0","0","0","0","0","0","0","0","-3.12","-4.08","-7.13","0","0","12.78"
"Oct 19, 2025 10:22:21 p.m. PDT","24699394731","Order","701-1306350-1608228","MSCA-D70-25-3","ANGOOL Wireless Strapless Bra for Women Seamless Push Up Non-Slip Full Support Non Removable Padded Bandeau Bra, Black+Beige, M","1","amazon.ca","Amazon","Fonthill","Ontario","L0S 1E","Combined TCS+MTC","36.54","4.75","0","0","0","0","0","0","0","0","-4.75","-6.21","-7.84","0","0","22.49"
"Oct 19, 2025 10:46:46 p.m. PDT","24699394731","Order","701-9882633-6425826","MSCA-D70-25-3","ANGOOL Wireless Strapless Bra for Women Seamless Push Up Non-Slip Full Support Non Removable Padded Bandeau Bra, Black+Beige, M","1","amazon.ca","Amazon","Burlington","Ontario","L7L 6N","Combined TCS+MTC","36.54","4.75","6.99","0","0","0","0","0","-6.99","0","-4.75","-6.21","-7.84","0","0","22.49"
"Oct 19, 2025 11:48:19 p.m. PDT","24699394731","Order","702-7415648-6453051","MSCA-D70-2-3","ANGOOL Wireless Strapless Bra for Women Seamless Push Up Non-Slip Full Support Non Removable Padded Bandeau Bra, Black, M","1","amazon.ca","Amazon","Fruitvale","British Columbia","V0G 1L","Combined TCS+MTC","25.49","3.06","0","0","0","0","0","0","0","0","-3.06","-4.33","-7.65","0","0","13.51"
"Oct 20, 2025 4:51:34 a.m. PDT","24699394731","Adjustment","702-0365016-5510633","MSCA-D70-2-4","FBA Inventory Reimbursement - Customer Return","1","","","","","","","0","0","0","0","0","0","0","0","0","0","0","0","0","0","15.75","15.75"
"Oct 20, 2025 4:59:48 a.m. PDT","24699394731","Adjustment","702-7345251-4743440","MSCA-D70-5-3","FBA Inventory Reimbursement - Customer Return","1","","","","","","","0","0","0","0","0","0","0","0","0","0","0","0","0","0","16.27","16.27"
"Oct 20, 2025 5:29:53 a.m. PDT","24699394731","Order","701-4645648-3257017","MSCA-D70-2-5","ANGOOL Wireless Strapless Bra for Women Seamless Push Up Non-Slip Full Support Non Removable Padded Bandeau Bra, Black, XL","1","amazon.ca","Amazon","Fort McMurray","Alberta","T9K 0R","Combined TCS+MTC","25.49","1.27","3.93","0","0","0","0","0","-3.93","0","-1.27","-4.33","-7.65","0","0","13.51"
"Oct 20, 2025 5:43:10 a.m. PDT","24699394731","Fulfilment by Amazon customer return fee","702-0240386-5352229","X004L5VLD1","FBA Customer Return Per Unit Fee (Clothing & Shoes)","","Amazon.ca","","","","","","0","0","0","0","0","0","0","0","0","0","0","0","-5.03","0","0","-5.03"
"Oct 20, 2025 5:51:34 a.m. PDT","24699394731","Fulfilment by Amazon customer return fee","702-1280575-0889032","X004L5ZNMB","FBA Customer Return Per Unit Fee (Clothing & Shoes)","","Amazon.ca","","","","","","0","0","0","0","0","0","0","0","0","0","0","0","-5.03","0","0","-5.03"
"Oct 20, 2025 12:25:51 p.m. PDT","24699394731","Fulfilment by Amazon customer return fee","701-9491878-1290627","X004L631E7","FBA Customer Return Per Unit Fee (Clothing & Shoes)","","Amazon.ca","","","","","","0","0","0","0","0","0","0","0","0","0","0","0","-5.03","0","0","-5.03"
"Oct 20, 2025 1:23:31 p.m. PDT","24699394731","Fulfilment by Amazon customer return fee","701-1901752-2607467","X004P55D5T","FBA Customer Return Per Unit Fee (Clothing & Shoes)","","Amazon.ca","","","","","","0","0","0","0","0","0","0","0","0","0","0","0","-4.92","0","0","-4.92"
"Oct 20, 2025 1:45:53 p.m. PDT","24699394731","Order","702-7798765-1633014","MSCA-D70-2-2","ANGOOL Wireless Strapless Bra for Women Seamless Push Up Non-Slip Full Support Non Removable Padded Bandeau Bra, Black, S","1","amazon.ca","Amazon","Vancouver","British Columbia","V5R 6G","Combined TCS+MTC","25.49","3.06","3.92","0","0","0","0","0","-3.92","0","-3.06","-4.33","-7.13","0","0","14.03"
"Oct 20, 2025 6:10:14 p.m. PDT","24699394731","Refund","702-1685383-5243417","MSCA-D70-5-4","ANGOOL Wireless Strapless Bra for Women Seamless Push Up Non-Slip Full Support Non Removable Padded Bandeau Bra, Beige, L","1","amazon.ca","Amazon","Halifax","Nova Scotia","B3M 0J","Combined TCS+MTC","-25.49","-3.57","0","0","0","0","0","0","0","0","3.57","3.46","0","0","0","-22.03"
"Oct 20, 2025 6:49:00 p.m. PDT","24699394731","Refund","702-9470837-5888247","MSCA-D70-25-4","ANGOOL Wireless Strapless Bra for Women Seamless Push Up Non-Slip Full Support Non Removable Padded Bandeau Bra, Black+Beige, L","1","amazon.ca","Amazon","Saskatoon","Saskatchewan","S7V 0R","Combined TCS+MTC","-36.54","-4.02","-5.90","0","0","0","0","0","5.90","0","4.02","4.97","0","0","0","-31.57"
"Oct 20, 2025 7:16:10 p.m. PDT","24699394731","Refund","702-0020406-2125026","MSCA-D77-5-6","ANGOOL Racerback Bras for Women Wire Free Sexy V Neck Lace Bralette Adjustable Strap Full Coverage Padded Bra, Beige, XXL","1","amazon.ca","Amazon","Verdun","Quebec","H3E 1W","Combined TCS+MTC","-26.99","-4.04","0","0","0","0","0","0","0","0","4.04","3.67","0","0","0","-23.32"
"Oct 20, 2025 7:36:58 p.m. PDT","24699394731","Refund","701-9103960-1341041","MSCA-D70-5-3","ANGOOL Wireless Strapless Bra for Women Seamless Push Up Non-Slip Full Support Non Removable Padded Bandeau Bra, Beige, M","1","amazon.ca","Amazon","Orillia","Ontario","L3V 0A","Combined TCS+MTC","-25.49","-3.31","0","0","0","0","0","0","0","0","3.31","3.46","0","0","0","-22.03"
"Oct 20, 2025 7:50:03 p.m. PDT","24699394731","Refund","702-7606530-9463411","MSCA-D70-25-3","ANGOOL Wireless Strapless Bra for Women Seamless Push Up Non-Slip Full Support Non Removable Padded Bandeau Bra, Black+Beige, M","1","amazon.ca","Amazon","Laval","Quebec","H7L 5S","Combined TCS+MTC","-42.99","-6.44","0","0","0","0","0","0","0","0","6.44","5.85","0","0","0","-37.14"
"Oct 20, 2025 8:30:14 p.m. PDT","24699394731","Refund","702-0405971-0529036","MSCA-D70-25-3","ANGOOL Wireless Strapless Bra for Women Seamless Push Up Non-Slip Full Support Non Removable Padded Bandeau Bra, Black+Beige, M","1","amazon.ca","Amazon","Oakville","Ontario","L6M 0W","Combined TCS+MTC","-42.99","-5.59","0","0","0","0","0","0","0","0","5.59","5.85","0","0.15","0","-36.99"
"Oct 20, 2025 9:04:35 p.m. PDT","24699394731","Refund","702-2043184-8296263","MSCA-D70-25-5","ANGOOL Wireless Strapless Bra for Women Seamless Push Up Non-Slip Full Support Non Removable Padded Bandeau Bra, Black+Beige, XL","1","amazon.ca","Amazon","Toronto","Ontario","M9L 2B","Combined TCS+MTC","-36.54","-4.75","-1.75","0","0","0","0","0","1.75","0","4.75","4.97","0","0","0","-31.57"
"Oct 20, 2025 9:26:26 p.m. PDT","24699394731","Order","702-5254397-2321036","MSCA-D70-25-3","ANGOOL Wireless Strapless Bra for Women Seamless Push Up Non-Slip Full Support Non Removable Padded Bandeau Bra, Black+Beige, M","1","amazon.ca","Amazon","Windsor","Ontario","N9J 3L","Combined TCS+MTC","36.54","4.75","0","0","0","0","0","0","0","0","-4.75","-6.21","-7.84","0","0","22.49"
"Oct 20, 2025 9:41:29 p.m. PDT","24699394731","Refund","701-0719811-4204224","MSCA-D70-5-3","ANGOOL Wireless Strapless Bra for Women Seamless Push Up Non-Slip Full Support Non Removable Padded Bandeau Bra, Beige, M","1","amazon.ca","Amazon","LADYSMITH","BC","V9G1R","Combined TCS+MTC","-26.99","-3.24","0","0","0","0","0","0","0","0","3.24","3.67","0","0","0","-23.32"
"Oct 20, 2025 10:37:26 p.m. PDT","24699394731","Order","702-5749742-4451423","MSCA-D74-2-2","ANGOOL V Neck Seamless Bralette for Women Full Coverage Wireless Padded Bra No Underwire Non Removable Pads Push Up Bras, Black, S","1","amazon.ca","Amazon","Burlington","Ontario","L7M 3M","Combined TCS+MTC","22.09","2.87","3.50","0","0","0","0","0","-3.50","0","-2.87","-3.76","-8.17","0","0","10.16"
"Oct 20, 2025 11:16:55 p.m. PDT","24699394731","Refund","701-9429662-5186600","MSCA-D70-7-2","ANGOOL Wireless Strapless Bra for Women Seamless Push Up Non-Slip Full Support Non Removable Padded Bandeau Bra, Brown, S","1","amazon.ca","Amazon","Banff","Alberta","T1L 1B","Combined TCS+MTC","-25.49","-1.27","0","0","0","0","0","0","0","0","1.27","3.46","0","0","0","-22.03"
"Oct 21, 2025 12:07:58 a.m. PDT","24699394731","Order","701-2064944-4759455","MSCA-D74-2-2","ANGOOL V Neck Seamless Bralette for Women Full Coverage Wireless Padded Bra No Underwire Non Removable Pads Push Up Bras, Black, S","3","amazon.ca","Amazon","Bedford","Nova Scotia","B4A 0E","Combined TCS+MTC","66.27","9.27","0","0","0","0","0","0","0","0","-9.27","-11.28","-24.51","0","0","30.48"
"Oct 21, 2025 12:16:33 a.m. PDT","24699394731","Order","702-6864482-0998625","MSCA-D70-6-3","ANGOOL Wireless Strapless Bra for Women Seamless Push Up Non-Slip Full Support Non Removable Padded Bandeau Bra, White, M","1","amazon.ca","Amazon","Victoria","British Columbia","V8Z 2S","Combined TCS+MTC","25.49","3.06","0","0","0","0","0","0","0","0","-3.06","-4.33","-7.13","0","0","14.03"
"Oct 21, 2025 12:50:23 a.m. PDT","24699394731","Order","701-6650685-7615427","MSCA-D70-5-5","ANGOOL Wireless Strapless Bra for Women Seamless Push Up Non-Slip Full Support Non Removable Padded Bandeau Bra, Beige, XL","1","amazon.ca","Amazon","Kanata","Ontario","K2M 2W","Combined TCS+MTC","25.49","3.31","0","0","0","0","0","0","0","0","-3.31","-4.33","-7.65","0","0","13.51"
"Oct 21, 2025 2:34:19 a.m. PDT","24699394731","Refund","702-7319964-8922664","MSCA-D70-5-4","ANGOOL Wireless Strapless Bra for Women Seamless Push Up Non-Slip Full Support Non Removable Padded Bandeau Bra, Beige, L","1","amazon.ca","Amazon","Nelson","British Columbia","V1L 6J","Combined TCS+MTC","-25.49","-3.06","0","0","0","0","0","0","0","0","3.06","3.46","0","0","0","-22.03"
"Oct 21, 2025 5:23:39 a.m. PDT","24699394731","Order","702-3539084-9413060","MSCA-D76-268-3","ANGOOL Sports Bras for Women Seamless Backless Criss Cross Strappy Sports Bra Without Underwire for Workout Gym Yoga, Black+White+Green, M","1","amazon.ca","Amazon","North York","Ontario","M2R0A","Combined TCS+MTC","39.99","5.20","2.74","0","0","0","0","0","-2.74","0","-5.20","-6.80","-6.49","0","0","26.70"
"Oct 21, 2025 5:28:30 a.m. PDT","24699394731","Fulfilment by Amazon customer return fee","701-7372740-8109850","X004P4NM5N","FBA Customer Return Per Unit Fee (Clothing & Shoes)","","Amazon.ca","","","","","","0","0","0","0","0","0","0","0","0","0","0","0","-4.92","0","0","-4.92"
"Oct 21, 2025 6:50:53 a.m. PDT","24699394731","Order","702-8656799-6801837","MSCA-D70-25-4","ANGOOL Wireless Strapless Bra for Women Seamless Push Up Non-Slip Full Support Non Removable Padded Bandeau Bra, Black+Beige, L","1","amazon.ca","Amazon","Lynden","Ontario","L0R 1T","Combined TCS+MTC","36.54","4.75","6.99","0","0","0","0","0","-6.99","0","-4.75","-6.21","-8.74","0","0","21.59"
"Oct 21, 2025 11:37:29 a.m. PDT","24699394731","Order","702-6355565-2358658","MSCA-D70-2-4","ANGOOL Wireless Strapless Bra for Women Seamless Push Up Non-Slip Full Support Non Removable Padded Bandeau Bra, Black, L","1","amazon.ca","Amazon","Vancouver","British Columbia","V6P 0G","Combined TCS+MTC","25.49","3.06","0","0","0","0","0","0","0","0","-3.06","-4.33","-7.65","0","0","13.51"
"Oct 21, 2025 1:42:46 p.m. PDT","24699394731","Order","702-4133583-2029813","MSCA-D70-2-3","ANGOOL Wireless Strapless Bra for Women Seamless Push Up Non-Slip Full Support Non Removable Padded Bandeau Bra, Black, M","1","amazon.ca","Amazon","Burlington","Ontario","L7L 6P","Combined TCS+MTC","25.49","3.31","0","0","0","0","0","0","0","0","-3.31","-4.33","-7.65","0","0","13.51"
"Oct 21, 2025 1:58:46 p.m. PDT","24699394731","Order","702-0926281-0529027","MSCA-D70-25-3","ANGOOL Wireless Strapless Bra for Women Seamless Push Up Non-Slip Full Support Non Removable Padded Bandeau Bra, Black+Beige, M","1","amazon.ca","Amazon","Vernon","British Columbia","V1B 4G","Combined TCS+MTC","36.54","4.38","0","0","0","0","0","0","0","0","-4.38","-6.21","-7.84","0","0","22.49"
"Oct 21, 2025 3:15:58 p.m. PDT","24699394731","Order","702-8549532-3813821","MSCA-D76-268-3","ANGOOL Sports Bras for Women Seamless Backless Criss Cross Strappy Sports Bra Without Underwire for Workout Gym Yoga, Black+White+Green, M","1","amazon.ca","Amazon","Dartmouth","Nova Scotia","B2W 0N","Combined TCS+MTC","30.39","4.25","0","0","0","0","0","0","0","0","-4.25","-5.17","-6.49","0","0","18.73"
"Oct 21, 2025 4:43:02 p.m. PDT","24699394731","Order","701-0256650-7976256","MSCA-D70-2-4","ANGOOL Wireless Strapless Bra for Women Seamless Push Up Non-Slip Full Support Non Removable Padded Bandeau Bra, Black, L","1","amazon.ca","Amazon","Grimsby","Ontario","L3M 4V","Combined TCS+MTC","25.49","3.31","0","0","0","0","0","0","0","0","-3.31","-4.33","-7.65","0","0","13.51"
"Oct 21, 2025 4:45:40 p.m. PDT","24699394731","Order","701-2396171-8265824","MSCA-D70-2-4","ANGOOL Wireless Strapless Bra for Women Seamless Push Up Non-Slip Full Support Non Removable Padded Bandeau Bra, Black, L","1","amazon.ca","Amazon","Welland","Ontario","L3B 0G","Combined TCS+MTC","25.49","3.31","0","0","0","0","0","0","0","0","-3.31","-4.33","-7.65","0","0","13.51"
"Oct 21, 2025 5:58:05 p.m. PDT","24699394731","Refund","702-3342578-2297059","MSCA-D77-2-5","ANGOOL Racerback Bras for Women Wire Free Sexy V Neck Lace Bralette Adjustable Strap Full Coverage Padded Bra, Black, XL","1","amazon.ca","Amazon","Markham","Ontario","L6G 0C","Combined TCS+MTC","-23.99","-3.12","0","0","0","0","0","0","0","0","3.12","3.26","0","0","0","-20.73"
"Oct 21, 2025 6:00:32 p.m. PDT","24699394731","FBA Inventory Fee","6TuxltT997","","Fulfilment by Amazon removal order: disposal fee","","Amazon.ca","","","","","","0","0","0","0","0","0","0","0","0","0","0","0","0","0","-0.36","-0.36"
"Oct 21, 2025 6:59:12 p.m. PDT","24699394731","Refund","702-1970079-9797010","MSCA-D70-7-4","ANGOOL Wireless Strapless Bra for Women Seamless Push Up Non-Slip Full Support Non Removable Padded Bandeau Bra, Brown, L","1","amazon.ca","Amazon","Maple Ridge","BC","V2X 9H","Combined TCS+MTC","-25.49","-3.06","0","0","0","0","0","0","0","0","3.06","3.46","0","0","0","-22.03"
"Oct 21, 2025 7:37:40 p.m. PDT","24699394731","Refund","702-8345084-8074669","MSCA-D70-7-2","ANGOOL Wireless Strapless Bra for Women Seamless Push Up Non-Slip Full Support Non Removable Padded Bandeau Bra, Brown, S","1","amazon.ca","Amazon","Sarnia","Ontario","N7V 2R","Combined TCS+MTC","-25.49","-3.31","0","0","0","0","0","0","0","0","3.31","3.46","0","0","0","-22.03"
"Oct 21, 2025 8:23:56 p.m. PDT","24699394731","Fulfilment by Amazon customer return fee","701-1245487-3397834","X004L5YB51","FBA Customer Return Per Unit Fee (Clothing & Shoes)","","Amazon.ca","","","","","","0","0","0","0","0","0","0","0","0","0","0","0","-4.92","0","0","-4.92"
"Oct 21, 2025 8:30:04 p.m. PDT","24699394731","Refund","702-1865247-9688206","MSCA-D70-5-3","ANGOOL Wireless Strapless Bra for Women Seamless Push Up Non-Slip Full Support Non Removable Padded Bandeau Bra, Beige, M","1","amazon.ca","Amazon","Kitchener","Ontario","N2P 1T","Combined TCS+MTC","-29.99","-3.90","-2.74","0","0","0","0","0","2.74","0","3.90","4.08","0","0","0","-25.91"
"Oct 21, 2025 8:49:51 p.m. PDT","24699394731","Order","701-4967044-0749852","MSCA-D70-5-4","ANGOOL Wireless Strapless Bra for Women Seamless Push Up Non-Slip Full Support Non Removable Padded Bandeau Bra, Beige, L","1","amazon.ca","Amazon","Lac-Des-Plages","Quebec","J0T 1K","Combined TCS+MTC","25.49","3.82","0","0","0","0","0","0","0","0","-3.82","-4.33","-7.65","0","0","13.51"
"Oct 21, 2025 8:53:48 p.m. PDT","24699394731","Adjustment","","MSCA-D70-25-3","FBA Inventory Reimbursement - General Adjustment","1","","","","","","","0","0","0","0","0","0","0","0","0","0","0","0","0","0","-24.71","-24.71"
"Oct 21, 2025 9:47:54 p.m. PDT","24699394731","Order","701-5474490-7485026","MSCA-D70-5-5","ANGOOL Wireless Strapless Bra for Women Seamless Push Up Non-Slip Full Support Non Removable Padded Bandeau Bra, Beige, XL","1","amazon.ca","Amazon","Montreal","Quebec","H2L 4H","Combined TCS+MTC","25.49","3.82","0","0","0","0","0","0","0","0","-3.82","-4.33","-7.65","0","0","13.51"
"Oct 21, 2025 9:48:10 p.m. PDT","24699394731","Order","702-7497247-0925847","MSCA-D70-5-5","ANGOOL Wireless Strapless Bra for Women Seamless Push Up Non-Slip Full Support Non Removable Padded Bandeau Bra, Beige, XL","1","amazon.ca","Amazon","Vaughan","Ontario","L4K 0M","Combined TCS+MTC","25.49","3.31","0","0","0","0","0","0","0","0","-3.31","-4.33","-7.65","0","0","13.51"
"Oct 21, 2025 9:55:44 p.m. PDT","24699394731","Order","701-7052242-5438617","MSCA-D70-25-6","ANGOOL Wireless Strapless Bra for Women Seamless Push Up Non-Slip Full Support Non Removable Padded Bandeau Bra, Black+Beige, XXL","1","amazon.ca","Amazon","Toronto","Ontario","M4J 2C","Combined TCS+MTC","36.54","4.75","0","0","0","0","0","0","0","0","-4.75","-6.21","-7.13","0","0","23.20"
"Oct 21, 2025 10:02:37 p.m. PDT","24699394731","Order","702-9233606-2298608","MSCA-D70-25-3","ANGOOL Wireless Strapless Bra for Women Seamless Push Up Non-Slip Full Support Non Removable Padded Bandeau Bra, Black+Beige, M","1","amazon.ca","Amazon","Toronto","Ontario","M3H 4M","Combined TCS+MTC","36.54","4.75","0","0","0","0","0","0","0","0","-4.75","-6.21","-7.84","0","0","22.49"
"Oct 21, 2025 10:28:23 p.m. PDT","24699394731","Order","701-3115765-6786653","MSCA-D70-6-5","ANGOOL Wireless Strapless Bra for Women Seamless Push Up Non-Slip Full Support Non Removable Padded Bandeau Bra, White, XL","1","amazon.ca","Amazon","Burlington","Ontario","L7P 3A","Combined TCS+MTC","25.49","3.31","6.99","0","0","0","0","0","-6.99","0","-3.31","-4.33","-7.13","0","0","14.03"
"Oct 21, 2025 10:32:26 p.m. PDT","24699394731","Fulfilment by Amazon customer return fee","702-0579783-1460228","X004L5KTDT","FBA Customer Return Per Unit Fee (Clothing & Shoes)","","Amazon.ca","","","","","","0","0","0","0","0","0","0","0","0","0","0","0","-4.79","0","0","-4.79"
"Oct 21, 2025 10:32:36 p.m. PDT","24699394731","Order","702-6808713-4158668","MSCA-D70-5-2","ANGOOL Wireless Strapless Bra for Women Seamless Push Up Non-Slip Full Support Non Removable Padded Bandeau Bra, Beige, S","1","amazon.ca","Amazon","Toronto","Ontario","M4E 1N","Combined TCS+MTC","25.49","3.31","0","0","0","0","0","0","0","0","-3.31","-4.33","-7.84","0","0","13.32"
"Oct 21, 2025 10:56:49 p.m. PDT","24699394731","Order","701-7372332-7022638","MSCA-D70-25-5","ANGOOL Wireless Strapless Bra for Women Seamless Push Up Non-Slip Full Support Non Removable Padded Bandeau Bra, Black+Beige, XL","1","amazon.ca","Amazon","Toronto","Ontario","M4J 2C","Combined TCS+MTC","36.54","4.75","6.99","0","0","0","0","0","-6.99","0","-4.75","-6.21","-8.17","0","0","22.16"
"Oct 21, 2025 11:21:21 p.m. PDT","24699394731","Refund","701-6723269-3262655","MSCA-D70-5-2","ANGOOL Wireless Strapless Bra for Women Seamless Push Up Non-Slip Full Support Non Removable Padded Bandeau Bra, Beige, S","1","amazon.ca","Amazon","Burnaby","British Columbia","V5B 1Z","Combined TCS+MTC","-25.49","-3.06","0","0","0","0","0","0","0","0","3.06","3.46","0","0","0","-22.03"
"Oct 22, 2025 12:20:58 a.m. PDT","24699394731","Order","702-2009281-1426641","MSCA-D70-5-3","ANGOOL Wireless Strapless Bra for Women Seamless Push Up Non-Slip Full Support Non Removable Padded Bandeau Bra, Beige, M","1","amazon.ca","Amazon","Bethany","Ontario","L0A 1A","Combined TCS+MTC","25.49","3.31","0","0","0","0","0","0","0","0","-3.31","-4.33","-7.13","0","0","14.03"
"Oct 22, 2025 12:22:43 a.m. PDT","24699394731","Order","701-3179504-5353834","MSCA-D70-25-3","ANGOOL Wireless Strapless Bra for Women Seamless Push Up Non-Slip Full Support Non Removable Padded Bandeau Bra, Black+Beige, M","1","amazon.ca","Amazon","Ottawa","Ontario","K1V 9G","Combined TCS+MTC","36.54","4.75","0","0","0","0","0","0","0","0","-4.75","-6.21","-7.84","0","0","22.49"
"Oct 22, 2025 12:54:37 a.m. PDT","24699394731","Order","702-9007220-3679425","MSCA-D70-25-3","ANGOOL Wireless Strapless Bra for Women Seamless Push Up Non-Slip Full Support Non Removable Padded Bandeau Bra, Black+Beige, M","1","amazon.ca","Amazon","Mississauga","Ontario","L5B 0K","Combined TCS+MTC","36.54","4.75","2.52","0","0","0","0","0","-2.52","0","-4.75","-6.21","-7.84","0","0","22.49"
"Oct 22, 2025 4:46:31 a.m. PDT","24699394731","Order","701-4975383-6062624","MSCA-D70-2-2","ANGOOL Wireless Strapless Bra for Women Seamless Push Up Non-Slip Full Support Non Removable Padded Bandeau Bra, Black, S","1","amazon.ca","Amazon","Winnipeg","Manitoba","R3Y 2E","Combined TCS+MTC","25.49","3.06","0","0","0","0","0","0","0","0","-3.06","-4.33","-7.13","0","0","14.03"
"Oct 22, 2025 7:09:00 a.m. PDT","24699394731","Fulfilment by Amazon customer return fee","702-2839922-0413843","X004L5KTDT","FBA Customer Return Per Unit Fee (Clothing & Shoes)","","Amazon.ca","","","","","","0","0","0","0","0","0","0","0","0","0","0","0","-5.15","0","0","-5.15"
"Oct 22, 2025 7:54:18 a.m. PDT","24699394731","Fulfilment by Amazon customer return fee","701-2638049-6322628","X004L5UE9N","FBA Customer Return Per Unit Fee (Clothing & Shoes)","","Amazon.ca","","","","","","0","0","0","0","0","0","0","0","0","0","0","0","-5.15","0","0","-5.15"
"Oct 22, 2025 8:19:43 a.m. PDT","24699394731","Order","702-3295279-6253054","MSCA-D70-25-4","ANGOOL Wireless Strapless Bra for Women Seamless Push Up Non-Slip Full Support Non Removable Padded Bandeau Bra, Black+Beige, L","1","amazon.ca","Amazon","Ajax","Ontario","L1S 2Z","Combined TCS+MTC","36.54","4.75","3.50","0","0","0","0","0","-3.50","0","-4.75","-6.21","-8.74","0","0","21.59"
"Oct 22, 2025 10:52:55 a.m. PDT","24699394731","Order","701-1233819-5838641","MSCA-D76-268-4","ANGOOL Sports Bras for Women Seamless Backless Criss Cross Strappy Sports Bra Without Underwire for Workout Gym Yoga, Black+White+Green, L","1","amazon.ca","Amazon","Victoriaville","Quebec","G6P 7A","Combined TCS+MTC","30.39","4.55","0","0","0","0","0","0","0","0","-4.55","-5.17","-6.49","0","0","18.73"
"Oct 22, 2025 11:06:49 a.m. PDT","24699394731","Refund","702-2324031-7082606","MSCA-D70-7-4","ANGOOL Wireless Strapless Bra for Women Seamless Push Up Non-Slip Full Support Non Removable Padded Bandeau Bra, Brown, L","1","amazon.ca","Amazon","Gloucester","Ontario","K1T 0T","Combined TCS+MTC","-25.49","-3.31","0","0","0","0","0","0","0","0","3.31","3.46","0","0","0","-22.03"
"Oct 22, 2025 11:26:56 a.m. PDT","24699394731","Order","701-7498715-2840209","MSCA-D70-5-3","ANGOOL Wireless Strapless Bra for Women Seamless Push Up Non-Slip Full Support Non Removable Padded Bandeau Bra, Beige, M","1","amazon.ca","Amazon","Surrey","British Columbia","V4N 5J","Combined TCS+MTC","25.49","3.06","0","0","0","0","0","0","0","0","-3.06","-4.33","-7.13","0","0","14.03"
"Oct 22, 2025 11:27:14 a.m. PDT","24699394731","FBA Inventory Fee","702-0240386-5352229","","Fulfilment by Amazon removal order: disposal fee","","Amazon.ca","","","","","","0","0","0","0","0","0","0","0","0","0","0","0","0","0","-0.36","-0.36"
"Oct 22, 2025 12:09:34 p.m. PDT","24699394731","Order","702-7777312-0819438","MSCA-D77-5-6","ANGOOL Racerback Bras for Women Wire Free Sexy V Neck Lace Bralette Adjustable Strap Full Coverage Padded Bra, Beige, XXL","1","amazon.ca","Amazon","Saanichton","British Columbia","V8M 1T","Combined TCS+MTC","23.99","2.88","0","0","0","0","0","0","0","0","-2.88","-4.08","-7.13","0","0","12.78"
"Oct 22, 2025 12:47:13 p.m. PDT","24699394731","Order","701-5639930-4825857","MSCA-D76-208-5","ANGOOL Sports Bras for Women Seamless Backless Criss Cross Strappy Sports Bra Without Underwire for Workout Gym Yoga, Black+Grey+Green, XL","1","amazon.ca","Amazon","Victoria","British Columbia","V8P 3Y","Combined TCS+MTC","31.99","3.84","0","0","0","0","0","0","0","0","-3.84","-5.44","-6.49","0","0","20.06"
"Oct 22, 2025 12:59:39 p.m. PDT","24699394731","Refund","702-5376802-2984200","MSCA-D70-25-3","ANGOOL Wireless Strapless Bra for Women Seamless Push Up Non-Slip Full Support Non Removable Padded Bandeau Bra, Black+Beige, M","1","amazon.ca","Amazon","Oshawa","Ontario","L1J 1A","Combined TCS+MTC","-36.54","-4.75","0","0","0","0","0","0","0","0","4.75","4.97","0","0","0","-31.57"
"Oct 22, 2025 4:24:20 p.m. PDT","24699394731","Order","702-0714963-3838602","MSCA-D70-2-4","ANGOOL Wireless Strapless Bra for Women Seamless Push Up Non-Slip Full Support Non Removable Padded Bandeau Bra, Black, L","1","amazon.ca","Amazon","East York","Ontario","M4B 1A","Combined TCS+MTC","25.49","3.31","0","0","0","0","0","0","0","0","-3.31","-4.33","-7.65","0","0","13.51"
"Oct 22, 2025 4:50:49 p.m. PDT","24699394731","Refund","702-9240927-3052249","MSCA-D70-5-2","ANGOOL Wireless Strapless Bra for Women Seamless Push Up Non-Slip Full Support Non Removable Padded Bandeau Bra, Beige, S","1","amazon.ca","Amazon","Milton","Ontario","L9E1S","Combined TCS+MTC","-28.19","-3.66","0","0","0","0","0","0","0","0","3.66","3.83","0","0","0","-24.36"
"Oct 22, 2025 4:51:45 p.m. PDT","24699394731","Refund","702-2930738-9594667","MSCA-D77-7-5","ANGOOL Racerback Bras for Women Wire Free Sexy V Neck Lace Bralette Adjustable Strap Full Coverage Padded Bra, Brown, XL","1","amazon.ca","Amazon","London","ON","N5Y 5C","Combined TCS+MTC","-29.99","-3.90","0","0","0","0","0","0","0","0","3.90","4.08","0","0","0","-25.91"
"Oct 22, 2025 5:05:48 p.m. PDT","24699394731","Order","701-2623940-9483468","MSCA-D77-5-4","ANGOOL Racerback Bras for Women Wire Free Sexy V Neck Lace Bralette Adjustable Strap Full Coverage Padded Bra, Beige, L","1","amazon.ca","Amazon","Levis","Quebec","G6Y 0A","Combined TCS+MTC","29.99","4.49","2.94","0","0","0","0","0","-2.94","0","-4.49","-5.10","-7.13","0","0","17.76"
"Oct 22, 2025 5:19:39 p.m. PDT","24699394731","Order","701-6804738-0303404","MSCA-D70-6-2","ANGOOL Wireless Strapless Bra for Women Seamless Push Up Non-Slip Full Support Non Removable Padded Bandeau Bra, White, S","1","amazon.ca","Amazon","Chesterville","Ontario","K0C 1H","Combined TCS+MTC","25.49","3.31","0","0","0","0","0","0","0","0","-3.31","-4.33","-6.74","0","0","14.42"
"Oct 22, 2025 5:36:17 p.m. PDT","24699394731","Refund","702-9432765-6320254","MSCA-D74-2-6","ANGOOL V Neck Seamless Bralette for Women Full Coverage Wireless Padded Bra No Underwire Non Removable Pads Push Up Bras, Black, XXL","1","amazon.ca","Amazon","Kamloops","BC","V2E 2R","Combined TCS+MTC","-22.09","-2.65","0","0","0","0","0","0","0","0","2.65","3.01","0","0","0","-19.08"
"Oct 22, 2025 5:36:17 p.m. PDT","24699394731","Refund","702-9432765-6320254","MSCA-D74-2-5","ANGOOL V Neck Seamless Bralette for Women Full Coverage Wireless Padded Bra No Underwire Non Removable Pads Push Up Bras, Black, XL","1","amazon.ca","Amazon","Kamloops","BC","V2E 2R","Combined TCS+MTC","-22.09","-2.65","0","0","0","0","0","0","0","0","2.65","3.01","0","0","0","-19.08"
"Oct 22, 2025 6:17:19 p.m. PDT","24699394731","Refund","701-3734623-3960232","MSCA-D70-6-4","ANGOOL Wireless Strapless Bra for Women Seamless Push Up Non-Slip Full Support Non Removable Padded Bandeau Bra, White, L","1","amazon.ca","Amazon","Roslin","Ontario","K0K 2Y","Combined TCS+MTC","-25.49","-3.31","0","0","0","0","0","0","0","0","3.31","3.46","0","0","0","-22.03"
"Oct 22, 2025 8:52:01 p.m. PDT","24699394731","Order","701-3728733-7139467","MSCA-D70-2-3","ANGOOL Wireless Strapless Bra for Women Seamless Push Up Non-Slip Full Support Non Removable Padded Bandeau Bra, Black, M","1","amazon.ca","Amazon","Hamilton Township","Ontario","K0L 1E","Combined TCS+MTC","25.49","3.31","0","0","0","0","0","0","0","0","-3.31","-4.33","-7.65","0","0","13.51"
"Oct 22, 2025 9:04:28 p.m. PDT","24699394731","Order","701-5336518-8873008","MSCA-D70-7-4","ANGOOL Wireless Strapless Bra for Women Seamless Push Up Non-Slip Full Support Non Removable Padded Bandeau Bra, Brown, L","1","amazon.ca","Amazon","Waterdown","Ontario","L8B 0Y","Combined TCS+MTC","25.49","3.31","0","0","0","0","0","0","0","0","-3.31","-4.33","-7.65","0","0","13.51"
"Oct 22, 2025 10:20:57 p.m. PDT","24699394731","Order","701-8943147-1375462","MSCA-D70-7-5","ANGOOL Wireless Strapless Bra for Women Seamless Push Up Non-Slip Full Support Non Removable Padded Bandeau Bra, Brown, XL","1","amazon.ca","Amazon","Windsor","Ontario","N8W 2S","Combined TCS+MTC","25.49","3.31","6.99","0","0","0","0","0","-6.99","0","-3.31","-4.33","-7.65","0","0","13.51"
"Oct 22, 2025 10:47:22 p.m. PDT","24699394731","Order","702-9151745-1025026","MSCA-D76-2-3","ANGOOL Sports Bras for Women Seamless Backless Criss Cross Strappy Sports Bra Without Underwire for Workout Gym Yoga, Black, M","1","amazon.ca","Amazon","London","Ontario","N5Y 3B","Combined TCS+MTC","19.19","2.49","3.50","0","0","0","0","0","-3.50","0","-2.49","-1.92","-6.49","0","0","10.78"
"Oct 22, 2025 11:53:53 p.m. PDT","24699394731","Adjustment","701-8774209-4477859","MSCA-D70-7-4","FBA Inventory Reimbursement - Customer Return","1","","","","","","","0","0","0","0","0","0","0","0","0","0","0","0","0","0","16.00","16.00"
"Oct 23, 2025 12:32:42 a.m. PDT","24699394731","Order","701-6083896-6261056","MSCA-D70-5-4","ANGOOL Wireless Strapless Bra for Women Seamless Push Up Non-Slip Full Support Non Removable Padded Bandeau Bra, Beige, L","1","amazon.ca","Amazon","Elmvale","Ontario","L0L 1P","Combined TCS+MTC","25.49","3.31","0","0","0","0","0","0","0","0","-3.31","-4.33","-7.65","0","0","13.51"
"Oct 23, 2025 1:22:38 a.m. PDT","24699394731","Order","701-9887136-0605858","MSCA-D70-5-6","ANGOOL Wireless Strapless Bra for Women Seamless Push Up Non-Slip Full Support Non Removable Padded Bandeau Bra, Beige, XXL","1","amazon.ca","Amazon","Cambridge","Ontario","N1S 3J","Combined TCS+MTC","25.49","3.31","0","0","0","0","0","0","0","0","-3.31","-4.33","-7.65","0","0","13.51"
"Oct 23, 2025 1:34:36 a.m. PDT","24699394731","Order","702-7895788-4507410","MSCA-D70-2-4","ANGOOL Wireless Strapless Bra for Women Seamless Push Up Non-Slip Full Support Non Removable Padded Bandeau Bra, Black, L","1","amazon.ca","Amazon","Calgary","Alberta","T3H4M","Combined TCS+MTC","25.49","1.27","0","0","0","0","0","0","0","0","-1.27","-4.33","-7.65","0","0","13.51"
"Oct 23, 2025 1:49:55 a.m. PDT","24699394731","Order","702-1822148-1037862","MSCA-D74-5-3","ANGOOL V Neck Seamless Bralette for Women Full Coverage Wireless Padded Bra No Underwire Non Removable Pads Push Up Bras, Beige, M","1","amazon.ca","Amazon","Whitby","Ontario","L1R 3A","Combined TCS+MTC","22.09","2.87","0","0","0","0","0","0","0","0","-2.87","-3.76","-8.17","0","0","10.16"
"Oct 23, 2025 8:37:37 a.m. PDT","24794704571","FBA Inventory Fee","702-2839922-0413843","","Fulfilment by Amazon removal order: disposal fee","","Amazon.ca","","","","","","0","0","0","0","0","0","0","0","0","0","0","0","0","0","-0.36","-0.36"
"Oct 23, 2025 8:38:28 a.m. PDT","24794704571","FBA Inventory Fee","eGiayu1A3S","","Fulfilment by Amazon removal order: disposal fee","","Amazon.ca","","","","","","0","0","0","0","0","0","0","0","0","0","0","0","0","0","-1.18","-1.18"
"Oct 23, 2025 10:23:36 a.m. PDT","24794704571","Order","701-6674097-1916236","MSCA-D76-208-4","ANGOOL Sports Bras for Women Seamless Backless Criss Cross Strappy Sports Bra Without Underwire for Workout Gym Yoga, Black+Grey+Green, L","1","amazon.ca","Amazon","Moncton","New Brunswick","E1G 2G","Combined TCS+MTC","31.99","4.80","2.74","0","0","0","0","0","-2.74","0","-4.80","-5.44","-6.49","0","0","20.06"
"Oct 23, 2025 11:17:16 a.m. PDT","24794704571","Refund","701-0879149-6705006","MSCA-D70-2-3","ANGOOL Wireless Strapless Bra for Women Seamless Push Up Non-Slip Full Support Non Removable Padded Bandeau Bra, Black, M","1","amazon.ca","Amazon","Halifax","Nova Scotia","B3M 4T","Combined TCS+MTC","-26.99","-3.78","0","0","0","0","0","0","0","0","3.78","3.67","0","0","0","-23.32"
"Oct 23, 2025 11:17:16 a.m. PDT","24794704571","Refund","701-0879149-6705006","MSCA-D70-5-2","ANGOOL Wireless Strapless Bra for Women Seamless Push Up Non-Slip Full Support Non Removable Padded Bandeau Bra, Beige, S","1","amazon.ca","Amazon","Halifax","Nova Scotia","B3M 4T","Combined TCS+MTC","-26.99","-3.78","0","0","0","0","0","0","0","0","3.78","3.67","0","0","0","-23.32"
"Oct 23, 2025 12:35:20 p.m. PDT","24794704571","Order","702-8644038-7884208","MSCA-D70-7-4","ANGOOL Wireless Strapless Bra for Women Seamless Push Up Non-Slip Full Support Non Removable Padded Bandeau Bra, Brown, L","1","amazon.ca","Amazon","Richmond","British Columbia","V6X 0P","Combined TCS+MTC","25.49","3.06","0","0","0","0","0","0","0","0","-3.06","-4.33","-7.65","0","0","13.51"
"Oct 23, 2025 1:05:03 p.m. PDT","24794704571","Order","701-2345837-2844227","MSCA-D70-2-3","ANGOOL Wireless Strapless Bra for Women Seamless Push Up Non-Slip Full Support Non Removable Padded Bandeau Bra, Black, M","1","amazon.ca","Amazon","Hamilton","Ontario","L8H 1B","Combined TCS+MTC","25.49","3.31","6.99","0","0","0","0","0","-6.99","0","-3.31","-4.33","-7.65","0","0","13.51"
"Oct 23, 2025 2:47:34 p.m. PDT","24794704571","Order","701-4705416-0151403","MSCA-D77-7-3","ANGOOL Racerback Bras for Women Wire Free Sexy V Neck Lace Bralette Adjustable Strap Full Coverage Padded Bra, Brown, M","1","amazon.ca","Amazon","Noonan","New Brunswick","E3A 0H","Combined TCS+MTC","23.99","3.60","0","0","0","0","0","0","0","0","-3.60","-4.08","-7.13","0","0","12.78"
"Oct 23, 2025 4:41:20 p.m. PDT","24794704571","Fulfilment by Amazon customer return fee","701-7334483-3131401","X004L5XS7X","FBA Customer Return Per Unit Fee (Clothing & Shoes)","","Amazon.ca","","","","","","0","0","0","0","0","0","0","0","0","0","0","0","-4.92","0","0","-4.92"
"Oct 23, 2025 4:53:33 p.m. PDT","24794704571","Order","701-1972197-3165034","MSCA-D77-7-4","ANGOOL Racerback Bras for Women Wire Free Sexy V Neck Lace Bralette Adjustable Strap Full Coverage Padded Bra, Brown, L","1","amazon.ca","Amazon","Edmonton","AB","T6K 2L","Combined TCS+MTC","23.99","1.20","0","0","0","0","0","0","0","0","-1.20","-4.08","-7.13","0","0","12.78"
"Oct 23, 2025 4:55:19 p.m. PDT","24794704571","Order","702-8773176-8642668","MSCA-D70-5-5","ANGOOL Wireless Strapless Bra for Women Seamless Push Up Non-Slip Full Support Non Removable Padded Bandeau Bra, Beige, XL","1","amazon.ca","Amazon","Edmonton","Alberta","T5K 0L","Combined TCS+MTC","25.49","1.27","0","0","0","0","0","0","0","0","-1.27","-4.33","-7.65","0","0","13.51"
"Oct 23, 2025 5:15:06 p.m. PDT","24794704571","Refund","701-6973084-3736209","MSCA-D70-25-3","ANGOOL Wireless Strapless Bra for Women Seamless Push Up Non-Slip Full Support Non Removable Padded Bandeau Bra, Black+Beige, M","1","amazon.ca","Amazon","Milton","Ontario","L9T 0N","Combined TCS+MTC","-36.54","-4.75","-6.99","0","0","0","0","0","6.99","0","4.75","4.97","0","0","0","-31.57"
"Oct 23, 2025 6:31:32 p.m. PDT","24794704571","Order","701-5719012-6761060","MSCA-D77-2-4","ANGOOL Racerback Bras for Women Wire Free Sexy V Neck Lace Bralette Adjustable Strap Full Coverage Padded Bra, Black, L","1","amazon.ca","Amazon","Russell","Ontario","K4R 0C","Combined TCS+MTC","23.99","3.12","0","0","0","0","0","0","0","0","-3.12","-4.08","-7.13","0","0","12.78"
"Oct 23, 2025 6:32:38 p.m. PDT","24794704571","Order","701-7464851-0260219","MSCA-D70-5-4","ANGOOL Wireless Strapless Bra for Women Seamless Push Up Non-Slip Full Support Non Removable Padded Bandeau Bra, Beige, L","1","amazon.ca","Amazon","Ashton","Ontario","K0A 1B","Combined TCS+MTC","25.49","3.31","0","0","0","0","0","0","0","0","-3.31","-4.33","-7.65","0","0","13.51"
"Oct 23, 2025 8:39:30 p.m. PDT","24794704571","Refund","702-1574327-6977805","MSCA-D70-2-2","ANGOOL Wireless Strapless Bra for Women Seamless Push Up Non-Slip Full Support Non Removable Padded Bandeau Bra, Black, S","1","amazon.ca","Amazon","Richmond Hill","Ontario","L4S 2C","Combined TCS+MTC","-25.49","-3.31","0","0","0","0","0","0","0","0","3.31","3.46","0","0","0","-22.03"
"Oct 23, 2025 8:57:26 p.m. PDT","24794704571","Fulfilment by Amazon customer return fee","701-7250844-8183423","X004L5KSKD","FBA Customer Return Per Unit Fee (Clothing & Shoes)","","Amazon.ca","","","","","","0","0","0","0","0","0","0","0","0","0","0","0","-5.28","0","0","-5.28"
"Oct 23, 2025 9:48:51 p.m. PDT","24794704571","Order","701-8259495-5665825","MSCA-D76-268-3","ANGOOL Sports Bras for Women Seamless Backless Criss Cross Strappy Sports Bra Without Underwire for Workout Gym Yoga, Black+White+Green, M","1","amazon.ca","Amazon","Calgary","Alberta","T3P 1X","Combined TCS+MTC","30.39","1.52","0","0","0","0","0","0","0","0","-1.52","-5.17","-6.49","0","0","18.73"
"Oct 23, 2025 9:49:25 p.m. PDT","24794704571","Order","702-9440563-0283440","MSCA-D70-25-2","ANGOOL Wireless Strapless Bra for Women Seamless Push Up Non-Slip Full Support Non Removable Padded Bandeau Bra, Black+Beige, S","1","amazon.ca","Amazon","Orangeville","Ontario","L9W 4K","Combined TCS+MTC","36.54","4.75","0","0","0","0","0","0","0","0","-4.75","-6.21","-7.84","0","0","22.49"
"Oct 23, 2025 9:55:29 p.m. PDT","24794704571","Order","702-8510336-5649057","MSCA-D70-6-5","ANGOOL Wireless Strapless Bra for Women Seamless Push Up Non-Slip Full Support Non Removable Padded Bandeau Bra, White, XL","1","amazon.ca","Amazon","Sherwood Park","Alberta","T8H 2J","Combined TCS+MTC","25.49","1.27","6.99","0","0","0","0","0","-6.99","0","-1.27","-4.33","-7.13","0","0","14.03"
"Oct 23, 2025 10:33:21 p.m. PDT","24794704571","Order","702-3726424-6529803","MSCA-D70-5-4","ANGOOL Wireless Strapless Bra for Women Seamless Push Up Non-Slip Full Support Non Removable Padded Bandeau Bra, Beige, L","1","amazon.ca","Amazon","Fruitvale","British Columbia","V0G 1L","Combined TCS+MTC","25.49","3.06","0","0","0","0","0","0","0","0","-3.06","-4.33","-7.65","0","0","13.51"
"Oct 23, 2025 10:43:09 p.m. PDT","24794704571","Order","701-7020872-8601846","MSCA-D70-5-2","ANGOOL Wireless Strapless Bra for Women Seamless Push Up Non-Slip Full Support Non Removable Padded Bandeau Bra, Beige, S","1","amazon.ca","Amazon","CALGARY","AB","T2X0N","Combined TCS+MTC","25.49","1.27","0","0","0","0","0","0","0","0","-1.27","-4.33","-7.84","0","0","13.32"
"Oct 23, 2025 11:15:29 p.m. PDT","24794704571","Order","701-5109452-7744228","MSCA-D70-7-2","ANGOOL Wireless Strapless Bra for Women Seamless Push Up Non-Slip Full Support Non Removable Padded Bandeau Bra, Brown, S","1","amazon.ca","Amazon","Calgary","Alberta","T2T 6J","Combined TCS+MTC","25.49","1.27","1.39","0","0","0","0","0","-1.39","0","-1.27","-4.33","-7.13","0","0","14.03"
"Oct 24, 2025 12:16:34 a.m. PDT","24794704571","Order","702-9848857-2553033","MSCA-D70-2-5","ANGOOL Wireless Strapless Bra for Women Seamless Push Up Non-Slip Full Support Non Removable Padded Bandeau Bra, Black, XL","1","amazon.ca","Amazon","Brantford","Ontario","N3T 0V","Combined TCS+MTC","25.49","3.31","0","0","0","0","0","0","0","0","-3.31","-4.33","-7.65","0","0","13.51"
"Oct 24, 2025 12:55:07 a.m. PDT","24794704571","Order","701-3807123-9052240","MSCA-D70-2-5","ANGOOL Wireless Strapless Bra for Women Seamless Push Up Non-Slip Full Support Non Removable Padded Bandeau Bra, Black, XL","1","amazon.ca","Amazon","Barrhead","Alberta","T7N 1L","Combined TCS+MTC","25.49","1.27","0","0","0","0","0","0","0","0","-1.27","-4.33","-7.65","0","0","13.51"
"Oct 24, 2025 1:25:52 a.m. PDT","24794704571","Order","701-5944359-1565064","MSCA-D70-25-5","ANGOOL Wireless Strapless Bra for Women Seamless Push Up Non-Slip Full Support Non Removable Padded Bandeau Bra, Black+Beige, XL","1","amazon.ca","Amazon","Vernon","British Columbia","V1T 8W","Combined TCS+MTC","36.54","4.38","0","0","0","0","0","0","0","0","-4.38","-6.21","-8.17","0","0","22.16"
"Oct 24, 2025 1:37:23 a.m. PDT","24794704571","Order","701-1144042-4081015","MSCA-D70-2-4","ANGOOL Wireless Strapless Bra for Women Seamless Push Up Non-Slip Full Support Non Removable Padded Bandeau Bra, Black, L","1","amazon.ca","Amazon","Strathmore","Alberta","T1P 1C","Combined TCS+MTC","25.49","1.27","0","0","0","0","0","0","0","0","-1.27","-4.33","-7.65","0","0","13.51"
"Oct 24, 2025 2:22:09 a.m. PDT","24794704571","Order","701-7621178-9192251","MSCA-D77-2-3","ANGOOL Racerback Bras for Women Wire Free Sexy V Neck Lace Bralette Adjustable Strap Full Coverage Padded Bra, Black, M","1","amazon.ca","Amazon","Edmonton","AB","T6K 2L","Combined TCS+MTC","29.99","1.50","0","0","0","0","0","0","0","0","-1.50","-5.10","-7.13","0","0","17.76"
"Oct 24, 2025 2:44:53 a.m. PDT","24794704571","Transfer","","","To account ending with: 797","","","","","","","","0","0","0","0","0","0","0","0","0","0","0","0","0","0","-2,689.04","-2,689.04"
"Oct 24, 2025 3:27:16 a.m. PDT","24794704571","Order","701-5040145-5309803","MSCA-D70-6-3","ANGOOL Wireless Strapless Bra for Women Seamless Push Up Non-Slip Full Support Non Removable Padded Bandeau Bra, White, M","1","amazon.ca","Amazon","Calgary","Alberta","T2G 1B","Combined TCS+MTC","25.49","1.27","0","0","0","0","0","0","0","0","-1.27","-4.33","-7.13","0","0","14.03"
"Oct 24, 2025 7:57:58 a.m. PDT","24794704571","Order","701-8937502-5529048","MSCA-D70-5-3","ANGOOL Wireless Strapless Bra for Women Seamless Push Up Non-Slip Full Support Non Removable Padded Bandeau Bra, Beige, M","1","amazon.ca","Amazon","Waterloo","Ontario","N2L 1W","Combined TCS+MTC","25.49","3.31","3.49","0","0","0","0","0","-3.49","0","-3.31","-4.33","-7.13","0","0","14.03"
"Oct 24, 2025 8:18:13 a.m. PDT","24794704571","Order","701-2138597-1251410","MSCA-D70-25-3","ANGOOL Wireless Strapless Bra for Women Seamless Push Up Non-Slip Full Support Non Removable Padded Bandeau Bra, Black+Beige, M","1","amazon.ca","Amazon","Pickering","Ontario","L1V 3X","Combined TCS+MTC","36.54","4.75","2.33","0","0","0","0","0","-2.33","0","-4.75","-6.21","-7.84","0","0","22.49"
"Oct 24, 2025 8:44:10 a.m. PDT","24794704571","Order","701-2384643-7339443","MSCA-D70-5-3","ANGOOL Wireless Strapless Bra for Women Seamless Push Up Non-Slip Full Support Non Removable Padded Bandeau Bra, Beige, M","1","amazon.ca","Amazon","Cambridge","Ontario","N1S 2R","Combined TCS+MTC","25.49","3.31","3.49","0","0","0","0","0","-3.49","0","-3.31","-4.33","-7.13","0","0","14.03"
"Oct 24, 2025 8:54:41 a.m. PDT","24794704571","Refund","702-5256739-5126613","MSCA-D70-5-2","ANGOOL Wireless Strapless Bra for Women Seamless Push Up Non-Slip Full Support Non Removable Padded Bandeau Bra, Beige, S","1","amazon.ca","Amazon","Toronto","Ontario","M4S 0B","Combined TCS+MTC","-25.49","-3.31","0","0","0","0","0","0","0","0","3.31","3.46","0","0","0","-22.03"
"Oct 24, 2025 9:05:30 a.m. PDT","24794704571","Refund","702-6135020-3129861","MSCA-D70-7-3","ANGOOL Wireless Strapless Bra for Women Seamless Push Up Non-Slip Full Support Non Removable Padded Bandeau Bra, Brown, M","1","amazon.ca","Amazon","Gloucester","Ontario","K1T 0T","Combined TCS+MTC","-25.49","-3.31","0","0","0","0","0","0","0","0","3.31","3.46","0","0","0","-22.03"
"Oct 24, 2025 12:46:08 p.m. PDT","24794704571","Refund","701-2411787-6305827","MSCA-D70-5-5","ANGOOL Wireless Strapless Bra for Women Seamless Push Up Non-Slip Full Support Non Removable Padded Bandeau Bra, Beige, XL","1","amazon.ca","Amazon","Milton","Ontario","L9T 0L","Combined TCS+MTC","-25.49","-3.31","0","0","0","0","0","0","0","0","3.31","3.46","0","0","0","-22.03"
"Oct 24, 2025 1:37:00 p.m. PDT","24794704571","Refund","702-9233606-2298608","MSCA-D70-25-3","ANGOOL Wireless Strapless Bra for Women Seamless Push Up Non-Slip Full Support Non Removable Padded Bandeau Bra, Black+Beige, M","1","amazon.ca","Amazon","Toronto","Ontario","M3H 4M","Combined TCS+MTC","-36.54","-4.75","0","0","0","0","0","0","0","0","4.75","4.97","0","0","0","-31.57"
"Oct 24, 2025 2:04:09 p.m. PDT","24794704571","Refund","702-3209992-0925012","MSCA-D70-5-4","ANGOOL Wireless Strapless Bra for Women Seamless Push Up Non-Slip Full Support Non Removable Padded Bandeau Bra, Beige, L","1","amazon.ca","Amazon","Laval","Quebec","H7X 3H","Combined TCS+MTC","-25.49","-3.82","0","0","0","0","0","0","0","0","3.82","3.46","0","0","0","-22.03"
"Oct 24, 2025 2:54:17 p.m. PDT","24794704571","Order","701-8600102-3924232","MSCA-D74-2-4","ANGOOL V Neck Seamless Bralette for Women Full Coverage Wireless Padded Bra No Underwire Non Removable Pads Push Up Bras, Black, L","1","amazon.ca","Amazon","Dundas","ON","L9H 2H","Combined TCS+MTC","22.09","2.87","0","0","0","0","0","0","0","0","-5.74","-7.52","-8.17","0","0","3.53"
"Oct 24, 2025 2:54:17 p.m. PDT","24794704571","Order","701-8600102-3924232","MSCA-D74-2-4","ANGOOL V Neck Seamless Bralette for Women Full Coverage Wireless Padded Bra No Underwire Non Removable Pads Push Up Bras, Black, L","1","amazon.ca","Amazon","Dundas","ON","L9H 2H","","22.09","2.87","0","0","0","0","0","0","0","0","0","0","-8.17","0","0","16.79"
"Oct 24, 2025 2:56:21 p.m. PDT","24794704571","Order","701-4842574-7769028","MSCA-D70-5-3","ANGOOL Wireless Strapless Bra for Women Seamless Push Up Non-Slip Full Support Non Removable Padded Bandeau Bra, Beige, M","1","amazon.ca","Amazon","Vancouver","British Columbia","V5Y2K","Combined TCS+MTC","25.49","3.06","6.99","0","0","0","0","0","-6.99","0","-3.06","-4.33","-7.63","0","0","13.53"
"Oct 24, 2025 2:59:12 p.m. PDT","24794704571","Order","701-2255222-8416258","MSCA-D70-5-2","ANGOOL Wireless Strapless Bra for Women Seamless Push Up Non-Slip Full Support Non Removable Padded Bandeau Bra, Beige, S","1","amazon.ca","Amazon","Kingston","Ontario","K7P 2V","Combined TCS+MTC","25.49","3.31","0","0","0","0","0","0","0","0","-3.31","-4.33","-7.84","0","0","13.32"
"Oct 24, 2025 4:45:08 p.m. PDT","24794704571","Refund","702-9848857-2553033","MSCA-D70-2-5","ANGOOL Wireless Strapless Bra for Women Seamless Push Up Non-Slip Full Support Non Removable Padded Bandeau Bra, Black, XL","1","amazon.ca","Amazon","Brantford","Ontario","N3T 0V","Combined TCS+MTC","-25.49","-3.31","0","0","0","0","0","0","0","0","3.31","3.46","0","0","0","-22.03"
"Oct 24, 2025 5:16:35 p.m. PDT","24794704571","Order","701-6263253-5146609","MSCA-D70-5-5","ANGOOL Wireless Strapless Bra for Women Seamless Push Up Non-Slip Full Support Non Removable Padded Bandeau Bra, Beige, XL","1","amazon.ca","Amazon","Strathroy","Ontario","N7G3V","Combined TCS+MTC","25.49","3.31","0","0","0","0","0","0","0","0","-3.31","-4.33","-7.65","0","0","13.51"
"Oct 24, 2025 5:20:46 p.m. PDT","24794704571","Fulfilment by Amazon customer return fee","701-2513318-0431440","X004L5XII7","FBA Customer Return Per Unit Fee (Clothing & Shoes)","","Amazon.ca","","","","","","0","0","0","0","0","0","0","0","0","0","0","0","-5.03","0","0","-5.03"
"Oct 24, 2025 5:41:34 p.m. PDT","24794704571","Order","702-2465079-9143455","MSCA-D70-6-3","ANGOOL Wireless Strapless Bra for Women Seamless Push Up Non-Slip Full Support Non Removable Padded Bandeau Bra, White, M","1","amazon.ca","Amazon","Kelowna","British Columbia","V1V3C","Combined TCS+MTC","25.49","3.06","0","0","0","0","0","0","0","0","-3.06","-4.33","-7.13","0","0","14.03"
"Oct 24, 2025 6:00:28 p.m. PDT","24794704571","Order","702-7965629-6863415","MSCA-D70-2-5","ANGOOL Wireless Strapless Bra for Women Seamless Push Up Non-Slip Full Support Non Removable Padded Bandeau Bra, Black, XL","1","amazon.ca","Amazon","Saint-Laurent","Quebec","H4L 0A","Combined TCS+MTC","25.49","3.82","0","0","0","0","0","0","0","0","-3.82","-4.33","-7.65","0","0","13.51"
"Oct 24, 2025 6:37:51 p.m. PDT","24794704571","Refund","701-0557914-8412202","MSCA-D70-2-4","ANGOOL Wireless Strapless Bra for Women Seamless Push Up Non-Slip Full Support Non Removable Padded Bandeau Bra, Black, L","1","amazon.ca","Amazon","Waterloo","Ontario","N2K 1W","Combined TCS+MTC","-25.49","-3.31","0","0","0","0","0","0","0","0","3.31","3.46","0","0","0","-22.03"
"Oct 24, 2025 6:55:59 p.m. PDT","24794704571","Refund","701-7024970-0835428","MSCA-D70-7-4","ANGOOL Wireless Strapless Bra for Women Seamless Push Up Non-Slip Full Support Non Removable Padded Bandeau Bra, Brown, L","1","amazon.ca","Amazon","Waterloo","Ontario","N2K 1W","Combined TCS+MTC","-25.49","-3.31","-6.99","0","0","0","0","0","6.99","0","3.31","3.46","0","0","0","-22.03"
"Oct 24, 2025 7:05:11 p.m. PDT","24794704571","Order","701-5049547-5104221","MSCA-D70-25-4","ANGOOL Wireless Strapless Bra for Women Seamless Push Up Non-Slip Full Support Non Removable Padded Bandeau Bra, Black+Beige, L","1","amazon.ca","Amazon","Calgary","Alberta","T3H 2T","Combined TCS+MTC","36.54","1.83","2.74","0","0","0","0","0","-2.74","0","-1.83","-6.21","-8.74","0","0","21.59"
"Oct 24, 2025 7:05:42 p.m. PDT","24794704571","Order","701-0482390-4036213","MSCA-D70-7-4","ANGOOL Wireless Strapless Bra for Women Seamless Push Up Non-Slip Full Support Non Removable Padded Bandeau Bra, Brown, L","1","amazon.ca","Amazon","Quebec","Quebec","G1E 0H","Combined TCS+MTC","25.49","3.82","0","0","0","0","0","0","0","0","-3.82","-4.33","-7.65","0","0","13.51"
"Oct 24, 2025 7:05:42 p.m. PDT","24794704571","Order","701-0482390-4036213","MSCA-D70-5-4","ANGOOL Wireless Strapless Bra for Women Seamless Push Up Non-Slip Full Support Non Removable Padded Bandeau Bra, Beige, L","1","amazon.ca","Amazon","Quebec","Quebec","G1E 0H","Combined TCS+MTC","25.49","3.82","0","0","0","0","0","0","0","0","-3.82","-4.33","-7.65","0","0","13.51"
"Oct 24, 2025 9:03:53 p.m. PDT","24794704571","Fulfilment by Amazon customer return fee","701-7220244-4541821","X004L4Q5B5","FBA Customer Return Per Unit Fee (Clothing & Shoes)","","Amazon.ca","","","","","","0","0","0","0","0","0","0","0","0","0","0","0","-5.28","0","0","-5.28"
"Oct 24, 2025 9:26:25 p.m. PDT","24794704571","Order","702-1727059-4859407","MSCA-D70-25-6","ANGOOL Wireless Strapless Bra for Women Seamless Push Up Non-Slip Full Support Non Removable Padded Bandeau Bra, Black+Beige, XXL","1","amazon.ca","Amazon","Winnipeg","Manitoba","R3N1A","Combined TCS+MTC","36.54","4.38","0","0","0","0","0","0","0","0","-4.38","-6.21","-7.13","0","0","23.20"
"Oct 24, 2025 9:33:52 p.m. PDT","24794704571","Fulfilment by Amazon customer return fee","701-0719811-4204224","X004L5YB51","FBA Customer Return Per Unit Fee (Clothing & Shoes)","","Amazon.ca","","","","","","0","0","0","0","0","0","0","0","0","0","0","0","-4.87","0","0","-4.87"
"Oct 24, 2025 10:18:53 p.m. PDT","24794704571","Order","701-5293234-4492203","MSCA-D70-2-5","ANGOOL Wireless Strapless Bra for Women Seamless Push Up Non-Slip Full Support Non Removable Padded Bandeau Bra, Black, XL","1","amazon.ca","Amazon","Newmarket","Ontario","L3X3G","Combined TCS+MTC","25.49","3.31","6.99","0","0","0","0","0","-6.99","0","-3.31","-4.33","-7.65","0","0","13.51"
"Oct 24, 2025 11:59:32 p.m. PDT","24794704571","Order","702-5695683-2322604","MSCA-D77-6-4","ANGOOL Racerback Bras for Women Wire Free Sexy V Neck Lace Bralette Adjustable Strap Full Coverage Padded Bra, White, L","1","amazon.ca","Amazon","Fort McMurray","Alberta","T9K 0E","Combined TCS+MTC","23.99","1.20","0","0","0","0","0","0","0","0","-1.20","-4.08","-7.13","0","0","12.78"
"Oct 25, 2025 12:18:57 a.m. PDT","24794704571","Order","701-7343862-7333012","MSCA-D70-7-3","ANGOOL Wireless Strapless Bra for Women Seamless Push Up Non-Slip Full Support Non Removable Padded Bandeau Bra, Brown, M","1","amazon.ca","Amazon","Burnaby","British Columbia","V5H 0E","Combined TCS+MTC","25.49","3.06","0","0","0","0","0","0","0","0","-3.06","-4.33","-8.39","0","0","12.77"
"Oct 25, 2025 2:09:56 a.m. PDT","24794704571","Order","701-3467519-8042619","MSCA-D70-5-2","ANGOOL Wireless Strapless Bra for Women Seamless Push Up Non-Slip Full Support Non Removable Padded Bandeau Bra, Beige, S","1","amazon.ca","Amazon","Scarborough","Ontario","M1K 3C","Combined TCS+MTC","25.49","3.31","0","0","0","0","0","0","0","0","-3.31","-4.33","-7.84","0","0","13.32"
"Oct 25, 2025 2:16:23 a.m. PDT","24794704571","Order","702-6447729-1145013","MSCA-D74-5-2","ANGOOL V Neck Seamless Bralette for Women Full Coverage Wireless Padded Bra No Underwire Non Removable Pads Push Up Bras, Beige, S","2","amazon.ca","Amazon","Edmonton","Alberta","T6R 0S","Combined TCS+MTC","44.18","2.20","0","0","0","0","0","0","0","0","-2.20","-7.52","-16.34","0","0","20.32"
"Oct 25, 2025 2:20:42 a.m. PDT","24794704571","Order","701-4270213-4172241","MSCA-D70-25-2","ANGOOL Wireless Strapless Bra for Women Seamless Push Up Non-Slip Full Support Non Removable Padded Bandeau Bra, Black+Beige, S","1","amazon.ca","Amazon","Pierrefonds","Quebec","H9K 1J","Combined TCS+MTC","36.54","5.47","0","0","0","0","0","0","0","0","-5.47","-6.21","-7.84","0","0","22.49"
"Oct 25, 2025 5:52:56 a.m. PDT","24794704571","Fulfilment by Amazon customer return fee","702-7533693-8438664","X004L612A7","FBA Customer Return Per Unit Fee (Clothing & Shoes)","","Amazon.ca","","","","","","0","0","0","0","0","0","0","0","0","0","0","0","-5.44","0","0","-5.44"
"Oct 25, 2025 8:21:40 a.m. PDT","24794704571","Fulfilment by Amazon customer return fee","702-9470837-5888247","X004L612A7","FBA Customer Return Per Unit Fee (Clothing & Shoes)","","Amazon.ca","","","","","","0","0","0","0","0","0","0","0","0","0","0","0","-5.10","0","0","-5.10"
"Oct 25, 2025 11:26:25 a.m. PDT","24794704571","Order","701-6342738-1895420","MSCA-D76-268-3","ANGOOL Sports Bras for Women Seamless Backless Criss Cross Strappy Sports Bra Without Underwire for Workout Gym Yoga, Black+White+Green, M","1","amazon.ca","Amazon","Kanata","Ontario","K2T 0R","Combined TCS+MTC","30.39","3.95","0","0","0","0","0","0","0","0","-3.95","-5.17","-6.49","0","0","18.73"
"Oct 25, 2025 11:52:52 a.m. PDT","24794704571","Order","702-2780613-8693823","MSCA-D70-5-2","ANGOOL Wireless Strapless Bra for Women Seamless Push Up Non-Slip Full Support Non Removable Padded Bandeau Bra, Beige, S","1","amazon.ca","Amazon","SAINT-JUSTIN","Quebec","J0K 2V","Combined TCS+MTC","25.49","3.82","0","0","0","0","0","0","0","0","-3.82","-4.33","-7.84","0","0","13.32"
"Oct 25, 2025 12:55:19 p.m. PDT","24794704571","Refund","702-8251415-7087457","MSCA-D70-25-4","ANGOOL Wireless Strapless Bra for Women Seamless Push Up Non-Slip Full Support Non Removable Padded Bandeau Bra, Black+Beige, L","1","amazon.ca","Amazon","Vaughan","Ontario","L4H 0X","Combined TCS+MTC","-36.54","-4.75","-6.99","0","0","0","0","0","6.99","0","4.75","4.97","0","0","0","-31.57"
"Oct 25, 2025 4:24:53 p.m. PDT","24794704571","Order","702-7295467-4841816","MSCA-D70-2-4","ANGOOL Wireless Strapless Bra for Women Seamless Push Up Non-Slip Full Support Non Removable Padded Bandeau Bra, Black, L","1","amazon.ca","Amazon","Smithville","Ontario","L0R 1E","Combined TCS+MTC","25.49","3.31","0","0","0","0","0","0","0","0","-3.31","-4.33","-7.65","0","0","13.51"
"Oct 25, 2025 4:48:58 p.m. PDT","24794704571","Order","701-7785662-0020203","MSCA-D70-5-4","ANGOOL Wireless Strapless Bra for Women Seamless Push Up Non-Slip Full Support Non Removable Padded Bandeau Bra, Beige, L","1","amazon.ca","Amazon","Blind Bay","British Columbia","V0E 1H","Combined TCS+MTC","25.49","3.06","0","0","0","0","0","0","0","0","-3.06","-4.33","-7.65","0","0","13.51"
"Oct 25, 2025 7:22:46 p.m. PDT","24794704571","Fulfilment by Amazon customer return fee","701-5073060-7473806","X004L5ZNMB","FBA Customer Return Per Unit Fee (Clothing & Shoes)","","Amazon.ca","","","","","","0","0","0","0","0","0","0","0","0","0","0","0","-5.03","0","0","-5.03"
"Oct 25, 2025 8:21:07 p.m. PDT","24794704571","Order","702-8910933-7162655","MSCA-D70-2-6","ANGOOL Wireless Strapless Bra for Women Seamless Push Up Non-Slip Full Support Non Removable Padded Bandeau Bra, Black, XXL","1","amazon.ca","Amazon","Cold lake","Alberta","T9M 0K","Combined TCS+MTC","25.49","1.27","0","0","0","0","0","0","0","0","-1.27","-4.33","-7.13","0","0","14.03"
"Oct 25, 2025 8:32:02 p.m. PDT","24794704571","Refund","702-1642206-0781865","MSCA-D70-5-3","ANGOOL Wireless Strapless Bra for Women Seamless Push Up Non-Slip Full Support Non Removable Padded Bandeau Bra, Beige, M","1","amazon.ca","Amazon","Toronto","Ontario","M6J0C","Combined TCS+MTC","-25.49","-3.31","0","0","0","0","0","0","0","0","3.31","3.46","0","0","0","-22.03"
"Oct 25, 2025 8:32:46 p.m. PDT","24794704571","Order","701-4220904-2737046","MSCA-D70-25-5","ANGOOL Wireless Strapless Bra for Women Seamless Push Up Non-Slip Full Support Non Removable Padded Bandeau Bra, Black+Beige, XL","1","amazon.ca","Amazon","Sainte-Anne-De-Bellevue","Quebec","H9X 0B","Combined TCS+MTC","36.54","5.47","0","0","0","0","0","0","0","0","-5.47","-6.21","-8.17","0","0","22.16"
"Oct 25, 2025 9:49:58 p.m. PDT","24794704571","Fulfilment by Amazon customer return fee","701-2181007-2602624","X004L5YB51","FBA Customer Return Per Unit Fee (Clothing & Shoes)","","Amazon.ca","","","","","","0","0","0","0","0","0","0","0","0","0","0","0","-4.92","0","0","-4.92"
"Oct 25, 2025 10:27:07 p.m. PDT","24794704571","Order","701-6607602-6611443","MSCA-D70-5-2","ANGOOL Wireless Strapless Bra for Women Seamless Push Up Non-Slip Full Support Non Removable Padded Bandeau Bra, Beige, S","1","amazon.ca","Amazon","Toronto","Ontario","M4P1Z","Combined TCS+MTC","25.49","3.31","0","0","0","0","0","0","0","0","-3.31","-4.33","-7.84","0","0","13.32"
"Oct 25, 2025 10:43:46 p.m. PDT","24794704571","Order","702-5162090-9072266","MSCA-D70-7-4","ANGOOL Wireless Strapless Bra for Women Seamless Push Up Non-Slip Full Support Non Removable Padded Bandeau Bra, Brown, L","1","amazon.ca","Amazon","Toronto","Ontario","M4S 0A","Combined TCS+MTC","25.49","3.31","0","0","0","0","0","0","0","0","-3.31","-4.33","-7.65","0","0","13.51"
"Oct 25, 2025 10:53:22 p.m. PDT","24794704571","Order","701-8870160-3362652","MSCA-D70-2-3","ANGOOL Wireless Strapless Bra for Women Seamless Push Up Non-Slip Full Support Non Removable Padded Bandeau Bra, Black, M","1","amazon.ca","Amazon","Toronto","Ontario","M4L 6S","Combined TCS+MTC","25.49","3.31","0","0","0","0","0","0","0","0","-3.31","-4.33","-7.65","0","0","13.51"
"Oct 25, 2025 11:15:21 p.m. PDT","24794704571","Order","701-3236901-3409867","MSCA-D77-2-5","ANGOOL Racerback Bras for Women Wire Free Sexy V Neck Lace Bralette Adjustable Strap Full Coverage Padded Bra, Black, XL","1","amazon.ca","Amazon","Salaberry-De-Valleyfield","Quebec","J6S 5T","Combined TCS+MTC","23.99","3.59","0","0","0","0","0","0","0","0","-3.59","-4.08","-7.13","0","0","12.78"
"Oct 26, 2025 1:21:49 a.m. PDT","24794704571","Order","702-2153498-2118621","MSCA-D77-7-2","ANGOOL Racerback Bras for Women Wire Free Sexy V Neck Lace Bralette Adjustable Strap Full Coverage Padded Bra, Brown, S","1","amazon.ca","Amazon","New Westminster","British Columbia","V3L 1X","Combined TCS+MTC","23.99","2.88","3.92","0","0","0","0","0","-3.92","0","-2.88","-4.08","-7.13","0","0","12.78"
"Oct 26, 2025 2:03:06 a.m. PDT","24794704571","Order","702-3486094-0926663","MSCA-D74-2-5","ANGOOL V Neck Seamless Bralette for Women Full Coverage Wireless Padded Bra No Underwire Non Removable Pads Push Up Bras, Black, XL","1","amazon.ca","Amazon","Milton","Ontario","L9T 7W","Combined TCS+MTC","22.09","2.87","0","0","0","0","0","0","0","0","-2.87","-3.76","-8.17","0","0","10.16"
"Oct 26, 2025 2:20:18 a.m. PDT","24794704571","Order","702-6286169-8364228","MSCA-D70-5-5","ANGOOL Wireless Strapless Bra for Women Seamless Push Up Non-Slip Full Support Non Removable Padded Bandeau Bra, Beige, XL","1","amazon.ca","Amazon","Mississauga","ON","L5J 2X","Combined TCS+MTC","25.49","3.31","0","0","0","0","0","0","0","0","-3.31","-4.33","-7.65","0","0","13.51"
"Oct 26, 2025 3:29:37 a.m. PDT","24794704571","FBA Inventory Fee","702-9470837-5888247","","Fulfilment by Amazon removal order: disposal fee","","Amazon.ca","","","","","","0","0","0","0","0","0","0","0","0","0","0","0","0","0","-0.82","-0.82"
"Oct 26, 2025 8:17:52 a.m. PDT","24794704571","Order","701-0402574-4029032","MSCA-D70-5-5","ANGOOL Wireless Strapless Bra for Women Seamless Push Up Non-Slip Full Support Non Removable Padded Bandeau Bra, Beige, XL","1","amazon.ca","Amazon","Sault Ste. Marie","Ontario","P6A 5K","Combined TCS+MTC","25.49","3.31","0","0","0","0","0","0","0","0","-3.31","-4.33","-7.65","0","0","13.51"
"Oct 26, 2025 8:17:52 a.m. PDT","24794704571","Order","701-0402574-4029032","MSCA-D70-5-6","ANGOOL Wireless Strapless Bra for Women Seamless Push Up Non-Slip Full Support Non Removable Padded Bandeau Bra, Beige, XXL","1","amazon.ca","Amazon","Sault Ste. Marie","Ontario","P6A 5K","Combined TCS+MTC","25.49","3.31","0","0","0","0","0","0","0","0","-3.31","-4.33","-7.65","0","0","13.51"
"Oct 26, 2025 10:49:36 a.m. PDT","24794704571","Order","701-6710493-5546613","MSCA-D70-25-2","ANGOOL Wireless Strapless Bra for Women Seamless Push Up Non-Slip Full Support Non Removable Padded Bandeau Bra, Black+Beige, S","1","amazon.ca","Amazon","London","Ontario","N6P 1B","Combined TCS+MTC","36.54","4.75","6.99","0","0","0","0","0","-6.99","0","-4.75","-6.21","-7.84","0","0","22.49"
"Oct 26, 2025 11:42:46 a.m. PDT","24794704571","Fulfilment by Amazon customer return fee","702-1500075-8260260","X004L4RA87","FBA Customer Return Per Unit Fee (Clothing & Shoes)","","Amazon.ca","","","","","","0","0","0","0","0","0","0","0","0","0","0","0","-4.90","0","0","-4.90"
"Oct 26, 2025 11:49:08 a.m. PDT","24794704571","Fulfilment by Amazon customer return fee","702-1500075-8260260","X004L4QDE9","FBA Customer Return Per Unit Fee (Clothing & Shoes)","","Amazon.ca","","","","","","0","0","0","0","0","0","0","0","0","0","0","0","-4.90","0","0","-4.90"
"Oct 26, 2025 1:35:53 p.m. PDT","24794704571","Refund","701-8259495-5665825","MSCA-D76-268-3","ANGOOL Sports Bras for Women Seamless Backless Criss Cross Strappy Sports Bra Without Underwire for Workout Gym Yoga, Black+White+Green, M","1","amazon.ca","Amazon","Calgary","Alberta","T3P 1X","Combined TCS+MTC","-30.39","-1.52","0","0","0","0","0","0","0","0","1.52","4.14","0","0","0","-26.25"
"Oct 26, 2025 2:27:09 p.m. PDT","24794704571","Refund","702-9347031-1897823","MSCA-D70-7-3","ANGOOL Wireless Strapless Bra for Women Seamless Push Up Non-Slip Full Support Non Removable Padded Bandeau Bra, Brown, M","1","amazon.ca","Amazon","Mississauga","Ontario","L5M 0N","Combined TCS+MTC","-29.99","-3.90","0","0","0","0","0","0","0","0","3.90","4.08","0","0","0","-25.91"
"Oct 26, 2025 2:35:24 p.m. PDT","24794704571","Order","701-0418163-0698639","MSCA-D70-5-3","ANGOOL Wireless Strapless Bra for Women Seamless Push Up Non-Slip Full Support Non Removable Padded Bandeau Bra, Beige, M","1","amazon.ca","Amazon","Montreal","Quebec","H1E 6A","Combined TCS+MTC","25.49","3.82","0","0","0","0","0","0","0","0","-3.82","-4.33","-7.13","0","0","14.03"
"Oct 26, 2025 2:36:07 p.m. PDT","24794704571","Order","702-5895752-8929825","MSCA-D70-6-4","ANGOOL Wireless Strapless Bra for Women Seamless Push Up Non-Slip Full Support Non Removable Padded Bandeau Bra, White, L","1","amazon.ca","Amazon","Victoria","British Columbia","V9B 0A","Combined TCS+MTC","25.49","3.06","0","0","0","0","0","0","0","0","-3.06","-4.33","-7.63","0","0","13.53"
"Oct 26, 2025 3:12:32 p.m. PDT","24794704571","Order","702-4621013-7761028","MSCA-D70-5-6","ANGOOL Wireless Strapless Bra for Women Seamless Push Up Non-Slip Full Support Non Removable Padded Bandeau Bra, Beige, XXL","1","amazon.ca","Amazon","Kingston","Ontario","K7P 2A","Combined TCS+MTC","25.49","3.31","0","0","0","0","0","0","0","0","-3.31","-4.33","-7.65","0","0","13.51"
"Oct 26, 2025 5:10:10 p.m. PDT","24794704571","Order","702-1619604-3326668","MSCA-D70-5-4","ANGOOL Wireless Strapless Bra for Women Seamless Push Up Non-Slip Full Support Non Removable Padded Bandeau Bra, Beige, L","1","amazon.ca","Amazon","surrey","bc","V4N 3B","Combined TCS+MTC","25.49","3.06","0","0","0","0","0","0","0","0","-3.06","-4.33","-7.65","0","0","13.51"
"Oct 26, 2025 5:57:26 p.m. PDT","24794704571","Fulfilment by Amazon customer return fee","702-7311121-1978656","X004L631E7","FBA Customer Return Per Unit Fee (Clothing & Shoes)","","Amazon.ca","","","","","","0","0","0","0","0","0","0","0","0","0","0","0","-5.03","0","0","-5.03"
"Oct 26, 2025 7:20:20 p.m. PDT","24794704571","Order","701-4452602-3224233","MSCA-D70-5-4","ANGOOL Wireless Strapless Bra for Women Seamless Push Up Non-Slip Full Support Non Removable Padded Bandeau Bra, Beige, L","1","amazon.ca","Amazon","Ridgeway","Ontario","L0S 1N","Combined TCS+MTC","25.49","3.31","0","0","0","0","0","0","0","0","-3.31","-4.33","-7.65","0","0","13.51"
"Oct 26, 2025 7:40:27 p.m. PDT","24794704571","Order","702-7947764-6709818","MSCA-D70-5-4","ANGOOL Wireless Strapless Bra for Women Seamless Push Up Non-Slip Full Support Non Removable Padded Bandeau Bra, Beige, L","1","amazon.ca","Amazon","Kenora","Ontario","P9N 3A","Combined TCS+MTC","25.49","3.31","0","0","0","0","0","0","0","0","-3.31","-4.33","-7.65","0","0","13.51"
"Oct 26, 2025 7:48:05 p.m. PDT","24794704571","Order","702-1259153-9209829","MSCA-D70-2-4","ANGOOL Wireless Strapless Bra for Women Seamless Push Up Non-Slip Full Support Non Removable Padded Bandeau Bra, Black, L","1","amazon.ca","Amazon","Cold Lake","Alberta","T9M2C","Combined TCS+MTC","25.49","1.27","0","0","0","0","0","0","0","0","-1.27","-4.33","-7.65","0","0","13.51"
"Oct 26, 2025 7:54:04 p.m. PDT","24794704571","Order","701-4976859-5133815","MSCA-D70-2-4","ANGOOL Wireless Strapless Bra for Women Seamless Push Up Non-Slip Full Support Non Removable Padded Bandeau Bra, Black, L","1","amazon.ca","Amazon","Hamilton","Ontario","L9A 3S","Combined TCS+MTC","25.49","3.31","0","0","0","0","0","0","0","0","-3.31","-4.33","-7.65","0","0","13.51"
"Oct 26, 2025 8:28:26 p.m. PDT","24794704571","Refund","702-8611644-8796264","MSCA-D70-25-2","ANGOOL Wireless Strapless Bra for Women Seamless Push Up Non-Slip Full Support Non Removable Padded Bandeau Bra, Black+Beige, S","1","amazon.ca","Amazon","Mississauga","Ontario","L5M 5S","Combined TCS+MTC","-42.99","-5.59","0","0","0","0","0","0","0","0","5.59","5.85","0","0","0","-37.14"
"Oct 26, 2025 9:07:20 p.m. PDT","24794704571","Order","702-8456452-7563413","MSCA-D70-5-4","ANGOOL Wireless Strapless Bra for Women Seamless Push Up Non-Slip Full Support Non Removable Padded Bandeau Bra, Beige, L","1","amazon.ca","Amazon","Ottawa","ON","K2J 5M","Combined TCS+MTC","25.49","3.31","6.99","0","0","0","0","0","-6.99","0","-3.31","-4.33","-7.65","0","0","13.51"
"Oct 26, 2025 10:33:59 p.m. PDT","24794704571","Order","702-1694379-6776252","MSCA-D70-5-2","ANGOOL Wireless Strapless Bra for Women Seamless Push Up Non-Slip Full Support Non Removable Padded Bandeau Bra, Beige, S","1","amazon.ca","Amazon","LaSalle","ON","N9J 3E","Combined TCS+MTC","25.49","3.31","6.99","0","0","0","0","0","-6.99","0","-3.31","-4.33","-7.84","0","0","13.32"
"Oct 26, 2025 10:47:29 p.m. PDT","24794704571","Order","702-5308078-8105844","MSCA-D70-25-4","ANGOOL Wireless Strapless Bra for Women Seamless Push Up Non-Slip Full Support Non Removable Padded Bandeau Bra, Black+Beige, L","1","amazon.ca","Amazon","Blainville","Quebec","J7B 0C","Combined TCS+MTC","36.54","5.47","0","0","0","0","0","0","0","0","-5.47","-6.21","-8.74","0","0","21.59"
"Oct 26, 2025 10:50:21 p.m. PDT","24794704571","Order","701-8376694-5559452","MSCA-D70-2-3","ANGOOL Wireless Strapless Bra for Women Seamless Push Up Non-Slip Full Support Non Removable Padded Bandeau Bra, Black, M","1","amazon.ca","Amazon","Calgary","Alberta","T3R 0Z","Combined TCS+MTC","25.49","1.27","0","0","0","0","0","0","0","0","-1.27","-4.33","-7.65","0","0","13.51"
"Oct 26, 2025 11:44:21 p.m. PDT","24794704571","Order","701-1806630-6862644","MSCA-D70-25-3","ANGOOL Wireless Strapless Bra for Women Seamless Push Up Non-Slip Full Support Non Removable Padded Bandeau Bra, Black+Beige, M","1","amazon.ca","Amazon","Sparwood","British Columbia","V0B 2G","Combined TCS+MTC","36.54","4.38","0","0","0","0","0","0","0","0","-4.38","-6.21","-7.84","0","0","22.49"
"Oct 26, 2025 11:46:28 p.m. PDT","24794704571","Order","701-7026021-3413009","MSCA-D70-2-2","ANGOOL Wireless Strapless Bra for Women Seamless Push Up Non-Slip Full Support Non Removable Padded Bandeau Bra, Black, S","1","amazon.ca","Amazon","Longueuil","Quebec","J4N 1H","Combined TCS+MTC","25.49","3.82","0","0","0","0","0","0","0","0","-3.82","-4.33","-7.13","0","0","14.03"
"Oct 26, 2025 11:53:29 p.m. PDT","24794704571","Order","701-3147793-4307457","MSCA-D70-6-5","ANGOOL Wireless Strapless Bra for Women Seamless Push Up Non-Slip Full Support Non Removable Padded Bandeau Bra, White, XL","1","amazon.ca","Amazon","Fort McMurray","Alberta","T9K 0R","Combined TCS+MTC","25.49","1.27","0","0","0","0","0","0","0","0","-1.27","-4.33","-7.13","0","0","14.03"
"Oct 27, 2025 12:44:36 a.m. PDT","24794704571","Order","701-4198725-3290658","MSCA-D70-2-2","ANGOOL Wireless Strapless Bra for Women Seamless Push Up Non-Slip Full Support Non Removable Padded Bandeau Bra, Black, S","1","amazon.ca","Amazon","Stouffville","Ontario","L4A 1T","Combined TCS+MTC","25.49","3.31","0","0","0","0","0","0","0","0","-3.31","-4.33","-7.13","0","0","14.03"
"Oct 27, 2025 1:20:38 a.m. PDT","24794704571","Order","701-8128859-3893855","MSCA-D70-5-3","ANGOOL Wireless Strapless Bra for Women Seamless Push Up Non-Slip Full Support Non Removable Padded Bandeau Bra, Beige, M","1","amazon.ca","Amazon","Guelph","Ontario","N1E 2W","Combined TCS+MTC","25.49","3.31","0","0","0","0","0","0","0","0","-3.31","-4.33","-7.13","0","0","14.03"
"Oct 27, 2025 3:52:24 a.m. PDT","24794704571","Order","702-9345753-5993854","MSCA-D70-5-2","ANGOOL Wireless Strapless Bra for Women Seamless Push Up Non-Slip Full Support Non Removable Padded Bandeau Bra, Beige, S","1","amazon.ca","Amazon","Red Deer","Alberta","T4P3R","Combined TCS+MTC","25.49","1.27","0","0","0","0","0","0","0","0","-1.27","-4.33","-7.84","0","0","13.32"
"Oct 27, 2025 6:05:39 a.m. PDT","24794704571","Fulfilment by Amazon customer return fee","701-6852846-7636261","X004L5Z47F","FBA Customer Return Per Unit Fee (Clothing & Shoes)","","Amazon.ca","","","","","","0","0","0","0","0","0","0","0","0","0","0","0","-5.03","0","0","-5.03"
"Oct 27, 2025 6:07:55 a.m. PDT","24794704571","Order","701-9351764-6426658","MSCA-D70-25-4","ANGOOL Wireless Strapless Bra for Women Seamless Push Up Non-Slip Full Support Non Removable Padded Bandeau Bra, Black+Beige, L","1","amazon.ca","Amazon","Chilliwack","British Columbia","V2P 2H","Combined TCS+MTC","36.54","4.38","0","0","0","0","0","0","0","0","-4.38","-6.21","-9.35","0","0","20.98"
"Oct 27, 2025 6:32:37 a.m. PDT","24794704571","Fulfilment by Amazon customer return fee","702-0027004-6116243","X004L5ZNMB","FBA Customer Return Per Unit Fee (Clothing & Shoes)","","Amazon.ca","","","","","","0","0","0","0","0","0","0","0","0","0","0","0","-5.03","0","0","-5.03"
"Oct 27, 2025 8:20:46 a.m. PDT","24794704571","Fulfilment by Amazon customer return fee","701-0052939-1469065","X004L4Q4JD","FBA Customer Return Per Unit Fee (Clothing & Shoes)","","Amazon.ca","","","","","","0","0","0","0","0","0","0","0","0","0","0","0","-5.28","0","0","-5.28"
"Oct 27, 2025 8:24:50 a.m. PDT","24794704571","Fulfilment by Amazon customer return fee","701-1548167-1593027","X004L488R9","FBA Customer Return Per Unit Fee (Clothing & Shoes)","","Amazon.ca","","","","","","0","0","0","0","0","0","0","0","0","0","0","0","-5.28","0","0","-5.28"
"Oct 27, 2025 9:04:36 a.m. PDT","24794704571","Order","702-7179124-3365016","MSCA-D70-25-2","ANGOOL Wireless Strapless Bra for Women Seamless Push Up Non-Slip Full Support Non Removable Padded Bandeau Bra, Black+Beige, S","1","amazon.ca","Amazon","Surrey","British Columbia","V3V 2L","Combined TCS+MTC","36.54","4.38","3.27","0","0","0","0","0","-3.27","0","-4.38","-6.21","-7.84","0","0","22.49"
"Oct 27, 2025 11:37:34 a.m. PDT","24794704571","Order","701-3964654-0753854","MSCA-D70-5-4","ANGOOL Wireless Strapless Bra for Women Seamless Push Up Non-Slip Full Support Non Removable Padded Bandeau Bra, Beige, L","1","amazon.ca","Amazon","North Vancouver","British Columbia","V7L 1G","Combined TCS+MTC","25.49","3.06","0","0","0","0","0","0","0","0","-3.06","-4.33","-7.65","0","0","13.51"
"Oct 27, 2025 12:25:01 p.m. PDT","24794704571","Order","701-4692472-9063424","MSCA-D70-25-5","ANGOOL Wireless Strapless Bra for Women Seamless Push Up Non-Slip Full Support Non Removable Padded Bandeau Bra, Black+Beige, XL","1","amazon.ca","Amazon","New Westminster","British Columbia","V3L 0A","Combined TCS+MTC","36.54","4.38","0","0","0","0","0","0","0","0","-4.38","-6.21","-8.17","0","0","22.16"
"Oct 27, 2025 12:30:53 p.m. PDT","24794704571","Order","701-7386431-3963421","MSCA-D70-2-2","ANGOOL Wireless Strapless Bra for Women Seamless Push Up Non-Slip Full Support Non Removable Padded Bandeau Bra, Black, S","1","amazon.ca","Amazon","Edmonton","Alberta","T6W 0Y","Combined TCS+MTC","25.49","1.27","3.49","0","0","0","0","0","-3.49","0","-1.27","-4.33","-7.13","0","0","14.03"
"Oct 27, 2025 12:37:27 p.m. PDT","24794704571","Refund","701-8465756-3525868","MSCA-D70-7-5","ANGOOL Wireless Strapless Bra for Women Seamless Push Up Non-Slip Full Support Non Removable Padded Bandeau Bra, Brown, XL","1","amazon.ca","Amazon","Renfrew","Ontario","K7V 3Z","Combined TCS+MTC","-26.99","-3.51","0","0","0","0","0","0","0","0","3.51","3.67","0","0","0","-23.32"
"Oct 27, 2025 12:55:55 p.m. PDT","24794704571","Order","702-6306315-0124205","MSCA-D70-25-2","ANGOOL Wireless Strapless Bra for Women Seamless Push Up Non-Slip Full Support Non Removable Padded Bandeau Bra, Black+Beige, S","1","amazon.ca","Amazon","Morden","Manitoba","R6M 0E","Combined TCS+MTC","36.54","4.38","0","0","0","0","0","0","0","0","-4.38","-6.21","-7.84","0","0","22.49"
"Oct 27, 2025 1:47:33 p.m. PDT","24794704571","Order","702-0676746-4816221","MSCA-D70-25-2","ANGOOL Wireless Strapless Bra for Women Seamless Push Up Non-Slip Full Support Non Removable Padded Bandeau Bra, Black+Beige, S","1","amazon.ca","Amazon","Markham","Ontario","L3P 6J","Combined TCS+MTC","36.54","4.75","5.90","0","0","0","0","0","-5.90","0","-4.75","-6.21","-7.84","0","0","22.49"
"Oct 27, 2025 1:49:24 p.m. PDT","24794704571","Order","701-9925420-8693055","MSCA-D70-5-2","ANGOOL Wireless Strapless Bra for Women Seamless Push Up Non-Slip Full Support Non Removable Padded Bandeau Bra, Beige, S","1","amazon.ca","Amazon","Regina","Saskatchewan","S4W 0H","Combined TCS+MTC","25.49","2.80","0","0","0","0","0","0","0","0","-2.80","-4.33","-7.84","0","0","13.32"
"Oct 27, 2025 1:49:24 p.m. PDT","24794704571","Order","701-9925420-8693055","MSCA-D70-5-4","ANGOOL Wireless Strapless Bra for Women Seamless Push Up Non-Slip Full Support Non Removable Padded Bandeau Bra, Beige, L","1","amazon.ca","Amazon","Regina","Saskatchewan","S4W 0H","Combined TCS+MTC","25.49","2.80","0","0","0","0","0","0","0","0","-2.80","-4.33","-7.65","0","0","13.51"
"Oct 27, 2025 1:49:24 p.m. PDT","24794704571","Order","701-9925420-8693055","MSCA-D70-5-3","ANGOOL Wireless Strapless Bra for Women Seamless Push Up Non-Slip Full Support Non Removable Padded Bandeau Bra, Beige, M","1","amazon.ca","Amazon","Regina","Saskatchewan","S4W 0H","Combined TCS+MTC","25.49","2.80","0","0","0","0","0","0","0","0","-2.80","-4.33","-7.13","0","0","14.03"
"Oct 27, 2025 1:49:49 p.m. PDT","24794704571","Order","702-8223265-5204228","MSCA-D70-25-2","ANGOOL Wireless Strapless Bra for Women Seamless Push Up Non-Slip Full Support Non Removable Padded Bandeau Bra, Black+Beige, S","1","amazon.ca","Amazon","Abbotsford","British Columbia","V3G 0B","Combined TCS+MTC","36.54","4.38","1.40","0","0","0","0","0","-1.40","0","-4.38","-6.21","-8.39","0","0","21.94"
"Oct 27, 2025 2:36:59 p.m. PDT","24794704571","Refund","702-2601616-7227405","MSCA-D70-2-2","ANGOOL Wireless Strapless Bra for Women Seamless Push Up Non-Slip Full Support Non Removable Padded Bandeau Bra, Black, S","1","amazon.ca","Amazon","Vancouver","British Columbia","V5Z 0J","Combined TCS+MTC","-28.19","-3.38","0","0","0","0","0","0","0","0","3.38","3.83","0","0","0","-24.36"
"Oct 27, 2025 3:15:00 p.m. PDT","24794704571","FBA Inventory Fee","701-6852846-7636261","","Fulfilment by Amazon removal order: disposal fee","","Amazon.ca","","","","","","0","0","0","0","0","0","0","0","0","0","0","0","0","0","-0.36","-0.36"
"Oct 27, 2025 3:18:38 p.m. PDT","24794704571","FBA Inventory Fee","701-2513318-0431440","","Fulfilment by Amazon removal order: disposal fee","","Amazon.ca","","","","","","0","0","0","0","0","0","0","0","0","0","0","0","0","0","-0.36","-0.36"
"Oct 27, 2025 4:15:11 p.m. PDT","24794704571","Refund","702-7415648-6453051","MSCA-D70-2-3","ANGOOL Wireless Strapless Bra for Women Seamless Push Up Non-Slip Full Support Non Removable Padded Bandeau Bra, Black, M","1","amazon.ca","Amazon","Fruitvale","British Columbia","V0G 1L","Combined TCS+MTC","-25.49","-3.06","0","0","0","0","0","0","0","0","3.06","3.46","0","0","0","-22.03"
"Oct 27, 2025 4:35:42 p.m. PDT","24794704571","Order","701-7597039-2958637","MSCA-D77-7-3","ANGOOL Racerback Bras for Women Wire Free Sexy V Neck Lace Bralette Adjustable Strap Full Coverage Padded Bra, Brown, M","1","amazon.ca","Amazon","Arnprior","Ontario","K7S3G","Combined TCS+MTC","23.99","3.12","0","0","0","0","0","0","0","0","-3.12","-4.08","-7.13","0","0","12.78"
"Oct 27, 2025 4:59:55 p.m. PDT","24794704571","Order","701-4957546-6985844","MSCA-D70-2-6","ANGOOL Wireless Strapless Bra for Women Seamless Push Up Non-Slip Full Support Non Removable Padded Bandeau Bra, Black, XXL","1","amazon.ca","Amazon","Holland Centre","Ontario","N0H 1R","Combined TCS+MTC","25.49","3.31","0","0","0","0","0","0","0","0","-3.31","-4.33","-7.13","0","0","14.03"
"Oct 27, 2025 6:01:58 p.m. PDT","24794704571","FBA Inventory Fee","701-1548167-1593027","","Fulfilment by Amazon removal order: disposal fee","","Amazon.ca","","","","","","0","0","0","0","0","0","0","0","0","0","0","0","0","0","-0.36","-0.36"
"Oct 27, 2025 8:30:43 p.m. PDT","24794704571","Fulfilment by Amazon customer return fee","702-8660054-2197018","X004L5KTDT","FBA Customer Return Per Unit Fee (Clothing & Shoes)","","Amazon.ca","","","","","","0","0","0","0","0","0","0","0","0","0","0","0","-5.15","0","0","-5.15"
"Oct 27, 2025 9:04:17 p.m. PDT","24794704571","Order","701-4920743-1237035","MSCA-D70-5-2","ANGOOL Wireless Strapless Bra for Women Seamless Push Up Non-Slip Full Support Non Removable Padded Bandeau Bra, Beige, S","1","amazon.ca","Amazon","Revelstoke","British Columbia","V0E 2S","Combined TCS+MTC","25.49","3.06","0","0","0","0","0","0","0","0","-3.06","-4.33","-8.39","0","0","12.77"
"Oct 27, 2025 9:22:43 p.m. PDT","24794704571","Order","702-0297674-7020253","MSCA-D70-5-4","ANGOOL Wireless Strapless Bra for Women Seamless Push Up Non-Slip Full Support Non Removable Padded Bandeau Bra, Beige, L","1","amazon.ca","Amazon","Saint-Paul","Quebec","J0K 3E","Combined TCS+MTC","25.49","3.82","2.44","0","0","0","0","0","-2.44","0","-3.82","-4.33","-7.65","0","0","13.51"
"Oct 27, 2025 10:15:26 p.m. PDT","24794704571","Order","702-1708826-2329042","MSCA-D70-5-5","ANGOOL Wireless Strapless Bra for Women Seamless Push Up Non-Slip Full Support Non Removable Padded Bandeau Bra, Beige, XL","1","amazon.ca","Amazon","Calgary","Alberta","T2J 0Z","Combined TCS+MTC","25.49","1.27","0","0","0","0","0","0","0","0","-1.27","-4.33","-7.65","0","0","13.51"
"Oct 27, 2025 10:45:33 p.m. PDT","24794704571","Order","702-3816235-7913804","MSCA-D70-7-3","ANGOOL Wireless Strapless Bra for Women Seamless Push Up Non-Slip Full Support Non Removable Padded Bandeau Bra, Brown, M","1","amazon.ca","Amazon","woodbridge","Ontario","L4H 1L","Combined TCS+MTC","25.49","3.31","6.99","0","0","0","0","0","-6.99","0","-3.31","-4.33","-7.84","0","0","13.32"
"Oct 27, 2025 10:49:03 p.m. PDT","24794704571","Order","701-5769101-2233860","MSCA-D70-5-6","ANGOOL Wireless Strapless Bra for Women Seamless Push Up Non-Slip Full Support Non Removable Padded Bandeau Bra, Beige, XXL","1","amazon.ca","Amazon","London","Ontario","N6J 2B","Combined TCS+MTC","25.49","3.31","3.49","0","0","0","0","0","-3.49","0","-3.31","-4.33","-7.65","0","0","13.51"
"Oct 27, 2025 10:50:01 p.m. PDT","24794704571","Order","702-6696572-1310634","MSCA-D70-25-4","ANGOOL Wireless Strapless Bra for Women Seamless Push Up Non-Slip Full Support Non Removable Padded Bandeau Bra, Black+Beige, L","1","amazon.ca","Amazon","Nottawa","Ontario","L0M 1P","Combined TCS+MTC","36.54","4.75","0","0","0","0","0","0","0","0","-4.75","-6.21","-8.74","0","0","21.59"
"Oct 27, 2025 10:53:41 p.m. PDT","24794704571","Order","701-1586075-7085020","MSCA-D70-5-2","ANGOOL Wireless Strapless Bra for Women Seamless Push Up Non-Slip Full Support Non Removable Padded Bandeau Bra, Beige, S","1","amazon.ca","Amazon","Amaranth","Ontario","L9W 0R","Combined TCS+MTC","25.49","3.31","0","0","0","0","0","0","0","0","-3.31","-4.33","-7.84","0","0","13.32"
"Oct 27, 2025 11:28:04 p.m. PDT","24794704571","Order","701-6927537-3632221","MSCA-D70-2-2","ANGOOL Wireless Strapless Bra for Women Seamless Push Up Non-Slip Full Support Non Removable Padded Bandeau Bra, Black, S","1","amazon.ca","Amazon","Salaberry-De-Valleyfield","Quebec","J6S 3C","Combined TCS+MTC","25.49","3.82","0","0","0","0","0","0","0","0","-3.82","-4.33","-7.13","0","0","14.03"
"Oct 27, 2025 11:59:34 p.m. PDT","24794704571","Order","701-0306636-9274669","MSCA-D77-7-4","ANGOOL Racerback Bras for Women Wire Free Sexy V Neck Lace Bralette Adjustable Strap Full Coverage Padded Bra, Brown, L","1","amazon.ca","Amazon","Magrath","Alberta","T0K 1J","Combined TCS+MTC","23.99","1.20","0","0","0","0","0","0","0","0","-1.20","-4.08","-7.13","0","0","12.78"
"Oct 28, 2025 12:03:21 a.m. PDT","24794704571","Order","701-3435050-2522635","MSCA-D76-206-2","ANGOOL Sports Bras for Women Seamless Backless Criss Cross Strappy Sports Bra Without Underwire for Workout Gym Yoga, Black+Grey+White, S","1","amazon.ca","Amazon","MISSISSAUGA","Ontario","L5M5P","Combined TCS+MTC","30.39","3.95","0","0","0","0","0","0","0","0","-3.95","-5.17","-6.49","0","0","18.73"
"Oct 28, 2025 12:43:39 a.m. PDT","24794704571","Order","702-1106857-5383450","MSCA-D70-5-6","ANGOOL Wireless Strapless Bra for Women Seamless Push Up Non-Slip Full Support Non Removable Padded Bandeau Bra, Beige, XXL","1","amazon.ca","Amazon","Mississauga","Ontario","L4Z3B","Combined TCS+MTC","25.49","3.31","0","0","0","0","0","0","0","0","-3.31","-4.33","-7.65","0","0","13.51"
"Oct 28, 2025 1:18:37 a.m. PDT","24794704571","Order","701-0905459-8845851","MSCA-D70-6-4","ANGOOL Wireless Strapless Bra for Women Seamless Push Up Non-Slip Full Support Non Removable Padded Bandeau Bra, White, L","1","amazon.ca","Amazon","Calgary","Alberta","T3K 0A","Combined TCS+MTC","25.49","1.27","0","0","0","0","0","0","0","0","-1.27","-4.33","-7.13","0","0","14.03"
"Oct 28, 2025 1:21:57 a.m. PDT","24794704571","Order","701-8024035-9443406","MSCA-D70-5-4","ANGOOL Wireless Strapless Bra for Women Seamless Push Up Non-Slip Full Support Non Removable Padded Bandeau Bra, Beige, L","1","amazon.ca","Amazon","Guelph","Ontario","N1G 3A","Combined TCS+MTC","25.49","3.31","0","0","0","0","0","0","0","0","-3.31","-4.33","-7.65","0","0","13.51"
"Oct 28, 2025 1:22:26 a.m. PDT","24794704571","Order","701-8741979-4289829","MSCA-D70-5-2","ANGOOL Wireless Strapless Bra for Women Seamless Push Up Non-Slip Full Support Non Removable Padded Bandeau Bra, Beige, S","1","amazon.ca","Amazon","Cambridge","Ontario","N1S 0C","Combined TCS+MTC","25.49","3.31","0","0","0","0","0","0","0","0","-3.31","-4.33","-7.84","0","0","13.32"
"Oct 28, 2025 3:20:01 a.m. PDT","24794704571","Order","702-9860207-7992242","MSCA-D70-25-3","ANGOOL Wireless Strapless Bra for Women Seamless Push Up Non-Slip Full Support Non Removable Padded Bandeau Bra, Black+Beige, M","1","amazon.ca","Amazon","Delta","British Columbia","V4K 2B","Combined TCS+MTC","36.54","4.38","6.99","0","0","0","0","0","-6.99","0","-4.38","-6.21","-8.39","0","0","21.94"
"Oct 28, 2025 3:21:19 a.m. PDT","24794704571","Order","701-3450645-2349051","MSCA-D70-5-5","ANGOOL Wireless Strapless Bra for Women Seamless Push Up Non-Slip Full Support Non Removable Padded Bandeau Bra, Beige, XL","1","amazon.ca","Amazon","Surrey","British Columbia","V4N 6M","Combined TCS+MTC","25.49","3.06","1.39","0","0","0","0","0","-1.39","0","-3.06","-4.33","-8.19","0","0","12.97"
"Oct 28, 2025 3:44:23 a.m. PDT","24794704571","Order","701-9260170-4211403","MSCA-D70-5-4","ANGOOL Wireless Strapless Bra for Women Seamless Push Up Non-Slip Full Support Non Removable Padded Bandeau Bra, Beige, L","1","amazon.ca","Amazon","Beaumont","Alberta","T4X 2C","Combined TCS+MTC","25.49","1.27","0","0","0","0","0","0","0","0","-1.27","-4.33","-7.65","0","0","13.51"
"Oct 28, 2025 4:31:20 a.m. PDT","24794704571","Fulfilment by Amazon customer return fee","701-6794360-2765058","X004L5YW73","FBA Customer Return Per Unit Fee (Clothing & Shoes)","","Amazon.ca","","","","","","0","0","0","0","0","0","0","0","0","0","0","0","-4.92","0","0","-4.92"
"Oct 28, 2025 5:41:46 a.m. PDT","24794704571","Order","702-7329169-4524216","MSCA-D70-7-4","ANGOOL Wireless Strapless Bra for Women Seamless Push Up Non-Slip Full Support Non Removable Padded Bandeau Bra, Brown, L","1","amazon.ca","Amazon","Brampton","Ontario","L6X 5G","Combined TCS+MTC","25.49","3.31","6.99","0","0","0","0","0","-6.99","0","-3.31","-4.33","-7.65","0","0","13.51"
"Oct 28, 2025 12:24:28 p.m. PDT","24794704571","Order","702-7125912-7741055","MSCA-D74-6-6","ANGOOL V Neck Seamless Bralette for Women Full Coverage Wireless Padded Bra No Underwire Non Removable Pads Push Up Bras, White, XXL","1","amazon.ca","Amazon","Cluny","Alberta","T0J 0S","Combined TCS+MTC","22.09","1.10","0","0","0","0","0","0","0","0","-1.10","-3.76","-8.17","0","0","10.16"
"Oct 28, 2025 12:24:28 p.m. PDT","24794704571","Order","702-7125912-7741055","MSCA-D74-2-6","ANGOOL V Neck Seamless Bralette for Women Full Coverage Wireless Padded Bra No Underwire Non Removable Pads Push Up Bras, Black, XXL","1","amazon.ca","Amazon","Cluny","Alberta","T0J 0S","Combined TCS+MTC","22.09","1.10","0","0","0","0","0","0","0","0","-1.10","-3.76","-8.17","0","0","10.16"
"Oct 28, 2025 12:24:28 p.m. PDT","24794704571","Order","702-7125912-7741055","MSCA-D74-7-6","ANGOOL V Neck Seamless Bralette for Women Full Coverage Wireless Padded Bra No Underwire Non Removable Pads Push Up Bras, Brown, XXL","1","amazon.ca","Amazon","Cluny","Alberta","T0J 0S","Combined TCS+MTC","22.09","1.10","0","0","0","0","0","0","0","0","-1.10","-3.76","-8.17","0","0","10.16"
"Oct 28, 2025 1:22:29 p.m. PDT","24794704571","Order","702-3451270-3838626","MSCA-D70-2-4","ANGOOL Wireless Strapless Bra for Women Seamless Push Up Non-Slip Full Support Non Removable Padded Bandeau Bra, Black, L","1","amazon.ca","Amazon","Vancouver","British Columbia","V6P 4C","Combined TCS+MTC","25.49","3.06","0","0","0","0","0","0","0","0","-3.06","-4.33","-7.65","0","0","13.51"
"Oct 28, 2025 1:33:43 p.m. PDT","24794704571","Order","702-4975040-1300235","MSCA-D70-2-6","ANGOOL Wireless Strapless Bra for Women Seamless Push Up Non-Slip Full Support Non Removable Padded Bandeau Bra, Black, XXL","1","amazon.ca","Amazon","Pickering","Ontario","L1X 0G","Combined TCS+MTC","25.49","3.31","0","0","0","0","0","0","0","0","-3.31","-4.33","-7.13","0","0","14.03"
"Oct 28, 2025 1:55:15 p.m. PDT","24794704571","Order","701-1950323-9352204","MSCA-D70-5-2","ANGOOL Wireless Strapless Bra for Women Seamless Push Up Non-Slip Full Support Non Removable Padded Bandeau Bra, Beige, S","1","amazon.ca","Amazon","Kanata","Ontario","K2L 2N","Combined TCS+MTC","25.49","3.31","0","0","0","0","0","0","0","0","-3.31","-4.33","-7.84","0","0","13.32"
"Oct 28, 2025 2:04:42 p.m. PDT","24794704571","Order","702-4956743-7007464","MSCA-D70-2-4","ANGOOL Wireless Strapless Bra for Women Seamless Push Up Non-Slip Full Support Non Removable Padded Bandeau Bra, Black, L","1","amazon.ca","Amazon","Mississauga","Ontario","L5B 3Y","Combined TCS+MTC","25.49","3.31","0","0","0","0","0","0","0","0","-3.31","-4.33","-7.65","0","0","13.51"
"Oct 28, 2025 2:14:24 p.m. PDT","24794704571","Order","702-4490119-3027407","MSCA-D70-25-4","ANGOOL Wireless Strapless Bra for Women Seamless Push Up Non-Slip Full Support Non Removable Padded Bandeau Bra, Black+Beige, L","1","amazon.ca","Amazon","Vancouver","British Columbia","V5Z 1Y","Combined TCS+MTC","36.54","4.38","3.50","0","0","0","0","0","-3.50","0","-4.38","-6.21","-9.35","0","0","20.98"
"Oct 28, 2025 2:20:13 p.m. PDT","24794704571","Fulfilment by Amazon customer return fee","702-6714094-6765050","X004L631E7","FBA Customer Return Per Unit Fee (Clothing & Shoes)","","Amazon.ca","","","","","","0","0","0","0","0","0","0","0","0","0","0","0","-5.03","0","0","-5.03"
"Oct 28, 2025 4:42:02 p.m. PDT","24794704571","Fulfilment by Amazon customer return fee","701-6592543-1856256","X004L4OHC9","FBA Customer Return Per Unit Fee (Clothing & Shoes)","","Amazon.ca","","","","","","0","0","0","0","0","0","0","0","0","0","0","0","-5.28","0","0","-5.28"
"Oct 28, 2025 6:55:50 p.m. PDT","24794704571","Order","702-2224581-9537006","MSCA-D70-25-3","ANGOOL Wireless Strapless Bra for Women Seamless Push Up Non-Slip Full Support Non Removable Padded Bandeau Bra, Black+Beige, M","1","amazon.ca","Amazon","Vaudreuil-Dorion","Quebec","J7V 8R","Combined TCS+MTC","36.54","5.47","0","0","0","0","0","0","0","0","-5.47","-6.21","-7.84","0","0","22.49"
"Oct 28, 2025 9:09:19 p.m. PDT","24794704571","Order","701-2715837-8995423","MSCA-D70-25-4","ANGOOL Wireless Strapless Bra for Women Seamless Push Up Non-Slip Full Support Non Removable Padded Bandeau Bra, Black+Beige, L","1","amazon.ca","Amazon","Brantford","Ontario","N3R 3Z","Combined TCS+MTC","36.54","4.75","3.49","0","0","0","0","0","-3.49","0","-4.75","-6.21","-8.74","0","0","21.59"
"Oct 28, 2025 9:32:48 p.m. PDT","24794704571","Order","702-0920068-7237800","MSCA-D70-7-2","ANGOOL Wireless Strapless Bra for Women Seamless Push Up Non-Slip Full Support Non Removable Padded Bandeau Bra, Brown, S","1","amazon.ca","Amazon","Saint-Hubert","Quebec","J3Y 4R","Combined TCS+MTC","25.49","3.82","0","0","0","0","0","0","0","0","-3.82","-4.33","-7.13","0","0","14.03"
"Oct 28, 2025 10:00:42 p.m. PDT","24794704571","Order","701-4365422-1918629","MSCA-D70-5-4","ANGOOL Wireless Strapless Bra for Women Seamless Push Up Non-Slip Full Support Non Removable Padded Bandeau Bra, Beige, L","1","amazon.ca","Amazon","Ottawa","Ontario","K1E 2Z","Combined TCS+MTC","25.49","3.31","6.99","0","0","0","0","0","-6.99","0","-3.31","-4.33","-7.65","0","0","13.51"
"Oct 28, 2025 10:03:23 p.m. PDT","24794704571","Order","702-3238642-6033018","MSCA-D70-2-5","ANGOOL Wireless Strapless Bra for Women Seamless Push Up Non-Slip Full Support Non Removable Padded Bandeau Bra, Black, XL","1","amazon.ca","Amazon","Rockland","Ontario","K4K 1H","Combined TCS+MTC","25.49","3.31","0","0","0","0","0","0","0","0","-3.31","-4.33","-7.65","0","0","13.51"
"Oct 28, 2025 10:13:07 p.m. PDT","24794704571","Order","702-8084221-8221047","MSCA-D70-5-3","ANGOOL Wireless Strapless Bra for Women Seamless Push Up Non-Slip Full Support Non Removable Padded Bandeau Bra, Beige, M","1","amazon.ca","Amazon","Ajax","Ontario","L1S 7E","Combined TCS+MTC","25.49","3.31","0","0","0","0","0","0","0","0","-3.31","-4.33","-7.13","0","0","14.03"
"Oct 28, 2025 11:36:27 p.m. PDT","24794704571","Order","701-8328336-5900211","MSCA-D70-5-3","ANGOOL Wireless Strapless Bra for Women Seamless Push Up Non-Slip Full Support Non Removable Padded Bandeau Bra, Beige, M","1","amazon.ca","Amazon","Lacombe","Alberta","T4L 0A","Combined TCS+MTC","25.49","1.27","0","0","0","0","0","0","0","0","-1.27","-4.33","-7.13","0","0","14.03"
"Oct 29, 2025 12:13:24 a.m. PDT","24794704571","Order","702-3682563-5836208","MSCA-D70-6-3","ANGOOL Wireless Strapless Bra for Women Seamless Push Up Non-Slip Full Support Non Removable Padded Bandeau Bra, White, M","1","amazon.ca","Amazon","Edmonton","Alberta","T5H 3X","Combined TCS+MTC","25.49","1.27","0","0","0","0","0","0","0","0","-1.27","-4.33","-7.13","0","0","14.03"
"Oct 29, 2025 12:15:44 a.m. PDT","24794704571","Order","701-1594016-5538612","MSCA-D70-7-3","ANGOOL Wireless Strapless Bra for Women Seamless Push Up Non-Slip Full Support Non Removable Padded Bandeau Bra, Brown, M","1","amazon.ca","Amazon","North Vancouver","British Columbia","V7R 1S","Combined TCS+MTC","25.49","3.06","3.49","0","0","0","0","0","-3.49","0","-3.06","-4.33","-8.39","0","0","12.77"
"Oct 29, 2025 12:19:29 a.m. PDT","24794704571","Order","702-9038628-0173026","MSCA-D70-2-2","ANGOOL Wireless Strapless Bra for Women Seamless Push Up Non-Slip Full Support Non Removable Padded Bandeau Bra, Black, S","1","amazon.ca","Amazon","Chilliwack","British Columbia","V2R 0C","Combined TCS+MTC","25.49","3.06","6.99","0","0","0","0","0","-6.99","0","-3.06","-4.33","-7.63","0","0","13.53"
"Oct 29, 2025 1:18:51 a.m. PDT","24794704571","Order","701-8081531-1497048","MSCA-D70-2-2","ANGOOL Wireless Strapless Bra for Women Seamless Push Up Non-Slip Full Support Non Removable Padded Bandeau Bra, Black, S","1","amazon.ca","Amazon","Calgary","Alberta","T3H 0V","Combined TCS+MTC","25.49","1.27","0","0","0","0","0","0","0","0","-1.27","-4.33","-7.13","0","0","14.03"
"Oct 29, 2025 1:21:29 a.m. PDT","24794704571","Order","701-0960703-8192257","MSCA-D70-5-2","ANGOOL Wireless Strapless Bra for Women Seamless Push Up Non-Slip Full Support Non Removable Padded Bandeau Bra, Beige, S","1","amazon.ca","Amazon","Woodbridge","Ontario","L4L 3Z","Combined TCS+MTC","25.49","3.31","0","0","0","0","0","0","0","0","-3.31","-4.33","-7.84","0","0","13.32"
"Oct 29, 2025 1:23:06 a.m. PDT","24794704571","Order","702-3372081-5893000","MSCA-D70-25-6","ANGOOL Wireless Strapless Bra for Women Seamless Push Up Non-Slip Full Support Non Removable Padded Bandeau Bra, Black+Beige, XXL","1","amazon.ca","Amazon","Barrie","Ontario","L4N 0K","Combined TCS+MTC","36.54","4.75","0","0","0","0","0","0","0","0","-4.75","-6.21","-7.13","0","0","23.20"
"Oct 29, 2025 1:47:38 a.m. PDT","24794704571","Order","701-2964033-2184208","MSCA-D70-5-3","ANGOOL Wireless Strapless Bra for Women Seamless Push Up Non-Slip Full Support Non Removable Padded Bandeau Bra, Beige, M","1","amazon.ca","Amazon","Port Stanley","Ontario","N5L 1J","Combined TCS+MTC","25.49","3.31","0","0","0","0","0","0","0","0","-3.31","-4.33","-7.13","0","0","14.03"
"Oct 29, 2025 2:11:50 a.m. PDT","24794704571","Order","702-1114620-1966639","MSCA-D70-6-2","ANGOOL Wireless Strapless Bra for Women Seamless Push Up Non-Slip Full Support Non Removable Padded Bandeau Bra, White, S","1","amazon.ca","Amazon","St-Jean-Sur-Richelieu","Quebec","J3B 0E","Combined TCS+MTC","25.49","3.82","0","0","0","0","0","0","0","0","-3.82","-4.33","-6.74","0","0","14.42"
"Oct 29, 2025 2:20:48 a.m. PDT","24794704571","Fulfilment by Amazon customer return fee","702-2399098-7380202","X004L5Z47F","FBA Customer Return Per Unit Fee (Clothing & Shoes)","","Amazon.ca","","","","","","0","0","0","0","0","0","0","0","0","0","0","0","-4.98","0","0","-4.98"
"Oct 29, 2025 3:24:21 a.m. PDT","24794704571","Refund","702-1771321-5976223","MSCA-D70-25-4","ANGOOL Wireless Strapless Bra for Women Seamless Push Up Non-Slip Full Support Non Removable Padded Bandeau Bra, Black+Beige, L","1","amazon.ca","Amazon","Coquitlam","BC","V3B7E","Combined TCS+MTC","-36.54","-4.38","-6.99","0","0","0","0","0","6.99","0","4.38","4.97","0","0","0","-31.57"
"Oct 29, 2025 4:24:03 a.m. PDT","24794704571","Fulfilment by Amazon customer return fee","702-9045141-2480229","X004L5VLD1","FBA Customer Return Per Unit Fee (Clothing & Shoes)","","Amazon.ca","","","","","","0","0","0","0","0","0","0","0","0","0","0","0","-5.03","0","0","-5.03"
"Oct 29, 2025 4:34:13 a.m. PDT","24794704571","Order","701-6940119-0396206","MSCA-D70-5-6","ANGOOL Wireless Strapless Bra for Women Seamless Push Up Non-Slip Full Support Non Removable Padded Bandeau Bra, Beige, XXL","1","amazon.ca","Amazon","Burnaby","British Columbia","V5C 0A","Combined TCS+MTC","25.49","3.06","0","0","0","0","0","0","0","0","-3.06","-4.33","-7.65","0","0","13.51"
"Oct 29, 2025 6:06:43 a.m. PDT","24794704571","Order","702-6933937-6873807","MSCA-D77-7-3","ANGOOL Racerback Bras for Women Wire Free Sexy V Neck Lace Bralette Adjustable Strap Full Coverage Padded Bra, Brown, M","1","amazon.ca","Amazon","Lery","Quebec","J6N 1A","Combined TCS+MTC","23.39","3.50","0","0","0","0","0","0","0","0","-3.50","-3.98","-7.13","0","0","12.28"
"Oct 29, 2025 6:19:49 a.m. PDT","24794704571","Order","702-7462592-8249012","MSCA-D70-5-3","ANGOOL Wireless Strapless Bra for Women Seamless Push Up Non-Slip Full Support Non Removable Padded Bandeau Bra, Beige, M","1","amazon.ca","Amazon","Vancouver","British Columbia","V6S 0B","Combined TCS+MTC","25.49","3.06","0","0","0","0","0","0","0","0","-3.06","-4.33","-7.63","0","0","13.53"
"Oct 29, 2025 6:24:04 a.m. PDT","24794704571","Order","701-0263946-9344200","MSCA-D70-25-4","ANGOOL Wireless Strapless Bra for Women Seamless Push Up Non-Slip Full Support Non Removable Padded Bandeau Bra, Black+Beige, L","1","amazon.ca","Amazon","Richmond","British Columbia","V6X 0C","Combined TCS+MTC","36.54","4.38","0","0","0","0","0","0","0","0","-4.38","-6.21","-9.35","0","0","20.98"
"Oct 29, 2025 6:30:45 a.m. PDT","24794704571","Fulfilment by Amazon customer return fee","702-1144252-5612248","X004L4QD0X","FBA Customer Return Per Unit Fee (Clothing & Shoes)","","Amazon.ca","","","","","","0","0","0","0","0","0","0","0","0","0","0","0","-5.28","0","0","-5.28"
"Oct 29, 2025 7:32:19 a.m. PDT","24794704571","Fulfilment by Amazon customer return fee","702-0553465-6786629","X004L5UE9N","FBA Customer Return Per Unit Fee (Clothing & Shoes)","","Amazon.ca","","","","","","0","0","0","0","0","0","0","0","0","0","0","0","-5.15","0","0","-5.15"
"Oct 29, 2025 8:13:42 a.m. PDT","24794704571","Order","702-9357627-3035440","MSCA-D70-25-5","ANGOOL Wireless Strapless Bra for Women Seamless Push Up Non-Slip Full Support Non Removable Padded Bandeau Bra, Black+Beige, XL","1","amazon.ca","Amazon","Saint Leonard","Quebec","H1P 3N","Combined TCS+MTC","36.54","5.47","3.50","0","0","0","0","0","-3.50","0","-5.47","-6.21","-8.17","0","0","22.16"
"Oct 29, 2025 11:48:51 a.m. PDT","24794704571","Order","702-1294503-3070639","MSCA-D70-6-6","ANGOOL Wireless Strapless Bra for Women Seamless Push Up Non-Slip Full Support Non Removable Padded Bandeau Bra, White, XXL","1","amazon.ca","Amazon","Fort Langley","British Columbia","V1M 2R","Combined TCS+MTC","25.49","3.06","0","0","0","0","0","0","0","0","-3.06","-4.33","-7.13","0","0","14.03"
"Oct 29, 2025 12:00:16 p.m. PDT","24794704571","Order","702-2685273-3792234","MSCA-D70-5-3","ANGOOL Wireless Strapless Bra for Women Seamless Push Up Non-Slip Full Support Non Removable Padded Bandeau Bra, Beige, M","1","amazon.ca","Amazon","Gatineau","Quebec","J8R 3S","Combined TCS+MTC","25.49","3.82","0","0","0","0","0","0","0","0","-3.82","-4.33","-7.13","0","0","14.03"
"Oct 29, 2025 12:16:59 p.m. PDT","24794704571","Refund","701-3450645-2349051","MSCA-D70-5-5","ANGOOL Wireless Strapless Bra for Women Seamless Push Up Non-Slip Full Support Non Removable Padded Bandeau Bra, Beige, XL","1","amazon.ca","Amazon","Surrey","British Columbia","V4N 6M","Combined TCS+MTC","-25.49","-3.06","-1.39","0","0","0","0","0","1.39","0","3.06","3.46","0","0","0","-22.03"
"Oct 29, 2025 12:49:29 p.m. PDT","24794704571","Order","701-4474664-8420240","MSCA-D70-7-4","ANGOOL Wireless Strapless Bra for Women Seamless Push Up Non-Slip Full Support Non Removable Padded Bandeau Bra, Brown, L","1","amazon.ca","Amazon","St Catharines","Ontario","L2R 1Z","Combined TCS+MTC","25.49","3.31","3.49","0","0","0","0","0","-3.49","0","-3.31","-4.33","-7.65","0","0","13.51"
"Oct 29, 2025 1:13:06 p.m. PDT","24794704571","Fulfilment by Amazon customer return fee","701-9103960-1341041","X004L5YB51","FBA Customer Return Per Unit Fee (Clothing & Shoes)","","Amazon.ca","","","","","","0","0","0","0","0","0","0","0","0","0","0","0","-4.92","0","0","-4.92"
"Oct 29, 2025 1:29:51 p.m. PDT","24794704571","Order","702-1364131-8289038","MSCA-D70-2-2","ANGOOL Wireless Strapless Bra for Women Seamless Push Up Non-Slip Full Support Non Removable Padded Bandeau Bra, Black, S","1","amazon.ca","Amazon","Richmond","British Columbia","V7A 3J","Combined TCS+MTC","25.49","3.06","0","0","0","0","0","0","0","0","-3.06","-4.33","-7.13","0","0","14.03"
"Oct 29, 2025 1:44:02 p.m. PDT","24794704571","Fulfilment by Amazon customer return fee","702-2043184-8296263","X004L5KSKD","FBA Customer Return Per Unit Fee (Clothing & Shoes)","","Amazon.ca","","","","","","0","0","0","0","0","0","0","0","0","0","0","0","-5.28","0","0","-5.28"
"Oct 29, 2025 2:04:19 p.m. PDT","24794704571","Refund","702-9453305-6071407","MSCA-D77-7-6","ANGOOL Racerback Bras for Women Wire Free Sexy V Neck Lace Bralette Adjustable Strap Full Coverage Padded Bra, Brown, XXL","1","amazon.ca","Amazon","London","Ontario","N6J 1B","Combined TCS+MTC","-23.99","-3.12","-1.74","0","0","0","0","0","1.74","0","3.12","3.26","0","0","0","-20.73"
"Oct 29, 2025 3:13:47 p.m. PDT","24794704571","Order","702-5483464-9401034","MSCA-D70-5-4","ANGOOL Wireless Strapless Bra for Women Seamless Push Up Non-Slip Full Support Non Removable Padded Bandeau Bra, Beige, L","1","amazon.ca","Amazon","Saskatoon","SK","S7R 1E","Combined TCS+MTC","25.49","2.80","0","0","0","0","0","0","0","0","-2.80","-4.33","-7.65","0","0","13.51"
"Oct 29, 2025 3:22:08 p.m. PDT","24794704571","Order","702-5279978-2701818","MSCA-D70-25-4","ANGOOL Wireless Strapless Bra for Women Seamless Push Up Non-Slip Full Support Non Removable Padded Bandeau Bra, Black+Beige, L","1","amazon.ca","Amazon","Eden","Ontario","N0J 1H","Combined TCS+MTC","36.54","4.75","0","0","0","0","0","0","0","0","-4.75","-6.21","-8.74","0","0","21.59"
"Oct 29, 2025 3:27:35 p.m. PDT","24794704571","Fulfilment by Amazon customer return fee","702-8746972-2382604","X004L5ZNMB","FBA Customer Return Per Unit Fee (Clothing & Shoes)","","Amazon.ca","","","","","","0","0","0","0","0","0","0","0","0","0","0","0","-4.67","0","0","-4.67"
"Oct 29, 2025 3:39:28 p.m. PDT","24794704571","Refund","702-3079135-3628239","MSCA-D70-7-4","ANGOOL Wireless Strapless Bra for Women Seamless Push Up Non-Slip Full Support Non Removable Padded Bandeau Bra, Brown, L","1","amazon.ca","Amazon","Grande Prairie","Alberta","T8V 7S","Combined TCS+MTC","-25.49","-1.27","0","0","0","0","0","0","0","0","1.27","3.46","0","0","0","-22.03"
"Oct 29, 2025 4:05:35 p.m. PDT","24794704571","Order","701-4038124-8588235","MSCA-D70-5-5","ANGOOL Wireless Strapless Bra for Women Seamless Push Up Non-Slip Full Support Non Removable Padded Bandeau Bra, Beige, XL","1","amazon.ca","Amazon","Calgary","Alberta","T3M 1Z","Combined TCS+MTC","25.49","1.27","0","0","0","0","0","0","0","0","-1.27","-4.33","-7.65","0","0","13.51"
"Oct 29, 2025 4:16:48 p.m. PDT","24794704571","Refund","702-0961207-7717846","MSCA-D74-7-3","ANGOOL V Neck Seamless Bralette for Women Full Coverage Wireless Padded Bra No Underwire Non Removable Pads Push Up Bras, Brown, M","1","amazon.ca","Amazon","Mississauga","Ontario","L5A 2K","Combined TCS+MTC","-22.09","-2.87","0","0","0","0","0","0","0","0","2.87","3.01","0","0","0","-19.08"
"Oct 29, 2025 6:10:04 p.m. PDT","24794704571","Order","702-9534769-9070634","MSCA-D70-5-4","ANGOOL Wireless Strapless Bra for Women Seamless Push Up Non-Slip Full Support Non Removable Padded Bandeau Bra, Beige, L","1","amazon.ca","Amazon","Waterdown","Ontario","L8B 0S","Combined TCS+MTC","25.49","3.31","0","0","0","0","0","0","0","0","-3.31","-4.33","-7.65","0","0","13.51"
"Oct 29, 2025 7:14:01 p.m. PDT","24794704571","Order","702-4981758-3533055","MSCA-D70-5-2","ANGOOL Wireless Strapless Bra for Women Seamless Push Up Non-Slip Full Support Non Removable Padded Bandeau Bra, Beige, S","1","amazon.ca","Amazon","Whitehorse","Yukon","Y1A 5N","Combined TCS+MTC","25.49","1.27","0","0","0","0","0","0","0","0","-1.27","-4.33","-7.84","0","0","13.32"
"Oct 29, 2025 7:28:31 p.m. PDT","24794704571","Refund","702-9151745-1025026","MSCA-D76-2-3","ANGOOL Sports Bras for Women Seamless Backless Criss Cross Strappy Sports Bra Without Underwire for Workout Gym Yoga, Black, M","1","amazon.ca","Amazon","London","Ontario","N5Y 3B","Combined TCS+MTC","-19.19","-2.49","-3.50","0","0","0","0","0","3.50","0","2.49","1.54","0","0","0","-17.65"
"Oct 29, 2025 8:19:18 p.m. PDT","24794704571","Order","702-5045745-7337833","MSCA-D70-6-4","ANGOOL Wireless Strapless Bra for Women Seamless Push Up Non-Slip Full Support Non Removable Padded Bandeau Bra, White, L","1","amazon.ca","Amazon","Toronto","Ontario","M4T 1B","Combined TCS+MTC","25.49","3.31","0","0","0","0","0","0","0","0","-3.31","-4.33","-7.13","0","0","14.03"
"Oct 29, 2025 8:26:26 p.m. PDT","24794704571","Refund","702-3449671-7705853","MSCA-D70-2-4","ANGOOL Wireless Strapless Bra for Women Seamless Push Up Non-Slip Full Support Non Removable Padded Bandeau Bra, Black, L","1","amazon.ca","Amazon","Kelowna","British Columbia","V1V3C","Combined TCS+MTC","-25.49","-3.06","0","0","0","0","0","0","0","0","3.06","3.46","0","0","0","-22.03"
"Oct 29, 2025 9:11:07 p.m. PDT","24794704571","Order","702-1021348-6335448","MSCA-D70-6-3","ANGOOL Wireless Strapless Bra for Women Seamless Push Up Non-Slip Full Support Non Removable Padded Bandeau Bra, White, M","1","amazon.ca","Amazon","Calgary","Alberta","T2X 3S","Combined TCS+MTC","25.49","1.27","3.50","0","0","0","0","0","-3.50","0","-1.27","-4.33","-7.13","0","0","14.03"
"Oct 29, 2025 9:12:22 p.m. PDT","24794704571","Refund","702-2465079-9143455","MSCA-D70-6-3","ANGOOL Wireless Strapless Bra for Women Seamless Push Up Non-Slip Full Support Non Removable Padded Bandeau Bra, White, M","1","amazon.ca","Amazon","Kelowna","British Columbia","V1V3C","Combined TCS+MTC","-25.49","-3.06","0","0","0","0","0","0","0","0","3.06","3.46","0","0","0","-22.03"
"Oct 29, 2025 9:56:02 p.m. PDT","24794704571","Order","702-5075134-0093812","MSCA-D70-25-4","ANGOOL Wireless Strapless Bra for Women Seamless Push Up Non-Slip Full Support Non Removable Padded Bandeau Bra, Black+Beige, L","1","amazon.ca","Amazon","Fort Saskatchewan","Alberta","T8L 0B","Combined TCS+MTC","36.54","1.83","6.99","0","0","0","0","0","-6.99","0","-1.83","-6.21","-8.74","0","0","21.59"
"Oct 29, 2025 10:51:58 p.m. PDT","24794704571","Order","702-5082944-5991404","MSCA-D70-25-3","ANGOOL Wireless Strapless Bra for Women Seamless Push Up Non-Slip Full Support Non Removable Padded Bandeau Bra, Black+Beige, M","1","amazon.ca","Amazon","Woodbridge","Ontario","L4H 0V","Combined TCS+MTC","36.54","4.75","6.99","0","0","0","0","0","-6.99","0","-4.75","-6.21","-7.84","0","0","22.49"
"Oct 29, 2025 10:54:24 p.m. PDT","24794704571","Order","701-3775237-2685846","MSCA-D70-2-3","ANGOOL Wireless Strapless Bra for Women Seamless Push Up Non-Slip Full Support Non Removable Padded Bandeau Bra, Black, M","1","amazon.ca","Amazon","Oshawa","Ontario","L1H 1Z","Combined TCS+MTC","25.49","3.31","6.99","0","0","0","0","0","-6.99","0","-3.31","-4.33","-7.65","0","0","13.51"
"Oct 29, 2025 10:55:47 p.m. PDT","24794704571","Fulfilment by Amazon customer return fee","702-3342578-2297059","X004P4NM5N","FBA Customer Return Per Unit Fee (Clothing & Shoes)","","Amazon.ca","","","","","","0","0","0","0","0","0","0","0","0","0","0","0","-4.92","0","0","-4.92"
"Oct 29, 2025 11:07:56 p.m. PDT","24794704571","Order","702-3028328-0582621","MSCA-D70-5-3","ANGOOL Wireless Strapless Bra for Women Seamless Push Up Non-Slip Full Support Non Removable Padded Bandeau Bra, Beige, M","1","amazon.ca","Amazon","Okotoks","Alberta","T1S 2L","Combined TCS+MTC","25.49","1.27","3.50","0","0","0","0","0","-3.50","0","-1.27","-4.33","-7.13","0","0","14.03"
"Oct 29, 2025 11:22:33 p.m. PDT","24794704571","Order","702-4986221-3245007","MSCA-D70-5-4","ANGOOL Wireless Strapless Bra for Women Seamless Push Up Non-Slip Full Support Non Removable Padded Bandeau Bra, Beige, L","1","amazon.ca","Amazon","Midland","Ontario","L4R 2J","Combined TCS+MTC","25.49","3.31","0","0","0","0","0","0","0","0","-3.31","-4.33","-7.65","0","0","13.51"
"Oct 30, 2025 1:06:54 a.m. PDT","24794704571","Order","701-2372591-1859401","MSCA-D70-25-3","ANGOOL Wireless Strapless Bra for Women Seamless Push Up Non-Slip Full Support Non Removable Padded Bandeau Bra, Black+Beige, M","1","amazon.ca","Amazon","Edmonton","Alberta","T6T1K","Combined TCS+MTC","36.54","1.83","3.49","0","0","0","0","0","-3.49","0","-1.83","-6.21","-7.84","0","0","22.49"
"Oct 30, 2025 1:20:40 a.m. PDT","24794704571","Order","702-5280819-3057046","MSCA-D70-5-2","ANGOOL Wireless Strapless Bra for Women Seamless Push Up Non-Slip Full Support Non Removable Padded Bandeau Bra, Beige, S","1","amazon.ca","Amazon","Waterloo","Ontario","N2T 2N","Combined TCS+MTC","25.49","3.31","0","0","0","0","0","0","0","0","-3.31","-4.33","-7.84","0","0","13.32"
"Oct 30, 2025 1:21:04 a.m. PDT","24794704571","Order","701-1027917-0849853","MSCA-D70-5-2","ANGOOL Wireless Strapless Bra for Women Seamless Push Up Non-Slip Full Support Non Removable Padded Bandeau Bra, Beige, S","1","amazon.ca","Amazon","Saint-Charles-Borromee","Quebec","J6E 7Y","Combined TCS+MTC","25.49","3.82","0","0","0","0","0","0","0","0","-3.82","-4.33","-7.84","0","0","13.32"
"Oct 30, 2025 1:24:56 a.m. PDT","24794704571","Order","701-4695157-7075412","MSCA-D70-6-2","ANGOOL Wireless Strapless Bra for Women Seamless Push Up Non-Slip Full Support Non Removable Padded Bandeau Bra, White, S","1","amazon.ca","Amazon","Calgary","Alberta","T2A 0M","Combined TCS+MTC","25.49","1.27","0","0","0","0","0","0","0","0","-1.27","-4.33","-6.74","0","0","14.42"
"Oct 30, 2025 1:26:13 a.m. PDT","24794704571","Order","701-4399536-6276206","MSCA-D76-208-5","ANGOOL Sports Bras for Women Seamless Backless Criss Cross Strappy Sports Bra Without Underwire for Workout Gym Yoga, Black+Grey+Green, XL","1","amazon.ca","Amazon","East York","Ontario","M4K 2K","Combined TCS+MTC","31.99","4.16","0","0","0","0","0","0","0","0","-4.16","-5.44","-6.49","0","0","20.06"
"Oct 30, 2025 1:26:14 a.m. PDT","24794704571","Order","702-5589738-7615402","MSCA-D70-5-2","ANGOOL Wireless Strapless Bra for Women Seamless Push Up Non-Slip Full Support Non Removable Padded Bandeau Bra, Beige, S","1","amazon.ca","Amazon","Milton","Ontario","L9T5T","Combined TCS+MTC","25.49","3.31","0","0","0","0","0","0","0","0","-3.31","-4.33","-7.84","0","0","13.32"
"Oct 30, 2025 1:44:31 a.m. PDT","24794704571","Order","702-2490415-7434607","MSCA-D70-2-5","ANGOOL Wireless Strapless Bra for Women Seamless Push Up Non-Slip Full Support Non Removable Padded Bandeau Bra, Black, XL","1","amazon.ca","Amazon","Brampton","Ontario","L6S 4M","Combined TCS+MTC","25.49","3.31","0","0","0","0","0","0","0","0","-3.31","-4.33","-7.65","0","0","13.51"
"Oct 30, 2025 3:22:56 a.m. PDT","24794704571","Adjustment","701-0546800-2278648","MSCA-D70-5-2","FBA Inventory Reimbursement - Customer Return","1","","","","","","","0","0","0","0","0","0","0","0","0","0","0","0","0","0","17.05","17.05"
"Oct 30, 2025 5:42:25 a.m. PDT","24794704571","Fulfilment by Amazon customer return fee","702-8345084-8074669","X004L5VMH1","FBA Customer Return Per Unit Fee (Clothing & Shoes)","","Amazon.ca","","","","","","0","0","0","0","0","0","0","0","0","0","0","0","-4.92","0","0","-4.92"
"Oct 30, 2025 9:09:44 a.m. PDT","24794704571","Fulfilment by Amazon customer return fee","702-1970079-9797010","X004L631E7","FBA Customer Return Per Unit Fee (Clothing & Shoes)","","Amazon.ca","","","","","","0","0","0","0","0","0","0","0","0","0","0","0","-4.98","0","0","-4.98"
"Oct 30, 2025 10:26:07 a.m. PDT","24794704571","Order","702-7433485-6045817","MSCA-D70-25-3","ANGOOL Wireless Strapless Bra for Women Seamless Push Up Non-Slip Full Support Non Removable Padded Bandeau Bra, Black+Beige, M","1","amazon.ca","Amazon","brampton","ontario","L6S 5G","Combined TCS+MTC","36.54","4.75","1.75","0","0","0","0","0","-1.75","0","-4.75","-6.21","-7.84","0","0","22.49"
"Oct 30, 2025 12:03:19 p.m. PDT","24794704571","Order","701-4662116-8116260","MSCA-D70-25-5","ANGOOL Wireless Strapless Bra for Women Seamless Push Up Non-Slip Full Support Non Removable Padded Bandeau Bra, Black+Beige, XL","1","amazon.ca","Amazon","Quebec","Quebec","G1L 1Y","Combined TCS+MTC","36.54","5.47","0","0","0","0","0","0","0","0","-5.47","-6.21","-8.17","0","0","22.16"
"Oct 30, 2025 12:17:02 p.m. PDT","24794704571","Adjustment","","MSCA-D70-25-3","FBA Inventory Reimbursement - Damaged:Warehouse","1","","","","","","","0","0","0","0","0","0","0","0","0","0","0","0","0","0","11.76","11.76"
"Oct 30, 2025 1:45:35 p.m. PDT","24794704571","Refund","701-2964033-2184208","MSCA-D70-5-3","ANGOOL Wireless Strapless Bra for Women Seamless Push Up Non-Slip Full Support Non Removable Padded Bandeau Bra, Beige, M","1","amazon.ca","Amazon","Port Stanley","Ontario","N5L 1J","Combined TCS+MTC","-25.49","-3.31","0","0","0","0","0","0","0","0","3.31","3.46","0","0","0","-22.03"
"Oct 30, 2025 2:14:31 p.m. PDT","24794704571","Refund","702-6306315-0124205","MSCA-D70-25-2","ANGOOL Wireless Strapless Bra for Women Seamless Push Up Non-Slip Full Support Non Removable Padded Bandeau Bra, Black+Beige, S","1","amazon.ca","Amazon","Morden","Manitoba","R6M 0E","Combined TCS+MTC","-36.54","-4.38","0","0","0","0","0","0","0","0","4.38","4.97","0","0","0","-31.57"
"Oct 30, 2025 2:46:11 p.m. PDT","24794704571","Refund","701-9925420-8693055","MSCA-D70-5-2","ANGOOL Wireless Strapless Bra for Women Seamless Push Up Non-Slip Full Support Non Removable Padded Bandeau Bra, Beige, S","1","amazon.ca","Amazon","Regina","Saskatchewan","S4W 0H","Combined TCS+MTC","-25.49","-2.80","0","0","0","0","0","0","0","0","2.80","3.46","0","0","0","-22.03"
"Oct 30, 2025 2:46:11 p.m. PDT","24794704571","Refund","701-9925420-8693055","MSCA-D70-5-4","ANGOOL Wireless Strapless Bra for Women Seamless Push Up Non-Slip Full Support Non Removable Padded Bandeau Bra, Beige, L","1","amazon.ca","Amazon","Regina","Saskatchewan","S4W 0H","Combined TCS+MTC","-25.49","-2.80","0","0","0","0","0","0","0","0","2.80","3.46","0","0","0","-22.03"
"Oct 30, 2025 3:16:27 p.m. PDT","24794704571","Order","701-5526462-9813059","MSCA-D70-25-6","ANGOOL Wireless Strapless Bra for Women Seamless Push Up Non-Slip Full Support Non Removable Padded Bandeau Bra, Black+Beige, XXL","1","amazon.ca","Amazon","Saint-Leonard","Quebec","H1P 3C","Combined TCS+MTC","36.54","5.47","0","0","0","0","0","0","0","0","-5.47","-6.21","-7.13","0","0","23.20"
"Oct 30, 2025 3:18:09 p.m. PDT","24794704571","Order","702-9507970-9819418","MSCA-D77-7-4","ANGOOL Racerback Bras for Women Wire Free Sexy V Neck Lace Bralette Adjustable Strap Full Coverage Padded Bra, Brown, L","1","amazon.ca","Amazon","Halifax","Nova Scotia","B3M0P","Combined TCS+MTC","23.39","3.27","0","0","0","0","0","0","0","0","-3.27","-3.98","-7.13","0","0","12.28"
"Oct 30, 2025 4:19:05 p.m. PDT","24794704571","FBA Inventory Fee","702-8345084-8074669","","Fulfilment by Amazon removal order: disposal fee","","Amazon.ca","","","","","","0","0","0","0","0","0","0","0","0","0","0","0","0","0","-0.36","-0.36"
"Oct 30, 2025 4:20:48 p.m. PDT","24794704571","Order","702-2477027-5985807","MSCA-D77-7-4","ANGOOL Racerback Bras for Women Wire Free Sexy V Neck Lace Bralette Adjustable Strap Full Coverage Padded Bra, Brown, L","1","amazon.ca","Amazon","Toronto","Ontario","M5P 2N","Combined TCS+MTC","23.39","3.04","0","0","0","0","0","0","0","0","-3.04","-3.98","-7.13","0","0","12.28"
"Oct 30, 2025 5:35:50 p.m. PDT","24794704571","Fulfilment by Amazon customer return fee","701-5177284-9930619","X004L5UE9N","FBA Customer Return Per Unit Fee (Clothing & Shoes)","","Amazon.ca","","","","","","0","0","0","0","0","0","0","0","0","0","0","0","-5.15","0","0","-5.15"
"Oct 30, 2025 5:37:12 p.m. PDT","24794704571","Fulfilment by Amazon customer return fee","701-5177284-9930619","X004L612A7","FBA Customer Return Per Unit Fee (Clothing & Shoes)","","Amazon.ca","","","","","","0","0","0","0","0","0","0","0","0","0","0","0","-5.49","0","0","-5.49"
"Oct 30, 2025 6:20:00 p.m. PDT","24794704571","Order","701-2708346-7612223","MSCA-D76-208-3","ANGOOL Sports Bras for Women Seamless Backless Criss Cross Strappy Sports Bra Without Underwire for Workout Gym Yoga, Black+Grey+Green, M","1","amazon.ca","Amazon","Hanover","Ontario","N4N3M","Combined TCS+MTC","31.99","4.16","0","0","0","0","0","0","0","0","-4.16","-5.44","-6.49","0","0","20.06"
"Oct 30, 2025 6:51:49 p.m. PDT","24794704571","Order","701-5790764-5025861","MSCA-D77-5-5","ANGOOL Racerback Bras for Women Wire Free Sexy V Neck Lace Bralette Adjustable Strap Full Coverage Padded Bra, Beige, XL","1","amazon.ca","Amazon","Edwards","Ontario","K0A1V","Combined TCS+MTC","29.99","3.90","0","0","0","0","0","0","0","0","-3.90","-5.10","-7.13","0","0","17.76"
"Oct 30, 2025 6:59:02 p.m. PDT","24794704571","Order","701-1533614-2001810","MSCA-D70-7-4","ANGOOL Wireless Strapless Bra for Women Seamless Push Up Non-Slip Full Support Non Removable Padded Bandeau Bra, Brown, L","1","amazon.ca","Amazon","Ottawa","Ontario","K1S 5G","Combined TCS+MTC","25.49","3.31","6.99","0","0","0","0","0","-6.99","0","-3.31","-4.33","-7.65","0","0","13.51"
"Oct 30, 2025 7:30:00 p.m. PDT","24794704571","Order","701-0658024-8519439","MSCA-D70-2-3","ANGOOL Wireless Strapless Bra for Women Seamless Push Up Non-Slip Full Support Non Removable Padded Bandeau Bra, Black, M","1","amazon.ca","Amazon","Kitchener","Ontario","N2G 3A","Combined TCS+MTC","25.49","3.31","6.99","0","0","0","0","0","-6.99","0","-3.31","-4.33","-7.65","0","0","13.51"
"Oct 30, 2025 7:31:57 p.m. PDT","24794704571","Order","702-0480132-2985051","MSCA-D70-7-6","ANGOOL Wireless Strapless Bra for Women Seamless Push Up Non-Slip Full Support Non Removable Padded Bandeau Bra, Brown, XXL","1","amazon.ca","Amazon","Brampton","Ontario","L6P 3E","Combined TCS+MTC","25.49","3.31","1.75","0","0","0","0","0","-1.75","0","-3.31","-4.33","-7.13","0","0","14.03"
"Oct 30, 2025 7:38:49 p.m. PDT","24794704571","Refund","701-2138597-1251410","MSCA-D70-25-3","ANGOOL Wireless Strapless Bra for Women Seamless Push Up Non-Slip Full Support Non Removable Padded Bandeau Bra, Black+Beige, M","1","amazon.ca","Amazon","Pickering","Ontario","L1V 3X","Combined TCS+MTC","-36.54","-4.75","-2.33","0","0","0","0","0","2.33","0","4.75","4.97","0","0","0","-31.57"
"Oct 30, 2025 8:32:03 p.m. PDT","24794704571","Refund","702-7777312-0819438","MSCA-D77-5-6","ANGOOL Racerback Bras for Women Wire Free Sexy V Neck Lace Bralette Adjustable Strap Full Coverage Padded Bra, Beige, XXL","1","amazon.ca","Amazon","Saanichton","British Columbia","V8M 1T","Combined TCS+MTC","-23.99","-2.88","0","0","0","0","0","0","0","0","2.88","3.26","0","0","0","-20.73"
"Oct 30, 2025 8:57:06 p.m. PDT","24794704571","Order","701-7565473-5439411","MSCA-D70-25-4","ANGOOL Wireless Strapless Bra for Women Seamless Push Up Non-Slip Full Support Non Removable Padded Bandeau Bra, Black+Beige, L","1","amazon.ca","Amazon","Vaughan","ON","L4H2G","Combined TCS+MTC","36.54","4.75","3.50","0","0","0","0","0","-3.50","0","-4.75","-6.21","-8.74","0","0","21.59"
"Oct 30, 2025 9:04:46 p.m. PDT","24794704571","Order","702-8670663-3290600","MSCA-D70-25-3","ANGOOL Wireless Strapless Bra for Women Seamless Push Up Non-Slip Full Support Non Removable Padded Bandeau Bra, Black+Beige, M","1","amazon.ca","Amazon","Barrie","Ontario","L4M 2B","Combined TCS+MTC","36.54","4.75","0","0","0","0","0","0","0","0","-4.75","-6.21","-7.84","0","0","22.49"
"Oct 30, 2025 9:04:48 p.m. PDT","24794704571","Fulfilment by Amazon customer return fee","701-5070491-9573813","X004L488R9","FBA Customer Return Per Unit Fee (Clothing & Shoes)","","Amazon.ca","","","","","","0","0","0","0","0","0","0","0","0","0","0","0","-5.23","0","0","-5.23"
"Oct 30, 2025 11:19:30 p.m. PDT","24794704571","Fulfilment by Amazon customer return fee","702-0405971-0529036","X004L5UE9N","FBA Customer Return Per Unit Fee (Clothing & Shoes)","","Amazon.ca","","","","","","0","0","0","0","0","0","0","0","0","0","0","0","-5.15","0","0","-5.15"
"Oct 30, 2025 11:20:17 p.m. PDT","24794704571","Order","701-2268137-9597853","MSCA-D70-2-5","ANGOOL Wireless Strapless Bra for Women Seamless Push Up Non-Slip Full Support Non Removable Padded Bandeau Bra, Black, XL","1","amazon.ca","Amazon","Toronto","Ontario","M4L 2A","Combined TCS+MTC","25.49","3.31","0","0","0","0","0","0","0","0","-3.31","-4.33","-7.65","0","0","13.51"
"Oct 30, 2025 11:55:39 p.m. PDT","24794704571","Order","702-4947112-0855432","MSCA-D77-7-2","ANGOOL Racerback Bras for Women Wire Free Sexy V Neck Lace Bralette Adjustable Strap Full Coverage Padded Bra, Brown, S","1","amazon.ca","Amazon","St. Albert","Alberta","T8N 3G","Combined TCS+MTC","23.39","1.17","0","0","0","0","0","0","0","0","-1.17","-3.98","-7.13","0","0","12.28"
"Oct 31, 2025 12:15:09 a.m. PDT","24794704571","Fulfilment by Amazon customer return fee","702-1685383-5243417","X004L5ZNMB","FBA Customer Return Per Unit Fee (Clothing & Shoes)","","Amazon.ca","","","","","","0","0","0","0","0","0","0","0","0","0","0","0","-5.03","0","0","-5.03"
"Oct 31, 2025 12:34:41 a.m. PDT","24794704571","Order","702-7887543-0233004","MSCA-D70-7-2","ANGOOL Wireless Strapless Bra for Women Seamless Push Up Non-Slip Full Support Non Removable Padded Bandeau Bra, Brown, S","1","amazon.ca","Amazon","Peterborough","Ontario","K9H 3S","Combined TCS+MTC","25.49","3.31","0","0","0","0","0","0","0","0","-3.31","-4.33","-7.13","0","0","14.03"
"Oct 31, 2025 12:39:14 a.m. PDT","24794704571","Order","701-1719190-1185035","MSCA-D70-2-3","ANGOOL Wireless Strapless Bra for Women Seamless Push Up Non-Slip Full Support Non Removable Padded Bandeau Bra, Black, M","1","amazon.ca","Amazon","Ajax","Ontario","L1S 6C","Combined TCS+MTC","25.49","3.31","0","0","0","0","0","0","0","0","-3.31","-4.33","-7.65","0","0","13.51"
"Oct 31, 2025 12:42:09 a.m. PDT","24794704571","Order","702-6157802-9214664","MSCA-D70-5-3","ANGOOL Wireless Strapless Bra for Women Seamless Push Up Non-Slip Full Support Non Removable Padded Bandeau Bra, Beige, M","1","amazon.ca","Amazon","Windsor","Ontario","N9G 2M","Combined TCS+MTC","25.49","3.31","0","0","0","0","0","0","0","0","-3.31","-4.33","-7.13","0","0","14.03"
"Oct 31, 2025 2:12:49 a.m. PDT","24794704571","Order","701-7231769-2220201","MSCA-D70-25-3","ANGOOL Wireless Strapless Bra for Women Seamless Push Up Non-Slip Full Support Non Removable Padded Bandeau Bra, Black+Beige, M","1","amazon.ca","Amazon","La Salette","Ontario","N0E1H","Combined TCS+MTC","36.54","4.75","0","0","0","0","0","0","0","0","-4.75","-6.21","-7.84","0","0","22.49"
"Oct 31, 2025 4:42:48 a.m. PDT","24794704571","Order","701-5011661-2907408","MSCA-D70-2-4","ANGOOL Wireless Strapless Bra for Women Seamless Push Up Non-Slip Full Support Non Removable Padded Bandeau Bra, Black, L","1","amazon.ca","Amazon","Rosedale","British Columbia","V0X 1X","Combined TCS+MTC","25.49","3.06","0","0","0","0","0","0","0","0","-3.06","-4.33","-7.65","0","0","13.51"
"Oct 31, 2025 4:47:38 a.m. PDT","24794704571","Fulfilment by Amazon customer return fee","702-2930738-9594667","X004P4NM9T","FBA Customer Return Per Unit Fee (Clothing & Shoes)","","Amazon.ca","","","","","","0","0","0","0","0","0","0","0","0","0","0","0","-4.92","0","0","-4.92"
"Oct 31, 2025 4:48:08 a.m. PDT","24794704571","Refund","702-3726424-6529803","MSCA-D70-5-4","ANGOOL Wireless Strapless Bra for Women Seamless Push Up Non-Slip Full Support Non Removable Padded Bandeau Bra, Beige, L","1","amazon.ca","Amazon","Fruitvale","British Columbia","V0G 1L","Combined TCS+MTC","-25.49","-3.06","0","0","0","0","0","0","0","0","3.06","3.46","0","0","0","-22.03"
"Oct 31, 2025 6:28:47 a.m. PDT","24794704571","Fulfilment by Amazon customer return fee","702-2743317-8369022","X004L4RA87","FBA Customer Return Per Unit Fee (Clothing & Shoes)","","Amazon.ca","","","","","","0","0","0","0","0","0","0","0","0","0","0","0","-5.28","0","0","-5.28"
"Oct 31, 2025 6:37:37 a.m. PDT","24794704571","Fulfilment by Amazon customer return fee","701-6973084-3736209","X004L5UE9N","FBA Customer Return Per Unit Fee (Clothing & Shoes)","","Amazon.ca","","","","","","0","0","0","0","0","0","0","0","0","0","0","0","-5.15","0","0","-5.15"
"Oct 31, 2025 8:42:26 a.m. PDT","24794704571","Order","702-4572562-9499406","MSCA-D77-5-2","ANGOOL Racerback Bras for Women Wire Free Sexy V Neck Lace Bralette Adjustable Strap Full Coverage Padded Bra, Beige, S","1","amazon.ca","Amazon","Ile Des Chenes East","Manitoba","R0A 0T","Combined TCS+MTC","23.39","2.81","2.94","0","0","0","0","0","-2.94","0","-2.81","-3.98","-7.13","0","0","12.28"
"Oct 31, 2025 9:36:55 a.m. PDT","24794704571","Refund","701-2396171-8265824","MSCA-D70-2-4","ANGOOL Wireless Strapless Bra for Women Seamless Push Up Non-Slip Full Support Non Removable Padded Bandeau Bra, Black, L","1","amazon.ca","Amazon","Welland","Ontario","L3B 0G","Combined TCS+MTC","-25.49","-3.31","0","0","0","0","0","0","0","0","3.31","3.46","0","0","0","-22.03"
"Oct 31, 2025 10:03:48 a.m. PDT","24794704571","Refund","701-0960703-8192257","MSCA-D70-5-2","ANGOOL Wireless Strapless Bra for Women Seamless Push Up Non-Slip Full Support Non Removable Padded Bandeau Bra, Beige, S","1","amazon.ca","Amazon","Woodbridge","Ontario","L4L 3Z","Combined TCS+MTC","-25.49","-3.31","0","0","0","0","0","0","0","0","3.31","3.46","0","0","0","-22.03"
"Oct 31, 2025 10:31:18 a.m. PDT","24794704571","Order","702-4136335-1841857","MSCA-D70-25-3","ANGOOL Wireless Strapless Bra for Women Seamless Push Up Non-Slip Full Support Non Removable Padded Bandeau Bra, Black+Beige, M","1","amazon.ca","Amazon","Morden","Manitoba","R6M 0E","Combined TCS+MTC","36.54","4.38","0","0","0","0","0","0","0","0","-4.38","-6.21","-7.84","0","0","22.49"
"Oct 31, 2025 10:44:05 a.m. PDT","24794704571","Fulfilment by Amazon customer return fee","701-3734623-3960232","X004L5ZMNV","FBA Customer Return Per Unit Fee (Clothing & Shoes)","","Amazon.ca","","","","","","0","0","0","0","0","0","0","0","0","0","0","0","-4.92","0","0","-4.92"
"Oct 31, 2025 10:45:07 a.m. PDT","24794704571","Refund","702-5082944-5991404","MSCA-D70-25-3","ANGOOL Wireless Strapless Bra for Women Seamless Push Up Non-Slip Full Support Non Removable Padded Bandeau Bra, Black+Beige, M","1","amazon.ca","Amazon","Woodbridge","Ontario","L4H 0V","Combined TCS+MTC","-36.54","-4.75","-6.99","0","0","0","0","0","6.99","0","4.75","4.97","0","0","0","-31.57"
"Oct 31, 2025 11:32:27 a.m. PDT","24794704571","Order","702-4572562-9499406","MSCA-D77-7-3","ANGOOL Racerback Bras for Women Wire Free Sexy V Neck Lace Bralette Adjustable Strap Full Coverage Padded Bra, Brown, M","1","amazon.ca","Amazon","Ile Des Chenes East","Manitoba","R0A 0T","Combined TCS+MTC","23.39","2.81","2.94","0","0","0","0","0","-2.94","0","-2.81","-3.98","-7.13","0","0","12.28"
"Oct 31, 2025 11:43:41 a.m. PDT","24794704571","Refund","701-2799956-7168245","MSCA-D70-5-3","ANGOOL Wireless Strapless Bra for Women Seamless Push Up Non-Slip Full Support Non Removable Padded Bandeau Bra, Beige, M","1","amazon.ca","Amazon","Waterdown","Ontario","L8B 0M","Combined TCS+MTC","-25.49","-3.31","0","0","0","0","0","0","0","0","3.31","3.46","0","0","0","-22.03"
"Oct 31, 2025 2:25:05 p.m. PDT","24794704571","Refund","701-0306636-9274669","MSCA-D77-7-4","ANGOOL Racerback Bras for Women Wire Free Sexy V Neck Lace Bralette Adjustable Strap Full Coverage Padded Bra, Brown, L","1","amazon.ca","Amazon","Magrath","Alberta","T0K 1J","Combined TCS+MTC","-23.99","-1.20","0","0","0","0","0","0","0","0","1.20","3.26","0","0","0","-20.73"
"Oct 31, 2025 4:34:53 p.m. PDT","24794704571","Refund","701-1760558-7184234","MSCA-D76-206-4","ANGOOL Sports Bras for Women Seamless Backless Criss Cross Strappy Sports Bra Without Underwire for Workout Gym Yoga, Black+Grey+White, L","1","amazon.ca","Amazon","Chilliwack","British Columbia","V2R 0P","Combined TCS+MTC","-31.99","-3.84","0","0","0","0","0","0","0","0","3.84","4.35","0","0","0","-27.64"
"Oct 31, 2025 5:15:21 p.m. PDT","24794704571","Order","702-3319623-1898629","MSCA-D70-5-5","ANGOOL Wireless Strapless Bra for Women Seamless Push Up Non-Slip Full Support Non Removable Padded Bandeau Bra, Beige, XL","1","amazon.ca","Amazon","Sarnia","Ontario","N7X 1E","Combined TCS+MTC","25.49","3.31","0","0","0","0","0","0","0","0","-3.31","-4.33","-7.65","0","0","13.51"
"Oct 31, 2025 5:40:50 p.m. PDT","24794704571","Order","701-5506067-5571419","MSCA-D70-25-4","ANGOOL Wireless Strapless Bra for Women Seamless Push Up Non-Slip Full Support Non Removable Padded Bandeau Bra, Black+Beige, L","1","amazon.ca","Amazon","Vernon","British Columbia","V1T 8W","Combined TCS+MTC","36.54","4.38","0","0","0","0","0","0","0","0","-4.38","-6.21","-9.35","0","0","20.98"
"Oct 31, 2025 6:00:44 p.m. PDT","24794704571","Fulfilment by Amazon customer return fee","701-2073446-6117862","X004L5Z3KD","FBA Customer Return Per Unit Fee (Clothing & Shoes)","","Amazon.ca","","","","","","0","0","0","0","0","0","0","0","0","0","0","0","-5.03","0","0","-5.03"
"Oct 31, 2025 6:04:03 p.m. PDT","24794704571","Fulfilment by Amazon customer return fee","702-5376802-2984200","X004L5UE9N","FBA Customer Return Per Unit Fee (Clothing & Shoes)","","Amazon.ca","","","","","","0","0","0","0","0","0","0","0","0","0","0","0","-5.15","0","0","-5.15"
"Oct 31, 2025 6:16:10 p.m. PDT","24794704571","Order","701-5736199-1075435","MSCA-D70-6-3","ANGOOL Wireless Strapless Bra for Women Seamless Push Up Non-Slip Full Support Non Removable Padded Bandeau Bra, White, M","1","amazon.ca","Amazon","Hamilton Township","Ontario","K0L 1E","Combined TCS+MTC","25.49","3.31","0","0","0","0","0","0","0","0","-3.31","-4.33","-7.13","0","0","14.03"
"Oct 31, 2025 6:18:33 p.m. PDT","24794704571","Order","701-9237185-5368250","MSCA-D76-208-3","ANGOOL Sports Bras for Women Seamless Backless Criss Cross Strappy Sports Bra Without Underwire for Workout Gym Yoga, Black+Grey+Green, M","1","amazon.ca","Amazon","Hanover","Ontario","N4N3M","Combined TCS+MTC","29.99","3.90","0","0","0","0","0","0","0","0","-3.90","-5.10","-6.49","0","0","18.40"
"Oct 31, 2025 6:19:48 p.m. PDT","24794704571","Order","701-4539762-3157022","MSCA-D77-2-4","ANGOOL Racerback Bras for Women Wire Free Sexy V Neck Lace Bralette Adjustable Strap Full Coverage Padded Bra, Black, L","1","amazon.ca","Amazon","Deseronto","Ontario","K0K 1X","Combined TCS+MTC","23.39","3.04","0","0","0","0","0","0","0","0","-3.04","-3.98","-7.13","0","0","12.28"
"Oct 31, 2025 8:06:25 p.m. PDT","24794704571","Fulfilment by Amazon customer return fee","702-0020406-2125026","X004P52E65","FBA Customer Return Per Unit Fee (Clothing & Shoes)","","Amazon.ca","","","","","","0","0","0","0","0","0","0","0","0","0","0","0","-4.92","0","0","-4.92"
"Oct 31, 2025 8:11:49 p.m. PDT","24794704571","Fulfilment by Amazon customer return fee","702-1642206-0781865","X004L5YB51","FBA Customer Return Per Unit Fee (Clothing & Shoes)","","Amazon.ca","","","","","","0","0","0","0","0","0","0","0","0","0","0","0","-4.92","0","0","-4.92"
"Oct 31, 2025 9:22:58 p.m. PDT","24794704571","Order","702-4960044-4649810","MSCA-D70-7-5","ANGOOL Wireless Strapless Bra for Women Seamless Push Up Non-Slip Full Support Non Removable Padded Bandeau Bra, Brown, XL","1","amazon.ca","Amazon","Waterloo","Ontario","N2K 3Y","Combined TCS+MTC","25.49","3.31","0","0","0","0","0","0","0","0","-3.31","-4.33","-7.65","0","0","13.51"
"Oct 31, 2025 10:07:27 p.m. PDT","24794704571","Refund","701-8328336-5900211","MSCA-D70-5-3","ANGOOL Wireless Strapless Bra for Women Seamless Push Up Non-Slip Full Support Non Removable Padded Bandeau Bra, Beige, M","1","amazon.ca","Amazon","Lacombe","Alberta","T4L 0A","Combined TCS+MTC","-25.49","-1.27","0","0","0","0","0","0","0","0","1.27","3.46","0","0","0","-22.03"
"Oct 31, 2025 10:45:43 p.m. PDT","24794704571","Order","702-2652668-4234619","MSCA-D70-5-4","ANGOOL Wireless Strapless Bra for Women Seamless Push Up Non-Slip Full Support Non Removable Padded Bandeau Bra, Beige, L","1","amazon.ca","Amazon","Mount Albert","Ontario","L0G 1M","Combined TCS+MTC","25.49","3.31","0","0","0","0","0","0","0","0","-3.31","-4.33","-7.65","0","0","13.51"
"Oct 31, 2025 10:45:43 p.m. PDT","24794704571","Order","702-2652668-4234619","MSCA-D70-5-3","ANGOOL Wireless Strapless Bra for Women Seamless Push Up Non-Slip Full Support Non Removable Padded Bandeau Bra, Beige, M","1","amazon.ca","Amazon","Mount Albert","Ontario","L0G 1M","Combined TCS+MTC","25.49","3.31","0","0","0","0","0","0","0","0","-3.31","-4.33","-7.13","0","0","14.03"
"Nov 1, 2025 2:58:10 a.m. PDT","24794704571","Order","701-6506431-4673816","MSCA-D70-7-3","ANGOOL Wireless Strapless Bra for Women Seamless Push Up Non-Slip Full Support Non Removable Padded Bandeau Bra, Brown, M","1","amazon.ca","Amazon","Calgary","Alberta","T2X 5X","Combined TCS+MTC","25.49","1.27","0","0","0","0","0","0","0","0","-1.27","-4.33","-7.84","0","0","13.32"
"Nov 1, 2025 3:28:27 a.m. PDT","24794704571","Service Fee","","","Subscription","","Amazon.ca","","","","","","0","0","0","0","0","0","0","0","0","0","0","0","0","0","-12.71","-12.71"
"Nov 1, 2025 3:41:23 a.m. PDT","24794704571","Order","701-5368533-2342616","MSCA-D70-5-3","ANGOOL Wireless Strapless Bra for Women Seamless Push Up Non-Slip Full Support Non Removable Padded Bandeau Bra, Beige, M","1","amazon.ca","Amazon","wheatley","Ontario","N0P2P","Combined TCS+MTC","25.49","3.31","0","0","0","0","0","0","0","0","-3.31","-4.33","-7.63","0","0","13.53"
"Nov 1, 2025 9:23:51 a.m. PDT","24794704571","Refund","701-8870160-3362652","MSCA-D70-2-3","ANGOOL Wireless Strapless Bra for Women Seamless Push Up Non-Slip Full Support Non Removable Padded Bandeau Bra, Black, M","1","amazon.ca","Amazon","Toronto","Ontario","M4L 6S","Combined TCS+MTC","-25.49","-3.31","0","0","0","0","0","0","0","0","3.31","3.46","0","0","0","-22.03"
"Nov 1, 2025 10:10:57 a.m. PDT","24794704571","Fulfilment by Amazon customer return fee","702-1865247-9688206","X004L5YB51","FBA Customer Return Per Unit Fee (Clothing & Shoes)","","Amazon.ca","","","","","","0","0","0","0","0","0","0","0","0","0","0","0","-4.92","0","0","-4.92"
"Nov 1, 2025 11:14:00 a.m. PDT","24794704571","Refund","702-4878099-8577044","MSCA-D70-2-5","ANGOOL Wireless Strapless Bra for Women Seamless Push Up Non-Slip Full Support Non Removable Padded Bandeau Bra, Black, XL","1","amazon.ca","Amazon","Hamilton","On","L8K 2J","Combined TCS+MTC","-25.49","-3.31","-2.33","0","0","0","0","0","2.33","0","3.31","3.46","0","0","0","-22.03"
"Nov 1, 2025 11:41:57 a.m. PDT","24794704571","Fulfilment by Amazon customer return fee","701-6665720-1089850","X004L5YB51","FBA Customer Return Per Unit Fee (Clothing & Shoes)","","Amazon.ca","","","","","","0","0","0","0","0","0","0","0","0","0","0","0","-4.87","0","0","-4.87"
"Nov 1, 2025 11:46:05 a.m. PDT","24794704571","Refund","701-0482390-4036213","MSCA-D70-5-4","ANGOOL Wireless Strapless Bra for Women Seamless Push Up Non-Slip Full Support Non Removable Padded Bandeau Bra, Beige, L","1","amazon.ca","Amazon","Quebec","Quebec","G1E 0H","Combined TCS+MTC","-25.49","-3.82","0","0","0","0","0","0","0","0","3.82","3.46","0","0","0","-22.03"
"Nov 1, 2025 12:58:25 p.m. PDT","24794704571","Order","701-3260769-4074607","MSCA-D70-25-5","ANGOOL Wireless Strapless Bra for Women Seamless Push Up Non-Slip Full Support Non Removable Padded Bandeau Bra, Black+Beige, XL","1","amazon.ca","Amazon","Kanata","Ontario","K2M 2Z","Combined TCS+MTC","36.54","4.75","6.99","0","0","0","0","0","-6.99","0","-4.75","-6.21","-8.17","0","0","22.16"
"Nov 1, 2025 4:52:19 p.m. PDT","24794704571","Order","701-4574618-6154621","MSCA-D70-5-2","ANGOOL Wireless Strapless Bra for Women Seamless Push Up Non-Slip Full Support Non Removable Padded Bandeau Bra, Beige, S","1","amazon.ca","Amazon","Calgary","AB","T3H 3E","Combined TCS+MTC","25.49","1.27","0","0","0","0","0","0","0","0","-1.27","-4.33","-7.84","0","0","13.32"
"Nov 1, 2025 5:25:25 p.m. PDT","24794704571","Order","701-0832567-8209804","MSCA-D70-7-4","ANGOOL Wireless Strapless Bra for Women Seamless Push Up Non-Slip Full Support Non Removable Padded Bandeau Bra, Brown, L","1","amazon.ca","Amazon","Calgary","Alberta","T2X 4G","Combined TCS+MTC","25.49","1.27","0","0","0","0","0","0","0","0","-1.27","-4.33","-7.65","0","0","13.51"
"Nov 1, 2025 5:51:28 p.m. PDT","24794704571","Order","701-0913581-5337843","MSCA-D74-5-3","ANGOOL V Neck Seamless Bralette for Women Full Coverage Wireless Padded Bra No Underwire Non Removable Pads Push Up Bras, Beige, M","1","amazon.ca","Amazon","Stittsville","Ontario","K2S 2N","Combined TCS+MTC","21.31","2.77","0","0","0","0","0","0","0","0","-2.77","-3.62","-8.17","0","0","9.52"
"Nov 1, 2025 7:32:17 p.m. PDT","24794704571","Order","702-7895051-8410634","MSCA-D74-2-4","ANGOOL V Neck Seamless Bralette for Women Full Coverage Wireless Padded Bra No Underwire Non Removable Pads Push Up Bras, Black, L","1","amazon.ca","Amazon","Québec","Québec","G1L 4T","Combined TCS+MTC","21.31","3.19","0","0","0","0","0","0","0","0","-3.19","-3.62","-8.17","0","0","9.52"
"Nov 1, 2025 9:37:10 p.m. PDT","24794704571","Fulfilment by Amazon customer return fee","702-8611644-8796264","X004L5XHYH","FBA Customer Return Per Unit Fee (Clothing & Shoes)","","Amazon.ca","","","","","","0","0","0","0","0","0","0","0","0","0","0","0","-5.15","0","0","-5.15"
"Nov 1, 2025 9:51:02 p.m. PDT","24794704571","Fulfilment by Amazon customer return fee","702-2351221-2669047","X004L5XHYH","FBA Customer Return Per Unit Fee (Clothing & Shoes)","","Amazon.ca","","","","","","0","0","0","0","0","0","0","0","0","0","0","0","-5.15","0","0","-5.15"
"Nov 1, 2025 10:08:55 p.m. PDT","24794704571","Adjustment","702-3782670-1636227","MSCA-D70-25-4","FBA Inventory Reimbursement - Customer Return","1","","","","","","","0","0","0","0","0","0","0","0","0","0","0","0","0","0","26.94","26.94"
"Nov 1, 2025 10:22:26 p.m. PDT","24794704571","Order","702-4463336-9900204","MSCA-D70-5-3","ANGOOL Wireless Strapless Bra for Women Seamless Push Up Non-Slip Full Support Non Removable Padded Bandeau Bra, Beige, M","1","amazon.ca","Amazon","Edmonton","Alberta","T6W 1X","Combined TCS+MTC","25.49","1.27","3.50","0","0","0","0","0","-3.50","0","-1.27","-4.33","-7.13","0","0","14.03"
"Nov 1, 2025 10:26:18 p.m. PDT","24794704571","Refund","701-1340191-3366648","MSCA-D70-5-2","ANGOOL Wireless Strapless Bra for Women Seamless Push Up Non-Slip Full Support Non Removable Padded Bandeau Bra, Beige, S","1","amazon.ca","Amazon","Ladysmith","British Columbia","V9G1B","Combined TCS+MTC","-28.49","-3.42","0","0","0","0","0","0","0","0","3.42","3.87","0","0.10","0","-24.52"
"Nov 1, 2025 11:03:09 p.m. PDT","24794704571","Order","701-8422013-2902604","MSCA-D70-25-6","ANGOOL Wireless Strapless Bra for Women Seamless Push Up Non-Slip Full Support Non Removable Padded Bandeau Bra, Black+Beige, XXL","1","amazon.ca","Amazon","Toronto","Ontario","M4L 2A","Combined TCS+MTC","36.54","4.75","0","0","0","0","0","0","0","0","-4.75","-6.21","-7.13","0","0","23.20"
"Nov 1, 2025 11:13:30 p.m. PDT","24794704571","Order","702-1647529-2568226","MSCA-D70-25-3","ANGOOL Wireless Strapless Bra for Women Seamless Push Up Non-Slip Full Support Non Removable Padded Bandeau Bra, Black+Beige, M","1","amazon.ca","Amazon","Georgetown","Ontario","L7G 3H","Combined TCS+MTC","36.54","4.75","6.99","0","0","0","0","0","-6.99","0","-4.75","-6.21","-7.84","0","0","22.49"
"Nov 1, 2025 11:14:20 p.m. PDT","24794704571","Order","702-3771338-3459449","MSCA-D70-5-3","ANGOOL Wireless Strapless Bra for Women Seamless Push Up Non-Slip Full Support Non Removable Padded Bandeau Bra, Beige, M","1","amazon.ca","Amazon","Chicoutimi","Quebec","G7H 0C","Combined TCS+MTC","25.49","3.82","0","0","0","0","0","0","0","0","-3.82","-4.33","-7.13","0","0","14.03"
"Nov 2, 2025 12:38:02 a.m. PDT","24794704571","Order","701-6471029-4884222","MSCA-D70-5-4","ANGOOL Wireless Strapless Bra for Women Seamless Push Up Non-Slip Full Support Non Removable Padded Bandeau Bra, Beige, L","1","amazon.ca","Amazon","Beaumont","Alberta","T4X 2X","Combined TCS+MTC","25.49","1.27","0","0","0","0","0","0","0","0","-1.27","-4.33","-7.65","0","0","13.51"
"Nov 2, 2025 1:10:18 a.m. PDT","24794704571","Order","702-9726397-4349854","MSCA-D77-2-6","ANGOOL Racerback Bras for Women Wire Free Sexy V Neck Lace Bralette Adjustable Strap Full Coverage Padded Bra, Black, XXL","1","amazon.ca","Amazon","Midland","Ontario","L4R 4K","Combined TCS+MTC","23.39","3.04","0","0","0","0","0","0","0","0","-3.04","-3.98","-7.13","0","0","12.28"
"Nov 2, 2025 3:44:44 a.m. PST","24794704571","Order","701-8309270-2725835","MSCA-D70-7-3","ANGOOL Wireless Strapless Bra for Women Seamless Push Up Non-Slip Full Support Non Removable Padded Bandeau Bra, Brown, M","1","amazon.ca","Amazon","Red Deer County","Alberta","T4E 1J","Combined TCS+MTC","25.49","1.27","0","0","0","0","0","0","0","0","-1.27","-4.33","-7.84","0","0","13.32"
"Nov 2, 2025 4:12:01 a.m. PST","24794704571","Order","702-6304984-2221825","MSCA-D70-5-2","ANGOOL Wireless Strapless Bra for Women Seamless Push Up Non-Slip Full Support Non Removable Padded Bandeau Bra, Beige, S","1","amazon.ca","Amazon","Coquitlam","British Columbia","V3J 0N","Combined TCS+MTC","25.49","3.06","0","0","0","0","0","0","0","0","-3.06","-4.33","-8.39","0","0","12.77"
"Nov 2, 2025 4:17:41 a.m. PST","24794704571","Adjustment","701-1061378-6357007","MSCA-D70-5-3","FBA Inventory Reimbursement - Customer Return","1","","","","","","","0","0","0","0","0","0","0","0","0","0","0","0","0","0","16.27","16.27"
"Nov 2, 2025 8:11:16 a.m. PST","24794704571","FBA Inventory Fee","702-1865247-9688206","","Fulfilment by Amazon removal order: disposal fee","","Amazon.ca","","","","","","0","0","0","0","0","0","0","0","0","0","0","0","0","0","-0.36","-0.36"
"Nov 2, 2025 8:19:24 a.m. PST","24794704571","Order","702-9550686-4517067","MSCA-D70-5-3","ANGOOL Wireless Strapless Bra for Women Seamless Push Up Non-Slip Full Support Non Removable Padded Bandeau Bra, Beige, M","1","amazon.ca","Amazon","Maberly","Ontario","K0H2B","Combined TCS+MTC","25.49","3.31","0","0","0","0","0","0","0","0","-3.31","-4.33","-7.13","0","0","14.03"
"Nov 2, 2025 8:19:43 a.m. PST","24794704571","FBA Inventory Fee","701-3418341-7064261","","Fulfilment by Amazon removal order: disposal fee","","Amazon.ca","","","","","","0","0","0","0","0","0","0","0","0","0","0","0","0","0","-0.36","-0.36"
"Nov 2, 2025 9:19:35 a.m. PST","24794704571","Order","702-5060257-9377044","MSCA-D70-5-2","ANGOOL Wireless Strapless Bra for Women Seamless Push Up Non-Slip Full Support Non Removable Padded Bandeau Bra, Beige, S","1","amazon.ca","Amazon","Coquitlam","British Columbia","V3E 1N","Combined TCS+MTC","25.49","3.06","0","0","0","0","0","0","0","0","-3.06","-4.33","-7.84","0","0","13.32"
"Nov 2, 2025 9:46:18 a.m. PST","24794704571","Fulfilment by Amazon customer return fee","702-9240927-3052249","X004L5KTDT","FBA Customer Return Per Unit Fee (Clothing & Shoes)","","Amazon.ca","","","","","","0","0","0","0","0","0","0","0","0","0","0","0","-5.15","0","0","-5.15"
"Nov 2, 2025 10:16:42 a.m. PST","24794704571","Order","702-3204150-1211446","MSCA-D70-25-4","ANGOOL Wireless Strapless Bra for Women Seamless Push Up Non-Slip Full Support Non Removable Padded Bandeau Bra, Black+Beige, L","1","amazon.ca","Amazon","Georgetown","Ontario","L7G 3H","Combined TCS+MTC","36.54","4.75","6.99","0","0","0","0","0","-6.99","0","-4.75","-6.21","-8.74","0","0","21.59"
"Nov 2, 2025 11:36:58 a.m. PST","24794704571","Order","701-0878713-0147439","MSCA-D70-5-2","ANGOOL Wireless Strapless Bra for Women Seamless Push Up Non-Slip Full Support Non Removable Padded Bandeau Bra, Beige, S","1","amazon.ca","Amazon","Chicoutimi","Quebec","G7H 0C","Combined TCS+MTC","25.49","3.82","0","0","0","0","0","0","0","0","-3.82","-4.33","-7.84","0","0","13.32"
"Nov 2, 2025 11:41:30 a.m. PST","24794704571","Order","702-0674103-1249849","MSCA-D70-25-2","ANGOOL Wireless Strapless Bra for Women Seamless Push Up Non-Slip Full Support Non Removable Padded Bandeau Bra, Black+Beige, S","1","amazon.ca","Amazon","Quebec","Quebec","G3G 3G","Combined TCS+MTC","36.54","5.47","0","0","0","0","0","0","0","0","-5.47","-6.21","-7.84","0","0","22.49"
"Nov 2, 2025 12:54:49 p.m. PST","24794704571","Order","702-8378929-7692244","MSCA-D70-25-3","ANGOOL Wireless Strapless Bra for Women Seamless Push Up Non-Slip Full Support Non Removable Padded Bandeau Bra, Black+Beige, M","1","amazon.ca","Amazon","Chestermere","AB","T1X0P","Combined TCS+MTC","36.54","1.83","3.49","0","0","0","0","0","-3.49","0","-1.83","-6.21","-7.84","0","0","22.49"
"Nov 2, 2025 1:35:34 p.m. PST","24794704571","Order","702-8555064-4305846","MSCA-D70-2-2","ANGOOL Wireless Strapless Bra for Women Seamless Push Up Non-Slip Full Support Non Removable Padded Bandeau Bra, Black, S","1","amazon.ca","Amazon","Rocky Mountain House","Alberta","T4T 1M","Combined TCS+MTC","25.49","1.27","0","0","0","0","0","0","0","0","-1.27","-4.33","-7.13","0","0","14.03"
"Nov 2, 2025 2:21:51 p.m. PST","24794704571","Order","701-4593034-1729008","MSCA-D70-5-5","ANGOOL Wireless Strapless Bra for Women Seamless Push Up Non-Slip Full Support Non Removable Padded Bandeau Bra, Beige, XL","1","amazon.ca","Amazon","La Tuque","Quebec","G9X 1L","Combined TCS+MTC","25.49","3.82","6.23","0.93","0","0","0","0","0","0","-4.75","-4.33","-13.88","0","0","13.51"
"Nov 2, 2025 2:54:49 p.m. PST","24794704571","Order","702-2797054-2773025","MSCA-D70-6-6","ANGOOL Wireless Strapless Bra for Women Seamless Push Up Non-Slip Full Support Non Removable Padded Bandeau Bra, White, XXL","1","amazon.ca","Amazon","Petrolia","ON","N0N1R","Combined TCS+MTC","25.49","3.31","0","0","0","0","0","0","0","0","-3.31","-4.33","-7.13","0","0","14.03"
"Nov 2, 2025 3:05:37 p.m. PST","24794704571","Order","702-5945558-5577051","MSCA-D70-5-4","ANGOOL Wireless Strapless Bra for Women Seamless Push Up Non-Slip Full Support Non Removable Padded Bandeau Bra, Beige, L","1","amazon.ca","Amazon","MILTON","ON","L9T2W","Combined TCS+MTC","25.49","3.31","0","0","0","0","0","0","0","0","-3.31","-4.33","-7.65","0","0","13.51"
"Nov 2, 2025 3:05:37 p.m. PST","24794704571","Order","702-5945558-5577051","MSCA-D70-5-3","ANGOOL Wireless Strapless Bra for Women Seamless Push Up Non-Slip Full Support Non Removable Padded Bandeau Bra, Beige, M","1","amazon.ca","Amazon","MILTON","ON","L9T2W","Combined TCS+MTC","25.49","3.31","0","0","0","0","0","0","0","0","-3.31","-4.33","-7.13","0","0","14.03"
"Nov 2, 2025 3:20:40 p.m. PST","24794704571","Order","701-2637975-3070662","MSCA-D70-25-5","ANGOOL Wireless Strapless Bra for Women Seamless Push Up Non-Slip Full Support Non Removable Padded Bandeau Bra, Black+Beige, XL","1","amazon.ca","Amazon","Surrey","British Columbia","V4N 5Z","Combined TCS+MTC","36.54","4.38","0","0","0","0","0","0","0","0","-4.38","-6.21","-8.17","0","0","22.16"
"Nov 2, 2025 4:41:16 p.m. PST","24794704571","Fulfilment by Amazon customer return fee","702-9347031-1897823","X004L5U0M9","FBA Customer Return Per Unit Fee (Clothing & Shoes)","","Amazon.ca","","","","","","0","0","0","0","0","0","0","0","0","0","0","0","-5.15","0","0","-5.15"
"Nov 2, 2025 4:46:42 p.m. PST","24794704571","Refund","702-7431333-8587416","MSCA-D70-2-5","ANGOOL Wireless Strapless Bra for Women Seamless Push Up Non-Slip Full Support Non Removable Padded Bandeau Bra, Black, XL","1","amazon.ca","Amazon","Calgary","Alberta","T3A 6E","Combined TCS+MTC","-25.49","-1.27","0","0","0","0","0","0","0","0","1.27","3.46","0","0","0","-22.03"
"Nov 2, 2025 4:53:15 p.m. PST","24794704571","Fulfilment by Amazon customer return fee","702-4565956-0585012","X004L60XB1","FBA Customer Return Per Unit Fee (Clothing & Shoes)","","Amazon.ca","","","","","","0","0","0","0","0","0","0","0","0","0","0","0","-5.03","0","0","-5.03"
"Nov 2, 2025 5:14:08 p.m. PST","24794704571","Refund","701-5263713-4672238","MSCA-D70-2-6","ANGOOL Wireless Strapless Bra for Women Seamless Push Up Non-Slip Full Support Non Removable Padded Bandeau Bra, Black, XXL","1","amazon.ca","Amazon","Laval","Quebec","H7N 3Y","Combined TCS+MTC","-25.49","-3.82","0","0","0","0","0","0","0","0","3.82","3.46","0","0","0","-22.03"
"Nov 2, 2025 7:46:49 p.m. PST","24794704571","Fulfilment by Amazon customer return fee","702-9848857-2553033","X004L60XB1","FBA Customer Return Per Unit Fee (Clothing & Shoes)","","Amazon.ca","","","","","","0","0","0","0","0","0","0","0","0","0","0","0","-5.03","0","0","-5.03"
"Nov 2, 2025 8:13:46 p.m. PST","24794704571","Fulfilment by Amazon customer return fee","702-7606530-9463411","X004L5UE9N","FBA Customer Return Per Unit Fee (Clothing & Shoes)","","Amazon.ca","","","","","","0","0","0","0","0","0","0","0","0","0","0","0","-5.15","0","0","-5.15"
"Nov 2, 2025 8:40:04 p.m. PST","24794704571","Refund","702-1364131-8289038","MSCA-D70-2-2","ANGOOL Wireless Strapless Bra for Women Seamless Push Up Non-Slip Full Support Non Removable Padded Bandeau Bra, Black, S","1","amazon.ca","Amazon","Richmond","British Columbia","V7A 3J","Combined TCS+MTC","-25.49","-3.06","0","0","0","0","0","0","0","0","3.06","3.46","0","0","0","-22.03"
"Nov 2, 2025 8:46:45 p.m. PST","24794704571","Fulfilment by Amazon customer return fee","702-9233606-2298608","X004L5UE9N","FBA Customer Return Per Unit Fee (Clothing & Shoes)","","Amazon.ca","","","","","","0","0","0","0","0","0","0","0","0","0","0","0","-5.15","0","0","-5.15"
"Nov 2, 2025 8:58:40 p.m. PST","24794704571","Order","702-1513380-1625011","MSCA-D77-2-5","ANGOOL Racerback Bras for Women Wire Free Sexy V Neck Lace Bralette Adjustable Strap Full Coverage Padded Bra, Black, XL","1","amazon.ca","Amazon","Thode","SK","S7C0A","Combined TCS+MTC","23.39","2.57","0","0","0","0","0","0","0","0","-2.57","-3.98","-7.13","0","0","12.28"
"Nov 2, 2025 9:03:47 p.m. PST","24794704571","Order","701-6726964-5336255","MSCA-D70-5-4","ANGOOL Wireless Strapless Bra for Women Seamless Push Up Non-Slip Full Support Non Removable Padded Bandeau Bra, Beige, L","1","amazon.ca","Amazon","Lasalle","QC","H8P2H","Combined TCS+MTC","25.49","3.82","0","0","0","0","0","0","0","0","-3.82","-4.33","-7.65","0","0","13.51"
"Nov 2, 2025 9:36:38 p.m. PST","24794704571","Order","701-7774952-4744217","MSCA-D70-2-3","ANGOOL Wireless Strapless Bra for Women Seamless Push Up Non-Slip Full Support Non Removable Padded Bandeau Bra, Black, M","1","amazon.ca","Amazon","Mississauga","Ontario","L5W 1W","Combined TCS+MTC","25.49","3.31","0","0","0","0","0","0","0","0","-3.31","-4.33","-7.65","0","0","13.51"
"Nov 2, 2025 10:08:55 p.m. PST","24794704571","Order","701-6726964-5336255","MSCA-D70-5-5","ANGOOL Wireless Strapless Bra for Women Seamless Push Up Non-Slip Full Support Non Removable Padded Bandeau Bra, Beige, XL","1","amazon.ca","Amazon","Lasalle","QC","H8P2H","Combined TCS+MTC","25.49","3.82","0","0","0","0","0","0","0","0","-3.82","-4.33","-7.65","0","0","13.51"
"Nov 2, 2025 11:32:37 p.m. PST","24794704571","Fulfilment by Amazon customer return fee","701-2411787-6305827","X004L5Z47F","FBA Customer Return Per Unit Fee (Clothing & Shoes)","","Amazon.ca","","","","","","0","0","0","0","0","0","0","0","0","0","0","0","-5.03","0","0","-5.03"
"Nov 2, 2025 11:36:32 p.m. PST","24794704571","Fulfilment by Amazon customer return fee","702-5256739-5126613","X004L5KTDT","FBA Customer Return Per Unit Fee (Clothing & Shoes)","","Amazon.ca","","","","","","0","0","0","0","0","0","0","0","0","0","0","0","-5.15","0","0","-5.15"
"Nov 2, 2025 11:43:44 p.m. PST","24794704571","Order","701-9867279-2496246","MSCA-D70-2-3","ANGOOL Wireless Strapless Bra for Women Seamless Push Up Non-Slip Full Support Non Removable Padded Bandeau Bra, Black, M","1","amazon.ca","Amazon","Ste-Marthe-Sur-Le-Lac","Quebec","J0N 1P","Combined TCS+MTC","25.49","3.82","0","0","0","0","0","0","0","0","-3.82","-4.33","-7.65","0","0","13.51"
"Nov 2, 2025 11:45:49 p.m. PST","24794704571","Order","702-7537492-4341051","MSCA-D70-6-6","ANGOOL Wireless Strapless Bra for Women Seamless Push Up Non-Slip Full Support Non Removable Padded Bandeau Bra, White, XXL","1","amazon.ca","Amazon","Etobicoke","Ontario","M8Y 0A","Combined TCS+MTC","25.49","3.31","0","0","0","0","0","0","0","0","-3.31","-4.33","-7.13","0","0","14.03"
"Nov 3, 2025 1:02:44 a.m. PST","24794704571","Order","701-7487526-0127468","MSCA-D77-2-5","ANGOOL Racerback Bras for Women Wire Free Sexy V Neck Lace Bralette Adjustable Strap Full Coverage Padded Bra, Black, XL","1","amazon.ca","Amazon","Calgary","AB","T2Z 4W","Combined TCS+MTC","23.39","1.17","0","0","0","0","0","0","0","0","-1.17","-3.98","-7.13","0","0","12.28"
"Nov 3, 2025 5:38:30 a.m. PST","24794704571","FBA Inventory Fee","701-2073446-6117862","","Fulfilment by Amazon removal order: disposal fee","","Amazon.ca","","","","","","0","0","0","0","0","0","0","0","0","0","0","0","0","0","-0.36","-0.36"
"Nov 3, 2025 6:39:07 a.m. PST","24794704571","Fulfilment by Amazon customer return fee","701-8259495-5665825","X004P1U489","FBA Customer Return Per Unit Fee (Clothing & Shoes)","","Amazon.ca","","","","","","0","0","0","0","0","0","0","0","0","0","0","0","-4.37","0","0","-4.37"
"Nov 3, 2025 6:49:06 a.m. PST","24794704571","Fulfilment by Amazon customer return fee","702-3209992-0925012","X004L5ZNMB","FBA Customer Return Per Unit Fee (Clothing & Shoes)","","Amazon.ca","","","","","","0","0","0","0","0","0","0","0","0","0","0","0","-5.03","0","0","-5.03"
"Nov 3, 2025 8:22:07 a.m. PST","24794704571","Order","701-7500083-3178647","MSCA-D70-25-6","ANGOOL Wireless Strapless Bra for Women Seamless Push Up Non-Slip Full Support Non Removable Padded Bandeau Bra, Black+Beige, XXL","1","amazon.ca","Amazon","Rouyn-Noranda","Quebec","J9X 3E","Combined TCS+MTC","36.54","5.47","0","0","0","0","0","0","0","0","-5.47","-6.21","-7.13","0","0","23.20"
"Nov 3, 2025 8:29:35 a.m. PST","24794704571","Fulfilment by Amazon customer return fee","702-7319964-8922664","X004L5ZNMB","FBA Customer Return Per Unit Fee (Clothing & Shoes)","","Amazon.ca","","","","","","0","0","0","0","0","0","0","0","0","0","0","0","-4.98","0","0","-4.98"
"Nov 3, 2025 1:27:42 p.m. PST","24794704571","Refund","702-1647529-2568226","MSCA-D70-25-3","ANGOOL Wireless Strapless Bra for Women Seamless Push Up Non-Slip Full Support Non Removable Padded Bandeau Bra, Black+Beige, M","1","amazon.ca","Amazon","Georgetown","Ontario","L7G 3H","Combined TCS+MTC","-36.54","-4.75","-6.99","0","0","0","0","0","6.99","0","4.75","4.97","0","0","0","-31.57"
"Nov 3, 2025 1:48:03 p.m. PST","24794704571","Order","701-6067399-3949051","MSCA-D70-5-4","ANGOOL Wireless Strapless Bra for Women Seamless Push Up Non-Slip Full Support Non Removable Padded Bandeau Bra, Beige, L","1","amazon.ca","Amazon","Thunder Bay","ON","P7J 1H","Combined TCS+MTC","25.49","3.31","2.17","0","0","0","0","0","-2.17","0","-3.31","-4.33","-7.65","0","0","13.51"
"Nov 3, 2025 1:48:03 p.m. PST","24794704571","Order","701-6067399-3949051","MSCA-D70-5-3","ANGOOL Wireless Strapless Bra for Women Seamless Push Up Non-Slip Full Support Non Removable Padded Bandeau Bra, Beige, M","1","amazon.ca","Amazon","Thunder Bay","ON","P7J 1H","Combined TCS+MTC","25.49","3.31","2.17","0","0","0","0","0","-2.17","0","-3.31","-4.33","-7.13","0","0","14.03"
"Nov 3, 2025 2:53:20 p.m. PST","24794704571","Order","701-1490989-5009825","MSCA-D70-5-3","ANGOOL Wireless Strapless Bra for Women Seamless Push Up Non-Slip Full Support Non Removable Padded Bandeau Bra, Beige, M","1","amazon.ca","Amazon","Laval","Quebec","H7A 0E","Combined TCS+MTC","25.49","3.82","0","0","0","0","0","0","0","0","-3.82","-4.33","-7.13","0","0","14.03"
"Nov 3, 2025 3:20:12 p.m. PST","24794704571","Order","702-6700751-7253026","MSCA-D70-25-2","ANGOOL Wireless Strapless Bra for Women Seamless Push Up Non-Slip Full Support Non Removable Padded Bandeau Bra, Black+Beige, S","1","amazon.ca","Amazon","Midland","Ontario","L4R 0C","Combined TCS+MTC","36.54","4.75","0","0","0","0","0","0","0","0","-4.75","-6.21","-7.84","0","0","22.49"
"Nov 3, 2025 3:45:34 p.m. PST","24794704571","Refund","702-9190051-9860263","MSCA-D70-5-4","ANGOOL Wireless Strapless Bra for Women Seamless Push Up Non-Slip Full Support Non Removable Padded Bandeau Bra, Beige, L","1","amazon.ca","Amazon","Mississauga","Ontario","L5M 4M","Combined TCS+MTC","-25.49","-3.31","-6.99","0","0","0","0","0","6.99","0","3.31","3.46","0","0","0","-22.03"
"Nov 3, 2025 4:47:20 p.m. PST","24794704571","Refund","701-4842574-7769028","MSCA-D70-5-3","ANGOOL Wireless Strapless Bra for Women Seamless Push Up Non-Slip Full Support Non Removable Padded Bandeau Bra, Beige, M","1","amazon.ca","Amazon","Vancouver","British Columbia","V5Y2K","Combined TCS+MTC","-25.49","-3.06","-6.99","0","0","0","0","0","6.99","0","3.06","3.46","0","0","0","-22.03"
"Nov 3, 2025 5:16:43 p.m. PST","24794704571","Refund","701-7386431-3963421","MSCA-D70-2-2","ANGOOL Wireless Strapless Bra for Women Seamless Push Up Non-Slip Full Support Non Removable Padded Bandeau Bra, Black, S","1","amazon.ca","Amazon","Edmonton","Alberta","T6W 0Y","Combined TCS+MTC","-25.49","-1.27","-3.49","0","0","0","0","0","3.49","0","1.27","3.46","0","0","0","-22.03"
"Nov 3, 2025 5:36:59 p.m. PST","24794704571","Fulfilment by Amazon customer return fee","702-1574327-6977805","X004L5VLFT","FBA Customer Return Per Unit Fee (Clothing & Shoes)","","Amazon.ca","","","","","","0","0","0","0","0","0","0","0","0","0","0","0","-4.92","0","0","-4.92"
"Nov 3, 2025 6:35:37 p.m. PST","24794704571","Order","701-4188333-6860224","MSCA-D70-2-3","ANGOOL Wireless Strapless Bra for Women Seamless Push Up Non-Slip Full Support Non Removable Padded Bandeau Bra, Black, M","1","amazon.ca","Amazon","Adstock","Québec","G0N 1S","Combined TCS+MTC","25.49","3.82","0","0","0","0","0","0","0","0","-3.82","-4.33","-7.65","0","0","13.51"
"Nov 3, 2025 6:41:11 p.m. PST","24794704571","Order","702-0625366-1872237","MSCA-D70-5-3","ANGOOL Wireless Strapless Bra for Women Seamless Push Up Non-Slip Full Support Non Removable Padded Bandeau Bra, Beige, M","1","amazon.ca","Amazon","Port Alberni","British Columbia","V9Y 8S","Combined TCS+MTC","25.49","3.06","0","0","0","0","0","0","0","0","-3.06","-4.33","-7.63","0","0","13.53"
"Nov 3, 2025 7:25:54 p.m. PST","24794704571","Refund","701-5944359-1565064","MSCA-D70-25-5","ANGOOL Wireless Strapless Bra for Women Seamless Push Up Non-Slip Full Support Non Removable Padded Bandeau Bra, Black+Beige, XL","1","amazon.ca","Amazon","Vernon","British Columbia","V1T 8W","Combined TCS+MTC","-36.54","-4.38","0","0","0","0","0","0","0","0","4.38","4.97","0","0","0","-31.57"
"Nov 3, 2025 7:27:40 p.m. PST","24794704571","Refund","702-5945558-5577051","MSCA-D70-5-3","ANGOOL Wireless Strapless Bra for Women Seamless Push Up Non-Slip Full Support Non Removable Padded Bandeau Bra, Beige, M","1","amazon.ca","Amazon","MILTON","ON","L9T2W","Combined TCS+MTC","-25.49","-3.31","0","0","0","0","0","0","0","0","3.31","3.46","0","0","0","-22.03"
"Nov 3, 2025 8:02:34 p.m. PST","24794704571","Fulfilment by Amazon customer return fee","701-0879149-6705006","X004L5KTDT","FBA Customer Return Per Unit Fee (Clothing & Shoes)","","Amazon.ca","","","","","","0","0","0","0","0","0","0","0","0","0","0","0","-5.15","0","0","-5.15"
"Nov 3, 2025 8:03:06 p.m. PST","24794704571","Fulfilment by Amazon customer return fee","701-0879149-6705006","X004L5VLD1","FBA Customer Return Per Unit Fee (Clothing & Shoes)","","Amazon.ca","","","","","","0","0","0","0","0","0","0","0","0","0","0","0","-5.03","0","0","-5.03"
"Nov 3, 2025 10:36:37 p.m. PST","24794704571","Order","702-2614705-0185030","MSCA-D77-6-6","ANGOOL Racerback Bras for Women Wire Free Sexy V Neck Lace Bralette Adjustable Strap Full Coverage Padded Bra, White, XXL","1","amazon.ca","Amazon","Midland","Ontario","L4R 4K","Combined TCS+MTC","23.39","3.04","0","0","0","0","0","0","0","0","-3.04","-3.98","-7.13","0","0","12.28"
"Nov 3, 2025 11:09:31 p.m. PST","24794704571","Order","702-7281767-6741815","MSCA-D77-6-4","ANGOOL Racerback Bras for Women Wire Free Sexy V Neck Lace Bralette Adjustable Strap Full Coverage Padded Bra, White, L","1","amazon.ca","Amazon","Calgary","Alberta","T2Z 3B","Combined TCS+MTC","23.39","1.17","0","0","0","0","0","0","0","0","-1.17","-3.98","-7.13","0","0","12.28"
"Nov 4, 2025 12:22:27 a.m. PST","24794704571","Order","702-1805474-9217852","MSCA-D70-5-3","ANGOOL Wireless Strapless Bra for Women Seamless Push Up Non-Slip Full Support Non Removable Padded Bandeau Bra, Beige, M","1","amazon.ca","Amazon","Vancouver","British Columbia","V6J 3L","Combined TCS+MTC","25.49","3.06","6.99","0","0","0","0","0","-6.99","0","-3.06","-4.33","-7.63","0","0","13.53"
"Nov 4, 2025 12:56:28 a.m. PST","24794704571","Order","701-6994552-4914629","MSCA-D70-5-3","ANGOOL Wireless Strapless Bra for Women Seamless Push Up Non-Slip Full Support Non Removable Padded Bandeau Bra, Beige, M","1","amazon.ca","Amazon","Mississauga","Ontario","L5M 1M","Combined TCS+MTC","25.49","3.31","0","0","0","0","0","0","0","0","-3.31","-4.33","-7.13","0","0","14.03"
"Nov 4, 2025 1:21:43 a.m. PST","24794704571","Adjustment","701-4914247-5302624","MSCA-D70-5-4","FBA Inventory Reimbursement - Customer Return","1","","","","","","","0","0","0","0","0","0","0","0","0","0","0","0","0","0","17.24","17.24"
"Nov 4, 2025 1:29:45 a.m. PST","24794704571","Order","702-8330392-0363425","MSCA-D70-25-2","ANGOOL Wireless Strapless Bra for Women Seamless Push Up Non-Slip Full Support Non Removable Padded Bandeau Bra, Black+Beige, S","1","amazon.ca","Amazon","Toronto","Ontario","M5M 1M","Combined TCS+MTC","36.54","4.75","0","0","0","0","0","0","0","0","-4.75","-6.21","-7.84","0","0","22.49"
"Nov 4, 2025 1:34:56 a.m. PST","24794704571","Order","702-1339764-6181013","MSCA-D70-5-3","ANGOOL Wireless Strapless Bra for Women Seamless Push Up Non-Slip Full Support Non Removable Padded Bandeau Bra, Beige, M","1","amazon.ca","Amazon","Winnipeg","Manitoba","R3R 3J","Combined TCS+MTC","25.49","3.06","0","0","0","0","0","0","0","0","-3.06","-4.33","-7.13","0","0","14.03"
"Nov 4, 2025 1:36:10 a.m. PST","24794704571","Order","701-9828919-2849059","MSCA-D70-25-3","ANGOOL Wireless Strapless Bra for Women Seamless Push Up Non-Slip Full Support Non Removable Padded Bandeau Bra, Black+Beige, M","1","amazon.ca","Amazon","Maple Ridge","British Columbia","V2X 0N","Combined TCS+MTC","36.54","4.38","0","0","0","0","0","0","0","0","-4.38","-6.21","-7.84","0","0","22.49"
"Nov 4, 2025 2:18:24 a.m. PST","24794704571","Order","702-2605553-5692255","MSCA-D70-6-4","ANGOOL Wireless Strapless Bra for Women Seamless Push Up Non-Slip Full Support Non Removable Padded Bandeau Bra, White, L","1","amazon.ca","Amazon","brampton","Ontario","L7A 5J","Combined TCS+MTC","25.49","3.31","0","0","0","0","0","0","0","0","-3.31","-4.33","-7.13","0","0","14.03"
"Nov 4, 2025 2:55:31 a.m. PST","24794704571","Order","702-8952224-5333810","MSCA-D70-7-3","ANGOOL Wireless Strapless Bra for Women Seamless Push Up Non-Slip Full Support Non Removable Padded Bandeau Bra, Brown, M","1","amazon.ca","Amazon","Toronto","Ontario","M5V 0P","Combined TCS+MTC","25.49","3.31","0","0","0","0","0","0","0","0","-3.31","-4.33","-7.84","0","0","13.32"
"Nov 4, 2025 7:47:40 a.m. PST","24794704571","Order","702-8555930-1551439","MSCA-D70-25-4","ANGOOL Wireless Strapless Bra for Women Seamless Push Up Non-Slip Full Support Non Removable Padded Bandeau Bra, Black+Beige, L","1","amazon.ca","Amazon","Gatineau","Quebec","J9J 0V","Combined TCS+MTC","36.54","5.47","6.99","0","0","0","0","0","-6.99","0","-5.47","-6.21","-8.74","0","0","21.59"
"Nov 4, 2025 10:55:15 a.m. PST","24794704571","Refund","701-1027917-0849853","MSCA-D70-5-2","ANGOOL Wireless Strapless Bra for Women Seamless Push Up Non-Slip Full Support Non Removable Padded Bandeau Bra, Beige, S","1","amazon.ca","Amazon","Saint-Charles-Borromee","Quebec","J6E 7Y","Combined TCS+MTC","-25.49","-3.82","0","0","0","0","0","0","0","0","3.82","3.46","0","0","0","-22.03"
"Nov 4, 2025 11:07:49 a.m. PST","24794704571","Order","702-9074817-9432226","MSCA-D70-2-3","ANGOOL Wireless Strapless Bra for Women Seamless Push Up Non-Slip Full Support Non Removable Padded Bandeau Bra, Black, M","1","amazon.ca","Amazon","Lake Louise","Alberta","T0L 1E","Combined TCS+MTC","25.49","1.27","0","0","0","0","0","0","0","0","-1.27","-4.33","-7.65","0","0","13.51"
"Nov 4, 2025 11:33:25 a.m. PST","24794704571","Order","701-2399384-4053049","MSCA-D70-7-2","ANGOOL Wireless Strapless Bra for Women Seamless Push Up Non-Slip Full Support Non Removable Padded Bandeau Bra, Brown, S","1","amazon.ca","Amazon","Stittsville","Ontario","K2V 0L","Combined TCS+MTC","25.49","3.31","3.27","0","0","0","0","0","-3.27","0","-3.31","-4.33","-7.13","0","0","14.03"
"Nov 4, 2025 11:55:02 a.m. PST","24794704571","Order","701-8964358-2897857","MSCA-D70-2-5","ANGOOL Wireless Strapless Bra for Women Seamless Push Up Non-Slip Full Support Non Removable Padded Bandeau Bra, Black, XL","1","amazon.ca","Amazon","Thunder Bay","Ontario","P7E 2Y","Combined TCS+MTC","25.49","3.31","0","0","0","0","0","0","0","0","-3.31","-4.33","-7.65","0","0","13.51"
"Nov 4, 2025 12:15:11 p.m. PST","24794704571","Refund","702-3771338-3459449","MSCA-D70-5-3","ANGOOL Wireless Strapless Bra for Women Seamless Push Up Non-Slip Full Support Non Removable Padded Bandeau Bra, Beige, M","1","amazon.ca","Amazon","Chicoutimi","Quebec","G7H 0C","Combined TCS+MTC","-25.49","-3.82","0","0","0","0","0","0","0","0","3.82","3.46","0","0","0","-22.03"
"Nov 4, 2025 12:36:16 p.m. PST","24794704571","Refund","702-4490119-3027407","MSCA-D70-25-4","ANGOOL Wireless Strapless Bra for Women Seamless Push Up Non-Slip Full Support Non Removable Padded Bandeau Bra, Black+Beige, L","1","amazon.ca","Amazon","Vancouver","British Columbia","V5Z 1Y","Combined TCS+MTC","-36.54","-4.38","-3.50","0","0","0","0","0","3.50","0","4.38","4.97","0","0","0","-31.57"
"Nov 4, 2025 1:04:32 p.m. PST","24794704571","Order","702-3291560-3718603","MSCA-D70-7-3","ANGOOL Wireless Strapless Bra for Women Seamless Push Up Non-Slip Full Support Non Removable Padded Bandeau Bra, Brown, M","1","amazon.ca","Amazon","Beaumont","Alberta","T4X 0P","Combined TCS+MTC","25.49","1.27","6.99","0","0","0","0","0","-6.99","0","-1.27","-4.33","-7.84","0","0","13.32"
"Nov 4, 2025 1:41:53 p.m. PST","24794704571","FBA Inventory Fee","701-6973084-3736209","","Fulfilment by Amazon removal order: disposal fee","","Amazon.ca","","","","","","0","0","0","0","0","0","0","0","0","0","0","0","0","0","-0.82","-0.82"
"Nov 4, 2025 2:35:26 p.m. PST","24794704571","Refund","701-2637975-3070662","MSCA-D70-25-5","ANGOOL Wireless Strapless Bra for Women Seamless Push Up Non-Slip Full Support Non Removable Padded Bandeau Bra, Black+Beige, XL","1","amazon.ca","Amazon","Surrey","British Columbia","V4N 5Z","Combined TCS+MTC","-36.54","-4.38","0","0","0","0","0","0","0","0","4.38","4.97","0","0","0","-31.57"
"Nov 4, 2025 3:15:51 p.m. PST","24794704571","FBA Inventory Fee","702-9848857-2553033","","Fulfilment by Amazon removal order: disposal fee","","Amazon.ca","","","","","","0","0","0","0","0","0","0","0","0","0","0","0","0","0","-0.36","-0.36"
"Nov 4, 2025 3:22:22 p.m. PST","24794704571","Order","701-9316123-7073820","MSCA-D70-2-4","ANGOOL Wireless Strapless Bra for Women Seamless Push Up Non-Slip Full Support Non Removable Padded Bandeau Bra, Black, L","1","amazon.ca","Amazon","Orangeville","Ontario","L9W 4P","Combined TCS+MTC","25.49","3.31","0","0","0","0","0","0","0","0","-3.31","-4.33","-7.65","0","0","13.51"
"Nov 4, 2025 3:48:01 p.m. PST","24794704571","Order","702-4237843-8978612","MSCA-D70-2-4","ANGOOL Wireless Strapless Bra for Women Seamless Push Up Non-Slip Full Support Non Removable Padded Bandeau Bra, Black, L","1","amazon.ca","Amazon","Prince George","British Columbia","V2K 5J","Combined TCS+MTC","25.49","3.06","0","0","0","0","0","0","0","0","-3.06","-4.33","-7.65","0","0","13.51"
"Nov 4, 2025 3:48:41 p.m. PST","24794704571","Refund","702-3441842-5772257","MSCA-D70-7-3","ANGOOL Wireless Strapless Bra for Women Seamless Push Up Non-Slip Full Support Non Removable Padded Bandeau Bra, Brown, M","1","amazon.ca","Amazon","Edmonton","Alberta","T6L 1V","Combined TCS+MTC","-25.49","-1.27","0","0","0","0","0","0","0","0","1.27","3.46","0","0","0","-22.03"
"Nov 4, 2025 4:01:49 p.m. PST","24794704571","Order","702-7993078-8536249","MSCA-D74-5-2","ANGOOL V Neck Seamless Bralette for Women Full Coverage Wireless Padded Bra No Underwire Non Removable Pads Push Up Bras, Beige, S","1","amazon.ca","Amazon","Moose jaw","Saskatchewan","S6H 0J","Combined TCS+MTC","21.31","2.34","0","0","0","0","0","0","0","0","-2.34","-3.62","-8.74","0","0","8.95"
"Nov 4, 2025 4:44:27 p.m. PST","24794704571","Refund","701-3051788-3985805","MSCA-D70-5-4","ANGOOL Wireless Strapless Bra for Women Seamless Push Up Non-Slip Full Support Non Removable Padded Bandeau Bra, Beige, L","1","amazon.ca","Amazon","Acton","Ontario","L7J 2W","Combined TCS+MTC","-25.49","-3.31","0","0","0","0","0","0","0","0","3.31","3.46","0","0","0","-22.03"
"Nov 4, 2025 7:16:11 p.m. PST","24794704571","Order","702-1930843-0241864","MSCA-D70-2-2","ANGOOL Wireless Strapless Bra for Women Seamless Push Up Non-Slip Full Support Non Removable Padded Bandeau Bra, Black, S","1","amazon.ca","Amazon","Burlington","Ontario","L7M 4K","Combined TCS+MTC","25.49","3.31","0","0","0","0","0","0","0","0","-3.31","-4.33","-7.13","0","0","14.03"
"Nov 4, 2025 7:22:14 p.m. PST","24794704571","Order","702-1091304-5706659","MSCA-D70-5-6","ANGOOL Wireless Strapless Bra for Women Seamless Push Up Non-Slip Full Support Non Removable Padded Bandeau Bra, Beige, XXL","1","amazon.ca","Amazon","Dartmouth","Nova Scotia","B3A 4V","Combined TCS+MTC","25.49","3.57","0","0","0","0","0","0","0","0","-3.57","-4.33","-7.65","0","0","13.51"
"Nov 4, 2025 7:32:00 p.m. PST","24794704571","Order","701-1497831-2403449","MSCA-D70-7-4","ANGOOL Wireless Strapless Bra for Women Seamless Push Up Non-Slip Full Support Non Removable Padded Bandeau Bra, Brown, L","1","amazon.ca","Amazon","Scarborough","Ontario","M1B 2M","Combined TCS+MTC","25.49","3.31","3.50","0","0","0","0","0","-3.50","0","-3.31","-4.33","-7.65","0","0","13.51"
"Nov 4, 2025 8:38:04 p.m. PST","24794704571","Order","701-9964665-2359444","MSCA-D74-6-4","ANGOOL V Neck Seamless Bralette for Women Full Coverage Wireless Padded Bra No Underwire Non Removable Pads Push Up Bras, White, L","1","amazon.ca","Amazon","Lethbridge","Alberta","T1K 7T","Combined TCS+MTC","21.31","1.07","0","0","0","0","0","0","0","0","-1.07","-3.62","-8.17","0","0","9.52"
"Nov 4, 2025 9:13:53 p.m. PST","24794704571","Order","701-5701510-7013848","MSCA-D70-6-3","ANGOOL Wireless Strapless Bra for Women Seamless Push Up Non-Slip Full Support Non Removable Padded Bandeau Bra, White, M","1","amazon.ca","Amazon","Ste-Marthe-Sur-Le-Lac","Quebec","J0N 1P","Combined TCS+MTC","25.49","3.82","0","0","0","0","0","0","0","0","-3.82","-4.33","-7.13","0","0","14.03"
"Nov 4, 2025 9:27:27 p.m. PST","24794704571","Order","701-6486468-3903462","MSCA-D76-206-3","ANGOOL Sports Bras for Women Seamless Backless Criss Cross Strappy Sports Bra Without Underwire for Workout Gym Yoga, Black+Grey+White, M","1","amazon.ca","Amazon","Edmonton","Alberta","T5C 3L","Combined TCS+MTC","29.99","1.50","3.49","0","0","0","0","0","-3.49","0","-1.50","-5.10","0","0","0","24.89"
"Nov 4, 2025 9:56:44 p.m. PST","24794704571","Order","702-6307100-7599457","MSCA-D70-2-2","ANGOOL Wireless Strapless Bra for Women Seamless Push Up Non-Slip Full Support Non Removable Padded Bandeau Bra, Black, S","1","amazon.ca","Amazon","Waterloo","Ontario","N2L 3X","Combined TCS+MTC","25.49","3.31","3.93","0","0","0","0","0","-3.93","0","-3.31","-4.33","-7.13","0","0","14.03"
"Nov 4, 2025 11:28:56 p.m. PST","24794704571","Order","701-2085967-6674608","MSCA-D77-2-6","ANGOOL Racerback Bras for Women Wire Free Sexy V Neck Lace Bralette Adjustable Strap Full Coverage Padded Bra, Black, XXL","1","amazon.ca","Amazon","Pakenham","Ontario","K0A 2X","Combined TCS+MTC","23.39","3.04","0","0","0","0","0","0","0","0","-3.04","-3.98","-7.13","0","0","12.28"
"Nov 4, 2025 11:28:56 p.m. PST","24794704571","Order","701-2085967-6674608","MSCA-D77-2-5","ANGOOL Racerback Bras for Women Wire Free Sexy V Neck Lace Bralette Adjustable Strap Full Coverage Padded Bra, Black, XL","1","amazon.ca","Amazon","Pakenham","Ontario","K0A 2X","Combined TCS+MTC","23.39","3.04","0","0","0","0","0","0","0","0","-3.04","-3.98","-7.13","0","0","12.28"
"Nov 5, 2025 1:26:36 a.m. PST","24794704571","Order","701-7336702-7292208","MSCA-D77-6-2","ANGOOL Racerback Bras for Women Wire Free Sexy V Neck Lace Bralette Adjustable Strap Full Coverage Padded Bra, White, S","1","amazon.ca","Amazon","Hamilton","Ontario","L8P2N","Combined TCS+MTC","23.39","3.04","0","0","0","0","0","0","0","0","-3.04","-3.98","-7.13","0","0","12.28"
"Nov 5, 2025 2:14:43 a.m. PST","24794704571","Order","701-3463587-1136227","MSCA-D70-5-3","ANGOOL Wireless Strapless Bra for Women Seamless Push Up Non-Slip Full Support Non Removable Padded Bandeau Bra, Beige, M","1","amazon.ca","Amazon","Timberlea","Nova Scotia","B3T 0E","Combined TCS+MTC","25.49","3.57","0","0","0","0","0","0","0","0","-3.57","-4.33","-7.13","0","0","14.03"
"Nov 5, 2025 2:27:27 a.m. PST","24794704571","Order","702-5195818-1281052","MSCA-D74-2-3","ANGOOL V Neck Seamless Bralette for Women Full Coverage Wireless Padded Bra No Underwire Non Removable Pads Push Up Bras, Black, M","1","amazon.ca","Amazon","Claresholm","Alberta","T0L 0T","Combined TCS+MTC","21.31","1.07","0","0","0","0","0","0","0","0","-1.07","-3.62","-8.17","0","0","9.52"
"Nov 5, 2025 7:06:41 a.m. PST","24794704571","Fulfilment by Amazon customer return fee","701-0557914-8412202","X004L5Z3KD","FBA Customer Return Per Unit Fee (Clothing & Shoes)","","Amazon.ca","","","","","","0","0","0","0","0","0","0","0","0","0","0","0","-5.03","0","0","-5.03"
"Nov 5, 2025 7:53:18 a.m. PST","24794704571","Order","702-4373707-1833826","MSCA-D70-7-3","ANGOOL Wireless Strapless Bra for Women Seamless Push Up Non-Slip Full Support Non Removable Padded Bandeau Bra, Brown, M","1","amazon.ca","Amazon","West Arichat","Nova Scotia","B0E 3J","Combined TCS+MTC","25.49","3.57","2.52","0","0","0","0","0","-2.52","0","-3.57","-4.33","-7.84","0","0","13.32"
"Nov 5, 2025 10:21:15 a.m. PST","24794704571","Order","702-7536881-9674619","MSCA-D70-25-3","ANGOOL Wireless Strapless Bra for Women Seamless Push Up Non-Slip Full Support Non Removable Padded Bandeau Bra, Black+Beige, M","1","amazon.ca","Amazon","Brampton","Ontario","L6Y 0W","Combined TCS+MTC","36.54","4.75","3.49","0","0","0","0","0","-3.49","0","-4.75","-6.21","-7.84","0","0","22.49"
"Nov 5, 2025 11:24:52 a.m. PST","24794704571","Order","701-5567079-3809845","MSCA-D70-2-3","ANGOOL Wireless Strapless Bra for Women Seamless Push Up Non-Slip Full Support Non Removable Padded Bandeau Bra, Black, M","1","amazon.ca","Amazon","Ottawa","Ontario","K2S 2N","Combined TCS+MTC","25.49","3.31","0","0","0","0","0","0","0","0","-3.31","-4.33","-7.65","0","0","13.51"
"Nov 5, 2025 11:55:57 a.m. PST","24794704571","Refund","701-7565473-5439411","MSCA-D70-25-4","ANGOOL Wireless Strapless Bra for Women Seamless Push Up Non-Slip Full Support Non Removable Padded Bandeau Bra, Black+Beige, L","1","amazon.ca","Amazon","Vaughan","ON","L4H2G","Combined TCS+MTC","-36.54","-4.75","-3.50","0","0","0","0","0","3.50","0","4.75","4.97","0","0","0","-31.57"
"Nov 5, 2025 12:56:40 p.m. PST","24794704571","Refund","702-2652668-4234619","MSCA-D70-5-4","ANGOOL Wireless Strapless Bra for Women Seamless Push Up Non-Slip Full Support Non Removable Padded Bandeau Bra, Beige, L","1","amazon.ca","Amazon","Mount Albert","Ontario","L0G 1M","Combined TCS+MTC","-25.49","-3.31","0","0","0","0","0","0","0","0","3.31","3.46","0","0","0","-22.03"
"Nov 5, 2025 1:35:10 p.m. PST","24794704571","Order","702-3747072-0445066","MSCA-D77-2-4","ANGOOL Racerback Bras for Women Wire Free Sexy V Neck Lace Bralette Adjustable Strap Full Coverage Padded Bra, Black, L","1","amazon.ca","Amazon","Capreol","Ontario","P0M 1H","Combined TCS+MTC","23.39","3.04","0","0","0","0","0","0","0","0","-3.04","-3.98","-7.13","0","0","12.28"
"Nov 5, 2025 1:42:34 p.m. PST","24794704571","Order","702-7706369-7897020","MSCA-D70-5-2","ANGOOL Wireless Strapless Bra for Women Seamless Push Up Non-Slip Full Support Non Removable Padded Bandeau Bra, Beige, S","1","amazon.ca","Amazon","Rouyn-Noranda","Quebec","J9Y 1B","Combined TCS+MTC","25.49","3.82","0","0","0","0","0","0","0","0","-3.82","-4.33","-7.84","0","0","13.32"
"Nov 5, 2025 1:42:54 p.m. PST","24794704571","Order","701-1465433-3822667","MSCA-D70-5-4","ANGOOL Wireless Strapless Bra for Women Seamless Push Up Non-Slip Full Support Non Removable Padded Bandeau Bra, Beige, L","1","amazon.ca","Amazon","Laval","Quebec","H7A 0G","Combined TCS+MTC","25.49","3.82","0","0","0","0","0","0","0","0","-3.82","-4.33","-7.65","0","0","13.51"
"Nov 5, 2025 1:51:46 p.m. PST","24794704571","Order","701-3155899-1649037","MSCA-D70-25-3","ANGOOL Wireless Strapless Bra for Women Seamless Push Up Non-Slip Full Support Non Removable Padded Bandeau Bra, Black+Beige, M","1","amazon.ca","Amazon","Kamloops","British Columbia","V2B 4Z","Combined TCS+MTC","36.54","4.38","0","0","0","0","0","0","0","0","-4.38","-6.21","-7.84","0","0","22.49"
"Nov 5, 2025 3:16:19 p.m. PST","24794704571","Order","702-5111732-9381029","MSCA-D70-2-3","ANGOOL Wireless Strapless Bra for Women Seamless Push Up Non-Slip Full Support Non Removable Padded Bandeau Bra, Black, M","1","amazon.ca","Amazon","Surrey","British Columbia","V3S 7V","Combined TCS+MTC","25.49","3.06","0","0","0","0","0","0","0","0","-3.06","-4.33","-7.65","0","0","13.51"
"Nov 5, 2025 4:16:36 p.m. PST","24794704571","Refund","702-3204150-1211446","MSCA-D70-25-4","ANGOOL Wireless Strapless Bra for Women Seamless Push Up Non-Slip Full Support Non Removable Padded Bandeau Bra, Black+Beige, L","1","amazon.ca","Amazon","Georgetown","Ontario","L7G 3H","Combined TCS+MTC","-36.54","-4.75","-6.99","0","0","0","0","0","6.99","0","4.75","4.97","0","0","0","-31.57"
"Nov 5, 2025 5:02:53 p.m. PST","24794704571","Fulfilment by Amazon customer return fee","701-7024970-0835428","X004L631E7","FBA Customer Return Per Unit Fee (Clothing & Shoes)","","Amazon.ca","","","","","","0","0","0","0","0","0","0","0","0","0","0","0","-5.03","0","0","-5.03"
"Nov 5, 2025 6:09:40 p.m. PST","24794704571","Fulfilment by Amazon customer return fee","702-0961207-7717846","X004L4RLCH","FBA Customer Return Per Unit Fee (Clothing & Shoes)","","Amazon.ca","","","","","","0","0","0","0","0","0","0","0","0","0","0","0","-5.28","0","0","-5.28"
"Nov 5, 2025 6:37:41 p.m. PST","24794704571","Order","702-6559175-6937843","MSCA-D70-5-3","ANGOOL Wireless Strapless Bra for Women Seamless Push Up Non-Slip Full Support Non Removable Padded Bandeau Bra, Beige, M","1","amazon.ca","Amazon","Stoney Creek","Ontario","L8E 5H","Combined TCS+MTC","25.49","3.31","0","0","0","0","0","0","0","0","-3.31","-4.33","-7.13","0","0","14.03"
"Nov 5, 2025 7:28:31 p.m. PST","24794704571","Order","702-9373059-5155436","MSCA-D74-5-3","ANGOOL V Neck Seamless Bralette for Women Full Coverage Wireless Padded Bra No Underwire Non Removable Pads Push Up Bras, Beige, M","1","amazon.ca","Amazon","Nanaimo","British Columbia","V9S 3T","Combined TCS+MTC","21.31","2.56","0","0","0","0","0","0","0","0","-2.56","-3.62","-8.17","0","0","9.52"
"Nov 5, 2025 9:39:14 p.m. PST","24794704571","Order","701-4975529-8078634","MSCA-D70-25-4","ANGOOL Wireless Strapless Bra for Women Seamless Push Up Non-Slip Full Support Non Removable Padded Bandeau Bra, Black+Beige, L","1","amazon.ca","Amazon","St Thomas","Ontario","N5R 0N","Combined TCS+MTC","36.54","4.75","0","0","0","0","0","0","0","0","-4.75","-6.21","-8.74","0","0","21.59"
"Nov 5, 2025 10:02:40 p.m. PST","24794704571","Order","702-7672514-8629803","MSCA-D77-2-5","ANGOOL Racerback Bras for Women Wire Free Sexy V Neck Lace Bralette Adjustable Strap Full Coverage Padded Bra, Black, XL","1","amazon.ca","Amazon","Brampton","Ontario","L6P 4H","Combined TCS+MTC","23.39","3.04","0","0","0","0","0","0","0","0","-3.04","-3.98","-7.13","0","0","12.28"
"Nov 5, 2025 10:12:02 p.m. PST","24794704571","Order","702-9281998-7693069","MSCA-D70-6-5","ANGOOL Wireless Strapless Bra for Women Seamless Push Up Non-Slip Full Support Non Removable Padded Bandeau Bra, White, XL","1","amazon.ca","Amazon","Westlock","Alberta","T7P 1T","Combined TCS+MTC","25.49","1.27","0","0","0","0","0","0","0","0","-1.27","-4.33","-7.13","0","0","14.03"
"Nov 5, 2025 10:47:29 p.m. PST","24794704571","Refund","701-7597039-2958637","MSCA-D77-7-3","ANGOOL Racerback Bras for Women Wire Free Sexy V Neck Lace Bralette Adjustable Strap Full Coverage Padded Bra, Brown, M","1","amazon.ca","Amazon","Arnprior","Ontario","K7S3G","Combined TCS+MTC","-23.99","-3.12","0","0","0","0","0","0","0","0","3.12","3.26","0","0","0","-20.73"
"Nov 5, 2025 11:57:08 p.m. PST","24794704571","Order","702-4826109-5118632","MSCA-D74-5-4","ANGOOL V Neck Seamless Bralette for Women Full Coverage Wireless Padded Bra No Underwire Non Removable Pads Push Up Bras, Beige, L","1","amazon.ca","Amazon","Port Robinson","Ontario","L0S 1K","Combined TCS+MTC","21.31","2.77","0","0","0","0","0","0","0","0","-2.77","-3.62","-8.17","0","0","9.52"
"Nov 6, 2025 5:56:30 a.m. PST","24903396241","Order","702-2031316-9581048","MSCA-D70-2-2","ANGOOL Wireless Strapless Bra for Women Seamless Push Up Non-Slip Full Support Non Removable Padded Bandeau Bra, Black, S","1","amazon.ca","Amazon","Desboro","Ontario","N0H 1K","Combined TCS+MTC","25.49","3.31","3.27","0","0","0","0","0","-3.27","0","-3.31","-4.33","-7.13","0","0","14.03"
"Nov 6, 2025 8:49:25 a.m. PST","24903396241","Fulfilment by Amazon customer return fee","702-6135020-3129861","X004L5U0M9","FBA Customer Return Per Unit Fee (Clothing & Shoes)","","Amazon.ca","","","","","","0","0","0","0","0","0","0","0","0","0","0","0","-5.15","0","0","-5.15"
"Nov 6, 2025 9:43:40 a.m. PST","24903396241","Refund","701-7026021-3413009","MSCA-D70-2-2","ANGOOL Wireless Strapless Bra for Women Seamless Push Up Non-Slip Full Support Non Removable Padded Bandeau Bra, Black, S","1","amazon.ca","Amazon","Longueuil","Quebec","J4N 1H","Combined TCS+MTC","-25.49","-3.82","0","0","0","0","0","0","0","0","3.82","3.46","0","0","0","-22.03"
"Nov 6, 2025 9:58:30 a.m. PST","24903396241","Order","702-1117547-9407404","MSCA-D70-5-4","ANGOOL Wireless Strapless Bra for Women Seamless Push Up Non-Slip Full Support Non Removable Padded Bandeau Bra, Beige, L","1","amazon.ca","Amazon","North Bay","Ontario","P1C 1G","Combined TCS+MTC","25.49","3.31","0","0","0","0","0","0","0","0","-3.31","-4.33","-7.65","0","0","13.51"
"Nov 6, 2025 10:18:24 a.m. PST","24903396241","Order","702-4082172-6937814","MSCA-D77-7-4","ANGOOL Racerback Bras for Women Wire Free Sexy V Neck Lace Bralette Adjustable Strap Full Coverage Padded Bra, Brown, L","1","amazon.ca","Amazon","Fredericton","New Brunswick","E3B 1K","Combined TCS+MTC","23.39","3.51","3.26","0","0","0","0","0","-3.26","0","-3.51","-3.98","-7.13","0","0","12.28"
"Nov 6, 2025 10:29:04 a.m. PST","24903396241","Order","701-6264550-9091440","MSCA-D77-7-5","ANGOOL Racerback Bras for Women Wire Free Sexy V Neck Lace Bralette Adjustable Strap Full Coverage Padded Bra, Brown, XL","1","amazon.ca","Amazon","Canal Flats","British Columbia","V0B 1B","Combined TCS+MTC","23.39","2.81","0","0","0","0","0","0","0","0","-2.81","-3.98","-7.13","0","0","12.28"
"Nov 6, 2025 10:48:00 a.m. PST","24903396241","Fulfilment by Amazon customer return fee","702-9453305-6071407","X004P598V9","FBA Customer Return Per Unit Fee (Clothing & Shoes)","","Amazon.ca","","","","","","0","0","0","0","0","0","0","0","0","0","0","0","-4.92","0","0","-4.92"
"Nov 6, 2025 11:23:00 a.m. PST","24903396241","FBA Inventory Fee","701-0557914-8412202","","Fulfilment by Amazon removal order: disposal fee","","Amazon.ca","","","","","","0","0","0","0","0","0","0","0","0","0","0","0","0","0","-0.36","-0.36"
"Nov 6, 2025 12:06:25 p.m. PST","24903396241","Fulfilment by Amazon customer return fee","702-2324031-7082606","X004L631E7","FBA Customer Return Per Unit Fee (Clothing & Shoes)","","Amazon.ca","","","","","","0","0","0","0","0","0","0","0","0","0","0","0","-5.03","0","0","-5.03"
"Nov 6, 2025 2:26:05 p.m. PST","24903396241","Order","702-8105629-8549041","MSCA-D70-2-4","ANGOOL Wireless Strapless Bra for Women Seamless Push Up Non-Slip Full Support Non Removable Padded Bandeau Bra, Black, L","1","amazon.ca","Amazon","Maple","Ontario","L6A 2R","Combined TCS+MTC","25.49","3.31","0","0","0","0","0","0","0","0","-3.31","-4.33","-7.65","0","0","13.51"
"Nov 6, 2025 2:35:47 p.m. PST","24903396241","Refund","701-1719190-1185035","MSCA-D70-2-3","ANGOOL Wireless Strapless Bra for Women Seamless Push Up Non-Slip Full Support Non Removable Padded Bandeau Bra, Black, M","1","amazon.ca","Amazon","Ajax","Ontario","L1S 6C","Combined TCS+MTC","-25.49","-3.31","0","0","0","0","0","0","0","0","3.31","3.46","0","0","0","-22.03"
"Nov 6, 2025 3:01:54 p.m. PST","24903396241","Fulfilment by Amazon customer return fee","701-9925420-8693055","X004L5ZNMB","FBA Customer Return Per Unit Fee (Clothing & Shoes)","","Amazon.ca","","","","","","0","0","0","0","0","0","0","0","0","0","0","0","-4.67","0","0","-4.67"
"Nov 6, 2025 3:03:11 p.m. PST","24903396241","Fulfilment by Amazon customer return fee","701-9925420-8693055","X004L5KTDT","FBA Customer Return Per Unit Fee (Clothing & Shoes)","","Amazon.ca","","","","","","0","0","0","0","0","0","0","0","0","0","0","0","-4.79","0","0","-4.79"
"Nov 6, 2025 3:25:06 p.m. PST","24903396241","Order","702-8360325-3117853","MSCA-D70-5-2","ANGOOL Wireless Strapless Bra for Women Seamless Push Up Non-Slip Full Support Non Removable Padded Bandeau Bra, Beige, S","1","amazon.ca","Amazon","Stittsville","Ontario","K2S 3B","Combined TCS+MTC","25.49","3.31","0","0","0","0","0","0","0","0","-3.31","-4.33","-7.84","0","0","13.32"
"Nov 6, 2025 5:54:40 p.m. PST","24903396241","Refund","702-0926281-0529027","MSCA-D70-25-3","ANGOOL Wireless Strapless Bra for Women Seamless Push Up Non-Slip Full Support Non Removable Padded Bandeau Bra, Black+Beige, M","1","amazon.ca","Amazon","Vernon","British Columbia","V1B 4G","Combined TCS+MTC","-36.54","-4.38","0","0","0","0","0","0","0","0","4.38","4.97","0","0","0","-31.57"
"Nov 6, 2025 7:13:46 p.m. PST","24903396241","Order","702-0658191-8204247","MSCA-D70-5-3","ANGOOL Wireless Strapless Bra for Women Seamless Push Up Non-Slip Full Support Non Removable Padded Bandeau Bra, Beige, M","1","amazon.ca","Amazon","Saint-Quentin","New Brunswick","E8A 1W","Combined TCS+MTC","25.49","3.82","0","0","0","0","0","0","0","0","-3.82","-4.33","-7.13","0","0","14.03"
"Nov 6, 2025 7:30:45 p.m. PST","24903396241","Order","701-7443067-1755465","MSCA-D77-5-6","ANGOOL Racerback Bras for Women Wire Free Sexy V Neck Lace Bralette Adjustable Strap Full Coverage Padded Bra, Beige, XXL","1","amazon.ca","Amazon","Lethbridge","Alberta","T1K 7T","Combined TCS+MTC","23.39","1.17","0","0","0","0","0","0","0","0","-1.17","-3.98","-7.13","0","0","12.28"
"Nov 6, 2025 7:31:59 p.m. PST","24903396241","Refund","701-6726964-5336255","MSCA-D70-5-5","ANGOOL Wireless Strapless Bra for Women Seamless Push Up Non-Slip Full Support Non Removable Padded Bandeau Bra, Beige, XL","1","amazon.ca","Amazon","Lasalle","QC","H8P2H","Combined TCS+MTC","-25.49","-3.82","0","0","0","0","0","0","0","0","3.82","3.46","0","0","0","-22.03"
"Nov 6, 2025 7:37:46 p.m. PST","24903396241","Order","701-5010505-6821067","MSCA-D70-5-2","ANGOOL Wireless Strapless Bra for Women Seamless Push Up Non-Slip Full Support Non Removable Padded Bandeau Bra, Beige, S","1","amazon.ca","Amazon","Medicine Hat","Alberta","T1B 2W","Combined TCS+MTC","25.49","1.27","3.27","0","0","0","0","0","-3.27","0","-1.27","-4.33","-7.84","0","0","13.32"
"Nov 6, 2025 8:35:19 p.m. PST","24903396241","Refund","702-0625366-1872237","MSCA-D70-5-3","ANGOOL Wireless Strapless Bra for Women Seamless Push Up Non-Slip Full Support Non Removable Padded Bandeau Bra, Beige, M","1","amazon.ca","Amazon","Port Alberni","British Columbia","V9Y 8S","Combined TCS+MTC","-25.49","-3.06","0","0","0","0","0","0","0","0","3.06","3.46","0","0","0","-22.03"
"Nov 6, 2025 8:57:56 p.m. PST","24903396241","Refund","702-2444074-9433865","MSCA-D70-25-2","ANGOOL Wireless Strapless Bra for Women Seamless Push Up Non-Slip Full Support Non Removable Padded Bandeau Bra, Black+Beige, S","1","amazon.ca","Amazon","LANGLEY","BC","V2Z1N","Combined TCS+MTC","-36.54","-4.38","-3.50","0","0","0","0","0","3.50","0","4.38","4.97","0","0","0","-31.57"
"Nov 6, 2025 10:20:13 p.m. PST","24903396241","Order","701-0591730-1916231","MSCA-D70-2-3","ANGOOL Wireless Strapless Bra for Women Seamless Push Up Non-Slip Full Support Non Removable Padded Bandeau Bra, Black, M","1","amazon.ca","Amazon","Shipshaw","Quebec","G7P 1E","Combined TCS+MTC","25.49","3.82","0","0","0","0","0","0","0","0","-3.82","-4.33","-7.65","0","0","13.51"
"Nov 6, 2025 10:48:09 p.m. PST","24903396241","Refund","702-1805474-9217852","MSCA-D70-5-3","ANGOOL Wireless Strapless Bra for Women Seamless Push Up Non-Slip Full Support Non Removable Padded Bandeau Bra, Beige, M","1","amazon.ca","Amazon","Vancouver","British Columbia","V6J 3L","Combined TCS+MTC","-25.49","-3.06","-6.99","0","0","0","0","0","6.99","0","3.06","3.46","0","0","0","-22.03"
"Nov 6, 2025 10:49:01 p.m. PST","24903396241","Order","702-0023800-4134619","MSCA-D70-5-4","ANGOOL Wireless Strapless Bra for Women Seamless Push Up Non-Slip Full Support Non Removable Padded Bandeau Bra, Beige, L","1","amazon.ca","Amazon","whitby","Ontario","L1N 9S","Combined TCS+MTC","25.49","3.31","3.50","0","0","0","0","0","-3.50","0","-3.31","-4.33","-7.65","0","0","13.51"
"Nov 6, 2025 11:27:24 p.m. PST","24903396241","Order","702-7852696-9598622","MSCA-D70-2-6","ANGOOL Wireless Strapless Bra for Women Seamless Push Up Non-Slip Full Support Non Removable Padded Bandeau Bra, Black, XXL","1","amazon.ca","Amazon","Chateauguay","Quebec","J6K 4Z","Combined TCS+MTC","25.49","3.82","0","0","0","0","0","0","0","0","-3.82","-4.33","-7.13","0","0","14.03"
"Nov 7, 2025 12:05:27 a.m. PST","24903396241","Order","701-8363581-0355465","MSCA-D70-7-3","ANGOOL Wireless Strapless Bra for Women Seamless Push Up Non-Slip Full Support Non Removable Padded Bandeau Bra, Brown, M","1","amazon.ca","Amazon","North Vancouver","British Columbia","V7J 3C","Combined TCS+MTC","25.49","3.06","6.99","0","0","0","0","0","-6.99","0","-3.06","-4.33","-8.39","0","0","12.77"
"Nov 7, 2025 12:34:26 a.m. PST","24903396241","Order","701-8910589-0497031","MSCA-D77-2-5","ANGOOL Racerback Bras for Women Wire Free Sexy V Neck Lace Bralette Adjustable Strap Full Coverage Padded Bra, Black, XL","1","amazon.ca","Amazon","Newmarket","Ontario","L3X 0E","Combined TCS+MTC","23.39","3.04","0","0","0","0","0","0","0","0","-3.04","-3.98","-7.13","0","0","12.28"
"Nov 7, 2025 1:10:30 a.m. PST","24903396241","Order","702-7481444-5577051","MSCA-D70-5-2","ANGOOL Wireless Strapless Bra for Women Seamless Push Up Non-Slip Full Support Non Removable Padded Bandeau Bra, Beige, S","1","amazon.ca","Amazon","Stayner","Ontario","L0M 1S","Combined TCS+MTC","25.49","3.31","0","0","0","0","0","0","0","0","-3.31","-4.33","-7.84","0","0","13.32"
"Nov 7, 2025 2:06:05 a.m. PST","24903396241","Transfer","","","To account ending with: 797","","","","","","","","0","0","0","0","0","0","0","0","0","0","0","0","0","0","-2,191.87","-2,191.87"
"Nov 7, 2025 4:14:31 a.m. PST","24903396241","Fulfilment by Amazon customer return fee","702-6306315-0124205","X004L5XHYH","FBA Customer Return Per Unit Fee (Clothing & Shoes)","","Amazon.ca","","","","","","0","0","0","0","0","0","0","0","0","0","0","0","-4.79","0","0","-4.79"
"Nov 7, 2025 6:42:51 a.m. PST","24903396241","Order","701-5158553-3412236","MSCA-D74-2-3","ANGOOL V Neck Seamless Bralette for Women Full Coverage Wireless Padded Bra No Underwire Non Removable Pads Push Up Bras, Black, M","1","amazon.ca","Amazon","Brampton","Ontario","L7A 2V","Combined TCS+MTC","21.31","2.77","0","0","0","0","0","0","0","0","-2.77","-3.62","-8.17","0","0","9.52"
"Nov 7, 2025 8:44:27 a.m. PST","24903396241","Fulfilment by Amazon customer return fee","701-2396171-8265824","X004L5Z3KD","FBA Customer Return Per Unit Fee (Clothing & Shoes)","","Amazon.ca","","","","","","0","0","0","0","0","0","0","0","0","0","0","0","-5.03","0","0","-5.03"
"Nov 7, 2025 9:06:06 a.m. PST","24903396241","FBA Inventory Fee","","","FBA storage fee","","Amazon.ca","","","","","","0","0","0","0","0","0","0","0","0","0","0","0","0","0","-491.37","-491.37"
"Nov 7, 2025 10:49:18 a.m. PST","24903396241","Order","702-4466052-4018643","MSCA-D70-2-3","ANGOOL Wireless Strapless Bra for Women Seamless Push Up Non-Slip Full Support Non Removable Padded Bandeau Bra, Black, M","1","amazon.ca","Amazon","Toronto","Ontario","M4X 1R","Combined TCS+MTC","25.49","3.31","0","0","0","0","0","0","0","0","-3.31","-4.33","-7.65","0","0","13.51"
"Nov 7, 2025 12:37:47 p.m. PST","24903396241","Order","701-0249360-5773007","MSCA-D70-7-6","ANGOOL Wireless Strapless Bra for Women Seamless Push Up Non-Slip Full Support Non Removable Padded Bandeau Bra, Brown, XXL","1","amazon.ca","Amazon","New Westminster","British Columbia","V3L 0C","Combined TCS+MTC","25.49","3.06","0","0","0","0","0","0","0","0","-3.06","-4.33","-7.13","0","0","14.03"
"Nov 7, 2025 12:55:12 p.m. PST","24903396241","Refund","701-9237185-5368250","MSCA-D76-208-3","ANGOOL Sports Bras for Women Seamless Backless Criss Cross Strappy Sports Bra Without Underwire for Workout Gym Yoga, Black+Grey+Green, M","1","amazon.ca","Amazon","Hanover","Ontario","N4N3M","Combined TCS+MTC","-29.99","-3.90","0","0","0","0","0","0","0","0","3.90","4.08","0","0","0","-25.91"
"Nov 7, 2025 12:56:00 p.m. PST","24903396241","Refund","701-2708346-7612223","MSCA-D76-208-3","ANGOOL Sports Bras for Women Seamless Backless Criss Cross Strappy Sports Bra Without Underwire for Workout Gym Yoga, Black+Grey+Green, M","1","amazon.ca","Amazon","Hanover","Ontario","N4N3M","Combined TCS+MTC","-31.99","-4.16","0","0","0","0","0","0","0","0","4.16","4.35","0","0","0","-27.64"
"Nov 7, 2025 2:26:40 p.m. PST","24903396241","Order","702-7298218-1794656","MSCA-D70-25-3","ANGOOL Wireless Strapless Bra for Women Seamless Push Up Non-Slip Full Support Non Removable Padded Bandeau Bra, Black+Beige, M","1","amazon.ca","Amazon","Bristol","Quebec","J0X 1G","Combined TCS+MTC","36.54","5.47","0","0","0","0","0","0","0","0","-5.47","-6.21","-7.84","0","0","22.49"
"Nov 7, 2025 2:35:14 p.m. PST","24903396241","Refund","701-2372591-1859401","MSCA-D70-25-3","ANGOOL Wireless Strapless Bra for Women Seamless Push Up Non-Slip Full Support Non Removable Padded Bandeau Bra, Black+Beige, M","1","amazon.ca","Amazon","Edmonton","Alberta","T6T1K","Combined TCS+MTC","-36.54","-1.83","-3.49","0","0","0","0","0","3.49","0","1.83","4.97","0","0","0","-31.57"
"Nov 7, 2025 2:37:56 p.m. PST","24903396241","Refund","702-5060257-9377044","MSCA-D70-5-2","ANGOOL Wireless Strapless Bra for Women Seamless Push Up Non-Slip Full Support Non Removable Padded Bandeau Bra, Beige, S","1","amazon.ca","Amazon","Coquitlam","British Columbia","V3E 1N","Combined TCS+MTC","-25.49","-3.06","0","0","0","0","0","0","0","0","3.06","3.46","0","0","0","-22.03"
"Nov 7, 2025 3:14:14 p.m. PST","24903396241","Refund","702-0256182-1096233","MSCA-D70-25-3","ANGOOL Wireless Strapless Bra for Women Seamless Push Up Non-Slip Full Support Non Removable Padded Bandeau Bra, Black+Beige, M","1","amazon.ca","Amazon","Cambridge","Ontario","N3H 5S","Combined TCS+MTC","-36.54","-4.75","-6.99","0","0","0","0","0","6.99","0","4.75","4.97","0","0","0","-31.57"
"Nov 7, 2025 3:37:52 p.m. PST","24903396241","Refund","702-8555930-1551439","MSCA-D70-25-4","ANGOOL Wireless Strapless Bra for Women Seamless Push Up Non-Slip Full Support Non Removable Padded Bandeau Bra, Black+Beige, L","1","amazon.ca","Amazon","Gatineau","Quebec","J9J 0V","Combined TCS+MTC","-36.54","-5.47","-6.99","0","0","0","0","0","6.99","0","5.47","4.97","0","0","0","-31.57"
"Nov 7, 2025 4:07:31 p.m. PST","24903396241","Fulfilment by Amazon customer return fee","702-5308613-9593843","X004L5Z3KD","FBA Customer Return Per Unit Fee (Clothing & Shoes)","","Amazon.ca","","","","","","0","0","0","0","0","0","0","0","0","0","0","0","-4.67","0","0","-4.67"
"Nov 7, 2025 4:13:08 p.m. PST","24903396241","Order","701-4083456-3177859","MSCA-D70-25-2","ANGOOL Wireless Strapless Bra for Women Seamless Push Up Non-Slip Full Support Non Removable Padded Bandeau Bra, Black+Beige, S","1","amazon.ca","Amazon","Stratford","Prince Edward Island","C1B 1W","Combined TCS+MTC","36.54","5.48","2.51","0","0","0","0","0","-2.51","0","-5.48","-6.21","-7.84","0","0","22.49"
"Nov 7, 2025 4:35:58 p.m. PST","24903396241","Order","701-9117738-7650614","MSCA-D74-2-3","ANGOOL V Neck Seamless Bralette for Women Full Coverage Wireless Padded Bra No Underwire Non Removable Pads Push Up Bras, Black, M","1","amazon.ca","Amazon","Hamilton","Ontario","L9A 2S","Combined TCS+MTC","21.31","2.77","3.49","0","0","0","0","0","-3.49","0","-2.77","-3.62","-8.17","0","0","9.52"
"Nov 7, 2025 5:15:27 p.m. PST","24903396241","Refund","702-4975040-1300235","MSCA-D70-2-6","ANGOOL Wireless Strapless Bra for Women Seamless Push Up Non-Slip Full Support Non Removable Padded Bandeau Bra, Black, XXL","1","amazon.ca","Amazon","Pickering","Ontario","L1X 0G","Combined TCS+MTC","-25.49","-3.31","0","0","0","0","0","0","0","0","3.31","3.46","0","0","0","-22.03"
"Nov 7, 2025 6:41:30 p.m. PST","24903396241","Order","701-7400101-1102666","MSCA-D70-2-2","ANGOOL Wireless Strapless Bra for Women Seamless Push Up Non-Slip Full Support Non Removable Padded Bandeau Bra, Black, S","1","amazon.ca","Amazon","Waterloo","Ontario","N2L 2V","Combined TCS+MTC","25.49","3.31","0","0","0","0","0","0","0","0","-3.31","-4.33","-7.13","0","0","14.03"
"Nov 7, 2025 7:32:35 p.m. PST","24903396241","Order","701-8477757-9115460","MSCA-D70-5-4","ANGOOL Wireless Strapless Bra for Women Seamless Push Up Non-Slip Full Support Non Removable Padded Bandeau Bra, Beige, L","1","amazon.ca","Amazon","Burlington","Ontario","L7L 7L","Combined TCS+MTC","25.49","3.31","0","0","0","0","0","0","0","0","-3.31","-4.33","-7.65","0","0","13.51"
"Nov 7, 2025 8:11:22 p.m. PST","24903396241","Order","702-9316990-9148265","MSCA-D70-5-4","ANGOOL Wireless Strapless Bra for Women Seamless Push Up Non-Slip Full Support Non Removable Padded Bandeau Bra, Beige, L","1","amazon.ca","Amazon","Toronto","Ontario","M6S 2L","Combined TCS+MTC","25.49","3.31","0","0","0","0","0","0","0","0","-3.31","-4.33","-7.65","0","0","13.51"
"Nov 7, 2025 9:43:53 p.m. PST","24903396241","Order","702-7420267-6317014","MSCA-D70-5-3","ANGOOL Wireless Strapless Bra for Women Seamless Push Up Non-Slip Full Support Non Removable Padded Bandeau Bra, Beige, M","1","amazon.ca","Amazon","Brampton","Ontario","L6P 4G","Combined TCS+MTC","25.49","3.31","0","0","0","0","0","0","0","0","-3.31","-4.33","-7.13","0","0","14.03"
"Nov 7, 2025 10:45:47 p.m. PST","24903396241","Fulfilment by Amazon customer return fee","702-7431333-8587416","X004L60XB1","FBA Customer Return Per Unit Fee (Clothing & Shoes)","","Amazon.ca","","","","","","0","0","0","0","0","0","0","0","0","0","0","0","-4.67","0","0","-4.67"
"Nov 8, 2025 1:02:57 a.m. PST","24903396241","Order","701-6898528-0679439","MSCA-D70-5-2","ANGOOL Wireless Strapless Bra for Women Seamless Push Up Non-Slip Full Support Non Removable Padded Bandeau Bra, Beige, S","1","amazon.ca","Amazon","Etobicoke","Ontario","M8X1Z","Combined TCS+MTC","25.49","3.31","0","0","0","0","0","0","0","0","-3.31","-4.33","-7.84","0","0","13.32"
"Nov 8, 2025 2:27:03 a.m. PST","24903396241","Order","702-1083384-6001066","MSCA-D77-6-6","ANGOOL Racerback Bras for Women Wire Free Sexy V Neck Lace Bralette Adjustable Strap Full Coverage Padded Bra, White, XXL","1","amazon.ca","Amazon","Sherbrooke","Quebec","J1N 2H","Combined TCS+MTC","23.39","3.50","3.26","0","0","0","0","0","-3.26","0","-3.50","-3.98","-7.13","0","0","12.28"
"Nov 8, 2025 2:35:43 a.m. PST","24903396241","Refund","701-2085967-6674608","MSCA-D77-2-6","ANGOOL Racerback Bras for Women Wire Free Sexy V Neck Lace Bralette Adjustable Strap Full Coverage Padded Bra, Black, XXL","1","amazon.ca","Amazon","Pakenham","Ontario","K0A 2X","Combined TCS+MTC","-23.39","-3.04","0","0","0","0","0","0","0","0","3.04","3.18","0","0","0","-20.21"
"Nov 8, 2025 3:39:25 a.m. PST","24903396241","Order","702-4037016-5241828","MSCA-D70-5-2","ANGOOL Wireless Strapless Bra for Women Seamless Push Up Non-Slip Full Support Non Removable Padded Bandeau Bra, Beige, S","1","amazon.ca","Amazon","Blackfalds","Alberta","T0M 0J","Combined TCS+MTC","25.49","1.27","0","0","0","0","0","0","0","0","-1.27","-4.33","-7.84","0","0","13.32"
"Nov 8, 2025 3:43:52 a.m. PST","24903396241","Refund","701-2085967-6674608","MSCA-D77-2-5","ANGOOL Racerback Bras for Women Wire Free Sexy V Neck Lace Bralette Adjustable Strap Full Coverage Padded Bra, Black, XL","1","amazon.ca","Amazon","Pakenham","Ontario","K0A 2X","Combined TCS+MTC","-23.39","-3.04","0","0","0","0","0","0","0","0","3.04","3.18","0","0","0","-20.21"
"Nov 8, 2025 5:20:41 a.m. PST","24903396241","Order","702-3655171-0937824","MSCA-D70-7-4","ANGOOL Wireless Strapless Bra for Women Seamless Push Up Non-Slip Full Support Non Removable Padded Bandeau Bra, Brown, L","1","amazon.ca","Amazon","Brampton","Ontario","L6Y 6H","Combined TCS+MTC","25.49","3.31","3.93","0","0","0","0","0","-3.93","0","-3.31","-4.33","-7.65","0","0","13.51"
"Nov 8, 2025 9:20:45 a.m. PST","24903396241","Order","702-2495880-1557862","MSCA-D77-6-5","ANGOOL Racerback Bras for Women Wire Free Sexy V Neck Lace Bralette Adjustable Strap Full Coverage Padded Bra, White, XL","1","amazon.ca","Amazon","kamloops","bc","V2E2S","Combined TCS+MTC","23.39","2.81","0","0","0","0","0","0","0","0","-2.81","-3.98","-7.13","0","0","12.28"
"Nov 8, 2025 10:58:02 a.m. PST","24903396241","Fulfilment by Amazon customer return fee","701-9429662-5186600","X004L5VMH1","FBA Customer Return Per Unit Fee (Clothing & Shoes)","","Amazon.ca","","","","","","0","0","0","0","0","0","0","0","0","0","0","0","-4.57","0","0","-4.57"
"Nov 8, 2025 11:23:29 a.m. PST","24903396241","Order","701-3698697-3466665","MSCA-D70-6-2","ANGOOL Wireless Strapless Bra for Women Seamless Push Up Non-Slip Full Support Non Removable Padded Bandeau Bra, White, S","1","amazon.ca","Amazon","Saint-Christophe-D'Arthabask","Quebec","G6S 0K","Combined TCS+MTC","25.49","3.82","3.93","0","0","0","0","0","-3.93","0","-3.82","-4.33","-6.74","0","0","14.42"
"Nov 8, 2025 11:55:08 a.m. PST","24903396241","Refund","702-1339764-6181013","MSCA-D70-5-3","ANGOOL Wireless Strapless Bra for Women Seamless Push Up Non-Slip Full Support Non Removable Padded Bandeau Bra, Beige, M","1","amazon.ca","Amazon","Winnipeg","Manitoba","R3R 3J","Combined TCS+MTC","-25.49","-3.06","0","0","0","0","0","0","0","0","3.06","3.46","0","0","0","-22.03"
"Nov 8, 2025 12:16:47 p.m. PST","24903396241","Fulfilment by Amazon customer return fee","702-9151745-1025026","X004P1ZJWP","FBA Customer Return Per Unit Fee (Clothing & Shoes)","","Amazon.ca","","","","","","0","0","0","0","0","0","0","0","0","0","0","0","-4.70","0","0","-4.70"
"Nov 8, 2025 1:22:03 p.m. PST","24903396241","Fulfilment by Amazon customer return fee","701-8870160-3362652","X004L5VLD1","FBA Customer Return Per Unit Fee (Clothing & Shoes)","","Amazon.ca","","","","","","0","0","0","0","0","0","0","0","0","0","0","0","-5.03","0","0","-5.03"
"Nov 8, 2025 2:10:34 p.m. PST","24903396241","Order","702-2259868-0557012","MSCA-D70-7-3","ANGOOL Wireless Strapless Bra for Women Seamless Push Up Non-Slip Full Support Non Removable Padded Bandeau Bra, Brown, M","1","amazon.ca","Amazon","Ft St John","BC","V1J4X","Combined TCS+MTC","25.49","3.06","6.23","0.75","0","0","0","0","0","0","-3.81","-4.33","-14.07","0","0","13.32"
"Nov 8, 2025 3:55:51 p.m. PST","24903396241","Refund","702-5254397-2321036","MSCA-D70-25-3","ANGOOL Wireless Strapless Bra for Women Seamless Push Up Non-Slip Full Support Non Removable Padded Bandeau Bra, Black+Beige, M","1","amazon.ca","Amazon","Windsor","Ontario","N9J 3L","Combined TCS+MTC","-36.54","-4.75","0","0","0","0","0","0","0","0","4.75","4.97","0","0","0","-31.57"
"Nov 8, 2025 4:45:48 p.m. PST","24903396241","Refund","702-4621013-7761028","MSCA-D70-5-6","ANGOOL Wireless Strapless Bra for Women Seamless Push Up Non-Slip Full Support Non Removable Padded Bandeau Bra, Beige, XXL","1","amazon.ca","Amazon","Kingston","Ontario","K7P 2A","Combined TCS+MTC","-25.49","-3.31","0","0","0","0","0","0","0","0","3.31","3.46","0","0","0","-22.03"
"Nov 8, 2025 5:32:16 p.m. PST","24903396241","Fulfilment by Amazon customer return fee","701-2138597-1251410","X004L5UE9N","FBA Customer Return Per Unit Fee (Clothing & Shoes)","","Amazon.ca","","","","","","0","0","0","0","0","0","0","0","0","0","0","0","-5.15","0","0","-5.15"
"Nov 8, 2025 5:45:14 p.m. PST","24903396241","Order","701-9574597-5878659","MSCA-D70-5-4","ANGOOL Wireless Strapless Bra for Women Seamless Push Up Non-Slip Full Support Non Removable Padded Bandeau Bra, Beige, L","1","amazon.ca","Amazon","Kelowna","British Columbia","V1Y 8P","Combined TCS+MTC","25.49","3.06","0","0","0","0","0","0","0","0","-3.06","-4.33","-7.65","0","0","13.51"
"Nov 8, 2025 5:49:49 p.m. PST","24903396241","Order","701-4910838-0639467","MSCA-D70-5-4","ANGOOL Wireless Strapless Bra for Women Seamless Push Up Non-Slip Full Support Non Removable Padded Bandeau Bra, Beige, L","1","amazon.ca","Amazon","Burnaby","British Columbia","V3N 5B","Combined TCS+MTC","25.49","3.06","0","0","0","0","0","0","0","0","-3.06","-4.33","-7.65","0","0","13.51"
"Nov 8, 2025 7:15:10 p.m. PST","24903396241","Order","701-0571132-2821866","MSCA-D70-2-3","ANGOOL Wireless Strapless Bra for Women Seamless Push Up Non-Slip Full Support Non Removable Padded Bandeau Bra, Black, M","1","amazon.ca","Amazon","Toronto","Ontario","M5R 3P","Combined TCS+MTC","25.49","3.31","0","0","0","0","0","0","0","0","-3.31","-4.33","-7.65","0","0","13.51"
"Nov 8, 2025 9:18:57 p.m. PST","24903396241","Order","701-7199773-9007454","MSCA-D70-25-4","ANGOOL Wireless Strapless Bra for Women Seamless Push Up Non-Slip Full Support Non Removable Padded Bandeau Bra, Black+Beige, L","1","amazon.ca","Amazon","Stony Mountain","Manitoba","R0C 3A","Combined TCS+MTC","36.54","4.38","0","0","0","0","0","0","0","0","-4.38","-6.21","-8.74","0","0","21.59"
"Nov 8, 2025 10:43:45 p.m. PST","24903396241","Order","702-8994064-9032244","MSCA-D70-2-5","ANGOOL Wireless Strapless Bra for Women Seamless Push Up Non-Slip Full Support Non Removable Padded Bandeau Bra, Black, XL","1","amazon.ca","Amazon","Toronto","Ontario","M6C 1A","Combined TCS+MTC","25.49","3.31","0","0","0","0","0","0","0","0","-3.31","-4.33","-7.65","0","0","13.51"
"Nov 8, 2025 10:56:15 p.m. PST","24903396241","Fulfilment by Amazon customer return fee","701-6723269-3262655","X004L5KTDT","FBA Customer Return Per Unit Fee (Clothing & Shoes)","","Amazon.ca","","","","","","0","0","0","0","0","0","0","0","0","0","0","0","-4.79","0","0","-4.79"
"Nov 9, 2025 3:04:08 a.m. PST","24903396241","Order","702-8144922-4732203","MSCA-D70-2-2","ANGOOL Wireless Strapless Bra for Women Seamless Push Up Non-Slip Full Support Non Removable Padded Bandeau Bra, Black, S","1","amazon.ca","Amazon","North York","Ontario","M3L 1G","Combined TCS+MTC","25.49","3.31","0","0","0","0","0","0","0","0","-3.31","-4.33","-7.13","0","0","14.03"
"Nov 9, 2025 5:36:18 a.m. PST","24903396241","Order","701-7626974-5653054","MSCA-D77-7-4","ANGOOL Racerback Bras for Women Wire Free Sexy V Neck Lace Bralette Adjustable Strap Full Coverage Padded Bra, Brown, L","1","amazon.ca","Amazon","Levis","Quebec","G6Y 0A","Combined TCS+MTC","23.39","3.50","2.61","0","0","0","0","0","-2.61","0","-3.50","-3.98","-7.13","0","0","12.28"
"Nov 9, 2025 7:44:51 a.m. PST","24903396241","Fulfilment by Amazon customer return fee","702-5082944-5991404","X004L5UE9N","FBA Customer Return Per Unit Fee (Clothing & Shoes)","","Amazon.ca","","","","","","0","0","0","0","0","0","0","0","0","0","0","0","-5.15","0","0","-5.15"
"Nov 9, 2025 8:06:43 a.m. PST","24903396241","Fulfilment by Amazon customer return fee","701-0960703-8192257","X004L5KTDT","FBA Customer Return Per Unit Fee (Clothing & Shoes)","","Amazon.ca","","","","","","0","0","0","0","0","0","0","0","0","0","0","0","-5.15","0","0","-5.15"
"Nov 9, 2025 10:18:54 a.m. PST","24903396241","Order","701-1371978-8831410","MSCA-D70-6-4","ANGOOL Wireless Strapless Bra for Women Seamless Push Up Non-Slip Full Support Non Removable Padded Bandeau Bra, White, L","1","amazon.ca","Amazon","Kelowna","BC","V1W 5E","Combined TCS+MTC","25.49","3.06","0","0","0","0","0","0","0","0","-3.06","-4.33","-7.13","0","0","14.03"
"Nov 9, 2025 10:54:23 a.m. PST","24903396241","FBA Inventory Fee","701-9429662-5186600","","Fulfilment by Amazon removal order: disposal fee","","Amazon.ca","","","","","","0","0","0","0","0","0","0","0","0","0","0","0","0","0","-0.36","-0.36"
"Nov 9, 2025 10:56:05 a.m. PST","24903396241","FBA Inventory Fee","702-5308613-9593843","","Fulfilment by Amazon removal order: disposal fee","","Amazon.ca","","","","","","0","0","0","0","0","0","0","0","0","0","0","0","0","0","-0.36","-0.36"
"Nov 9, 2025 11:53:26 a.m. PST","24903396241","Order","702-0398198-6417019","MSCA-D70-7-5","ANGOOL Wireless Strapless Bra for Women Seamless Push Up Non-Slip Full Support Non Removable Padded Bandeau Bra, Brown, XL","1","amazon.ca","Amazon","North Vancouver","British Columbia","V7M 1E","Combined TCS+MTC","25.49","3.06","0","0","0","0","0","0","0","0","-3.06","-4.33","-7.65","0","0","13.51"
"Nov 9, 2025 12:05:24 p.m. PST","24903396241","Order","702-7409230-7454646","MSCA-D74-2-2","ANGOOL V Neck Seamless Bralette for Women Full Coverage Wireless Padded Bra No Underwire Non Removable Pads Push Up Bras, Black, S","1","amazon.ca","Amazon","Québec","Québec","G1L 4T","Combined TCS+MTC","21.31","3.19","0","0","0","0","0","0","0","0","-3.19","-3.62","-8.17","0","0","9.52"
"Nov 9, 2025 12:05:24 p.m. PST","24903396241","Order","702-7409230-7454646","MSCA-D74-6-4","ANGOOL V Neck Seamless Bralette for Women Full Coverage Wireless Padded Bra No Underwire Non Removable Pads Push Up Bras, White, L","1","amazon.ca","Amazon","Québec","Québec","G1L 4T","Combined TCS+MTC","21.31","3.19","0","0","0","0","0","0","0","0","-3.19","-3.62","-8.17","0","0","9.52"
"Nov 9, 2025 12:39:32 p.m. PST","24903396241","Order","702-5441629-5360238","MSCA-D70-2-3","ANGOOL Wireless Strapless Bra for Women Seamless Push Up Non-Slip Full Support Non Removable Padded Bandeau Bra, Black, M","1","amazon.ca","Amazon","Kelowna","British Columbia","V1V 1Z","Combined TCS+MTC","25.49","3.06","0","0","0","0","0","0","0","0","-3.06","-4.33","-7.65","0","0","13.51"
"Nov 9, 2025 1:43:27 p.m. PST","24903396241","Order","701-5780760-7555403","MSCA-D70-25-2","ANGOOL Wireless Strapless Bra for Women Seamless Push Up Non-Slip Full Support Non Removable Padded Bandeau Bra, Black+Beige, S","1","amazon.ca","Amazon","Quebec","Quebec","G1M 2E","Combined TCS+MTC","36.54","5.47","0","0","0","0","0","0","0","0","-5.47","-6.21","-7.84","0","0","22.49"
"Nov 9, 2025 1:55:24 p.m. PST","24903396241","Order","701-5629340-0488222","MSCA-D77-2-5","ANGOOL Racerback Bras for Women Wire Free Sexy V Neck Lace Bralette Adjustable Strap Full Coverage Padded Bra, Black, XL","1","amazon.ca","Amazon","Gatineau","QC","J8L 3N","Combined TCS+MTC","23.39","3.50","0","0","0","0","0","0","0","0","-3.50","-3.98","-7.13","0","0","12.28"
"Nov 9, 2025 1:55:24 p.m. PST","24903396241","Order","701-5629340-0488222","MSCA-D77-2-4","ANGOOL Racerback Bras for Women Wire Free Sexy V Neck Lace Bralette Adjustable Strap Full Coverage Padded Bra, Black, L","1","amazon.ca","Amazon","Gatineau","QC","J8L 3N","Combined TCS+MTC","23.39","3.50","0","0","0","0","0","0","0","0","-3.50","-3.98","-7.13","0","0","12.28"
"Nov 9, 2025 2:26:14 p.m. PST","24903396241","Fulfilment by Amazon customer return fee","702-5687475-8225839","X004L5UE9N","FBA Customer Return Per Unit Fee (Clothing & Shoes)","","Amazon.ca","","","","","","0","0","0","0","0","0","0","0","0","0","0","0","-4.79","0","0","-4.79"
"Nov 9, 2025 3:05:19 p.m. PST","24903396241","Refund","701-7443067-1755465","MSCA-D77-5-6","ANGOOL Racerback Bras for Women Wire Free Sexy V Neck Lace Bralette Adjustable Strap Full Coverage Padded Bra, Beige, XXL","1","amazon.ca","Amazon","Lethbridge","Alberta","T1K 7T","Combined TCS+MTC","-23.39","-1.17","0","0","0","0","0","0","0","0","1.17","3.18","0","0","0","-20.21"
"Nov 9, 2025 4:25:20 p.m. PST","24903396241","Fulfilment by Amazon customer return fee","702-1647529-2568226","X004L5UE9N","FBA Customer Return Per Unit Fee (Clothing & Shoes)","","Amazon.ca","","","","","","0","0","0","0","0","0","0","0","0","0","0","0","-5.15","0","0","-5.15"
"Nov 9, 2025 4:28:26 p.m. PST","24903396241","Order","701-9550473-8569853","MSCA-D70-6-3","ANGOOL Wireless Strapless Bra for Women Seamless Push Up Non-Slip Full Support Non Removable Padded Bandeau Bra, White, M","1","amazon.ca","Amazon","West Vancouver","British Columbia","V7W 1G","Combined TCS+MTC","25.49","3.06","0","0","0","0","0","0","0","0","-3.06","-4.33","-7.13","0","0","14.03"
"Nov 9, 2025 5:29:06 p.m. PST","24903396241","Order","701-2208858-3442658","MSCA-D77-7-4","ANGOOL Racerback Bras for Women Wire Free Sexy V Neck Lace Bralette Adjustable Strap Full Coverage Padded Bra, Brown, L","1","amazon.ca","Amazon","Gatineau","QC","J8L 3N","Combined TCS+MTC","23.39","3.50","0","0","0","0","0","0","0","0","-3.50","-3.98","-7.13","0","0","12.28"
"Nov 9, 2025 6:13:35 p.m. PST","24903396241","Fulfilment by Amazon customer return fee","702-5945558-5577051","X004L5YB51","FBA Customer Return Per Unit Fee (Clothing & Shoes)","","Amazon.ca","","","","","","0","0","0","0","0","0","0","0","0","0","0","0","-4.92","0","0","-4.92"
"Nov 9, 2025 7:40:27 p.m. PST","24903396241","Order","701-5726754-2899454","MSCA-D70-5-3","ANGOOL Wireless Strapless Bra for Women Seamless Push Up Non-Slip Full Support Non Removable Padded Bandeau Bra, Beige, M","1","amazon.ca","Amazon","Kitchener","Ontario","N2B2M","Combined TCS+MTC","25.49","3.31","1.75","0","0","0","0","0","-1.75","0","-3.31","-4.33","-7.13","0","0","14.03"
"Nov 9, 2025 9:03:13 p.m. PST","24903396241","Order","702-5533292-4010649","MSCA-D70-2-3","ANGOOL Wireless Strapless Bra for Women Seamless Push Up Non-Slip Full Support Non Removable Padded Bandeau Bra, Black, M","1","amazon.ca","Amazon","Toronto","Ontario","M4K 1B","Combined TCS+MTC","25.49","3.31","0","0","0","0","0","0","0","0","-3.31","-4.33","-7.65","0","0","13.51"
"Nov 9, 2025 9:36:17 p.m. PST","24903396241","Refund","702-3128735-8903462","MSCA-D74-7-2","ANGOOL V Neck Seamless Bralette for Women Full Coverage Wireless Padded Bra No Underwire Non Removable Pads Push Up Bras, Brown, S","1","amazon.ca","Amazon","Surrey","British Columbia","V3Z 3W","Combined TCS+MTC","-25.99","-3.12","0","0","0","0","0","0","0","0","3.12","3.54","0","0","0","-22.45"
"Nov 9, 2025 10:52:13 p.m. PST","24903396241","Order","702-1461454-0662657","MSCA-D70-25-4","ANGOOL Wireless Strapless Bra for Women Seamless Push Up Non-Slip Full Support Non Removable Padded Bandeau Bra, Black+Beige, L","1","amazon.ca","Amazon","Ancaster","Ontario","L9G 4Y","Combined TCS+MTC","36.54","4.75","0","0","0","0","0","0","0","0","-4.75","-6.21","-8.74","0","0","21.59"
"Nov 9, 2025 11:06:56 p.m. PST","24903396241","Order","702-2655673-7782662","MSCA-D70-5-3","ANGOOL Wireless Strapless Bra for Women Seamless Push Up Non-Slip Full Support Non Removable Padded Bandeau Bra, Beige, M","1","amazon.ca","Amazon","Toronto","Ontario","M5P 3H","Combined TCS+MTC","25.49","3.31","3.50","0","0","0","0","0","-3.50","0","-3.31","-4.33","-7.13","0","0","14.03"
"Nov 10, 2025 4:33:35 a.m. PST","24903396241","Fulfilment by Amazon customer return fee","701-5263713-4672238","X004L5YB0B","FBA Customer Return Per Unit Fee (Clothing & Shoes)","","Amazon.ca","","","","","","0","0","0","0","0","0","0","0","0","0","0","0","-4.92","0","0","-4.92"
"Nov 10, 2025 7:17:00 a.m. PST","24903396241","Order","702-1280879-4439442","MSCA-D74-5-2","ANGOOL V Neck Seamless Bralette for Women Full Coverage Wireless Padded Bra No Underwire Non Removable Pads Push Up Bras, Beige, S","1","amazon.ca","Amazon","Eston","SK","S0L 1A","Combined TCS+MTC","20.79","2.29","0","0","0","0","0","0","0","0","-2.29","-3.53","-8.17","0","0","9.09"
"Nov 10, 2025 8:13:21 a.m. PST","24903396241","Order","701-9433862-5099434","MSCA-D70-2-3","ANGOOL Wireless Strapless Bra for Women Seamless Push Up Non-Slip Full Support Non Removable Padded Bandeau Bra, Black, M","1","amazon.ca","Amazon","Markham","Ontario","L3S 4B","Combined TCS+MTC","23.99","3.12","3.49","0","0","0","0","0","-3.49","0","-3.12","-4.08","-7.65","0","0","12.26"
"Nov 10, 2025 8:35:10 a.m. PST","24903396241","FBA Inventory Fee","702-5687475-8225839","","Fulfilment by Amazon removal order: disposal fee","","Amazon.ca","","","","","","0","0","0","0","0","0","0","0","0","0","0","0","0","0","-0.82","-0.82"
"Nov 10, 2025 11:35:32 a.m. PST","24903396241","FBA Inventory Fee","701-2138597-1251410","","Fulfilment by Amazon removal order: disposal fee","","Amazon.ca","","","","","","0","0","0","0","0","0","0","0","0","0","0","0","0","0","-0.82","-0.82"
"Nov 10, 2025 12:04:09 p.m. PST","24903396241","Refund","701-6486468-3903462","MSCA-D76-206-3","ANGOOL Sports Bras for Women Seamless Backless Criss Cross Strappy Sports Bra Without Underwire for Workout Gym Yoga, Black+Grey+White, M","1","amazon.ca","Amazon","Edmonton","Alberta","T5C 3L","Combined TCS+MTC","-29.99","-1.50","-3.49","0","0","0","0","0","3.49","0","1.50","4.08","0","0","0","-25.91"
"Nov 10, 2025 12:54:04 p.m. PST","24903396241","Adjustment","702-2966570-3447425","MSCA-D70-2-4","FBA Inventory Reimbursement - Customer Return","1","","","","","","","0","0","0","0","0","0","0","0","0","0","0","0","0","0","17.24","17.24"
"Nov 10, 2025 12:56:53 p.m. PST","24903396241","Refund","702-3747072-0445066","MSCA-D77-2-4","ANGOOL Racerback Bras for Women Wire Free Sexy V Neck Lace Bralette Adjustable Strap Full Coverage Padded Bra, Black, L","1","amazon.ca","Amazon","Capreol","Ontario","P0M 1H","Combined TCS+MTC","-23.39","-3.04","0","0","0","0","0","0","0","0","3.04","3.18","0","0","0","-20.21"
"Nov 10, 2025 4:53:48 p.m. PST","24903396241","Order","702-8288614-6076221","MSCA-D70-2-3","ANGOOL Wireless Strapless Bra for Women Seamless Push Up Non-Slip Full Support Non Removable Padded Bandeau Bra, Black, M","1","amazon.ca","Amazon","Pembroke","Ontario","K8A 5T","Combined TCS+MTC","25.49","3.31","0","0","0","0","0","0","0","0","-3.31","-4.33","-7.65","0","0","13.51"
"Nov 10, 2025 6:29:15 p.m. PST","24903396241","Refund","702-4572562-9499406","MSCA-D77-5-2","ANGOOL Racerback Bras for Women Wire Free Sexy V Neck Lace Bralette Adjustable Strap Full Coverage Padded Bra, Beige, S","1","amazon.ca","Amazon","Ile Des Chenes East","Manitoba","R0A 0T","Combined TCS+MTC","-23.39","-2.81","-2.94","0","0","0","0","0","2.94","0","2.81","3.18","0","0","0","-20.21"
"Nov 10, 2025 6:37:16 p.m. PST","24903396241","Refund","702-2985633-7392261","MSCA-D70-25-3","ANGOOL Wireless Strapless Bra for Women Seamless Push Up Non-Slip Full Support Non Removable Padded Bandeau Bra, Black+Beige, M","1","amazon.ca","Amazon","Collingwood","Ontario","L9Y 3H","Combined TCS+MTC","-36.54","-4.75","0","0","0","0","0","0","0","0","4.75","4.97","0","0","0","-31.57"
"Nov 10, 2025 6:37:55 p.m. PST","24903396241","Order","702-6702469-7005835","MSCA-D76-208-3","ANGOOL Sports Bras for Women Seamless Backless Criss Cross Strappy Sports Bra Without Underwire for Workout Gym Yoga, Black+Grey+Green, M","1","amazon.ca","Amazon","Hanover","Ontario","N4N3M","Combined TCS+MTC","29.99","3.90","0","0","0","0","0","0","0","0","-3.90","-5.10","0","0","0","24.89"
"Nov 10, 2025 6:38:48 p.m. PST","24903396241","Refund","702-0023800-4134619","MSCA-D70-5-4","ANGOOL Wireless Strapless Bra for Women Seamless Push Up Non-Slip Full Support Non Removable Padded Bandeau Bra, Beige, L","1","amazon.ca","Amazon","whitby","Ontario","L1N 9S","Combined TCS+MTC","-25.49","-3.31","-3.50","0","0","0","0","0","3.50","0","3.31","3.46","0","0","0","-22.03"
"Nov 10, 2025 6:39:28 p.m. PST","24903396241","Order","702-8501210-7400256","MSCA-D70-5-3","ANGOOL Wireless Strapless Bra for Women Seamless Push Up Non-Slip Full Support Non Removable Padded Bandeau Bra, Beige, M","1","amazon.ca","Amazon","Aurora","ON","L4G 5E","Combined TCS+MTC","23.99","3.12","0","0","0","0","0","0","0","0","-3.12","-4.08","-7.13","0","0","12.78"
"Nov 10, 2025 6:46:10 p.m. PST","24903396241","Order","701-4130354-3581849","MSCA-D70-7-4","ANGOOL Wireless Strapless Bra for Women Seamless Push Up Non-Slip Full Support Non Removable Padded Bandeau Bra, Brown, L","1","amazon.ca","Amazon","Burlington","Ontario","L7P 2L","Combined TCS+MTC","25.49","3.31","0","0","0","0","0","0","0","0","-3.31","-4.33","-7.65","0","0","13.51"
"Nov 10, 2025 7:03:55 p.m. PST","24903396241","Refund","701-7343862-7333012","MSCA-D70-7-3","ANGOOL Wireless Strapless Bra for Women Seamless Push Up Non-Slip Full Support Non Removable Padded Bandeau Bra, Brown, M","1","amazon.ca","Amazon","Burnaby","British Columbia","V5H 0E","Combined TCS+MTC","-25.49","-3.06","0","0","0","0","0","0","0","0","3.06","3.46","0","0","0","-22.03"
"Nov 10, 2025 10:25:18 p.m. PST","24903396241","Order","702-6111346-7024203","MSCA-D70-2-4","ANGOOL Wireless Strapless Bra for Women Seamless Push Up Non-Slip Full Support Non Removable Padded Bandeau Bra, Black, L","1","amazon.ca","Amazon","Hamilton","Ontario","L8W 1V","Combined TCS+MTC","23.99","3.12","0","0","0","0","0","0","0","0","-3.12","-4.08","-7.65","0","0","12.26"
"Nov 10, 2025 10:48:06 p.m. PST","24903396241","Order","701-4766400-3382609","MSCA-D70-5-3","ANGOOL Wireless Strapless Bra for Women Seamless Push Up Non-Slip Full Support Non Removable Padded Bandeau Bra, Beige, M","1","amazon.ca","Amazon","Brampton","Ontario","L6V2Y","Combined TCS+MTC","23.99","3.12","0","0","0","0","0","0","0","0","-3.12","-4.08","-7.13","0","0","12.78"
"Nov 10, 2025 11:14:49 p.m. PST","24903396241","Refund","701-0591730-1916231","MSCA-D70-2-3","ANGOOL Wireless Strapless Bra for Women Seamless Push Up Non-Slip Full Support Non Removable Padded Bandeau Bra, Black, M","1","amazon.ca","Amazon","Shipshaw","Quebec","G7P 1E","Combined TCS+MTC","-25.49","-3.82","0","0","0","0","0","0","0","0","3.82","3.46","0","0","0","-22.03"
"Nov 10, 2025 11:31:33 p.m. PST","24903396241","Order","701-2669805-9253803","MSCA-D70-25-3","ANGOOL Wireless Strapless Bra for Women Seamless Push Up Non-Slip Full Support Non Removable Padded Bandeau Bra, Black+Beige, M","1","amazon.ca","Amazon","Orleans","Ontario","K1C 5M","Combined TCS+MTC","34.39","4.47","0","0","0","0","0","0","0","0","-4.47","-5.85","-7.84","0","0","20.70"
"Nov 11, 2025 12:26:52 a.m. PST","24903396241","Order","702-5388782-7553059","MSCA-D70-5-2","ANGOOL Wireless Strapless Bra for Women Seamless Push Up Non-Slip Full Support Non Removable Padded Bandeau Bra, Beige, S","1","amazon.ca","Amazon","Toronto","Ontario","M6C 1A","Combined TCS+MTC","23.99","3.12","0","0","0","0","0","0","0","0","-3.12","-4.08","-7.84","0","0","12.07"
"Nov 11, 2025 12:35:00 a.m. PST","24903396241","Order","702-5387317-7437821","MSCA-D70-25-3","ANGOOL Wireless Strapless Bra for Women Seamless Push Up Non-Slip Full Support Non Removable Padded Bandeau Bra, Black+Beige, M","1","amazon.ca","Amazon","Saint-Hubert","Quebec","J3Y 5K","Combined TCS+MTC","34.39","5.15","0","0","0","0","0","0","0","0","-5.15","-5.85","-7.84","0","0","20.70"
"Nov 11, 2025 6:33:11 a.m. PST","24903396241","Fulfilment by Amazon customer return fee","701-8328336-5900211","X004L5YB51","FBA Customer Return Per Unit Fee (Clothing & Shoes)","","Amazon.ca","","","","","","0","0","0","0","0","0","0","0","0","0","0","0","-4.57","0","0","-4.57"
"Nov 11, 2025 7:42:26 a.m. PST","24903396241","FBA Inventory Fee","702-2351221-2669047","","Fulfilment by Amazon removal order: disposal fee","","Amazon.ca","","","","","","0","0","0","0","0","0","0","0","0","0","0","0","0","0","-0.82","-0.82"
"Nov 11, 2025 8:26:58 a.m. PST","24903396241","Order","701-3127393-6355456","MSCA-D70-5-5","ANGOOL Wireless Strapless Bra for Women Seamless Push Up Non-Slip Full Support Non Removable Padded Bandeau Bra, Beige, XL","1","amazon.ca","Amazon","Sandford","Ontario","L0C 1E","Combined TCS+MTC","23.99","3.12","0","0","0","0","0","0","0","0","-3.12","-4.08","-7.65","0","0","12.26"
"Nov 11, 2025 9:26:23 a.m. PST","24903396241","Fulfilment by Amazon customer return fee","702-4975040-1300235","X004L5YB0B","FBA Customer Return Per Unit Fee (Clothing & Shoes)","","Amazon.ca","","","","","","0","0","0","0","0","0","0","0","0","0","0","0","-4.92","0","0","-4.92"
"Nov 11, 2025 9:59:49 a.m. PST","24903396241","Order","702-6723825-0358613","MSCA-D70-2-5","ANGOOL Wireless Strapless Bra for Women Seamless Push Up Non-Slip Full Support Non Removable Padded Bandeau Bra, Black, XL","1","amazon.ca","Amazon","Lower Sackville","Nova Scotia","B4C 2B","Combined TCS+MTC","23.99","3.36","0","0","0","0","0","0","0","0","-3.36","-4.08","-7.65","0","0","12.26"
"Nov 11, 2025 10:19:40 a.m. PST","24903396241","Adjustment","702-8047893-7722667","MSCA-D77-6-5","FBA Inventory Reimbursement - Customer Return","1","","","","","","","0","0","0","0","0","0","0","0","0","0","0","0","0","0","15.27","15.27"
"Nov 11, 2025 10:47:10 a.m. PST","24903396241","Order","701-7361395-9405800","MSCA-D70-5-2","ANGOOL Wireless Strapless Bra for Women Seamless Push Up Non-Slip Full Support Non Removable Padded Bandeau Bra, Beige, S","1","amazon.ca","Amazon","Fonthill","Ontario","L0S 1E","Combined TCS+MTC","23.99","3.12","0","0","0","0","0","0","0","0","-3.12","-4.08","-7.84","0","0","12.07"
"Nov 11, 2025 11:00:14 a.m. PST","24903396241","Order","701-4433411-1893002","MSCA-D70-2-4","ANGOOL Wireless Strapless Bra for Women Seamless Push Up Non-Slip Full Support Non Removable Padded Bandeau Bra, Black, L","1","amazon.ca","Amazon","White Rock","British Columbia","V4B 4W","Combined TCS+MTC","23.99","2.88","0","0","0","0","0","0","0","0","-2.88","-4.08","-7.65","0","0","12.26"
"Nov 11, 2025 12:58:26 p.m. PST","24903396241","Fulfilment by Amazon customer return fee","702-9432765-6320254","X004L4859P","FBA Customer Return Per Unit Fee (Clothing & Shoes)","","Amazon.ca","","","","","","0","0","0","0","0","0","0","0","0","0","0","0","-5.23","0","0","-5.23"
"Nov 11, 2025 2:06:19 p.m. PST","24903396241","Refund","702-1083384-6001066","MSCA-D77-6-6","ANGOOL Racerback Bras for Women Wire Free Sexy V Neck Lace Bralette Adjustable Strap Full Coverage Padded Bra, White, XXL","1","amazon.ca","Amazon","Sherbrooke","Quebec","J1N 2H","Combined TCS+MTC","-23.39","-3.50","-3.26","0","0","0","0","0","3.26","0","3.50","3.18","0","0","0","-20.21"
"Nov 11, 2025 2:23:53 p.m. PST","24903396241","Refund","701-9964665-2359444","MSCA-D74-6-4","ANGOOL V Neck Seamless Bralette for Women Full Coverage Wireless Padded Bra No Underwire Non Removable Pads Push Up Bras, White, L","1","amazon.ca","Amazon","Lethbridge","Alberta","T1K 7T","Combined TCS+MTC","-21.31","-1.07","0","0","0","0","0","0","0","0","1.07","2.90","0","0","0","-18.41"
"Nov 11, 2025 3:59:22 p.m. PST","24903396241","FBA Inventory Fee","702-4975040-1300235","","Fulfilment by Amazon removal order: disposal fee","","Amazon.ca","","","","","","0","0","0","0","0","0","0","0","0","0","0","0","0","0","-0.36","-0.36"
"Nov 11, 2025 5:57:46 p.m. PST","24903396241","Refund","702-4956743-7007464","MSCA-D70-2-4","ANGOOL Wireless Strapless Bra for Women Seamless Push Up Non-Slip Full Support Non Removable Padded Bandeau Bra, Black, L","1","amazon.ca","Amazon","Mississauga","Ontario","L5B 3Y","Combined TCS+MTC","-25.49","-3.31","0","0","0","0","0","0","0","0","3.31","3.46","0","0","0","-22.03"
"Nov 11, 2025 6:15:32 p.m. PST","24903396241","FBA Inventory Fee","701-8328336-5900211","","Fulfilment by Amazon removal order: disposal fee","","Amazon.ca","","","","","","0","0","0","0","0","0","0","0","0","0","0","0","0","0","-0.36","-0.36"
"Nov 11, 2025 6:19:01 p.m. PST","24903396241","Order","701-2813134-6781807","MSCA-D70-2-3","ANGOOL Wireless Strapless Bra for Women Seamless Push Up Non-Slip Full Support Non Removable Padded Bandeau Bra, Black, M","1","amazon.ca","Amazon","Calgary","Alberta","T3P 1R","Combined TCS+MTC","23.99","1.20","0","0","0","0","0","0","0","0","-1.20","-4.08","-7.65","0","0","12.26"
"Nov 11, 2025 6:26:05 p.m. PST","24903396241","Order","702-7588537-6678638","MSCA-D70-7-4","ANGOOL Wireless Strapless Bra for Women Seamless Push Up Non-Slip Full Support Non Removable Padded Bandeau Bra, Brown, L","1","amazon.ca","Amazon","London","Ontario","N6K 1W","Combined TCS+MTC","23.99","3.12","0","0","0","0","0","0","0","0","-3.12","-4.08","-7.65","0","0","12.26"
"Nov 11, 2025 6:38:11 p.m. PST","24903396241","Order","702-6636090-5734609","MSCA-D70-7-5","ANGOOL Wireless Strapless Bra for Women Seamless Push Up Non-Slip Full Support Non Removable Padded Bandeau Bra, Brown, XL","1","amazon.ca","Amazon","Laval","Quebec","H7K 3G","Combined TCS+MTC","23.99","3.59","0","0","0","0","0","0","0","0","-3.59","-4.08","-7.65","0","0","12.26"
"Nov 11, 2025 8:40:04 p.m. PST","24903396241","Order","702-3343544-1015410","MSCA-D70-6-5","ANGOOL Wireless Strapless Bra for Women Seamless Push Up Non-Slip Full Support Non Removable Padded Bandeau Bra, White, XL","1","amazon.ca","Amazon","BARRIE","Ontario","L4N9M","Combined TCS+MTC","23.99","3.12","0","0","0","0","0","0","0","0","-3.12","-4.08","-7.13","0","0","12.78"
"Nov 11, 2025 9:03:27 p.m. PST","24903396241","Fulfilment by Amazon customer return fee","701-6726964-5336255","X004L5Z47F","FBA Customer Return Per Unit Fee (Clothing & Shoes)","","Amazon.ca","","","","","","0","0","0","0","0","0","0","0","0","0","0","0","-5.03","0","0","-5.03"
"Nov 11, 2025 9:17:27 p.m. PST","24903396241","Order","701-0038665-5976200","MSCA-D76-208-2","ANGOOL Sports Bras for Women Seamless Backless Criss Cross Strappy Sports Bra Without Underwire for Workout Gym Yoga, Black+Grey+Green, S","1","amazon.ca","Amazon","Montreal","Quebec","H2G 2C","Combined TCS+MTC","29.99","4.49","0","0","0","0","0","0","0","0","-4.49","-5.10","0","0","0","24.89"
"Nov 11, 2025 9:39:30 p.m. PST","24903396241","Order","702-4732618-4902644","MSCA-D70-7-3","ANGOOL Wireless Strapless Bra for Women Seamless Push Up Non-Slip Full Support Non Removable Padded Bandeau Bra, Brown, M","1","amazon.ca","Amazon","Brampton","Ontario","L6Y 6H","Combined TCS+MTC","25.49","3.31","7.98","1.04","0","0","0","0","0","0","-4.35","-4.33","-15.82","0","0","13.32"
"Nov 11, 2025 10:06:45 p.m. PST","24903396241","Order","702-8996777-3350623","MSCA-D70-7-3","ANGOOL Wireless Strapless Bra for Women Seamless Push Up Non-Slip Full Support Non Removable Padded Bandeau Bra, Brown, M","1","amazon.ca","Amazon","Kingston","Ontario","K7L 0C","Combined TCS+MTC","23.99","3.12","0","0","0","0","0","0","0","0","-3.12","-4.08","-7.84","0","0","12.07"
"Nov 11, 2025 11:35:01 p.m. PST","24903396241","Fulfilment by Amazon customer return fee","701-7026021-3413009","X004L5VLFT","FBA Customer Return Per Unit Fee (Clothing & Shoes)","","Amazon.ca","","","","","","0","0","0","0","0","0","0","0","0","0","0","0","-4.92","0","0","-4.92"
"Nov 11, 2025 11:53:17 p.m. PST","24903396241","Order","701-5549705-0776238","MSCA-D70-2-5","ANGOOL Wireless Strapless Bra for Women Seamless Push Up Non-Slip Full Support Non Removable Padded Bandeau Bra, Black, XL","1","amazon.ca","Amazon","Beaumont","Alberta","T4X 2X","Combined TCS+MTC","25.49","1.27","3.26","0","0","0","0","0","-3.26","0","-1.27","-4.33","-7.65","0","0","13.51"
"Nov 11, 2025 11:53:52 p.m. PST","24903396241","Order","701-1233950-4277067","MSCA-D77-7-5","ANGOOL Racerback Bras for Women Wire Free Sexy V Neck Lace Bralette Adjustable Strap Full Coverage Padded Bra, Brown, XL","1","amazon.ca","Amazon","Gatineau","QC","J8L 3N","Combined TCS+MTC","22.49","3.37","0","0","0","0","0","0","0","0","-3.37","-3.82","-7.13","0","0","11.54"
"Nov 12, 2025 12:32:29 a.m. PST","24903396241","Order","701-8600794-6774655","MSCA-D70-2-5","ANGOOL Wireless Strapless Bra for Women Seamless Push Up Non-Slip Full Support Non Removable Padded Bandeau Bra, Black, XL","1","amazon.ca","Amazon","Toronto","Ontario","M6H 3T","Combined TCS+MTC","23.99","3.12","0","0","0","0","0","0","0","0","-3.12","-4.08","-7.65","0","0","12.26"
"Nov 12, 2025 12:51:49 a.m. PST","24903396241","Order","701-8960487-3496257","MSCA-D70-5-3","ANGOOL Wireless Strapless Bra for Women Seamless Push Up Non-Slip Full Support Non Removable Padded Bandeau Bra, Beige, M","1","amazon.ca","Amazon","Mountain View County","Alberta","T0M 2E","Combined TCS+MTC","23.99","1.20","0","0","0","0","0","0","0","0","-1.20","-4.08","-7.13","0","0","12.78"
"Nov 12, 2025 1:26:05 a.m. PST","24903396241","Order","701-3784254-2703434","MSCA-D70-2-6","ANGOOL Wireless Strapless Bra for Women Seamless Push Up Non-Slip Full Support Non Removable Padded Bandeau Bra, Black, XXL","1","amazon.ca","Amazon","Calgary","Alberta","T2N 2H","Combined TCS+MTC","23.99","1.20","0","0","0","0","0","0","0","0","-1.20","-4.08","-7.13","0","0","12.78"
"Nov 12, 2025 1:26:55 a.m. PST","24903396241","Order","701-6311191-9545049","MSCA-D70-2-3","ANGOOL Wireless Strapless Bra for Women Seamless Push Up Non-Slip Full Support Non Removable Padded Bandeau Bra, Black, M","1","amazon.ca","Amazon","Calgary","AB","T3R 0T","Combined TCS+MTC","23.99","1.20","0","0","0","0","0","0","0","0","-1.20","-4.08","-7.65","0","0","12.26"
"Nov 12, 2025 2:03:24 a.m. PST","24903396241","Order","701-4034369-5298637","MSCA-D70-5-5","ANGOOL Wireless Strapless Bra for Women Seamless Push Up Non-Slip Full Support Non Removable Padded Bandeau Bra, Beige, XL","1","amazon.ca","Amazon","Gatineau","Quebec","J8V 1K","Combined TCS+MTC","23.99","3.59","0","0","0","0","0","0","0","0","-3.59","-4.08","-7.65","0","0","12.26"
"Nov 12, 2025 2:45:45 a.m. PST","24903396241","Order","702-7698758-8479430","MSCA-D70-25-2","ANGOOL Wireless Strapless Bra for Women Seamless Push Up Non-Slip Full Support Non Removable Padded Bandeau Bra, Black+Beige, S","1","amazon.ca","Amazon","Leduc","Alberta","T9E 1C","Combined TCS+MTC","34.39","1.72","0","0","0","0","0","0","0","0","-1.72","-5.85","-7.84","0","0","20.70"
"Nov 12, 2025 5:06:07 a.m. PST","24903396241","Order","702-6926097-2857026","MSCA-D70-5-4","ANGOOL Wireless Strapless Bra for Women Seamless Push Up Non-Slip Full Support Non Removable Padded Bandeau Bra, Beige, L","1","amazon.ca","Amazon","North Vancouver","British Columbia","V7M 3N","Combined TCS+MTC","23.99","2.88","0","0","0","0","0","0","0","0","-2.88","-4.08","-8.19","0","0","11.72"
"Nov 12, 2025 6:59:08 a.m. PST","24903396241","Order","701-6471368-0405008","MSCA-D70-5-3","ANGOOL Wireless Strapless Bra for Women Seamless Push Up Non-Slip Full Support Non Removable Padded Bandeau Bra, Beige, M","1","amazon.ca","Amazon","Corbeil","Ontario","P0H 1K","Combined TCS+MTC","23.99","3.12","0","0","0","0","0","0","0","0","-3.12","-4.08","-7.13","0","0","12.78"
"Nov 12, 2025 8:09:19 a.m. PST","24903396241","Fulfilment by Amazon customer return fee","702-3079135-3628239","X004L631E7","FBA Customer Return Per Unit Fee (Clothing & Shoes)","","Amazon.ca","","","","","","0","0","0","0","0","0","0","0","0","0","0","0","-4.67","0","0","-4.67"
"Nov 12, 2025 9:40:40 a.m. PST","24903396241","Fulfilment by Amazon customer return fee","701-8465756-3525868","X004L5VN5R","FBA Customer Return Per Unit Fee (Clothing & Shoes)","","Amazon.ca","","","","","","0","0","0","0","0","0","0","0","0","0","0","0","-5.03","0","0","-5.03"
"Nov 12, 2025 12:56:03 p.m. PST","24903396241","Order","702-6779093-4979462","MSCA-D70-5-4","ANGOOL Wireless Strapless Bra for Women Seamless Push Up Non-Slip Full Support Non Removable Padded Bandeau Bra, Beige, L","1","amazon.ca","Amazon","Spectacle Lakes","Nova Scotia","B4V 8S","Combined TCS+MTC","23.99","3.36","0","0","0","0","0","0","0","0","-3.36","-4.08","-7.65","0","0","12.26"
"Nov 12, 2025 1:15:35 p.m. PST","24903396241","Fulfilment by Amazon customer return fee","701-2964033-2184208","X004L5YB51","FBA Customer Return Per Unit Fee (Clothing & Shoes)","","Amazon.ca","","","","","","0","0","0","0","0","0","0","0","0","0","0","0","-4.92","0","0","-4.92"
"Nov 12, 2025 2:24:42 p.m. PST","24903396241","Fulfilment by Amazon customer return fee","701-2799956-7168245","X004L5YB51","FBA Customer Return Per Unit Fee (Clothing & Shoes)","","Amazon.ca","","","","","","0","0","0","0","0","0","0","0","0","0","0","0","-4.92","0","0","-4.92"
"Nov 12, 2025 3:04:09 p.m. PST","24903396241","Order","701-8911288-7723428","MSCA-D70-2-4","ANGOOL Wireless Strapless Bra for Women Seamless Push Up Non-Slip Full Support Non Removable Padded Bandeau Bra, Black, L","1","amazon.ca","Amazon","Lindsay","Ontario","K9V 0J","Combined TCS+MTC","23.99","3.12","0","0","0","0","0","0","0","0","-3.12","-4.08","-7.65","0","0","12.26"
"Nov 12, 2025 3:08:41 p.m. PST","24903396241","Refund","702-7537492-4341051","MSCA-D70-6-6","ANGOOL Wireless Strapless Bra for Women Seamless Push Up Non-Slip Full Support Non Removable Padded Bandeau Bra, White, XXL","1","amazon.ca","Amazon","Etobicoke","Ontario","M8Y 0A","Combined TCS+MTC","-25.49","-3.31","0","0","0","0","0","0","0","0","3.31","3.46","0","0","0","-22.03"
"Nov 12, 2025 3:28:32 p.m. PST","24903396241","Order","701-7928442-0133853","MSCA-D70-6-3","ANGOOL Wireless Strapless Bra for Women Seamless Push Up Non-Slip Full Support Non Removable Padded Bandeau Bra, White, M","1","amazon.ca","Amazon","Kelowna","British Columbia","V1X 5T","Combined TCS+MTC","23.99","2.88","0","0","0","0","0","0","0","0","-2.88","-4.08","-7.13","0","0","12.78"
"Nov 12, 2025 3:44:56 p.m. PST","24903396241","Refund","701-5567079-3809845","MSCA-D70-2-3","ANGOOL Wireless Strapless Bra for Women Seamless Push Up Non-Slip Full Support Non Removable Padded Bandeau Bra, Black, M","1","amazon.ca","Amazon","Ottawa","Ontario","K2S 2N","Combined TCS+MTC","-25.49","-3.31","0","0","0","0","0","0","0","0","3.31","3.46","0","0","0","-22.03"
"Nov 12, 2025 5:27:11 p.m. PST","24903396241","Fulfilment by Amazon customer return fee","702-5945558-5577051","X004L5ZNMB","FBA Customer Return Per Unit Fee (Clothing & Shoes)","","Amazon.ca","","","","","","0","0","0","0","0","0","0","0","0","0","0","0","-5.03","0","0","-5.03"
"Nov 12, 2025 5:29:47 p.m. PST","24903396241","Order","701-5413806-6499469","MSCA-D70-25-2","ANGOOL Wireless Strapless Bra for Women Seamless Push Up Non-Slip Full Support Non Removable Padded Bandeau Bra, Black+Beige, S","1","amazon.ca","Amazon","Levis","Quebec","G6V 6Y","Combined TCS+MTC","34.39","5.15","0","0","0","0","0","0","0","0","-5.15","-5.85","-7.84","0","0","20.70"
"Nov 12, 2025 5:33:25 p.m. PST","24903396241","Order","701-3961158-1005840","MSCA-D70-2-2","ANGOOL Wireless Strapless Bra for Women Seamless Push Up Non-Slip Full Support Non Removable Padded Bandeau Bra, Black, S","1","amazon.ca","Amazon","Laval","Quebec","H7E 0B","Combined TCS+MTC","23.99","3.59","0","0","0","0","0","0","0","0","-3.59","-4.08","-7.13","0","0","12.78"
"Nov 12, 2025 5:36:45 p.m. PST","24903396241","Order","701-6764753-9671466","MSCA-D70-5-5","ANGOOL Wireless Strapless Bra for Women Seamless Push Up Non-Slip Full Support Non Removable Padded Bandeau Bra, Beige, XL","1","amazon.ca","Amazon","Conception Bay South","Newfoundland","A1W0H","Combined TCS+MTC","23.99","3.60","0","0","0","0","0","0","0","0","-3.60","-4.08","-7.65","0","0","12.26"
"Nov 12, 2025 5:47:19 p.m. PST","24903396241","Refund","702-6111346-7024203","MSCA-D70-2-4","ANGOOL Wireless Strapless Bra for Women Seamless Push Up Non-Slip Full Support Non Removable Padded Bandeau Bra, Black, L","1","amazon.ca","Amazon","Hamilton","Ontario","L8W 1V","Combined TCS+MTC","-23.99","-3.12","0","0","0","0","0","0","0","0","3.12","3.26","0","0","0","-20.73"
"Nov 12, 2025 9:07:32 p.m. PST","24903396241","Refund","702-5945558-5577051","MSCA-D70-5-4","ANGOOL Wireless Strapless Bra for Women Seamless Push Up Non-Slip Full Support Non Removable Padded Bandeau Bra, Beige, L","1","amazon.ca","Amazon","MILTON","ON","L9T2W","Combined TCS+MTC","-25.49","-3.31","0","0","0","0","0","0","0","0","3.31","3.46","0","0","0","-22.03"
"Nov 12, 2025 9:07:49 p.m. PST","24903396241","Order","702-6382552-0268211","MSCA-D70-7-4","ANGOOL Wireless Strapless Bra for Women Seamless Push Up Non-Slip Full Support Non Removable Padded Bandeau Bra, Brown, L","1","amazon.ca","Amazon","Saint-Gabriel-De-Brandon","Quebec","J0K 2N","Combined TCS+MTC","23.99","3.59","0","0","0","0","0","0","0","0","-3.59","-4.08","-7.65","0","0","12.26"
"Nov 12, 2025 9:51:47 p.m. PST","24903396241","Order","702-7133837-9711408","MSCA-D70-7-4","ANGOOL Wireless Strapless Bra for Women Seamless Push Up Non-Slip Full Support Non Removable Padded Bandeau Bra, Brown, L","1","amazon.ca","Amazon","Bonnyville","Alberta","T9N 0C","Combined TCS+MTC","23.99","1.20","0","0","0","0","0","0","0","0","-1.20","-4.08","-7.65","0","0","12.26"
"Nov 12, 2025 10:01:58 p.m. PST","24903396241","Order","701-8487557-8229018","MSCA-D70-5-4","ANGOOL Wireless Strapless Bra for Women Seamless Push Up Non-Slip Full Support Non Removable Padded Bandeau Bra, Beige, L","1","amazon.ca","Amazon","Calgary","Alberta","T2X 4M","Combined TCS+MTC","23.99","1.20","0","0","0","0","0","0","0","0","-1.20","-4.08","-7.65","0","0","12.26"
"Nov 12, 2025 10:24:05 p.m. PST","24903396241","Order","702-4128159-5631409","MSCA-D70-7-2","ANGOOL Wireless Strapless Bra for Women Seamless Push Up Non-Slip Full Support Non Removable Padded Bandeau Bra, Brown, S","1","amazon.ca","Amazon","Aurora","ON","L4G 5E","Combined TCS+MTC","23.99","3.12","3.49","0","0","0","0","0","-3.49","0","-3.12","-4.08","-7.13","0","0","12.78"
"Nov 12, 2025 10:24:05 p.m. PST","24903396241","Order","702-4128159-5631409","MSCA-D70-2-3","ANGOOL Wireless Strapless Bra for Women Seamless Push Up Non-Slip Full Support Non Removable Padded Bandeau Bra, Black, M","1","amazon.ca","Amazon","Aurora","ON","L4G 5E","Combined TCS+MTC","23.99","3.12","3.50","0","0","0","0","0","-3.50","0","-3.12","-4.08","-7.65","0","0","12.26"
"Nov 12, 2025 10:54:47 p.m. PST","24903396241","Order","701-0785439-9368218","MSCA-D70-7-2","ANGOOL Wireless Strapless Bra for Women Seamless Push Up Non-Slip Full Support Non Removable Padded Bandeau Bra, Brown, S","1","amazon.ca","Amazon","Georgetown","Ontario","L7G 5V","Combined TCS+MTC","23.99","3.12","0","0","0","0","0","0","0","0","-3.12","-4.08","-7.13","0","0","12.78"
"Nov 12, 2025 11:17:37 p.m. PST","24903396241","FBA Inventory Fee","702-5945558-5577051","","Fulfilment by Amazon removal order: disposal fee","","Amazon.ca","","","","","","0","0","0","0","0","0","0","0","0","0","0","0","0","0","-0.36","-0.36"
"Nov 13, 2025 12:21:58 a.m. PST","24903396241","Order","701-4522374-3607468","MSCA-D70-5-3","ANGOOL Wireless Strapless Bra for Women Seamless Push Up Non-Slip Full Support Non Removable Padded Bandeau Bra, Beige, M","1","amazon.ca","Amazon","Cochrane","Alberta","T4C 0A","Combined TCS+MTC","23.99","1.20","0","0","0","0","0","0","0","0","-1.20","-4.08","-7.13","0","0","12.78"
"Nov 13, 2025 1:15:24 a.m. PST","24903396241","Order","701-5671703-4637044","MSCA-D70-6-2","ANGOOL Wireless Strapless Bra for Women Seamless Push Up Non-Slip Full Support Non Removable Padded Bandeau Bra, White, S","1","amazon.ca","Amazon","Toronto","Ontario","M4C 1L","Combined TCS+MTC","23.99","3.12","0","0","0","0","0","0","0","0","-3.12","-4.08","-6.74","0","0","13.17"
"Nov 13, 2025 1:38:56 a.m. PST","24903396241","Order","702-2511697-0962613","MSCA-D70-5-5","ANGOOL Wireless Strapless Bra for Women Seamless Push Up Non-Slip Full Support Non Removable Padded Bandeau Bra, Beige, XL","1","amazon.ca","Amazon","Lindsay","Ontario","K9V 5K","Combined TCS+MTC","23.99","3.12","0","0","0","0","0","0","0","0","-3.12","-4.08","-7.65","0","0","12.26"
"Nov 13, 2025 1:45:24 a.m. PST","24903396241","Fulfilment by Amazon customer return fee","702-1364131-8289038","X004L5VLFT","FBA Customer Return Per Unit Fee (Clothing & Shoes)","","Amazon.ca","","","","","","0","0","0","0","0","0","0","0","0","0","0","0","-4.87","0","0","-4.87"
"Nov 13, 2025 1:56:31 a.m. PST","24903396241","Order","702-2751757-4158600","MSCA-D70-5-4","ANGOOL Wireless Strapless Bra for Women Seamless Push Up Non-Slip Full Support Non Removable Padded Bandeau Bra, Beige, L","1","amazon.ca","Amazon","London","Ontario","N6C 5J","Combined TCS+MTC","23.99","3.12","0","0","0","0","0","0","0","0","-3.12","-4.08","-7.65","0","0","12.26"
"Nov 13, 2025 4:22:48 a.m. PST","24903396241","Fulfilment by Amazon customer return fee","702-4878099-8577044","X004L60XB1","FBA Customer Return Per Unit Fee (Clothing & Shoes)","","Amazon.ca","","","","","","0","0","0","0","0","0","0","0","0","0","0","0","-5.03","0","0","-5.03"
"Nov 13, 2025 5:10:05 a.m. PST","24903396241","Fulfilment by Amazon customer return fee","701-4842574-7769028","X004L5YB51","FBA Customer Return Per Unit Fee (Clothing & Shoes)","","Amazon.ca","","","","","","0","0","0","0","0","0","0","0","0","0","0","0","-4.87","0","0","-4.87"
"Nov 13, 2025 7:04:27 a.m. PST","24903396241","Fulfilment by Amazon customer return fee","701-7386431-3963421","X004L5VLFT","FBA Customer Return Per Unit Fee (Clothing & Shoes)","","Amazon.ca","","","","","","0","0","0","0","0","0","0","0","0","0","0","0","-4.57","0","0","-4.57"
"Nov 13, 2025 7:47:05 a.m. PST","24903396241","Fulfilment by Amazon customer return fee","702-3441842-5772257","X004L5U0M9","FBA Customer Return Per Unit Fee (Clothing & Shoes)","","Amazon.ca","","","","","","0","0","0","0","0","0","0","0","0","0","0","0","-4.79","0","0","-4.79"
"Nov 13, 2025 8:06:32 a.m. PST","24903396241","Order","702-8064293-7940256","MSCA-D70-25-4","ANGOOL Wireless Strapless Bra for Women Seamless Push Up Non-Slip Full Support Non Removable Padded Bandeau Bra, Black+Beige, L","1","amazon.ca","Amazon","Woodbridge","Ontario","L4H 0Y","Combined TCS+MTC","34.39","4.47","1.75","0","0","0","0","0","-1.75","0","-4.47","-5.85","-8.74","0","0","19.80"
"Nov 13, 2025 8:28:44 a.m. PST","24903396241","Order","701-8264451-0436218","MSCA-D70-25-2","ANGOOL Wireless Strapless Bra for Women Seamless Push Up Non-Slip Full Support Non Removable Padded Bandeau Bra, Black+Beige, S","1","amazon.ca","Amazon","Pickering","Ontario","L1X 0A","Combined TCS+MTC","34.39","4.47","6.99","0","0","0","0","0","-6.99","0","-4.47","-5.85","-7.84","0","0","20.70"
"Nov 13, 2025 12:30:32 p.m. PST","24903396241","Order","701-9158100-6672226","MSCA-D70-5-5","ANGOOL Wireless Strapless Bra for Women Seamless Push Up Non-Slip Full Support Non Removable Padded Bandeau Bra, Beige, XL","1","amazon.ca","Amazon","Calgary","Alberta","T2L 2E","Combined TCS+MTC","23.99","1.20","0","0","0","0","0","0","0","0","-1.20","-4.08","-7.65","0","0","12.26"
"Nov 13, 2025 1:01:27 p.m. PST","24903396241","Order","702-3564316-3451452","MSCA-D70-25-3","ANGOOL Wireless Strapless Bra for Women Seamless Push Up Non-Slip Full Support Non Removable Padded Bandeau Bra, Black+Beige, M","1","amazon.ca","Amazon","Edmonton","Alberta","T6T 0Z","Combined TCS+MTC","34.39","1.72","1.75","0","0","0","0","0","-1.75","0","-1.72","-5.85","-7.84","0","0","20.70"
"Nov 13, 2025 2:07:11 p.m. PST","24903396241","Refund","701-9574597-5878659","MSCA-D70-5-4","ANGOOL Wireless Strapless Bra for Women Seamless Push Up Non-Slip Full Support Non Removable Padded Bandeau Bra, Beige, L","1","amazon.ca","Amazon","Kelowna","British Columbia","V1Y 8P","Combined TCS+MTC","-25.49","-3.06","0","0","0","0","0","0","0","0","3.06","3.46","0","0","0","-22.03"
"Nov 13, 2025 2:14:41 p.m. PST","24903396241","Order","701-6947858-1143440","MSCA-D70-5-2","ANGOOL Wireless Strapless Bra for Women Seamless Push Up Non-Slip Full Support Non Removable Padded Bandeau Bra, Beige, S","1","amazon.ca","Amazon","Toronto","Ontario","M2P 1E","Combined TCS+MTC","23.99","3.12","0","0","0","0","0","0","0","0","-3.12","-4.08","-7.84","0","0","12.07"
"Nov 13, 2025 2:48:34 p.m. PST","24903396241","Refund","702-4237843-8978612","MSCA-D70-2-4","ANGOOL Wireless Strapless Bra for Women Seamless Push Up Non-Slip Full Support Non Removable Padded Bandeau Bra, Black, L","1","amazon.ca","Amazon","Prince George","British Columbia","V2K 5J","Combined TCS+MTC","-25.49","-3.06","0","0","0","0","0","0","0","0","3.06","3.46","0","0","0","-22.03"
"Nov 13, 2025 3:22:50 p.m. PST","24903396241","Order","702-2883922-6981863","MSCA-D70-7-2","ANGOOL Wireless Strapless Bra for Women Seamless Push Up Non-Slip Full Support Non Removable Padded Bandeau Bra, Brown, S","1","amazon.ca","Amazon","Port Dover","Ontario","N0A 1N","Combined TCS+MTC","23.99","3.12","0","0","0","0","0","0","0","0","-3.12","-4.08","-7.13","0","0","12.78"
"Nov 13, 2025 3:37:08 p.m. PST","24903396241","Order","701-9148594-1881067","MSCA-D70-7-3","ANGOOL Wireless Strapless Bra for Women Seamless Push Up Non-Slip Full Support Non Removable Padded Bandeau Bra, Brown, M","1","amazon.ca","Amazon","St-Philippe","Quebec","J0L 2K","Combined TCS+MTC","23.99","3.59","0","0","0","0","0","0","0","0","-3.59","-4.08","-7.84","0","0","12.07"
"Nov 13, 2025 3:38:45 p.m. PST","24903396241","Order","702-5061675-9747455","MSCA-D70-2-5","ANGOOL Wireless Strapless Bra for Women Seamless Push Up Non-Slip Full Support Non Removable Padded Bandeau Bra, Black, XL","1","amazon.ca","Amazon","Belleville","Ontario","K8P 4G","Combined TCS+MTC","23.99","3.12","0","0","0","0","0","0","0","0","-3.12","-4.08","-7.65","0","0","12.26"
"Nov 13, 2025 5:38:42 p.m. PST","24903396241","FBA Inventory Fee","702-1364131-8289038","","Fulfilment by Amazon removal order: disposal fee","","Amazon.ca","","","","","","0","0","0","0","0","0","0","0","0","0","0","0","0","0","-0.39","-0.39"
"Nov 13, 2025 6:03:09 p.m. PST","24903396241","FBA Inventory Fee","702-9432765-6320254","","Fulfilment by Amazon removal order: disposal fee","","Amazon.ca","","","","","","0","0","0","0","0","0","0","0","0","0","0","0","0","0","-0.39","-0.39"
"Nov 13, 2025 6:04:47 p.m. PST","24903396241","Refund","701-1371978-8831410","MSCA-D70-6-4","ANGOOL Wireless Strapless Bra for Women Seamless Push Up Non-Slip Full Support Non Removable Padded Bandeau Bra, White, L","1","amazon.ca","Amazon","Kelowna","BC","V1W 5E","Combined TCS+MTC","-25.49","-3.06","0","0","0","0","0","0","0","0","3.06","3.46","0","0","0","-22.03"
"Nov 13, 2025 6:12:45 p.m. PST","24903396241","Fulfilment by Amazon customer return fee","702-3204150-1211446","X004L612A7","FBA Customer Return Per Unit Fee (Clothing & Shoes)","","Amazon.ca","","","","","","0","0","0","0","0","0","0","0","0","0","0","0","-5.49","0","0","-5.49"
"Nov 13, 2025 6:14:39 p.m. PST","24903396241","Order","701-6249296-0162660","MSCA-D74-2-3","ANGOOL V Neck Seamless Bralette for Women Full Coverage Wireless Padded Bra No Underwire Non Removable Pads Push Up Bras, Black, M","1","amazon.ca","Amazon","Saint-Bernard","Quebec","G0S 2G","Combined TCS+MTC","20.79","3.11","0","0","0","0","0","0","0","0","-3.11","-3.53","-8.17","0","0","9.09"
"Nov 13, 2025 6:14:39 p.m. PST","24903396241","Order","701-6249296-0162660","MSCA-D74-6-3","ANGOOL V Neck Seamless Bralette for Women Full Coverage Wireless Padded Bra No Underwire Non Removable Pads Push Up Bras, White, M","1","amazon.ca","Amazon","Saint-Bernard","Quebec","G0S 2G","Combined TCS+MTC","20.79","3.11","0","0","0","0","0","0","0","0","-3.11","-3.53","-8.17","0","0","9.09"
"Nov 13, 2025 6:26:22 p.m. PST","24903396241","Refund","701-4130354-3581849","MSCA-D70-7-4","ANGOOL Wireless Strapless Bra for Women Seamless Push Up Non-Slip Full Support Non Removable Padded Bandeau Bra, Brown, L","1","amazon.ca","Amazon","Burlington","Ontario","L7P 2L","Combined TCS+MTC","-25.49","-3.31","0","0","0","0","0","0","0","0","3.31","3.46","0","0","0","-22.03"
"Nov 13, 2025 6:44:56 p.m. PST","24903396241","Order","702-0901772-9902629","MSCA-D70-7-2","ANGOOL Wireless Strapless Bra for Women Seamless Push Up Non-Slip Full Support Non Removable Padded Bandeau Bra, Brown, S","1","amazon.ca","Amazon","Port Dover","Ontario","N0A 1N","Combined TCS+MTC","23.99","3.12","3.50","0","0","0","0","0","-3.50","0","-3.12","-4.08","-7.13","0","0","12.78"
"Nov 13, 2025 8:52:39 p.m. PST","24903396241","Order","702-8979204-1299408","MSCA-D70-6-2","ANGOOL Wireless Strapless Bra for Women Seamless Push Up Non-Slip Full Support Non Removable Padded Bandeau Bra, White, S","1","amazon.ca","Amazon","Acme","Alberta","T0M 0A","Combined TCS+MTC","23.99","1.20","0","0","0","0","0","0","0","0","-1.20","-4.08","-6.74","0","0","13.17"
"Nov 13, 2025 9:26:38 p.m. PST","24903396241","Order","701-5632195-0352216","MSCA-D70-2-3","ANGOOL Wireless Strapless Bra for Women Seamless Push Up Non-Slip Full Support Non Removable Padded Bandeau Bra, Black, M","1","amazon.ca","Amazon","Bradford","Ontario","L3Z 4L","Combined TCS+MTC","23.99","3.12","0","0","0","0","0","0","0","0","-3.12","-4.08","-7.65","0","0","12.26"
"Nov 13, 2025 10:23:55 p.m. PST","24903396241","Order","702-2330733-9845025","MSCA-D70-5-4","ANGOOL Wireless Strapless Bra for Women Seamless Push Up Non-Slip Full Support Non Removable Padded Bandeau Bra, Beige, L","1","amazon.ca","Amazon","Oshawa","Ontario","L1H 3S","Combined TCS+MTC","23.99","3.12","0","0","0","0","0","0","0","0","-3.12","-4.08","-7.65","0","0","12.26"
"Nov 13, 2025 10:34:55 p.m. PST","24903396241","Order","701-0615604-3851458","MSCA-D70-25-3","ANGOOL Wireless Strapless Bra for Women Seamless Push Up Non-Slip Full Support Non Removable Padded Bandeau Bra, Black+Beige, M","1","amazon.ca","Amazon","Etobicoke","Ontario","M9B 4P","Combined TCS+MTC","34.39","4.47","0","0","0","0","0","0","0","0","-4.47","-5.85","-7.84","0","0","20.70"
"Nov 13, 2025 11:17:55 p.m. PST","24903396241","Order","701-7914452-6208232","MSCA-D70-2-3","ANGOOL Wireless Strapless Bra for Women Seamless Push Up Non-Slip Full Support Non Removable Padded Bandeau Bra, Black, M","1","amazon.ca","Amazon","Saint-Colomban","Quebec","J5K 1W","Combined TCS+MTC","23.99","3.59","0","0","0","0","0","0","0","0","-3.59","-4.08","-7.65","0","0","12.26"
"Nov 13, 2025 11:19:28 p.m. PST","24903396241","Fulfilment by Amazon customer return fee","702-9190051-9860263","X004L5ZNMB","FBA Customer Return Per Unit Fee (Clothing & Shoes)","","Amazon.ca","","","","","","0","0","0","0","0","0","0","0","0","0","0","0","-5.03","0","0","-5.03"
"Nov 14, 2025 12:40:00 a.m. PST","24903396241","Order","701-5691282-0995446","MSCA-D70-2-5","ANGOOL Wireless Strapless Bra for Women Seamless Push Up Non-Slip Full Support Non Removable Padded Bandeau Bra, Black, XL","1","amazon.ca","Amazon","Ramara","Ontario","L3V 0K","Combined TCS+MTC","23.99","3.12","0","0","0","0","0","0","0","0","-3.12","-4.08","-7.65","0","0","12.26"
"Nov 14, 2025 12:47:03 a.m. PST","24903396241","Order","702-8390287-8681001","MSCA-D74-5-5","ANGOOL V Neck Seamless Bralette for Women Full Coverage Wireless Padded Bra No Underwire Non Removable Pads Push Up Bras, Beige, XL","1","amazon.ca","Amazon","Crysler","Ontario","K0A 1R","Combined TCS+MTC","20.79","2.70","0","0","0","0","0","0","0","0","-2.70","-3.53","-8.17","0","0","9.09"
"Nov 14, 2025 1:12:55 a.m. PST","24903396241","Order","702-2122098-5511417","MSCA-D70-25-5","ANGOOL Wireless Strapless Bra for Women Seamless Push Up Non-Slip Full Support Non Removable Padded Bandeau Bra, Black+Beige, XL","1","amazon.ca","Amazon","WELLAND","ON","L3B5Z","Combined TCS+MTC","34.39","4.47","0","0","0","0","0","0","0","0","-4.47","-5.85","-8.17","0","0","20.37"
"Nov 14, 2025 1:29:52 a.m. PST","24903396241","Order","702-4204977-3460253","MSCA-D70-5-6","ANGOOL Wireless Strapless Bra for Women Seamless Push Up Non-Slip Full Support Non Removable Padded Bandeau Bra, Beige, XXL","1","amazon.ca","Amazon","Oro-Medonte","Ontario","L0L 2L","Combined TCS+MTC","23.99","3.12","0","0","0","0","0","0","0","0","-3.12","-4.08","-7.65","0","0","12.26"
"Nov 14, 2025 1:40:45 a.m. PST","24903396241","Order","702-8667992-1470640","MSCA-D74-6-3","ANGOOL V Neck Seamless Bralette for Women Full Coverage Wireless Padded Bra No Underwire Non Removable Pads Push Up Bras, White, M","1","amazon.ca","Amazon","Toronto","Ontario","M6K 0J","Combined TCS+MTC","20.79","2.70","0","0","0","0","0","0","0","0","-2.70","-3.53","-8.17","0","0","9.09"
"Nov 14, 2025 1:40:45 a.m. PST","24903396241","Order","702-8667992-1470640","MSCA-D74-2-3","ANGOOL V Neck Seamless Bralette for Women Full Coverage Wireless Padded Bra No Underwire Non Removable Pads Push Up Bras, Black, M","1","amazon.ca","Amazon","Toronto","Ontario","M6K 0J","Combined TCS+MTC","20.79","2.70","0","0","0","0","0","0","0","0","-2.70","-3.53","-8.17","0","0","9.09"
"Nov 14, 2025 1:51:28 a.m. PST","24903396241","Order","702-5093422-3774668","MSCA-D70-7-4","ANGOOL Wireless Strapless Bra for Women Seamless Push Up Non-Slip Full Support Non Removable Padded Bandeau Bra, Brown, L","1","amazon.ca","Amazon","Pierrefonds","Québec","H8Y 3H","Combined TCS+MTC","23.99","3.59","0","0","0","0","0","0","0","0","-3.59","-4.08","-7.65","0","0","12.26"
"Nov 14, 2025 1:53:17 a.m. PST","24903396241","Order","702-6576724-8288217","MSCA-D70-5-3","ANGOOL Wireless Strapless Bra for Women Seamless Push Up Non-Slip Full Support Non Removable Padded Bandeau Bra, Beige, M","1","amazon.ca","Amazon","Mississauga","Ontario","L5H 4L","Combined TCS+MTC","23.99","3.12","0","0","0","0","0","0","0","0","-3.12","-4.08","-7.63","0","0","12.28"
"Nov 14, 2025 2:11:23 a.m. PST","24903396241","Order","701-8911776-7936205","MSCA-D70-7-4","ANGOOL Wireless Strapless Bra for Women Seamless Push Up Non-Slip Full Support Non Removable Padded Bandeau Bra, Brown, L","1","amazon.ca","Amazon","Alliston","Ontario","L9R 1W","Combined TCS+MTC","23.99","3.12","0","0","0","0","0","0","0","0","-3.12","-4.08","-7.65","0","0","12.26"
"Nov 14, 2025 4:26:22 a.m. PST","24903396241","Order","702-4117242-7737047","MSCA-D77-6-4","ANGOOL Racerback Bras for Women Wire Free Sexy V Neck Lace Bralette Adjustable Strap Full Coverage Padded Bra, White, L","1","amazon.ca","Amazon","Windsor","Ontario","N8P0C","Combined TCS+MTC","22.49","2.92","0","0","0","0","0","0","0","0","-2.92","-3.82","-7.13","0","0","11.54"
"Nov 14, 2025 5:44:27 a.m. PST","24903396241","Order","701-1808002-3598655","MSCA-D70-2-6","ANGOOL Wireless Strapless Bra for Women Seamless Push Up Non-Slip Full Support Non Removable Padded Bandeau Bra, Black, XXL","1","amazon.ca","Amazon","Langley","British Columbia","V2Y 1C","Combined TCS+MTC","23.99","2.88","0","0","0","0","0","0","0","0","-2.88","-4.08","-7.63","0","0","12.28"
"Nov 14, 2025 7:02:39 a.m. PST","24903396241","Order","702-2500462-3360233","MSCA-D70-5-4","ANGOOL Wireless Strapless Bra for Women Seamless Push Up Non-Slip Full Support Non Removable Padded Bandeau Bra, Beige, L","1","amazon.ca","Amazon","Saint-Liboire","Quebec","J0H 1R","Combined TCS+MTC","23.99","3.59","0","0","0","0","0","0","0","0","-3.59","-4.08","-7.65","0","0","12.26"
"Nov 14, 2025 8:08:40 a.m. PST","24903396241","Order","701-2698442-9867439","MSCA-D70-25-4","ANGOOL Wireless Strapless Bra for Women Seamless Push Up Non-Slip Full Support Non Removable Padded Bandeau Bra, Black+Beige, L","1","amazon.ca","Amazon","Whites Lake","Nova Scotia","B3T 1W","Combined TCS+MTC","34.39","4.81","0","0","0","0","0","0","0","0","-4.81","-5.85","-8.74","0","0","19.80"
"Nov 14, 2025 8:08:48 a.m. PST","24903396241","Order","701-7647086-8366628","MSCA-D70-2-5","ANGOOL Wireless Strapless Bra for Women Seamless Push Up Non-Slip Full Support Non Removable Padded Bandeau Bra, Black, XL","1","amazon.ca","Amazon","Whitby","Ontario","L1R 1V","Combined TCS+MTC","23.99","3.12","0.70","0","0","0","0","0","-0.70","0","-3.12","-4.08","-7.65","0","0","12.26"
"Nov 14, 2025 8:59:56 a.m. PST","24903396241","Order","702-6852694-3421856","MSCA-D70-5-5","ANGOOL Wireless Strapless Bra for Women Seamless Push Up Non-Slip Full Support Non Removable Padded Bandeau Bra, Beige, XL","1","amazon.ca","Amazon","Hamilton","Ontario","L8G 2G","Combined TCS+MTC","23.99","3.12","3.49","0","0","0","0","0","-3.49","0","-3.12","-4.08","-7.65","0","0","12.26"
"Nov 14, 2025 10:23:28 a.m. PST","24903396241","Order","701-6330262-9728267","MSCA-D70-2-3","ANGOOL Wireless Strapless Bra for Women Seamless Push Up Non-Slip Full Support Non Removable Padded Bandeau Bra, Black, M","1","amazon.ca","Amazon","Calgary","Alberta","T2M 3M","Combined TCS+MTC","23.99","1.20","0","0","0","0","0","0","0","0","-1.20","-4.08","-7.65","0","0","12.26"
"Nov 14, 2025 1:29:07 p.m. PST","24903396241","Order","702-1646313-2871437","MSCA-D70-2-5","ANGOOL Wireless Strapless Bra for Women Seamless Push Up Non-Slip Full Support Non Removable Padded Bandeau Bra, Black, XL","1","amazon.ca","Amazon","SURREY","BC","V3V0G","Combined TCS+MTC","23.99","2.88","0","0","0","0","0","0","0","0","-2.88","-4.08","-7.65","0","0","12.26"
"Nov 14, 2025 2:16:54 p.m. PST","24903396241","Order","701-5681731-1417808","MSCA-D77-2-5","ANGOOL Racerback Bras for Women Wire Free Sexy V Neck Lace Bralette Adjustable Strap Full Coverage Padded Bra, Black, XL","1","amazon.ca","Amazon","Thunder Bay","Ontario","P7K 0A","Combined TCS+MTC","22.49","2.92","0","0","0","0","0","0","0","0","-2.92","-3.82","-7.13","0","0","11.54"
"Nov 14, 2025 2:39:10 p.m. PST","24903396241","Order","701-8317456-9829017","MSCA-D74-7-3","ANGOOL V Neck Seamless Bralette for Women Full Coverage Wireless Padded Bra No Underwire Non Removable Pads Push Up Bras, Brown, M","1","amazon.ca","Amazon","Waterdown","Ontario","L8B 1X","Combined TCS+MTC","20.79","2.70","0","0","0","0","0","0","0","0","-2.70","-3.53","-8.17","0","0","9.09"
"Nov 14, 2025 4:35:08 p.m. PST","24903396241","Refund","702-7420267-6317014","MSCA-D70-5-3","ANGOOL Wireless Strapless Bra for Women Seamless Push Up Non-Slip Full Support Non Removable Padded Bandeau Bra, Beige, M","1","amazon.ca","Amazon","Brampton","Ontario","L6P 4G","Combined TCS+MTC","-25.49","-3.31","0","0","0","0","0","0","0","0","3.31","3.46","0","0","0","-22.03"
"Nov 14, 2025 7:20:44 p.m. PST","24903396241","Order","701-7644021-2041864","MSCA-D70-2-3","ANGOOL Wireless Strapless Bra for Women Seamless Push Up Non-Slip Full Support Non Removable Padded Bandeau Bra, Black, M","1","amazon.ca","Amazon","Mont-Saint-Hilaire","Quebec","J3H 3Y","Combined TCS+MTC","23.99","3.59","0","0","0","0","0","0","0","0","-3.59","-4.08","-7.65","0","0","12.26"
"Nov 14, 2025 7:27:09 p.m. PST","24903396241","Order","702-0442175-0327467","MSCA-D70-5-2","ANGOOL Wireless Strapless Bra for Women Seamless Push Up Non-Slip Full Support Non Removable Padded Bandeau Bra, Beige, S","1","amazon.ca","Amazon","Mississauga","Ontario","L5H 4L","Combined TCS+MTC","23.99","3.12","0","0","0","0","0","0","0","0","-3.12","-4.08","-7.84","0","0","12.07"
"Nov 14, 2025 8:00:44 p.m. PST","24903396241","Order","702-8033657-0217068","MSCA-D70-25-4","ANGOOL Wireless Strapless Bra for Women Seamless Push Up Non-Slip Full Support Non Removable Padded Bandeau Bra, Black+Beige, L","1","amazon.ca","Amazon","Saint-Jerome","Quebec","J7Z 6X","Combined TCS+MTC","34.39","5.15","0","0","0","0","0","0","0","0","-5.15","-5.85","-8.74","0","0","19.80"
"Nov 14, 2025 8:58:04 p.m. PST","24903396241","Order","701-6832338-5432236","MSCA-D70-6-5","ANGOOL Wireless Strapless Bra for Women Seamless Push Up Non-Slip Full Support Non Removable Padded Bandeau Bra, White, XL","1","amazon.ca","Amazon","Thunder bay","Ontario","P7G 1K","Combined TCS+MTC","23.99","3.12","0","0","0","0","0","0","0","0","-3.12","-4.08","-7.13","0","0","12.78"
"Nov 14, 2025 9:00:31 p.m. PST","24903396241","Order","702-2618357-7414639","MSCA-D70-5-3","ANGOOL Wireless Strapless Bra for Women Seamless Push Up Non-Slip Full Support Non Removable Padded Bandeau Bra, Beige, M","1","amazon.ca","Amazon","SAINTE-SERAPHINE","QC","J0A1E","Combined TCS+MTC","23.99","3.59","0","0","0","0","0","0","0","0","-3.59","-4.08","-7.13","0","0","12.78"
"Nov 14, 2025 10:26:25 p.m. PST","24903396241","Fulfilment by Amazon customer return fee","702-2465079-9143455","X004L5YW73","FBA Customer Return Per Unit Fee (Clothing & Shoes)","","Amazon.ca","","","","","","0","0","0","0","0","0","0","0","0","0","0","0","-4.87","0","0","-4.87"
"Nov 14, 2025 10:28:11 p.m. PST","24903396241","Fulfilment by Amazon customer return fee","702-3449671-7705853","X004L5Z3KD","FBA Customer Return Per Unit Fee (Clothing & Shoes)","","Amazon.ca","","","","","","0","0","0","0","0","0","0","0","0","0","0","0","-4.98","0","0","-4.98"
"Nov 14, 2025 10:51:39 p.m. PST","24903396241","Order","701-2841768-2682630","MSCA-D70-25-3","ANGOOL Wireless Strapless Bra for Women Seamless Push Up Non-Slip Full Support Non Removable Padded Bandeau Bra, Black+Beige, M","1","amazon.ca","Amazon","Mississauga","Ontario","L5R 0H","Combined TCS+MTC","34.39","4.47","0","0","0","0","0","0","0","0","-4.47","-5.85","-7.84","0","0","20.70"
"Nov 15, 2025 12:26:28 a.m. PST","24903396241","Order","702-2623463-1825832","MSCA-D70-5-6","ANGOOL Wireless Strapless Bra for Women Seamless Push Up Non-Slip Full Support Non Removable Padded Bandeau Bra, Beige, XXL","1","amazon.ca","Amazon","Campbellford","Ontario","K0L 1L","Combined TCS+MTC","23.99","3.12","0","0","0","0","0","0","0","0","-3.12","-4.08","-7.65","0","0","12.26"
"Nov 15, 2025 1:20:16 a.m. PST","24903396241","Order","702-9863448-4473068","MSCA-D70-5-5","ANGOOL Wireless Strapless Bra for Women Seamless Push Up Non-Slip Full Support Non Removable Padded Bandeau Bra, Beige, XL","1","amazon.ca","Amazon","Brantford","Ontario","N3S 2J","Combined TCS+MTC","23.99","3.12","0","0","0","0","0","0","0","0","-3.12","-4.08","-7.65","0","0","12.26"
"Nov 15, 2025 2:21:04 a.m. PST","24903396241","Order","702-6221573-5265060","MSCA-D70-25-4","ANGOOL Wireless Strapless Bra for Women Seamless Push Up Non-Slip Full Support Non Removable Padded Bandeau Bra, Black+Beige, L","1","amazon.ca","Amazon","Victoria","British Columbia","V8W 2G","Combined TCS+MTC","34.39","4.13","0","0","0","0","0","0","0","0","-4.13","-5.85","-9.35","0","0","19.19"
"Nov 15, 2025 3:14:19 a.m. PST","24903396241","Order","702-9938085-5265847","MSCA-D70-25-3","ANGOOL Wireless Strapless Bra for Women Seamless Push Up Non-Slip Full Support Non Removable Padded Bandeau Bra, Black+Beige, M","1","amazon.ca","Amazon","Vancouver","BC","V5N 5W","Combined TCS+MTC","34.39","4.13","2.52","0","0","0","0","0","-2.52","0","-4.13","-5.85","-7.84","0","0","20.70"
"Nov 15, 2025 8:30:28 a.m. PST","24903396241","Order","701-0811085-1972221","CAZZ-D76-8-4","ANGOOL Women's Sports Bra Strappy Crisscross Back Bra Removable Padded Medium Support Gym Yoga Crop Top, Light Green, L","1","amazon.ca","Amazon","Calgary","AB","T3P 0G","Combined TCS+MTC","17.99","0.90","0","0","0","0","0","0","0","0","-0.90","-1.80","0","0","0","16.19"
"Nov 15, 2025 11:08:37 a.m. PST","24903396241","Order","702-4124159-4640246","MSCA-D70-5-6","ANGOOL Wireless Strapless Bra for Women Seamless Push Up Non-Slip Full Support Non Removable Padded Bandeau Bra, Beige, XXL","1","amazon.ca","Amazon","Timmins","Ontario","P4N 4W","Combined TCS+MTC","23.99","3.12","0","0","0","0","0","0","0","0","-3.12","-4.08","-7.65","0","0","12.26"
"Nov 15, 2025 11:31:24 a.m. PST","24903396241","FBA Inventory Fee","lrdio08dq+","","Fulfilment by Amazon removal order: disposal fee","","Amazon.ca","","","","","","0","0","0","0","0","0","0","0","0","0","0","0","0","0","-0.82","-0.82"
"Nov 15, 2025 11:44:30 a.m. PST","24903396241","Order","701-8151793-9060250","MSCA-D70-5-4","ANGOOL Wireless Strapless Bra for Women Seamless Push Up Non-Slip Full Support Non Removable Padded Bandeau Bra, Beige, L","1","amazon.ca","Amazon","Vaughan","Ontario","L6A 2X","Combined TCS+MTC","23.99","3.12","0","0","0","0","0","0","0","0","-3.12","-4.08","-7.65","0","0","12.26"
"Nov 15, 2025 1:30:09 p.m. PST","24903396241","FBA Inventory Fee","702-3449671-7705853","","Fulfilment by Amazon removal order: disposal fee","","Amazon.ca","","","","","","0","0","0","0","0","0","0","0","0","0","0","0","0","0","-0.39","-0.39"
"Nov 15, 2025 1:37:35 p.m. PST","24903396241","Refund","701-8487557-8229018","MSCA-D70-5-4","ANGOOL Wireless Strapless Bra for Women Seamless Push Up Non-Slip Full Support Non Removable Padded Bandeau Bra, Beige, L","1","amazon.ca","Amazon","Calgary","Alberta","T2X 4M","Combined TCS+MTC","-23.99","-1.20","0","0","0","0","0","0","0","0","1.20","3.26","0","0","0","-20.73"
"Nov 15, 2025 4:30:30 p.m. PST","24903396241","FBA Inventory Fee","EM35ur5yLP","","Fulfilment by Amazon removal order: disposal fee","","Amazon.ca","","","","","","0","0","0","0","0","0","0","0","0","0","0","0","0","0","-0.36","-0.36"
"Nov 15, 2025 5:38:59 p.m. PST","24903396241","Order","701-6603352-6685826","MSCA-D70-7-3","ANGOOL Wireless Strapless Bra for Women Seamless Push Up Non-Slip Full Support Non Removable Padded Bandeau Bra, Brown, M","1","amazon.ca","Amazon","Toronto","Ontario","M4R 1B","Combined TCS+MTC","23.99","3.12","0","0","0","0","0","0","0","0","-3.12","-4.08","-7.84","0","0","12.07"
"Nov 15, 2025 6:49:18 p.m. PST","24903396241","Order","701-1653652-5707435","MSCA-D70-25-6","ANGOOL Wireless Strapless Bra for Women Seamless Push Up Non-Slip Full Support Non Removable Padded Bandeau Bra, Black+Beige, XXL","1","amazon.ca","Amazon","Morpeth","Ontario","N0P 1X","Combined TCS+MTC","34.39","4.47","0","0","0","0","0","0","0","0","-4.47","-5.85","-7.13","0","0","21.41"
"Nov 15, 2025 6:49:31 p.m. PST","24903396241","Order","701-3617284-2340221","MSCA-D70-7-4","ANGOOL Wireless Strapless Bra for Women Seamless Push Up Non-Slip Full Support Non Removable Padded Bandeau Bra, Brown, L","1","amazon.ca","Amazon","Etobicoke","Ontario","M9W 0C","Combined TCS+MTC","23.99","3.12","0","0","0","0","0","0","0","0","-3.12","-4.08","-7.65","0","0","12.26"
"Nov 15, 2025 6:55:34 p.m. PST","24903396241","Order","701-0599028-4211446","MSCA-D70-25-4","ANGOOL Wireless Strapless Bra for Women Seamless Push Up Non-Slip Full Support Non Removable Padded Bandeau Bra, Black+Beige, L","1","amazon.ca","Amazon","Guelph","Ontario","N1G 2R","Combined TCS+MTC","34.39","4.47","0","0","0","0","0","0","0","0","-4.47","-5.85","-8.74","0","0","19.80"
"Nov 15, 2025 7:25:56 p.m. PST","24903396241","Refund","701-0905459-8845851","MSCA-D70-6-4","ANGOOL Wireless Strapless Bra for Women Seamless Push Up Non-Slip Full Support Non Removable Padded Bandeau Bra, White, L","1","amazon.ca","Amazon","Calgary","Alberta","T3K 0A","Combined TCS+MTC","-25.49","-1.27","0","0","0","0","0","0","0","0","1.27","3.46","0","0","0","-22.03"
"Nov 15, 2025 7:35:13 p.m. PST","24903396241","Order","701-5152438-7874630","MSCA-D70-6-3","ANGOOL Wireless Strapless Bra for Women Seamless Push Up Non-Slip Full Support Non Removable Padded Bandeau Bra, White, M","1","amazon.ca","Amazon","Lambton","Quebec","G0M 1H","Combined TCS+MTC","23.99","3.59","0","0","0","0","0","0","0","0","-3.59","-4.08","-7.13","0","0","12.78"
"Nov 15, 2025 7:44:46 p.m. PST","24903396241","Order","701-2459662-7057867","MSCA-D70-5-3","ANGOOL Wireless Strapless Bra for Women Seamless Push Up Non-Slip Full Support Non Removable Padded Bandeau Bra, Beige, M","1","amazon.ca","Amazon","Whitehorse","Yukon","Y1A 0E","Combined TCS+MTC","23.99","1.20","2.44","0","0","0","0","0","-2.44","0","-1.20","-4.08","-7.13","0","0","12.78"
"Nov 15, 2025 7:59:19 p.m. PST","24903396241","Order","701-1461205-5112257","MSCA-D70-7-2","ANGOOL Wireless Strapless Bra for Women Seamless Push Up Non-Slip Full Support Non Removable Padded Bandeau Bra, Brown, S","1","amazon.ca","Amazon","Calgary","Alberta","T2N 3T","Combined TCS+MTC","23.99","1.20","0","0","0","0","0","0","0","0","-1.20","-4.08","-7.13","0","0","12.78"
"Nov 15, 2025 7:59:19 p.m. PST","24903396241","Order","701-1461205-5112257","MSCA-D70-7-6","ANGOOL Wireless Strapless Bra for Women Seamless Push Up Non-Slip Full Support Non Removable Padded Bandeau Bra, Brown, XXL","1","amazon.ca","Amazon","Calgary","Alberta","T2N 3T","Combined TCS+MTC","23.99","1.20","0","0","0","0","0","0","0","0","-1.20","-4.08","-7.13","0","0","12.78"
"Nov 15, 2025 9:59:44 p.m. PST","24903396241","Order","701-8759994-3181059","MSCA-D70-5-2","ANGOOL Wireless Strapless Bra for Women Seamless Push Up Non-Slip Full Support Non Removable Padded Bandeau Bra, Beige, S","1","amazon.ca","Amazon","Stouffville","Ontario","L4A 0Z","Combined TCS+MTC","23.99","3.12","0","0","0","0","0","0","0","0","-3.12","-4.08","-7.84","0","0","12.07"
"Nov 15, 2025 10:21:07 p.m. PST","24903396241","Order","701-5169422-2356214","MSCA-D74-6-4","ANGOOL V Neck Seamless Bralette for Women Full Coverage Wireless Padded Bra No Underwire Non Removable Pads Push Up Bras, White, L","1","amazon.ca","Amazon","St Joseph du lac","Québec","J0N1M","Combined TCS+MTC","20.79","3.11","0","0","0","0","0","0","0","0","-3.11","-3.53","-8.17","0","0","9.09"
"Nov 15, 2025 11:01:12 p.m. PST","24903396241","Order","702-1864620-1721067","MSCA-D70-25-3","ANGOOL Wireless Strapless Bra for Women Seamless Push Up Non-Slip Full Support Non Removable Padded Bandeau Bra, Black+Beige, M","1","amazon.ca","Amazon","Waterloo","Ontario","N2V 0H","Combined TCS+MTC","34.39","4.47","0","0","0","0","0","0","0","0","-4.47","-5.85","-7.84","0","0","20.70"
"Nov 15, 2025 11:26:11 p.m. PST","24903396241","Order","701-1537649-0005845","MSCA-D70-2-3","ANGOOL Wireless Strapless Bra for Women Seamless Push Up Non-Slip Full Support Non Removable Padded Bandeau Bra, Black, M","1","amazon.ca","Amazon","Scarborough","Ontario","M1C 3M","Combined TCS+MTC","23.99","3.12","0","0","0","0","0","0","0","0","-3.12","-4.08","-7.65","0","0","12.26"
"Nov 16, 2025 12:48:35 a.m. PST","24903396241","Fulfilment by Amazon customer return fee","702-5254397-2321036","X004L5UE9N","FBA Customer Return Per Unit Fee (Clothing & Shoes)","","Amazon.ca","","","","","","0","0","0","0","0","0","0","0","0","0","0","0","-5.15","0","0","-5.15"
"Nov 16, 2025 2:17:50 a.m. PST","24903396241","Order","702-4967391-5569003","MSCA-D70-5-3","ANGOOL Wireless Strapless Bra for Women Seamless Push Up Non-Slip Full Support Non Removable Padded Bandeau Bra, Beige, M","1","amazon.ca","Amazon","Oro medonte","Ontario","L3V7Z","Combined TCS+MTC","23.99","3.12","0","0","0","0","0","0","0","0","-3.12","-4.08","-7.13","0","0","12.78"
"Nov 16, 2025 5:11:43 a.m. PST","24903396241","Fulfilment by Amazon customer return fee","701-7565473-5439411","X004L612A7","FBA Customer Return Per Unit Fee (Clothing & Shoes)","","Amazon.ca","","","","","","0","0","0","0","0","0","0","0","0","0","0","0","-5.49","0","0","-5.49"
"Nov 16, 2025 5:51:10 a.m. PST","24903396241","Fulfilment by Amazon customer return fee","702-7537492-4341051","X004L5Z7U9","FBA Customer Return Per Unit Fee (Clothing & Shoes)","","Amazon.ca","","","","","","0","0","0","0","0","0","0","0","0","0","0","0","-4.92","0","0","-4.92"
"Nov 16, 2025 6:04:31 a.m. PST","24903396241","Order","702-6494105-8313054","MSCA-D70-25-4","ANGOOL Wireless Strapless Bra for Women Seamless Push Up Non-Slip Full Support Non Removable Padded Bandeau Bra, Black+Beige, L","1","amazon.ca","Amazon","Surrey","British Columbia","V3S 0C","Combined TCS+MTC","34.39","4.13","0","0","0","0","0","0","0","0","-4.13","-5.85","-9.35","0","0","19.19"
"Nov 16, 2025 8:24:46 a.m. PST","24903396241","Fulfilment by Amazon customer return fee","701-2372591-1859401","X004L5UE9N","FBA Customer Return Per Unit Fee (Clothing & Shoes)","","Amazon.ca","","","","","","0","0","0","0","0","0","0","0","0","0","0","0","-4.79","0","0","-4.79"
"Nov 16, 2025 9:08:10 a.m. PST","24903396241","Order","702-1492846-9973814","MSCA-D70-25-5","ANGOOL Wireless Strapless Bra for Women Seamless Push Up Non-Slip Full Support Non Removable Padded Bandeau Bra, Black+Beige, XL","1","amazon.ca","Amazon","St Catharines","Ontario","L2M 6W","Combined TCS+MTC","34.39","4.47","6.99","0","0","0","0","0","-6.99","0","-4.47","-5.85","-8.17","0","0","20.37"
"Nov 16, 2025 9:31:13 a.m. PST","24903396241","Fulfilment by Amazon customer return fee","702-2652668-4234619","X004L5ZNMB","FBA Customer Return Per Unit Fee (Clothing & Shoes)","","Amazon.ca","","","","","","0","0","0","0","0","0","0","0","0","0","0","0","-5.03","0","0","-5.03"
"Nov 16, 2025 12:00:56 p.m. PST","24903396241","Order","702-6174181-0903448","MSCA-D70-25-2","ANGOOL Wireless Strapless Bra for Women Seamless Push Up Non-Slip Full Support Non Removable Padded Bandeau Bra, Black+Beige, S","1","amazon.ca","Amazon","Ingersoll","Ontario","N5C 3J","Combined TCS+MTC","34.39","4.47","0","0","0","0","0","0","0","0","-4.47","-5.85","-7.84","0","0","20.70"
"Nov 16, 2025 1:06:21 p.m. PST","24903396241","Refund","702-7329169-4524216","MSCA-D70-7-4","ANGOOL Wireless Strapless Bra for Women Seamless Push Up Non-Slip Full Support Non Removable Padded Bandeau Bra, Brown, L","1","amazon.ca","Amazon","Brampton","Ontario","L6X 5G","Combined TCS+MTC","-25.49","-3.31","-6.99","0","0","0","0","0","6.99","0","3.31","3.46","0","0","0","-22.03"
"Nov 16, 2025 1:21:11 p.m. PST","24903396241","Order","702-7555202-5764257","MSCA-D70-25-3","ANGOOL Wireless Strapless Bra for Women Seamless Push Up Non-Slip Full Support Non Removable Padded Bandeau Bra, Black+Beige, M","1","amazon.ca","Amazon","Fort Erie","Ontario","L2A 5K","Combined TCS+MTC","34.39","4.47","0","0","0","0","0","0","0","0","-4.47","-5.85","-7.84","0","0","20.70"
"Nov 16, 2025 1:28:48 p.m. PST","24903396241","Order","701-7854530-1117863","MSCA-D77-2-5","ANGOOL Racerback Bras for Women Wire Free Sexy V Neck Lace Bralette Adjustable Strap Full Coverage Padded Bra, Black, XL","1","amazon.ca","Amazon","Gatineau","QC","J8L 3N","Combined TCS+MTC","22.49","3.37","0","0","0","0","0","0","0","0","-3.37","-3.82","-7.13","0","0","11.54"
"Nov 16, 2025 1:53:10 p.m. PST","24903396241","Fulfilment by Amazon customer return fee","701-3450645-2349051","X004L5Z47F","FBA Customer Return Per Unit Fee (Clothing & Shoes)","","Amazon.ca","","","","","","0","0","0","0","0","0","0","0","0","0","0","0","-4.98","0","0","-4.98"
"Nov 16, 2025 2:05:45 p.m. PST","24903396241","Order","702-9359159-3513802","MSCA-D70-25-4","ANGOOL Wireless Strapless Bra for Women Seamless Push Up Non-Slip Full Support Non Removable Padded Bandeau Bra, Black+Beige, L","1","amazon.ca","Amazon","Port Dover","Ontario","N0A1N","Combined TCS+MTC","34.39","4.47","0","0","0","0","0","0","0","0","-4.47","-5.85","-8.74","0","0","19.80"
"Nov 16, 2025 2:25:12 p.m. PST","24903396241","Order","701-0493446-6002630","MSCA-D70-5-2","ANGOOL Wireless Strapless Bra for Women Seamless Push Up Non-Slip Full Support Non Removable Padded Bandeau Bra, Beige, S","1","amazon.ca","Amazon","Port Coquitlam","British Columbia","V3C 4X","Combined TCS+MTC","23.99","2.88","0","0","0","0","0","0","0","0","-2.88","-4.08","-7.84","0","0","12.07"
"Nov 16, 2025 2:41:56 p.m. PST","24903396241","Order","701-3527402-4601848","MSCA-D70-5-3","ANGOOL Wireless Strapless Bra for Women Seamless Push Up Non-Slip Full Support Non Removable Padded Bandeau Bra, Beige, M","1","amazon.ca","Amazon","Nepean","Ontario","K2J 3M","Combined TCS+MTC","23.99","3.12","0","0","0","0","0","0","0","0","-3.12","-4.08","-7.13","0","0","12.78"
"Nov 16, 2025 2:56:16 p.m. PST","24903396241","Order","702-0382933-0558662","MSCA-D70-5-6","ANGOOL Wireless Strapless Bra for Women Seamless Push Up Non-Slip Full Support Non Removable Padded Bandeau Bra, Beige, XXL","1","amazon.ca","Amazon","Halifax","Nova Scotia","B3P 0E","Combined TCS+MTC","23.99","3.36","0","0","0","0","0","0","0","0","-3.36","-4.08","-7.65","0","0","12.26"
"Nov 16, 2025 4:46:24 p.m. PST","24903396241","Order","702-2358537-0939453","MSCA-D70-25-4","ANGOOL Wireless Strapless Bra for Women Seamless Push Up Non-Slip Full Support Non Removable Padded Bandeau Bra, Black+Beige, L","1","amazon.ca","Amazon","Sturgeon county","Alberta","T0G 1L","Combined TCS+MTC","34.39","1.72","0","0","0","0","0","0","0","0","-1.72","-5.85","-8.74","0","0","19.80"
"Nov 16, 2025 5:50:16 p.m. PST","24903396241","Order","702-9612058-6286650","MSCA-D70-7-4","ANGOOL Wireless Strapless Bra for Women Seamless Push Up Non-Slip Full Support Non Removable Padded Bandeau Bra, Brown, L","1","amazon.ca","Amazon","Innerkip","Ontario","N0J 1M","Combined TCS+MTC","23.99","3.12","0","0","0","0","0","0","0","0","-3.12","-4.08","-7.65","0","0","12.26"
"Nov 16, 2025 6:22:16 p.m. PST","24903396241","Fulfilment by Amazon customer return fee","701-0591730-1916231","X004L5VLD1","FBA Customer Return Per Unit Fee (Clothing & Shoes)","","Amazon.ca","","","","","","0","0","0","0","0","0","0","0","0","0","0","0","-5.03","0","0","-5.03"
"Nov 16, 2025 6:53:38 p.m. PST","24903396241","Order","701-7288914-3516213","MSCA-D70-25-4","ANGOOL Wireless Strapless Bra for Women Seamless Push Up Non-Slip Full Support Non Removable Padded Bandeau Bra, Black+Beige, L","1","amazon.ca","Amazon","Mississauga","Ontario","L5R 0H","Combined TCS+MTC","34.39","4.47","0","0","0","0","0","0","0","0","-4.47","-5.85","-8.74","0","0","19.80"
"Nov 16, 2025 7:00:38 p.m. PST","24903396241","Order","701-0341991-7755413","MSCA-D70-25-5","ANGOOL Wireless Strapless Bra for Women Seamless Push Up Non-Slip Full Support Non Removable Padded Bandeau Bra, Black+Beige, XL","1","amazon.ca","Amazon","Huntsville","Ontario","P1H 2J","Combined TCS+MTC","34.39","4.47","0","0","0","0","0","0","0","0","-4.47","-5.85","-8.17","0","0","20.37"
"Nov 16, 2025 7:06:20 p.m. PST","24903396241","Refund","701-4910838-0639467","MSCA-D70-5-4","ANGOOL Wireless Strapless Bra for Women Seamless Push Up Non-Slip Full Support Non Removable Padded Bandeau Bra, Beige, L","1","amazon.ca","Amazon","Burnaby","British Columbia","V3N 5B","Combined TCS+MTC","-25.49","-3.06","0","0","0","0","0","0","0","0","3.06","3.46","0","0","0","-22.03"
"Nov 16, 2025 7:16:48 p.m. PST","24903396241","Refund","701-7139098-2478623","MSCA-D70-25-5","ANGOOL Wireless Strapless Bra for Women Seamless Push Up Non-Slip Full Support Non Removable Padded Bandeau Bra, Black+Beige, XL","1","amazon.ca","Amazon","Clarenville","Newfoundland","A5A 1W","Combined TCS+MTC","-36.54","-5.48","0","0","0","0","0","0","0","0","5.48","4.97","0","0","0","-31.57"
"Nov 16, 2025 8:30:29 p.m. PST","24903396241","Order","702-6925438-8332202","MSCA-D70-25-3","ANGOOL Wireless Strapless Bra for Women Seamless Push Up Non-Slip Full Support Non Removable Padded Bandeau Bra, Black+Beige, M","1","amazon.ca","Amazon","Granby","Quebec","J2H 1X","Combined TCS+MTC","34.39","5.15","0","0","0","0","0","0","0","0","-5.15","-5.85","-7.84","0","0","20.70"
"Nov 16, 2025 9:13:42 p.m. PST","24903396241","Order","701-4877903-4943425","MSCA-D70-25-4","ANGOOL Wireless Strapless Bra for Women Seamless Push Up Non-Slip Full Support Non Removable Padded Bandeau Bra, Black+Beige, L","1","amazon.ca","Amazon","Tottenham","Ontario","L0G 1W","Combined TCS+MTC","34.39","4.47","0","0","0","0","0","0","0","0","-4.47","-5.85","-8.74","0","0","19.80"
"Nov 16, 2025 9:17:03 p.m. PST","24903396241","Order","702-9438240-5190630","MSCA-D70-25-2","ANGOOL Wireless Strapless Bra for Women Seamless Push Up Non-Slip Full Support Non Removable Padded Bandeau Bra, Black+Beige, S","1","amazon.ca","Amazon","Richmond Hill","Ontario","L4S 2A","Combined TCS+MTC","34.39","4.47","0","0","0","0","0","0","0","0","-4.47","-5.85","-7.84","0","0","20.70"
"Nov 16, 2025 9:30:58 p.m. PST","24903396241","Order","701-5944651-2073860","MSCA-D70-5-4","ANGOOL Wireless Strapless Bra for Women Seamless Push Up Non-Slip Full Support Non Removable Padded Bandeau Bra, Beige, L","1","amazon.ca","Amazon","Grimsby","Ontario","L3M 5L","Combined TCS+MTC","23.99","3.12","0","0","0","0","0","0","0","0","-3.12","-4.08","-7.65","0","0","12.26"
"Nov 16, 2025 9:34:05 p.m. PST","24903396241","Fulfilment by Amazon customer return fee","702-4621013-7761028","X004L5XII7","FBA Customer Return Per Unit Fee (Clothing & Shoes)","","Amazon.ca","","","","","","0","0","0","0","0","0","0","0","0","0","0","0","-5.03","0","0","-5.03"
"Nov 16, 2025 9:34:44 p.m. PST","24903396241","Order","702-9438240-5190630","MSCA-D70-7-2","ANGOOL Wireless Strapless Bra for Women Seamless Push Up Non-Slip Full Support Non Removable Padded Bandeau Bra, Brown, S","1","amazon.ca","Amazon","Richmond Hill","Ontario","L4S 2A","Combined TCS+MTC","23.99","3.12","0","0","0","0","0","0","0","0","-3.12","-4.08","-7.13","0","0","12.78"
"Nov 16, 2025 9:51:06 p.m. PST","24903396241","Order","701-8345588-3013852","MSCA-D70-5-2","ANGOOL Wireless Strapless Bra for Women Seamless Push Up Non-Slip Full Support Non Removable Padded Bandeau Bra, Beige, S","1","amazon.ca","Amazon","Toronto","Ontario","M6J 3W","Combined TCS+MTC","23.99","3.12","0","0","0","0","0","0","0","0","-3.12","-4.08","-7.84","0","0","12.07"
"Nov 16, 2025 10:07:41 p.m. PST","24903396241","Order","702-2516786-0613034","MSCA-D70-25-4","ANGOOL Wireless Strapless Bra for Women Seamless Push Up Non-Slip Full Support Non Removable Padded Bandeau Bra, Black+Beige, L","1","amazon.ca","Amazon","Kingston","Ontario","K7P 1P","Combined TCS+MTC","34.39","4.47","0","0","0","0","0","0","0","0","-4.47","-5.85","-8.74","0","0","19.80"
"Nov 16, 2025 10:24:48 p.m. PST","24903396241","Order","702-3719553-8108218","MSCA-D70-5-3","ANGOOL Wireless Strapless Bra for Women Seamless Push Up Non-Slip Full Support Non Removable Padded Bandeau Bra, Beige, M","1","amazon.ca","Amazon","chicoutimi","quebec","G7H5A","Combined TCS+MTC","23.99","3.59","0","0","0","0","0","0","0","0","-3.59","-4.08","-7.13","0","0","12.78"
"Nov 16, 2025 10:35:54 p.m. PST","24903396241","Refund","701-0878713-0147439","MSCA-D70-5-2","ANGOOL Wireless Strapless Bra for Women Seamless Push Up Non-Slip Full Support Non Removable Padded Bandeau Bra, Beige, S","1","amazon.ca","Amazon","Chicoutimi","Quebec","G7H 0C","Combined TCS+MTC","-25.49","-3.82","0","0","0","0","0","0","0","0","3.82","3.46","0","0","0","-22.03"
"Nov 16, 2025 10:45:34 p.m. PST","24903396241","Order","701-5427400-0455442","MSCA-D70-5-4","ANGOOL Wireless Strapless Bra for Women Seamless Push Up Non-Slip Full Support Non Removable Padded Bandeau Bra, Beige, L","1","amazon.ca","Amazon","Ottawa","Ontario","K1R 7H","Combined TCS+MTC","23.99","3.12","0","0","0","0","0","0","0","0","-3.12","-4.08","-7.65","0","0","12.26"
"Nov 16, 2025 10:47:24 p.m. PST","24903396241","Order","702-8779111-1229048","MSCA-D70-25-4","ANGOOL Wireless Strapless Bra for Women Seamless Push Up Non-Slip Full Support Non Removable Padded Bandeau Bra, Black+Beige, L","1","amazon.ca","Amazon","Ste-Marthe-sur-le-Lac","Québec","J0N 1P","Combined TCS+MTC","34.39","5.15","0","0","0","0","0","0","0","0","-5.15","-5.85","-8.74","0","0","19.80"
"Nov 16, 2025 10:48:36 p.m. PST","24903396241","Order","702-9973961-1780240","MSCA-D74-5-6","ANGOOL V Neck Seamless Bralette for Women Full Coverage Wireless Padded Bra No Underwire Non Removable Pads Push Up Bras, Beige, XXL","1","amazon.ca","Amazon","Laval","Quebec","H7H 3E","Combined TCS+MTC","20.79","3.11","0","0","0","0","0","0","0","0","-3.11","-3.53","-8.17","0","0","9.09"
"Nov 16, 2025 10:51:28 p.m. PST","24903396241","Order","701-3719431-0404260","MSCA-D70-25-4","ANGOOL Wireless Strapless Bra for Women Seamless Push Up Non-Slip Full Support Non Removable Padded Bandeau Bra, Black+Beige, L","1","amazon.ca","Amazon","richmond hill","ON","L4C 7Y","Combined TCS+MTC","34.39","4.47","0","0","0","0","0","0","0","0","-4.47","-5.85","-8.74","0","0","19.80"
"Nov 16, 2025 11:22:03 p.m. PST","24903396241","Order","701-9846916-4783429","MSCA-D77-2-4","ANGOOL Racerback Bras for Women Wire Free Sexy V Neck Lace Bralette Adjustable Strap Full Coverage Padded Bra, Black, L","1","amazon.ca","Amazon","Calgary","Alberta","T3E 0Z","Combined TCS+MTC","22.49","1.12","0","0","0","0","0","0","0","0","-1.12","-3.82","-7.13","0","0","11.54"
"Nov 17, 2025 2:33:33 a.m. PST","24903396241","Order","701-5944651-2073860","MSCA-D70-5-5","ANGOOL Wireless Strapless Bra for Women Seamless Push Up Non-Slip Full Support Non Removable Padded Bandeau Bra, Beige, XL","1","amazon.ca","Amazon","Grimsby","Ontario","L3M 5L","Combined TCS+MTC","23.99","3.12","0","0","0","0","0","0","0","0","-3.12","-4.08","-7.65","0","0","12.26"
"Nov 17, 2025 2:52:43 a.m. PST","24903396241","Order","701-5072017-8037806","MSCA-D76-206-3","ANGOOL Sports Bras for Women Seamless Backless Criss Cross Strappy Sports Bra Without Underwire for Workout Gym Yoga, Black+Grey+White, M","1","amazon.ca","Amazon","Montreal","QC","H3H 2N","Combined TCS+MTC","28.79","4.31","0","0","0","0","0","0","0","0","-4.31","-4.89","-6.58","0","0","17.32"
"Nov 17, 2025 4:58:53 a.m. PST","24903396241","Fulfilment by Amazon customer return fee","701-1027917-0849853","X004L5KTDT","FBA Customer Return Per Unit Fee (Clothing & Shoes)","","Amazon.ca","","","","","","0","0","0","0","0","0","0","0","0","0","0","0","-5.15","0","0","-5.15"
"Nov 17, 2025 7:19:59 a.m. PST","24903396241","Fulfilment by Amazon customer return fee","701-8647434-0990633","X004L612A7","FBA Customer Return Per Unit Fee (Clothing & Shoes)","","Amazon.ca","","","","","","0","0","0","0","0","0","0","0","0","0","0","0","-5.10","0","0","-5.10"
"Nov 17, 2025 8:50:03 a.m. PST","24903396241","Fulfilment by Amazon customer return fee","701-7443067-1755465","X004P52E65","FBA Customer Return Per Unit Fee (Clothing & Shoes)","","Amazon.ca","","","","","","0","0","0","0","0","0","0","0","0","0","0","0","-4.57","0","0","-4.57"
"Nov 17, 2025 9:43:15 a.m. PST","24903396241","Order","702-6012370-7901831","MSCA-D70-7-5","ANGOOL Wireless Strapless Bra for Women Seamless Push Up Non-Slip Full Support Non Removable Padded Bandeau Bra, Brown, XL","1","amazon.ca","Amazon","Stoney Creek","Ontario","L8E 2Y","Combined TCS+MTC","23.99","3.12","2.33","0","0","0","0","0","-2.33","0","-3.12","-4.08","-7.65","0","0","12.26"
"Nov 17, 2025 10:16:27 a.m. PST","24903396241","Refund","702-2685273-3792234","MSCA-D70-5-3","ANGOOL Wireless Strapless Bra for Women Seamless Push Up Non-Slip Full Support Non Removable Padded Bandeau Bra, Beige, M","1","amazon.ca","Amazon","Gatineau","Quebec","J8R 3S","Combined TCS+MTC","-25.49","-3.82","0","0","0","0","0","0","0","0","3.82","3.46","0","0","0","-22.03"
"Nov 17, 2025 10:55:49 a.m. PST","24903396241","Refund","701-8759994-3181059","MSCA-D70-5-2","ANGOOL Wireless Strapless Bra for Women Seamless Push Up Non-Slip Full Support Non Removable Padded Bandeau Bra, Beige, S","1","amazon.ca","Amazon","Stouffville","Ontario","L4A 0Z","Combined TCS+MTC","-23.99","-3.12","0","0","0","0","0","0","0","0","3.12","3.26","0","0","0","-20.73"
"Nov 17, 2025 12:01:31 p.m. PST","24903396241","Order","702-6403488-9539430","MSCA-D70-5-5","ANGOOL Wireless Strapless Bra for Women Seamless Push Up Non-Slip Full Support Non Removable Padded Bandeau Bra, Beige, XL","1","amazon.ca","Amazon","Val-Des-Monts","Quebec","J8N 4H","Combined TCS+MTC","23.99","3.59","0","0","0","0","0","0","0","0","-3.59","-4.08","-7.65","0","0","12.26"
"Nov 17, 2025 12:14:12 p.m. PST","24903396241","Order","701-8692990-7689020","MSCA-D70-2-3","ANGOOL Wireless Strapless Bra for Women Seamless Push Up Non-Slip Full Support Non Removable Padded Bandeau Bra, Black, M","1","amazon.ca","Amazon","Vancouver","BC","V6P 5W","Combined TCS+MTC","23.99","2.88","0","0","0","0","0","0","0","0","-2.88","-4.08","-7.65","0","0","12.26"
"Nov 17, 2025 12:20:25 p.m. PST","24903396241","Order","702-5281540-7949055","MSCA-D70-2-2","ANGOOL Wireless Strapless Bra for Women Seamless Push Up Non-Slip Full Support Non Removable Padded Bandeau Bra, Black, S","1","amazon.ca","Amazon","Saint-Augustin-De-Desmaures","Quebec","G3A 2E","Combined TCS+MTC","23.99","3.59","3.92","0","0","0","0","0","-3.92","0","-3.59","-4.08","-7.13","0","0","12.78"
"Nov 17, 2025 12:44:47 p.m. PST","24903396241","Refund","702-8390287-8681001","MSCA-D74-5-5","ANGOOL V Neck Seamless Bralette for Women Full Coverage Wireless Padded Bra No Underwire Non Removable Pads Push Up Bras, Beige, XL","1","amazon.ca","Amazon","Crysler","Ontario","K0A 1R","Combined TCS+MTC","-20.79","-2.70","0","0","0","0","0","0","0","0","2.70","2.82","0","0","0","-17.97"
"Nov 17, 2025 1:45:29 p.m. PST","24903396241","Order","701-9570144-1459469","MSCA-D70-7-3","ANGOOL Wireless Strapless Bra for Women Seamless Push Up Non-Slip Full Support Non Removable Padded Bandeau Bra, Brown, M","1","amazon.ca","Amazon","Quebec","Quebec","G1B 2Z","Combined TCS+MTC","23.99","3.59","0","0","0","0","0","0","0","0","-3.59","-4.08","-7.84","0","0","12.07"
"Nov 17, 2025 2:51:37 p.m. PST","24903396241","Refund","701-6947858-1143440","MSCA-D70-5-2","ANGOOL Wireless Strapless Bra for Women Seamless Push Up Non-Slip Full Support Non Removable Padded Bandeau Bra, Beige, S","1","amazon.ca","Amazon","Toronto","Ontario","M2P 1E","Combined TCS+MTC","-23.99","-3.12","0","0","0","0","0","0","0","0","3.12","3.26","0","0","0","-20.73"
"Nov 17, 2025 3:09:52 p.m. PST","24903396241","FBA Inventory Fee","701-0591730-1916231","","Fulfilment by Amazon removal order: disposal fee","","Amazon.ca","","","","","","0","0","0","0","0","0","0","0","0","0","0","0","0","0","-0.36","-0.36"
"Nov 17, 2025 3:28:49 p.m. PST","24903396241","Order","702-8437342-4097813","MSCA-D74-5-2","ANGOOL V Neck Seamless Bralette for Women Full Coverage Wireless Padded Bra No Underwire Non Removable Pads Push Up Bras, Beige, S","1","amazon.ca","Amazon","Burnaby","British Columbia","V5C 0K","Combined TCS+MTC","20.79","2.49","0","0","0","0","0","0","0","0","-2.49","-3.53","-8.17","0","0","9.09"
"Nov 17, 2025 3:29:25 p.m. PST","24903396241","Order","702-8247807-0929045","MSCA-D70-2-2","ANGOOL Wireless Strapless Bra for Women Seamless Push Up Non-Slip Full Support Non Removable Padded Bandeau Bra, Black, S","1","amazon.ca","Amazon","Abbotsford","BC","V2S 8M","Combined TCS+MTC","23.99","2.88","0","0","0","0","0","0","0","0","-2.88","-4.08","-7.13","0","0","12.78"
"Nov 17, 2025 4:39:53 p.m. PST","24903396241","Order","701-8557142-4689000","MSCA-D70-6-3","ANGOOL Wireless Strapless Bra for Women Seamless Push Up Non-Slip Full Support Non Removable Padded Bandeau Bra, White, M","1","amazon.ca","Amazon","Woodstock","Ontario","N4T0A","Combined TCS+MTC","23.99","3.12","0","0","0","0","0","0","0","0","-3.12","-4.08","-7.13","0","0","12.78"
"Nov 17, 2025 5:07:19 p.m. PST","24903396241","Order","702-8437342-4097813","MSCA-D74-7-2","ANGOOL V Neck Seamless Bralette for Women Full Coverage Wireless Padded Bra No Underwire Non Removable Pads Push Up Bras, Brown, S","1","amazon.ca","Amazon","Burnaby","British Columbia","V5C 0K","Combined TCS+MTC","20.79","2.49","0","0","0","0","0","0","0","0","-2.49","-3.53","-8.17","0","0","9.09"
"Nov 17, 2025 5:19:12 p.m. PST","24903396241","Refund","702-6157802-9214664","MSCA-D70-5-3","ANGOOL Wireless Strapless Bra for Women Seamless Push Up Non-Slip Full Support Non Removable Padded Bandeau Bra, Beige, M","1","amazon.ca","Amazon","Windsor","Ontario","N9G 2M","Combined TCS+MTC","-25.49","-3.31","0","0","0","0","0","0","0","0","3.31","3.46","0","0","0","-22.03"
"Nov 17, 2025 5:25:57 p.m. PST","24903396241","Fulfilment by Amazon customer return fee","702-0256182-1096233","X004L5UE9N","FBA Customer Return Per Unit Fee (Clothing & Shoes)","","Amazon.ca","","","","","","0","0","0","0","0","0","0","0","0","0","0","0","-5.15","0","0","-5.15"
"Nov 17, 2025 6:20:51 p.m. PST","24903396241","Order","701-8752380-5040236","MSCA-D70-5-2","ANGOOL Wireless Strapless Bra for Women Seamless Push Up Non-Slip Full Support Non Removable Padded Bandeau Bra, Beige, S","1","amazon.ca","Amazon","Toronto","Ontario","M4M 0G","Combined TCS+MTC","23.99","3.12","0","0","0","0","0","0","0","0","-3.12","-4.08","-7.84","0","0","12.07"
"Nov 17, 2025 6:37:29 p.m. PST","24903396241","Refund","702-5093422-3774668","MSCA-D70-7-4","ANGOOL Wireless Strapless Bra for Women Seamless Push Up Non-Slip Full Support Non Removable Padded Bandeau Bra, Brown, L","1","amazon.ca","Amazon","Pierrefonds","Québec","H8Y 3H","Combined TCS+MTC","-23.99","-3.59","0","0","0","0","0","0","0","0","3.59","3.26","0","0","0","-20.73"
"Nov 17, 2025 7:29:01 p.m. PST","24903396241","Order","701-7147655-7910623","MSCA-D70-2-5","ANGOOL Wireless Strapless Bra for Women Seamless Push Up Non-Slip Full Support Non Removable Padded Bandeau Bra, Black, XL","1","amazon.ca","Amazon","Montreal","Quebec","H2S 2E","Combined TCS+MTC","23.99","3.59","0","0","0","0","0","0","0","0","-3.59","-4.08","-7.65","0","0","12.26"
"Nov 17, 2025 8:07:49 p.m. PST","24903396241","Order","702-8110600-7321858","MSCA-D70-2-3","ANGOOL Wireless Strapless Bra for Women Seamless Push Up Non-Slip Full Support Non Removable Padded Bandeau Bra, Black, M","1","amazon.ca","Amazon","Granby","Quebec","J2H 2T","Combined TCS+MTC","23.99","3.59","0","0","0","0","0","0","0","0","-3.59","-4.08","-7.65","0","0","12.26"
"Nov 17, 2025 8:32:40 p.m. PST","24903396241","Refund","701-3780047-0329862","MSCA-D70-25-2","ANGOOL Wireless Strapless Bra for Women Seamless Push Up Non-Slip Full Support Non Removable Padded Bandeau Bra, Black+Beige, S","1","amazon.ca","Amazon","Mississauga","Ontario","L5N 2P","Combined TCS+MTC","-36.54","-4.75","0","0","0","0","0","0","0","0","4.75","4.97","0","0","0","-31.57"
"Nov 17, 2025 8:35:49 p.m. PST","24903396241","Fulfilment by Amazon customer return fee","701-1719190-1185035","X004L5VLD1","FBA Customer Return Per Unit Fee (Clothing & Shoes)","","Amazon.ca","","","","","","0","0","0","0","0","0","0","0","0","0","0","0","-5.03","0","0","-5.03"
"Nov 17, 2025 9:50:52 p.m. PST","24903396241","Order","701-4671898-0921861","MSCA-D70-2-2","ANGOOL Wireless Strapless Bra for Women Seamless Push Up Non-Slip Full Support Non Removable Padded Bandeau Bra, Black, S","1","amazon.ca","Amazon","Innisfil","Ontario","L9S 1V","Combined TCS+MTC","23.99","3.12","0","0","0","0","0","0","0","0","-3.12","-4.08","-7.13","0","0","12.78"
"Nov 17, 2025 9:51:15 p.m. PST","24903396241","Order","702-4029071-1501862","MSCA-D70-25-4","ANGOOL Wireless Strapless Bra for Women Seamless Push Up Non-Slip Full Support Non Removable Padded Bandeau Bra, Black+Beige, L","1","amazon.ca","Amazon","Kingston","Ontario","K7P 1P","Combined TCS+MTC","34.39","4.47","0","0","0","0","0","0","0","0","-4.47","-5.85","-8.74","0","0","19.80"
"Nov 17, 2025 10:58:31 p.m. PST","24903396241","Order","701-9645816-6517813","MSCA-D70-2-2","ANGOOL Wireless Strapless Bra for Women Seamless Push Up Non-Slip Full Support Non Removable Padded Bandeau Bra, Black, S","1","amazon.ca","Amazon","Kitchener","Ontario","N2E 3H","Combined TCS+MTC","23.99","3.12","0","0","0","0","0","0","0","0","-3.12","-4.08","-7.13","0","0","12.78"
"Nov 17, 2025 10:59:56 p.m. PST","24903396241","Fulfilment by Amazon customer return fee","702-1083384-6001066","X004P59NTB","FBA Customer Return Per Unit Fee (Clothing & Shoes)","","Amazon.ca","","","","","","0","0","0","0","0","0","0","0","0","0","0","0","-4.92","0","0","-4.92"
"Nov 17, 2025 11:30:25 p.m. PST","24903396241","Order","701-3260687-9840243","MSCA-D70-6-4","ANGOOL Wireless Strapless Bra for Women Seamless Push Up Non-Slip Full Support Non Removable Padded Bandeau Bra, White, L","1","amazon.ca","Amazon","Lethbridge","Alberta","T1K 1A","Combined TCS+MTC","23.99","1.20","0","0","0","0","0","0","0","0","-1.20","-4.08","-7.13","0","0","12.78"
"Nov 18, 2025 1:48:38 a.m. PST","24903396241","Order","701-8937713-4111425","MSCA-D70-5-2","ANGOOL Wireless Strapless Bra for Women Seamless Push Up Non-Slip Full Support Non Removable Padded Bandeau Bra, Beige, S","1","amazon.ca","Amazon","Mirabel","Quebec","J7N 3E","Combined TCS+MTC","23.99","3.59","0","0","0","0","0","0","0","0","-3.59","-4.08","-7.84","0","0","12.07"
"Nov 18, 2025 2:03:14 a.m. PST","24903396241","Order","701-7453930-6901803","MSCA-D70-25-2","ANGOOL Wireless Strapless Bra for Women Seamless Push Up Non-Slip Full Support Non Removable Padded Bandeau Bra, Black+Beige, S","1","amazon.ca","Amazon","Londesborough","Ontario","N0M 2H","Combined TCS+MTC","34.39","4.47","0","0","0","0","0","0","0","0","-4.47","-5.85","-7.84","0","0","20.70"
"Nov 18, 2025 5:06:08 a.m. PST","24903396241","Fulfilment by Amazon customer return fee","702-6111346-7024203","X004L5Z3KD","FBA Customer Return Per Unit Fee (Clothing & Shoes)","","Amazon.ca","","","","","","0","0","0","0","0","0","0","0","0","0","0","0","-5.03","0","0","-5.03"
"Nov 18, 2025 5:57:36 a.m. PST","24903396241","Adjustment","702-3599384-5016210","MSCA-D77-2-3","FBA Inventory Reimbursement - Customer Return","1","","","","","","","0","0","0","0","0","0","0","0","0","0","0","0","0","0","15.27","15.27"
"Nov 18, 2025 7:13:34 a.m. PST","24903396241","Refund","702-2883922-6981863","MSCA-D70-7-2","ANGOOL Wireless Strapless Bra for Women Seamless Push Up Non-Slip Full Support Non Removable Padded Bandeau Bra, Brown, S","1","amazon.ca","Amazon","Port Dover","Ontario","N0A 1N","Combined TCS+MTC","-23.99","-3.12","0","0","0","0","0","0","0","0","3.12","3.26","0","0","0","-20.73"
"Nov 18, 2025 7:54:08 a.m. PST","24903396241","Fulfilment by Amazon customer return fee","701-6486468-3903462","X004P1Y4SP","FBA Customer Return Per Unit Fee (Clothing & Shoes)","","Amazon.ca","","","","","","0","0","0","0","0","0","0","0","0","0","0","0","-4.37","0","0","-4.37"
"Nov 18, 2025 8:34:27 a.m. PST","24903396241","Refund","702-9973961-1780240","MSCA-D74-5-6","ANGOOL V Neck Seamless Bralette for Women Full Coverage Wireless Padded Bra No Underwire Non Removable Pads Push Up Bras, Beige, XXL","1","amazon.ca","Amazon","Laval","Quebec","H7H 3E","Combined TCS+MTC","-20.79","-3.11","0","0","0","0","0","0","0","0","3.11","2.82","0","0","0","-17.97"
"Nov 18, 2025 9:44:54 a.m. PST","24903396241","Refund","702-2224581-9537006","MSCA-D70-25-3","ANGOOL Wireless Strapless Bra for Women Seamless Push Up Non-Slip Full Support Non Removable Padded Bandeau Bra, Black+Beige, M","1","amazon.ca","Amazon","Vaudreuil-Dorion","Quebec","J7V 8R","Combined TCS+MTC","-36.54","-5.47","0","0","0","0","0","0","0","0","5.47","4.97","0","0","0","-31.57"
"Nov 18, 2025 10:46:49 a.m. PST","24903396241","Order","702-8562275-5626631","MSCA-D77-5-2","ANGOOL Racerback Bras for Women Wire Free Sexy V Neck Lace Bralette Adjustable Strap Full Coverage Padded Bra, Beige, S","1","amazon.ca","Amazon","Victoria","British Columbia","V9B 2S","Combined TCS+MTC","22.49","2.70","0","0","0","0","0","0","0","0","-2.70","-3.82","-7.13","0","0","11.54"
"Nov 18, 2025 10:50:26 a.m. PST","24903396241","FBA Inventory Fee","701-8647434-0990633","","Fulfilment by Amazon removal order: disposal fee","","Amazon.ca","","","","","","0","0","0","0","0","0","0","0","0","0","0","0","0","0","-0.82","-0.82"
"Nov 18, 2025 10:50:31 a.m. PST","24903396241","FBA Inventory Fee","701-2372591-1859401","","Fulfilment by Amazon removal order: disposal fee","","Amazon.ca","","","","","","0","0","0","0","0","0","0","0","0","0","0","0","0","0","-0.82","-0.82"
"Nov 18, 2025 10:50:32 a.m. PST","24903396241","FBA Inventory Fee","702-3441842-5772257","","Fulfilment by Amazon removal order: disposal fee","","Amazon.ca","","","","","","0","0","0","0","0","0","0","0","0","0","0","0","0","0","-0.36","-0.36"
"Nov 18, 2025 11:00:12 a.m. PST","24903396241","Order","702-2357835-2393842","MSCA-D70-6-2","ANGOOL Wireless Strapless Bra for Women Seamless Push Up Non-Slip Full Support Non Removable Padded Bandeau Bra, White, S","1","amazon.ca","Amazon","Whites Lake","Nova Scotia","B3T 1V","Combined TCS+MTC","23.99","3.36","0","0","0","0","0","0","0","0","-3.36","-4.08","-6.74","0","0","13.17"
"Nov 18, 2025 11:03:41 a.m. PST","24903396241","Order","702-5222983-7912250","MSCA-D70-2-5","ANGOOL Wireless Strapless Bra for Women Seamless Push Up Non-Slip Full Support Non Removable Padded Bandeau Bra, Black, XL","1","amazon.ca","Amazon","Fort St. John","British Columbia","V1J 5S","Combined TCS+MTC","23.99","2.88","3.27","0","0","0","0","0","-3.27","0","-2.88","-4.08","-7.65","0","0","12.26"
"Nov 18, 2025 11:31:51 a.m. PST","24903396241","Fulfilment by Amazon customer return fee","701-9964665-2359444","X004L489V9","FBA Customer Return Per Unit Fee (Clothing & Shoes)","","Amazon.ca","","","","","","0","0","0","0","0","0","0","0","0","0","0","0","-4.90","0","0","-4.90"
"Nov 18, 2025 11:34:50 a.m. PST","24903396241","Fulfilment by Amazon customer return fee","702-1339764-6181013","X004L5YB51","FBA Customer Return Per Unit Fee (Clothing & Shoes)","","Amazon.ca","","","","","","0","0","0","0","0","0","0","0","0","0","0","0","-4.57","0","0","-4.57"
"Nov 18, 2025 12:20:09 p.m. PST","24903396241","Order","701-3889027-7285823","MSCA-D70-2-3","ANGOOL Wireless Strapless Bra for Women Seamless Push Up Non-Slip Full Support Non Removable Padded Bandeau Bra, Black, M","1","amazon.ca","Amazon","North Vancouver","BC","V7J2J","Combined TCS+MTC","23.99","2.88","0","0","0","0","0","0","0","0","-2.88","-4.08","-7.65","0","0","12.26"
"Nov 18, 2025 2:16:58 p.m. PST","24903396241","Order","702-2964585-6049843","MSCA-D70-5-4","ANGOOL Wireless Strapless Bra for Women Seamless Push Up Non-Slip Full Support Non Removable Padded Bandeau Bra, Beige, L","1","amazon.ca","Amazon","Komoka","Ontario","N0L 1R","Combined TCS+MTC","23.99","3.12","0","0","0","0","0","0","0","0","-3.12","-4.08","-7.65","0","0","12.26"
"Nov 18, 2025 2:49:33 p.m. PST","24903396241","Refund","702-7555202-5764257","MSCA-D70-25-3","ANGOOL Wireless Strapless Bra for Women Seamless Push Up Non-Slip Full Support Non Removable Padded Bandeau Bra, Black+Beige, M","1","amazon.ca","Amazon","Fort Erie","Ontario","L2A 5K","Combined TCS+MTC","-34.39","-4.47","0","0","0","0","0","0","0","0","4.47","4.68","0","0","0","-29.71"
"Nov 18, 2025 2:51:29 p.m. PST","24903396241","Order","702-5176901-8994642","MSCA-D74-2-2","ANGOOL V Neck Seamless Bralette for Women Full Coverage Wireless Padded Bra No Underwire Non Removable Pads Push Up Bras, Black, S","1","amazon.ca","Amazon","Burnaby","British Columbia","V5C 0K","Combined TCS+MTC","20.79","2.49","0","0","0","0","0","0","0","0","-2.49","-3.53","-8.17","0","0","9.09"
"Nov 18, 2025 2:51:29 p.m. PST","24903396241","Order","702-5176901-8994642","MSCA-D74-7-2","ANGOOL V Neck Seamless Bralette for Women Full Coverage Wireless Padded Bra No Underwire Non Removable Pads Push Up Bras, Brown, S","1","amazon.ca","Amazon","Burnaby","British Columbia","V5C 0K","Combined TCS+MTC","20.79","2.49","0","0","0","0","0","0","0","0","-2.49","-3.53","-8.17","0","0","9.09"
"Nov 18, 2025 2:54:47 p.m. PST","24903396241","Order","702-8437342-4097813","MSCA-D74-2-2","ANGOOL V Neck Seamless Bralette for Women Full Coverage Wireless Padded Bra No Underwire Non Removable Pads Push Up Bras, Black, S","1","amazon.ca","Amazon","Burnaby","British Columbia","V5C 0K","Combined TCS+MTC","20.79","2.49","0","0","0","0","0","0","0","0","-2.49","-3.53","-8.17","0","0","9.09"
"Nov 18, 2025 3:55:15 p.m. PST","24903396241","Order","701-9149966-4532223","MSCA-D70-2-3","ANGOOL Wireless Strapless Bra for Women Seamless Push Up Non-Slip Full Support Non Removable Padded Bandeau Bra, Black, M","1","amazon.ca","Amazon","Terrebonne","Quebec","J7M 2K","Combined TCS+MTC","23.99","3.59","0","0","0","0","0","0","0","0","-3.59","-4.08","-7.65","0","0","12.26"
"Nov 18, 2025 4:47:16 p.m. PST","24903396241","Refund","702-9359159-3513802","MSCA-D70-25-4","ANGOOL Wireless Strapless Bra for Women Seamless Push Up Non-Slip Full Support Non Removable Padded Bandeau Bra, Black+Beige, L","1","amazon.ca","Amazon","Port Dover","Ontario","N0A1N","Combined TCS+MTC","-34.39","-4.47","0","0","0","0","0","0","0","0","4.47","4.68","0","0","0","-29.71"
"Nov 18, 2025 5:37:13 p.m. PST","24903396241","Order","702-4724630-7657838","MSCA-D70-2-6","ANGOOL Wireless Strapless Bra for Women Seamless Push Up Non-Slip Full Support Non Removable Padded Bandeau Bra, Black, XXL","1","amazon.ca","Amazon","Calgary","Alberta","T2J 4S","Combined TCS+MTC","23.99","1.20","0","0","0","0","0","0","0","0","-1.20","-4.08","-7.13","0","0","12.78"
"Nov 18, 2025 7:05:31 p.m. PST","24903396241","Refund","701-5629340-0488222","MSCA-D77-2-4","ANGOOL Racerback Bras for Women Wire Free Sexy V Neck Lace Bralette Adjustable Strap Full Coverage Padded Bra, Black, L","1","amazon.ca","Amazon","Gatineau","QC","J8L 3N","Combined TCS+MTC","-23.39","-3.50","0","0","0","0","0","0","0","0","3.50","3.18","0","0","0","-20.21"
"Nov 18, 2025 7:22:53 p.m. PST","24903396241","Adjustment","701-9096103-5017014","MSCA-D70-2-2","FBA Inventory Reimbursement - Customer Return","1","","","","","","","0","0","0","0","0","0","0","0","0","0","0","0","0","0","16.27","16.27"
"Nov 18, 2025 7:39:24 p.m. PST","24903396241","Refund","701-2208858-3442658","MSCA-D77-7-4","ANGOOL Racerback Bras for Women Wire Free Sexy V Neck Lace Bralette Adjustable Strap Full Coverage Padded Bra, Brown, L","1","amazon.ca","Amazon","Gatineau","QC","J8L 3N","Combined TCS+MTC","-23.39","-3.50","0","0","0","0","0","0","0","0","3.50","3.18","0","0","0","-20.21"
"Nov 18, 2025 8:12:01 p.m. PST","24903396241","Fulfilment by Amazon customer return fee","701-9237185-5368250","X004P1U67D","FBA Customer Return Per Unit Fee (Clothing & Shoes)","","Amazon.ca","","","","","","0","0","0","0","0","0","0","0","0","0","0","0","-4.70","0","0","-4.70"
"Nov 18, 2025 8:34:24 p.m. PST","24903396241","Order","701-3542689-9670645","MSCA-D77-5-6","ANGOOL Racerback Bras for Women Wire Free Sexy V Neck Lace Bralette Adjustable Strap Full Coverage Padded Bra, Beige, XXL","1","amazon.ca","Amazon","Collingwood","Ontario","L9Y 3C","Combined TCS+MTC","22.49","2.92","0","0","0","0","0","0","0","0","-2.92","-3.82","-7.13","0","0","11.54"
"Nov 18, 2025 8:40:15 p.m. PST","24903396241","Order","701-9025592-7340228","MSCA-D70-25-5","ANGOOL Wireless Strapless Bra for Women Seamless Push Up Non-Slip Full Support Non Removable Padded Bandeau Bra, Black+Beige, XL","1","amazon.ca","Amazon","London","Ontario","N6C 4S","Combined TCS+MTC","34.39","4.47","0","0","0","0","0","0","0","0","-4.47","-5.85","-8.17","0","0","20.37"
"Nov 18, 2025 8:45:00 p.m. PST","24903396241","Fulfilment by Amazon customer return fee","701-2708346-7612223","X004P1U67D","FBA Customer Return Per Unit Fee (Clothing & Shoes)","","Amazon.ca","","","","","","0","0","0","0","0","0","0","0","0","0","0","0","-4.70","0","0","-4.70"
"Nov 18, 2025 9:11:24 p.m. PST","24903396241","Fulfilment by Amazon customer return fee","702-2985633-7392261","X004L5UE9N","FBA Customer Return Per Unit Fee (Clothing & Shoes)","","Amazon.ca","","","","","","0","0","0","0","0","0","0","0","0","0","0","0","-5.15","0","0","-5.15"
"Nov 18, 2025 9:47:51 p.m. PST","24903396241","Order","702-9295840-0513851","MSCA-D70-5-3","ANGOOL Wireless Strapless Bra for Women Seamless Push Up Non-Slip Full Support Non Removable Padded Bandeau Bra, Beige, M","1","amazon.ca","Amazon","Beaumont","Alberta","T4X 1G","Combined TCS+MTC","23.99","1.20","1.40","0","0","0","0","0","-1.40","0","-1.20","-4.08","-7.13","0","0","12.78"
"Nov 18, 2025 10:33:36 p.m. PST","24903396241","Order","701-3512153-1565800","MSCA-D70-5-4","ANGOOL Wireless Strapless Bra for Women Seamless Push Up Non-Slip Full Support Non Removable Padded Bandeau Bra, Beige, L","1","amazon.ca","Amazon","Barrie","Ontario","L4M 7A","Combined TCS+MTC","23.99","3.12","0","0","0","0","0","0","0","0","-3.12","-4.08","-7.65","0","0","12.26"
"Nov 18, 2025 11:27:13 p.m. PST","24903396241","Fulfilment by Amazon customer return fee","702-2601616-7227405","X004L5VLFT","FBA Customer Return Per Unit Fee (Clothing & Shoes)","","Amazon.ca","","","","","","0","0","0","0","0","0","0","0","0","0","0","0","-4.57","0","0","-4.57"
"Nov 18, 2025 11:52:57 p.m. PST","24903396241","Order","701-6990027-1095463","MSCA-D70-7-3","ANGOOL Wireless Strapless Bra for Women Seamless Push Up Non-Slip Full Support Non Removable Padded Bandeau Bra, Brown, M","1","amazon.ca","Amazon","North York","Ontario","M2K 1E","Combined TCS+MTC","23.99","3.12","0","0","0","0","0","0","0","0","-3.12","-4.08","-7.84","0","0","12.07"
"Nov 19, 2025 12:27:36 a.m. PST","24903396241","Order","701-6312633-5746620","MSCA-D70-2-2","ANGOOL Wireless Strapless Bra for Women Seamless Push Up Non-Slip Full Support Non Removable Padded Bandeau Bra, Black, S","1","amazon.ca","Amazon","Chambly","Quebec","J3L 0S","Combined TCS+MTC","23.99","3.59","0","0","0","0","0","0","0","0","-3.59","-4.08","-7.13","0","0","12.78"
"Nov 19, 2025 1:08:49 a.m. PST","24903396241","Order","702-5095663-9608228","MSCA-D70-5-2","ANGOOL Wireless Strapless Bra for Women Seamless Push Up Non-Slip Full Support Non Removable Padded Bandeau Bra, Beige, S","1","amazon.ca","Amazon","Barrie","Ontario","L4M 5H","Combined TCS+MTC","23.99","3.12","0","0","0","0","0","0","0","0","-3.12","-4.08","-7.84","0","0","12.07"
"Nov 19, 2025 1:14:16 a.m. PST","24903396241","Order","701-9116854-7354665","MSCA-D70-5-2","ANGOOL Wireless Strapless Bra for Women Seamless Push Up Non-Slip Full Support Non Removable Padded Bandeau Bra, Beige, S","1","amazon.ca","Amazon","Welland","Ontario","L3C1E","Combined TCS+MTC","23.99","3.12","0","0","0","0","0","0","0","0","-3.12","-4.08","-7.84","0","0","12.07"
"Nov 19, 2025 1:45:18 a.m. PST","24903396241","Order","702-8388120-6077808","MSCA-D70-2-3","ANGOOL Wireless Strapless Bra for Women Seamless Push Up Non-Slip Full Support Non Removable Padded Bandeau Bra, Black, M","1","amazon.ca","Amazon","Toronto","Ontario","M5E 0A","Combined TCS+MTC","23.99","3.12","0","0","0","0","0","0","0","0","-3.12","-4.08","-7.65","0","0","12.26"
"Nov 19, 2025 2:03:51 a.m. PST","24903396241","Order","702-4114690-9619444","MSCA-D70-5-2","ANGOOL Wireless Strapless Bra for Women Seamless Push Up Non-Slip Full Support Non Removable Padded Bandeau Bra, Beige, S","1","amazon.ca","Amazon","LONDON","Ontario","N6K 1M","Combined TCS+MTC","23.99","3.12","0","0","0","0","0","0","0","0","-3.12","-4.08","-7.84","0","0","12.07"
"Nov 19, 2025 3:41:11 a.m. PST","24903396241","Order","701-1020756-5609006","MSCA-D70-5-4","ANGOOL Wireless Strapless Bra for Women Seamless Push Up Non-Slip Full Support Non Removable Padded Bandeau Bra, Beige, L","1","amazon.ca","Amazon","Winnipeg","Manitoba","R3W 1R","Combined TCS+MTC","23.99","2.88","0","0","0","0","0","0","0","0","-2.88","-4.08","-7.65","0","0","12.26"
"Nov 19, 2025 3:41:11 a.m. PST","24903396241","Order","701-1020756-5609006","MSCA-D70-2-4","ANGOOL Wireless Strapless Bra for Women Seamless Push Up Non-Slip Full Support Non Removable Padded Bandeau Bra, Black, L","1","amazon.ca","Amazon","Winnipeg","Manitoba","R3W 1R","Combined TCS+MTC","23.99","2.88","0","0","0","0","0","0","0","0","-2.88","-4.08","-7.65","0","0","12.26"
"Nov 19, 2025 3:43:51 a.m. PST","24903396241","Order","702-1087506-4445807","MSCA-D70-6-3","ANGOOL Wireless Strapless Bra for Women Seamless Push Up Non-Slip Full Support Non Removable Padded Bandeau Bra, White, M","1","amazon.ca","Amazon","Tecumseh","Ontario","N8N 4A","Combined TCS+MTC","23.99","3.12","0","0","0","0","0","0","0","0","-3.12","-4.08","-7.63","0","0","12.28"
"Nov 19, 2025 3:47:24 a.m. PST","24903396241","FBA Inventory Fee","702-2601616-7227405","","Fulfilment by Amazon removal order: disposal fee","","Amazon.ca","","","","","","0","0","0","0","0","0","0","0","0","0","0","0","0","0","-0.36","-0.36"
"Nov 19, 2025 3:47:32 a.m. PST","24903396241","FBA Inventory Fee","702-1339764-6181013","","Fulfilment by Amazon removal order: disposal fee","","Amazon.ca","","","","","","0","0","0","0","0","0","0","0","0","0","0","0","0","0","-0.36","-0.36"
"Nov 19, 2025 7:20:30 a.m. PST","24903396241","FBA Inventory Fee","702-2985633-7392261","","Fulfilment by Amazon removal order: disposal fee","","Amazon.ca","","","","","","0","0","0","0","0","0","0","0","0","0","0","0","0","0","-0.82","-0.82"
"Nov 19, 2025 7:35:33 a.m. PST","24903396241","Fulfilment by Amazon customer return fee","701-2637975-3070662","X004L5KSKD","FBA Customer Return Per Unit Fee (Clothing & Shoes)","","Amazon.ca","","","","","","0","0","0","0","0","0","0","0","0","0","0","0","-5.23","0","0","-5.23"
"Nov 19, 2025 8:48:00 a.m. PST","24903396241","Order","702-3135798-7945812","MSCA-D70-5-5","ANGOOL Wireless Strapless Bra for Women Seamless Push Up Non-Slip Full Support Non Removable Padded Bandeau Bra, Beige, XL","1","amazon.ca","Amazon","Thunder Bay","Ontario","P7C 5Z","Combined TCS+MTC","23.99","3.12","0","0","0","0","0","0","0","0","-3.12","-4.08","-7.65","0","0","12.26"
"Nov 19, 2025 10:40:00 a.m. PST","24903396241","Refund","701-4957546-6985844","MSCA-D70-2-6","ANGOOL Wireless Strapless Bra for Women Seamless Push Up Non-Slip Full Support Non Removable Padded Bandeau Bra, Black, XXL","1","amazon.ca","Amazon","Holland Centre","Ontario","N0H 1R","Combined TCS+MTC","-25.49","-3.31","0","0","0","0","0","0","0","0","3.31","3.46","0","0","0","-22.03"
"Nov 19, 2025 10:54:48 a.m. PST","24903396241","Refund","701-2399384-4053049","MSCA-D70-7-2","ANGOOL Wireless Strapless Bra for Women Seamless Push Up Non-Slip Full Support Non Removable Padded Bandeau Bra, Brown, S","1","amazon.ca","Amazon","Stittsville","Ontario","K2V 0L","Combined TCS+MTC","-25.49","-3.31","-3.27","0","0","0","0","0","3.27","0","3.31","3.46","0","0","0","-22.03"
"Nov 19, 2025 10:57:49 a.m. PST","24903396241","Order","702-0070713-8285864","MSCA-D70-6-5","ANGOOL Wireless Strapless Bra for Women Seamless Push Up Non-Slip Full Support Non Removable Padded Bandeau Bra, White, XL","1","amazon.ca","Amazon","Toronto","Ontario","M3J 1Y","Combined TCS+MTC","23.99","3.12","2.52","0","0","0","0","0","-2.52","0","-3.12","-4.08","-7.13","0","0","12.78"
"Nov 19, 2025 10:57:49 a.m. PST","24903396241","Order","702-0070713-8285864","MSCA-D70-6-4","ANGOOL Wireless Strapless Bra for Women Seamless Push Up Non-Slip Full Support Non Removable Padded Bandeau Bra, White, L","1","amazon.ca","Amazon","Toronto","Ontario","M3J 1Y","Combined TCS+MTC","23.99","3.12","2.51","0","0","0","0","0","-2.51","0","-3.12","-4.08","-7.13","0","0","12.78"
"Nov 19, 2025 11:35:42 a.m. PST","24903396241","Order","702-4054533-6809056","MSCA-D70-5-4","ANGOOL Wireless Strapless Bra for Women Seamless Push Up Non-Slip Full Support Non Removable Padded Bandeau Bra, Beige, L","1","amazon.ca","Amazon","Markham","Ontario","L6E 2H","Combined TCS+MTC","23.99","3.12","3.27","0","0","0","0","0","-3.27","0","-3.12","-4.08","-7.65","0","0","12.26"
"Nov 19, 2025 11:37:37 a.m. PST","24903396241","FBA Inventory Fee","702-7537492-4341051","","Fulfilment by Amazon removal order: disposal fee","","Amazon.ca","","","","","","0","0","0","0","0","0","0","0","0","0","0","0","0","0","-0.36","-0.36"
"Nov 19, 2025 11:55:18 a.m. PST","24903396241","Order","702-3219536-9502655","MSCA-D70-5-4","ANGOOL Wireless Strapless Bra for Women Seamless Push Up Non-Slip Full Support Non Removable Padded Bandeau Bra, Beige, L","1","amazon.ca","Amazon","Chapleau","Ontario","P0M 1K","Combined TCS+MTC","23.99","3.12","0","0","0","0","0","0","0","0","-3.12","-4.08","-7.65","0","0","12.26"
"Nov 19, 2025 1:33:10 p.m. PST","24903396241","Order","701-2493435-9826623","MSCA-D70-6-4","ANGOOL Wireless Strapless Bra for Women Seamless Push Up Non-Slip Full Support Non Removable Padded Bandeau Bra, White, L","1","amazon.ca","Amazon","Sudbury","Ontario","P3B 3L","Combined TCS+MTC","23.99","3.12","0","0","0","0","0","0","0","0","-3.12","-4.08","-7.13","0","0","12.78"
"Nov 19, 2025 2:30:01 p.m. PST","24903396241","Order","702-4769472-4250605","MSCA-D70-2-2","ANGOOL Wireless Strapless Bra for Women Seamless Push Up Non-Slip Full Support Non Removable Padded Bandeau Bra, Black, S","1","amazon.ca","Amazon","Toronto","Ontario","M5V 0N","Combined TCS+MTC","23.99","3.12","0","0","0","0","0","0","0","0","-3.12","-4.08","-7.13","0","0","12.78"
"Nov 19, 2025 2:52:29 p.m. PST","24903396241","Order","702-8886027-8199448","MSCA-D70-25-2","ANGOOL Wireless Strapless Bra for Women Seamless Push Up Non-Slip Full Support Non Removable Padded Bandeau Bra, Black+Beige, S","1","amazon.ca","Amazon","SAINTE-MARTHE-SUR-LE-LAC","QC","J0N 1P","Combined TCS+MTC","34.39","5.15","0","0","0","0","0","0","0","0","-5.15","-5.85","-7.84","0","0","20.70"
"Nov 19, 2025 3:14:19 p.m. PST","24903396241","Order","701-2367000-5173014","MSCA-D70-5-5","ANGOOL Wireless Strapless Bra for Women Seamless Push Up Non-Slip Full Support Non Removable Padded Bandeau Bra, Beige, XL","1","amazon.ca","Amazon","Blackstock","Ontario","L0B 1B","Combined TCS+MTC","23.99","3.12","0","0","0","0","0","0","0","0","-3.12","-4.08","-7.65","0","0","12.26"
"Nov 19, 2025 3:30:14 p.m. PST","24903396241","Order","701-2603573-0656252","MSCA-D70-7-3","ANGOOL Wireless Strapless Bra for Women Seamless Push Up Non-Slip Full Support Non Removable Padded Bandeau Bra, Brown, M","1","amazon.ca","Amazon","Tignish","Prince Edward Island","C0B 2B","Combined TCS+MTC","23.99","3.60","0","0","0","0","0","0","0","0","-3.60","-4.08","-7.84","0","0","12.07"
"Nov 19, 2025 3:47:23 p.m. PST","24903396241","Fulfilment by Amazon customer return fee","702-4572562-9499406","X004P55GUV","FBA Customer Return Per Unit Fee (Clothing & Shoes)","","Amazon.ca","","","","","","0","0","0","0","0","0","0","0","0","0","0","0","-4.57","0","0","-4.57"
"Nov 19, 2025 3:55:41 p.m. PST","24903396241","Fulfilment by Amazon customer return fee","701-7139098-2478623","X004L5KSKD","FBA Customer Return Per Unit Fee (Clothing & Shoes)","","Amazon.ca","","","","","","0","0","0","0","0","0","0","0","0","0","0","0","-5.28","0","0","-5.28"
"Nov 19, 2025 3:56:10 p.m. PST","24903396241","Refund","702-2516786-0613034","MSCA-D70-25-4","ANGOOL Wireless Strapless Bra for Women Seamless Push Up Non-Slip Full Support Non Removable Padded Bandeau Bra, Black+Beige, L","1","amazon.ca","Amazon","Kingston","Ontario","K7P 1P","Combined TCS+MTC","-34.39","-4.47","0","0","0","0","0","0","0","0","4.47","4.68","0","0","0","-29.71"
"Nov 19, 2025 3:58:16 p.m. PST","24903396241","Refund","701-6832338-5432236","MSCA-D70-6-5","ANGOOL Wireless Strapless Bra for Women Seamless Push Up Non-Slip Full Support Non Removable Padded Bandeau Bra, White, XL","1","amazon.ca","Amazon","Thunder bay","Ontario","P7G 1K","Combined TCS+MTC","-23.99","-3.12","0","0","0","0","0","0","0","0","3.12","3.26","0","0","0","-20.73"
"Nov 19, 2025 4:23:24 p.m. PST","24903396241","Fulfilment by Amazon customer return fee","701-5567079-3809845","X004L5VLD1","FBA Customer Return Per Unit Fee (Clothing & Shoes)","","Amazon.ca","","","","","","0","0","0","0","0","0","0","0","0","0","0","0","-5.03","0","0","-5.03"
"Nov 19, 2025 4:52:01 p.m. PST","24903396241","Order","702-3705621-4334601","MSCA-D70-7-2","ANGOOL Wireless Strapless Bra for Women Seamless Push Up Non-Slip Full Support Non Removable Padded Bandeau Bra, Brown, S","1","amazon.ca","Amazon","Calgary","Alberta","T3S 0J","Combined TCS+MTC","23.99","1.20","0","0","0","0","0","0","0","0","-1.20","-4.08","-7.13","0","0","12.78"
"Nov 19, 2025 5:11:36 p.m. PST","24903396241","Fulfilment by Amazon customer return fee","701-2085967-6674608","X004P57GV3","FBA Customer Return Per Unit Fee (Clothing & Shoes)","","Amazon.ca","","","","","","0","0","0","0","0","0","0","0","0","0","0","0","-4.92","0","0","-4.92"
"Nov 19, 2025 5:50:57 p.m. PST","24903396241","Order","701-8896994-2749829","MSCA-D70-5-3","ANGOOL Wireless Strapless Bra for Women Seamless Push Up Non-Slip Full Support Non Removable Padded Bandeau Bra, Beige, M","1","amazon.ca","Amazon","St. Albert","Alberta","T8N 7Z","Combined TCS+MTC","23.99","1.20","0","0","0","0","0","0","0","0","-1.20","-4.08","-7.63","0","0","12.28"
"Nov 19, 2025 5:52:06 p.m. PST","24903396241","Fulfilment by Amazon customer return fee","702-8555930-1551439","X004L612A7","FBA Customer Return Per Unit Fee (Clothing & Shoes)","","Amazon.ca","","","","","","0","0","0","0","0","0","0","0","0","0","0","0","-5.49","0","0","-5.49"
"Nov 19, 2025 6:23:46 p.m. PST","24903396241","Order","702-4705529-5325838","MSCA-D74-2-2","ANGOOL V Neck Seamless Bralette for Women Full Coverage Wireless Padded Bra No Underwire Non Removable Pads Push Up Bras, Black, S","1","amazon.ca","Amazon","Kitchener","Ontario","N2M 1K","Combined TCS+MTC","20.79","2.70","0","0","0","0","0","0","0","0","-2.70","-3.53","-8.17","0","0","9.09"
"Nov 19, 2025 7:24:32 p.m. PST","24903396241","Fulfilment by Amazon customer return fee","701-0878713-0147439","X004L5KTDT","FBA Customer Return Per Unit Fee (Clothing & Shoes)","","Amazon.ca","","","","","","0","0","0","0","0","0","0","0","0","0","0","0","-5.15","0","0","-5.15"
"Nov 19, 2025 8:55:46 p.m. PST","24903396241","Order","702-5155248-5688227","MSCA-D70-7-4","ANGOOL Wireless Strapless Bra for Women Seamless Push Up Non-Slip Full Support Non Removable Padded Bandeau Bra, Brown, L","1","amazon.ca","Amazon","London","Ontario","N6H 4R","Combined TCS+MTC","23.99","3.12","2.74","0","0","0","0","0","-2.74","0","-3.12","-4.08","-7.65","0","0","12.26"
"Nov 19, 2025 8:56:31 p.m. PST","24903396241","Order","701-7192012-4195416","MSCA-D70-2-3","ANGOOL Wireless Strapless Bra for Women Seamless Push Up Non-Slip Full Support Non Removable Padded Bandeau Bra, Black, M","1","amazon.ca","Amazon","Exeter","Ontario","N0M 1S","Combined TCS+MTC","23.99","3.12","0","0","0","0","0","0","0","0","-3.12","-4.08","-7.65","0","0","12.26"
"Nov 19, 2025 9:03:14 p.m. PST","24903396241","Order","701-9431795-9967401","MSCA-D70-25-3","ANGOOL Wireless Strapless Bra for Women Seamless Push Up Non-Slip Full Support Non Removable Padded Bandeau Bra, Black+Beige, M","1","amazon.ca","Amazon","Okotoks","Alberta","T1S 0M","Combined TCS+MTC","34.39","1.72","0","0","0","0","0","0","0","0","-1.72","-5.85","-7.84","0","0","20.70"
"Nov 19, 2025 9:28:49 p.m. PST","24903396241","Order","701-8847022-6154667","MSCA-D70-2-2","ANGOOL Wireless Strapless Bra for Women Seamless Push Up Non-Slip Full Support Non Removable Padded Bandeau Bra, Black, S","1","amazon.ca","Amazon","Brampton","Ontario","L7A 3A","Combined TCS+MTC","23.99","3.12","0","0","0","0","0","0","0","0","-3.12","-4.08","-7.13","0","0","12.78"
"Nov 19, 2025 9:46:35 p.m. PST","24903396241","Refund","702-8247807-0929045","MSCA-D70-2-2","ANGOOL Wireless Strapless Bra for Women Seamless Push Up Non-Slip Full Support Non Removable Padded Bandeau Bra, Black, S","1","amazon.ca","Amazon","Abbotsford","BC","V2S 8M","Combined TCS+MTC","-23.99","-2.88","0","0","0","0","0","0","0","0","2.88","3.26","0","0","0","-20.73"
"Nov 19, 2025 10:16:15 p.m. PST","24903396241","Order","702-4346669-2349864","MSCA-D70-7-3","ANGOOL Wireless Strapless Bra for Women Seamless Push Up Non-Slip Full Support Non Removable Padded Bandeau Bra, Brown, M","1","amazon.ca","Amazon","Brampton","Ontario","L6P 2P","Combined TCS+MTC","23.99","3.12","2.33","0","0","0","0","0","-2.33","0","-3.12","-4.08","-7.84","0","0","12.07"
"Nov 19, 2025 10:55:16 p.m. PST","24903396241","Order","701-2322689-9333011","MSCA-D70-7-3","ANGOOL Wireless Strapless Bra for Women Seamless Push Up Non-Slip Full Support Non Removable Padded Bandeau Bra, Brown, M","1","amazon.ca","Amazon","Gloucester","Ontario","K1J 8V","Combined TCS+MTC","23.99","3.12","0","0","0","0","0","0","0","0","-3.12","-4.08","-7.84","0","0","12.07"
"Nov 19, 2025 11:10:53 p.m. PST","24903396241","Order","701-1617585-8955408","MSCA-D76-2-5","ANGOOL Sports Bras for Women Seamless Backless Criss Cross Strappy Sports Bra Without Underwire for Workout Gym Yoga, Black, XL","1","amazon.ca","Amazon","Gatineau","Quebec","J8X 1Z","Combined TCS+MTC","17.99","2.69","3.93","0","0","0","0","0","-3.93","0","-5.38","-3.60","-6.49","0","0","5.21"
"Nov 19, 2025 11:10:53 p.m. PST","24903396241","Order","701-1617585-8955408","MSCA-D76-2-5","ANGOOL Sports Bras for Women Seamless Backless Criss Cross Strappy Sports Bra Without Underwire for Workout Gym Yoga, Black, XL","1","amazon.ca","Amazon","Gatineau","Quebec","J8X 1Z","","17.99","2.69","3.92","0","0","0","0","0","-3.92","0","0","0","-6.49","0","0","14.19"
"Nov 20, 2025 12:16:49 a.m. PST","24903396241","Order","702-3387441-1369024","MSCA-D70-7-4","ANGOOL Wireless Strapless Bra for Women Seamless Push Up Non-Slip Full Support Non Removable Padded Bandeau Bra, Brown, L","1","amazon.ca","Amazon","abbotsford","British Columbia","V3G 1G","Combined TCS+MTC","23.99","2.88","0","0","0","0","0","0","0","0","-2.88","-4.08","-8.19","0","0","11.72"
"Nov 20, 2025 12:17:27 a.m. PST","24903396241","Order","701-0151463-9074620","MSCA-D70-5-3","ANGOOL Wireless Strapless Bra for Women Seamless Push Up Non-Slip Full Support Non Removable Padded Bandeau Bra, Beige, M","1","amazon.ca","Amazon","Surrey","British Columbia","V3S1S","Combined TCS+MTC","23.99","2.88","1.00","0","0","0","0","0","-1.00","0","-2.88","-4.08","-7.63","0","0","12.28"
"Nov 20, 2025 12:27:28 a.m. PST","24903396241","Order","702-5309534-8143435","MSCA-D70-5-3","ANGOOL Wireless Strapless Bra for Women Seamless Push Up Non-Slip Full Support Non Removable Padded Bandeau Bra, Beige, M","1","amazon.ca","Amazon","Boisbriand","Quebec","J7H 1A","Combined TCS+MTC","23.99","3.59","0","0","0","0","0","0","0","0","-3.59","-4.08","-7.63","0","0","12.28"
"Nov 20, 2025 1:08:08 a.m. PST","24903396241","Order","701-4024354-9441059","MSCA-D70-5-3","ANGOOL Wireless Strapless Bra for Women Seamless Push Up Non-Slip Full Support Non Removable Padded Bandeau Bra, Beige, M","1","amazon.ca","Amazon","Calgary","Alberta","T3P 1R","Combined TCS+MTC","23.99","1.20","0","0","0","0","0","0","0","0","-1.20","-4.08","-7.13","0","0","12.78"
"Nov 20, 2025 2:52:19 a.m. PST","25003691141","Order","701-7438720-6081024","MSCA-D70-7-3","ANGOOL Wireless Strapless Bra for Women Seamless Push Up Non-Slip Full Support Non Removable Padded Bandeau Bra, Brown, M","1","amazon.ca","Amazon","Vancouver","British Columbia","V6K 1L","Combined TCS+MTC","23.99","2.88","0","0","0","0","0","0","0","0","-2.88","-4.08","-8.39","0","0","11.52"
"Nov 20, 2025 4:34:31 a.m. PST","25003691141","Fulfilment by Amazon customer return fee","701-2085967-6674608","X004P4NM5N","FBA Customer Return Per Unit Fee (Clothing & Shoes)","","Amazon.ca","","","","","","0","0","0","0","0","0","0","0","0","0","0","0","-4.92","0","0","-4.92"
"Nov 20, 2025 4:54:01 a.m. PST","25003691141","Order","701-1016115-8673051","MSCA-D70-7-2","ANGOOL Wireless Strapless Bra for Women Seamless Push Up Non-Slip Full Support Non Removable Padded Bandeau Bra, Brown, S","1","amazon.ca","Amazon","Surrey","British Columbia","V3S 6X","Combined TCS+MTC","23.99","2.88","0","0","0","0","0","0","0","0","-2.88","-4.08","-7.63","0","0","12.28"
"Nov 20, 2025 5:08:50 a.m. PST","25003691141","Order","701-9011624-9539418","MSCA-D70-7-3","ANGOOL Wireless Strapless Bra for Women Seamless Push Up Non-Slip Full Support Non Removable Padded Bandeau Bra, Brown, M","1","amazon.ca","Amazon","Edmonton","Alberta","T6J 5V","Combined TCS+MTC","23.99","1.20","0","0","0","0","0","0","0","0","-1.20","-4.08","-7.84","0","0","12.07"
"Nov 20, 2025 5:51:26 a.m. PST","25003691141","Order","702-4012315-0219420","MSCA-D74-2-2","ANGOOL V Neck Seamless Bralette for Women Full Coverage Wireless Padded Bra No Underwire Non Removable Pads Push Up Bras, Black, S","1","amazon.ca","Amazon","Oakville","Ontario","L6H 3B","Combined TCS+MTC","20.79","2.70","2.33","0","0","0","0","0","-2.33","0","-2.70","-3.53","-8.17","0","0","9.09"
"Nov 20, 2025 7:19:30 a.m. PST","25003691141","Order","702-8902652-5019467","MSCA-D70-5-4","ANGOOL Wireless Strapless Bra for Women Seamless Push Up Non-Slip Full Support Non Removable Padded Bandeau Bra, Beige, L","1","amazon.ca","Amazon","Brampton","ON","L6T 1V","Combined TCS+MTC","22.49","2.92","1.75","0","0","0","0","0","-1.75","0","-2.92","-3.82","-7.65","0","0","11.02"
"Nov 20, 2025 10:23:31 a.m. PST","25003691141","Fulfilment by Amazon customer return fee","702-4490119-3027407","X004L612A7","FBA Customer Return Per Unit Fee (Clothing & Shoes)","","Amazon.ca","","","","","","0","0","0","0","0","0","0","0","0","0","0","0","-5.44","0","0","-5.44"
"Nov 20, 2025 12:53:19 p.m. PST","25003691141","Order","702-3764068-2486623","MSCA-D70-2-4","ANGOOL Wireless Strapless Bra for Women Seamless Push Up Non-Slip Full Support Non Removable Padded Bandeau Bra, Black, L","1","amazon.ca","Amazon","Ladysmith","British Columbia","V9G 1H","Combined TCS+MTC","22.49","2.70","0","0","0","0","0","0","0","0","-2.70","-3.82","-7.65","0","0","11.02"
"Nov 20, 2025 2:09:43 p.m. PST","25003691141","Order","701-5795053-8398608","MSCA-D70-5-3","ANGOOL Wireless Strapless Bra for Women Seamless Push Up Non-Slip Full Support Non Removable Padded Bandeau Bra, Beige, M","1","amazon.ca","Amazon","Saint-Basile","New Brunswick","E7C 3E","Combined TCS+MTC","29.99","4.50","2.24","0","0","0","0","0","-2.24","0","-4.50","-5.10","-7.13","0","0","17.76"
"Nov 20, 2025 2:40:32 p.m. PST","25003691141","FBA Inventory Fee","7SqZQk6gio","","Fulfilment by Amazon removal order: disposal fee","","Amazon.ca","","","","","","0","0","0","0","0","0","0","0","0","0","0","0","0","0","-0.36","-0.36"
"Nov 20, 2025 2:49:48 p.m. PST","25003691141","FBA Inventory Fee","701-2085967-6674608","","Fulfilment by Amazon removal order: disposal fee","","Amazon.ca","","","","","","0","0","0","0","0","0","0","0","0","0","0","0","0","0","-0.36","-0.36"
"Nov 20, 2025 3:00:07 p.m. PST","25003691141","FBA Inventory Fee","701-2085967-6674608","","Fulfilment by Amazon removal order: disposal fee","","Amazon.ca","","","","","","0","0","0","0","0","0","0","0","0","0","0","0","0","0","-0.36","-0.36"
"Nov 20, 2025 3:02:05 p.m. PST","25003691141","Order","702-9283176-6913869","MSCA-D70-5-2","ANGOOL Wireless Strapless Bra for Women Seamless Push Up Non-Slip Full Support Non Removable Padded Bandeau Bra, Beige, S","1","amazon.ca","Amazon","Greenfield","New Brunswick","E7L 3A","Combined TCS+MTC","22.49","3.37","0","0","0","0","0","0","0","0","-3.37","-3.82","-7.84","0","0","10.83"
"Nov 20, 2025 4:34:47 p.m. PST","25003691141","Refund","701-1461205-5112257","MSCA-D70-7-2","ANGOOL Wireless Strapless Bra for Women Seamless Push Up Non-Slip Full Support Non Removable Padded Bandeau Bra, Brown, S","1","amazon.ca","Amazon","Calgary","Alberta","T2N 3T","Combined TCS+MTC","-23.99","-1.20","0","0","0","0","0","0","0","0","1.20","3.26","0","0","0","-20.73"
"Nov 20, 2025 4:34:47 p.m. PST","25003691141","Refund","701-1461205-5112257","MSCA-D70-7-6","ANGOOL Wireless Strapless Bra for Women Seamless Push Up Non-Slip Full Support Non Removable Padded Bandeau Bra, Brown, XXL","1","amazon.ca","Amazon","Calgary","Alberta","T2N 3T","Combined TCS+MTC","-23.99","-1.20","0","0","0","0","0","0","0","0","1.20","3.26","0","0","0","-20.73"
"Nov 20, 2025 4:39:31 p.m. PST","25003691141","Refund","701-8752380-5040236","MSCA-D70-5-2","ANGOOL Wireless Strapless Bra for Women Seamless Push Up Non-Slip Full Support Non Removable Padded Bandeau Bra, Beige, S","1","amazon.ca","Amazon","Toronto","Ontario","M4M 0G","Combined TCS+MTC","-23.99","-3.12","0","0","0","0","0","0","0","0","3.12","3.26","0","0","0","-20.73"
"Nov 20, 2025 5:35:07 p.m. PST","25003691141","FBA Inventory Fee","702-4490119-3027407","","Fulfilment by Amazon removal order: disposal fee","","Amazon.ca","","","","","","0","0","0","0","0","0","0","0","0","0","0","0","0","0","-0.88","-0.88"
"Nov 20, 2025 5:51:21 p.m. PST","25003691141","Order","702-4926663-0904268","MSCA-D70-7-3","ANGOOL Wireless Strapless Bra for Women Seamless Push Up Non-Slip Full Support Non Removable Padded Bandeau Bra, Brown, M","1","amazon.ca","Amazon","deux-montagnes","quebec","J7R 6Y","Combined TCS+MTC","22.49","3.37","0","0","0","0","0","0","0","0","-3.37","-3.82","-7.84","0","0","10.83"
"Nov 20, 2025 5:51:39 p.m. PST","25003691141","Order","702-7925918-4713838","MSCA-D70-7-4","ANGOOL Wireless Strapless Bra for Women Seamless Push Up Non-Slip Full Support Non Removable Padded Bandeau Bra, Brown, L","1","amazon.ca","Amazon","St Mary's","Ontario","N4X 1C","Combined TCS+MTC","22.49","2.92","0","0","0","0","0","0","0","0","-2.92","-3.82","-7.65","0","0","11.02"
"Nov 20, 2025 5:57:17 p.m. PST","25003691141","Order","702-0045647-4973017","MSCA-D70-25-5","ANGOOL Wireless Strapless Bra for Women Seamless Push Up Non-Slip Full Support Non Removable Padded Bandeau Bra, Black+Beige, XL","1","amazon.ca","Amazon","Mississauga","Ontario","L5W 1C","Combined TCS+MTC","32.24","4.19","0","0","0","0","0","0","0","0","-4.19","-5.48","-8.17","0","0","18.59"
"Nov 20, 2025 6:03:58 p.m. PST","25003691141","Order","702-1953071-2185821","MSCA-D70-2-5","ANGOOL Wireless Strapless Bra for Women Seamless Push Up Non-Slip Full Support Non Removable Padded Bandeau Bra, Black, XL","1","amazon.ca","Amazon","Kanata","Ontario","K2L 4G","Combined TCS+MTC","22.49","2.92","3.50","0","0","0","0","0","-3.50","0","-2.92","-3.82","-7.65","0","0","11.02"
"Nov 20, 2025 6:57:24 p.m. PST","25003691141","Order","702-8765507-7377828","MSCA-D70-5-2","ANGOOL Wireless Strapless Bra for Women Seamless Push Up Non-Slip Full Support Non Removable Padded Bandeau Bra, Beige, S","1","amazon.ca","Amazon","Windsor","Ontario","N9G 1L","Combined TCS+MTC","22.49","2.92","3.50","0","0","0","0","0","-3.50","0","-2.92","-3.82","-7.84","0","0","10.83"
"Nov 20, 2025 7:16:44 p.m. PST","25003691141","Order","701-9105728-2537805","MSCA-D70-5-2","ANGOOL Wireless Strapless Bra for Women Seamless Push Up Non-Slip Full Support Non Removable Padded Bandeau Bra, Beige, S","1","amazon.ca","Amazon","Oshawa","Ontario","L1K 0G","Combined TCS+MTC","22.49","2.92","0","0","0","0","0","0","0","0","-2.92","-3.82","-7.84","0","0","10.83"
"Nov 20, 2025 7:35:28 p.m. PST","25003691141","Order","702-6696147-7364258","MSCA-D70-25-4","ANGOOL Wireless Strapless Bra for Women Seamless Push Up Non-Slip Full Support Non Removable Padded Bandeau Bra, Black+Beige, L","1","amazon.ca","Amazon","Saint-Lazare","Quebec","J7T 3E","Combined TCS+MTC","32.24","4.83","0","0","0","0","0","0","0","0","-4.83","-5.48","-8.74","0","0","18.02"
"Nov 20, 2025 7:46:01 p.m. PST","25003691141","Order","701-3227872-6844252","MSCA-D70-5-2","ANGOOL Wireless Strapless Bra for Women Seamless Push Up Non-Slip Full Support Non Removable Padded Bandeau Bra, Beige, S","1","amazon.ca","Amazon","Elora","Ontario","N0B 1S","Combined TCS+MTC","23.99","3.12","3.27","0","0","0","0","0","-3.27","0","-3.12","-4.08","-7.84","0","0","12.07"
"Nov 20, 2025 8:47:19 p.m. PST","25003691141","Fulfilment by Amazon customer return fee","702-7329169-4524216","X004L631E7","FBA Customer Return Per Unit Fee (Clothing & Shoes)","","Amazon.ca","","","","","","0","0","0","0","0","0","0","0","0","0","0","0","-5.03","0","0","-5.03"
"Nov 20, 2025 8:48:35 p.m. PST","25003691141","Order","701-8428310-3510609","MSCA-D70-5-2","ANGOOL Wireless Strapless Bra for Women Seamless Push Up Non-Slip Full Support Non Removable Padded Bandeau Bra, Beige, S","1","amazon.ca","Amazon","Calgary","Alberta","T2T 6J","Combined TCS+MTC","22.49","1.12","0","0","0","0","0","0","0","0","-1.12","-3.82","-7.84","0","0","10.83"
"Nov 20, 2025 8:53:04 p.m. PST","25003691141","Order","701-1527153-4486602","MSCA-D70-2-2","ANGOOL Wireless Strapless Bra for Women Seamless Push Up Non-Slip Full Support Non Removable Padded Bandeau Bra, Black, S","1","amazon.ca","Amazon","Saint-Bruno","Quebec","J3V 5Z","Combined TCS+MTC","23.99","3.59","2.94","0","0","0","0","0","-2.94","0","-3.59","-4.08","-7.13","0","0","12.78"
"Nov 20, 2025 10:16:25 p.m. PST","25003691141","Order","702-3627799-9569805","MSCA-D70-2-4","ANGOOL Wireless Strapless Bra for Women Seamless Push Up Non-Slip Full Support Non Removable Padded Bandeau Bra, Black, L","1","amazon.ca","Amazon","Whitehorse","Yukon","Y1A 4B","Combined TCS+MTC","22.49","1.12","0","0","0","0","0","0","0","0","-1.12","-3.82","-7.65","0","0","11.02"
"Nov 20, 2025 10:16:25 p.m. PST","25003691141","Order","702-3627799-9569805","MSCA-D70-6-4","ANGOOL Wireless Strapless Bra for Women Seamless Push Up Non-Slip Full Support Non Removable Padded Bandeau Bra, White, L","1","amazon.ca","Amazon","Whitehorse","Yukon","Y1A 4B","Combined TCS+MTC","22.49","1.12","0","0","0","0","0","0","0","0","-1.12","-3.82","-7.13","0","0","11.54"
"Nov 20, 2025 10:29:35 p.m. PST","25003691141","Fulfilment by Amazon customer return fee","702-3128735-8903462","X004L4RA87","FBA Customer Return Per Unit Fee (Clothing & Shoes)","","Amazon.ca","","","","","","0","0","0","0","0","0","0","0","0","0","0","0","-5.23","0","0","-5.23"
"Nov 20, 2025 10:35:01 p.m. PST","25003691141","Adjustment","","MSCA-D70-2-2","FBA Inventory Reimbursement - General Adjustment","1","","","","","","","0","0","0","0","0","0","0","0","0","0","0","0","0","0","-16.27","-16.27"
"Nov 20, 2025 11:20:26 p.m. PST","25003691141","Order","702-7750709-8687443","MSCA-D70-6-3","ANGOOL Wireless Strapless Bra for Women Seamless Push Up Non-Slip Full Support Non Removable Padded Bandeau Bra, White, M","1","amazon.ca","Amazon","Mississauga","Ontario","L5M 7P","Combined TCS+MTC","22.49","2.92","0","0","0","0","0","0","0","0","-2.92","-3.82","-7.13","0","0","11.54"
"Nov 20, 2025 11:21:20 p.m. PST","25003691141","Order","701-2162450-7860261","MSCA-D70-5-5","ANGOOL Wireless Strapless Bra for Women Seamless Push Up Non-Slip Full Support Non Removable Padded Bandeau Bra, Beige, XL","1","amazon.ca","Amazon","Barrie","Ontario","L4N 0E","Combined TCS+MTC","22.49","2.92","0","0","0","0","0","0","0","0","-2.92","-3.82","-7.65","0","0","11.02"
"Nov 20, 2025 11:22:10 p.m. PST","25003691141","Order","702-5088820-5119462","MSCA-D70-6-4","ANGOOL Wireless Strapless Bra for Women Seamless Push Up Non-Slip Full Support Non Removable Padded Bandeau Bra, White, L","1","amazon.ca","Amazon","Richmond hill","Ontario","L4E 1H","Combined TCS+MTC","22.49","2.92","0","0","0","0","0","0","0","0","-2.92","-3.82","-7.13","0","0","11.54"
"Nov 20, 2025 11:46:51 p.m. PST","25003691141","Order","701-2158630-1882665","MSCA-D70-7-6","ANGOOL Wireless Strapless Bra for Women Seamless Push Up Non-Slip Full Support Non Removable Padded Bandeau Bra, Brown, XXL","1","amazon.ca","Amazon","Etobicoke","Ontario","M9A 4A","Combined TCS+MTC","22.49","2.92","0","0","0","0","0","0","0","0","-2.92","-3.82","-7.13","0","0","11.54"
"Nov 21, 2025 1:13:11 a.m. PST","25003691141","Fulfilment by Amazon customer return fee","702-5060257-9377044","X004L5KTDT","FBA Customer Return Per Unit Fee (Clothing & Shoes)","","Amazon.ca","","","","","","0","0","0","0","0","0","0","0","0","0","0","0","-5.11","0","0","-5.11"
"Nov 21, 2025 1:14:32 a.m. PST","25003691141","Order","702-0583481-9065804","MSCA-D70-5-3","ANGOOL Wireless Strapless Bra for Women Seamless Push Up Non-Slip Full Support Non Removable Padded Bandeau Bra, Beige, M","1","amazon.ca","Amazon","Brossard","Quebec","J4X 2K","Combined TCS+MTC","22.49","3.37","0","0","0","0","0","0","0","0","-3.37","-3.82","-7.63","0","0","11.04"
"Nov 21, 2025 1:15:09 a.m. PST","25003691141","Order","701-4665007-7535410","MSCA-D70-5-3","ANGOOL Wireless Strapless Bra for Women Seamless Push Up Non-Slip Full Support Non Removable Padded Bandeau Bra, Beige, M","1","amazon.ca","Amazon","Pointe Claire","Quebec","H9S5K","Combined TCS+MTC","22.49","3.37","0","0","0","0","0","0","0","0","-3.37","-3.82","-7.63","0","0","11.04"
"Nov 21, 2025 1:44:03 a.m. PST","25003691141","Transfer","","","To account ending with: 797","","","","","","","","0","0","0","0","0","0","0","0","0","0","0","0","0","0","-895.70","-895.70"
"Nov 21, 2025 1:44:25 a.m. PST","25003691141","Order","701-8625663-5207422","MSCA-D70-5-4","ANGOOL Wireless Strapless Bra for Women Seamless Push Up Non-Slip Full Support Non Removable Padded Bandeau Bra, Beige, L","1","amazon.ca","Amazon","London","Ontario","N6H 4H","Combined TCS+MTC","22.49","2.92","0","0","0","0","0","0","0","0","-2.92","-3.82","-7.65","0","0","11.02"
"Nov 21, 2025 2:34:53 a.m. PST","25003691141","Order","701-3840695-7740251","MSCA-D70-6-2","ANGOOL Wireless Strapless Bra for Women Seamless Push Up Non-Slip Full Support Non Removable Padded Bandeau Bra, White, S","1","amazon.ca","Amazon","Markham","Ontario","L6C 3N","Combined TCS+MTC","22.49","2.92","0","0","0","0","0","0","0","0","-2.92","-3.82","-6.74","0","0","11.93"
"Nov 21, 2025 5:09:42 a.m. PST","25003691141","Order","701-2194070-7129027","MSCA-D70-7-3","ANGOOL Wireless Strapless Bra for Women Seamless Push Up Non-Slip Full Support Non Removable Padded Bandeau Bra, Brown, M","1","amazon.ca","Amazon","Red Deer","Alberta","T4P 3L","Combined TCS+MTC","22.49","1.12","0","0","0","0","0","0","0","0","-1.12","-3.82","-7.84","0","0","10.83"
"Nov 21, 2025 5:58:47 a.m. PST","25003691141","Order","701-5458722-7319415","MSCA-D70-25-4","ANGOOL Wireless Strapless Bra for Women Seamless Push Up Non-Slip Full Support Non Removable Padded Bandeau Bra, Black+Beige, L","1","amazon.ca","Amazon","Deroche","British Columbia","V0M 1G","Combined TCS+MTC","32.24","3.87","0","0","0","0","0","0","0","0","-3.87","-5.48","-9.35","0","0","17.41"
"Nov 21, 2025 6:24:59 a.m. PST","25003691141","Fulfilment by Amazon customer return fee","701-8487557-8229018","X004L5ZNMB","FBA Customer Return Per Unit Fee (Clothing & Shoes)","","Amazon.ca","","","","","","0","0","0","0","0","0","0","0","0","0","0","0","-4.67","0","0","-4.67"
"Nov 21, 2025 6:33:30 a.m. PST","25003691141","Fulfilment by Amazon customer return fee","701-0905459-8845851","X004L5ZMNV","FBA Customer Return Per Unit Fee (Clothing & Shoes)","","Amazon.ca","","","","","","0","0","0","0","0","0","0","0","0","0","0","0","-4.57","0","0","-4.57"
"Nov 21, 2025 6:50:19 a.m. PST","25003691141","Order","701-7233555-7452223","MSCA-D76-268-5","ANGOOL Sports Bras for Women Seamless Backless Criss Cross Strappy Sports Bra Without Underwire for Workout Gym Yoga, Black+White+Green, XL","1","amazon.ca","Amazon","Pointe-Des-Cascades","Quebec","J0P 1M","Combined TCS+MTC","27.99","4.19","0","0","0","0","0","0","0","0","-4.19","-4.76","-6.49","0","0","16.74"
"Nov 21, 2025 7:54:10 a.m. PST","25003691141","Order","701-6624143-9070618","MSCA-D70-7-5","ANGOOL Wireless Strapless Bra for Women Seamless Push Up Non-Slip Full Support Non Removable Padded Bandeau Bra, Brown, XL","1","amazon.ca","Amazon","Scotchtown","Nova Scotia","B1H 1A","Combined TCS+MTC","22.49","3.15","0","0","0","0","0","0","0","0","-3.15","-3.82","-7.65","0","0","11.02"
"Nov 21, 2025 8:53:07 a.m. PST","25003691141","Order","702-0159425-8822676","MSCA-D70-2-4","ANGOOL Wireless Strapless Bra for Women Seamless Push Up Non-Slip Full Support Non Removable Padded Bandeau Bra, Black, L","1","amazon.ca","Amazon","Winnipeg","Manitoba","R2Y 0T","Combined TCS+MTC","22.49","2.70","0","0","0","0","0","0","0","0","-2.70","-3.82","-7.65","0","0","11.02"
"Nov 21, 2025 10:28:14 a.m. PST","25003691141","Refund","701-8264451-0436218","MSCA-D70-25-2","ANGOOL Wireless Strapless Bra for Women Seamless Push Up Non-Slip Full Support Non Removable Padded Bandeau Bra, Black+Beige, S","1","amazon.ca","Amazon","Pickering","Ontario","L1X 0A","Combined TCS+MTC","-34.39","-4.47","-6.99","0","0","0","0","0","6.99","0","4.47","4.68","0","0","0","-29.71"
"Nov 21, 2025 10:35:54 a.m. PST","25003691141","Order","702-2070047-0141005","MSCA-D70-2-5","ANGOOL Wireless Strapless Bra for Women Seamless Push Up Non-Slip Full Support Non Removable Padded Bandeau Bra, Black, XL","1","amazon.ca","Amazon","Rigaud","Quebec","J0P 1P","Combined TCS+MTC","22.49","3.37","0","0","0","0","0","0","0","0","-3.37","-3.82","-7.65","0","0","11.02"
"Nov 21, 2025 12:44:24 p.m. PST","25003691141","FBA Inventory Fee","701-8487557-8229018","","Fulfilment by Amazon removal order: disposal fee","","Amazon.ca","","","","","","0","0","0","0","0","0","0","0","0","0","0","0","0","0","-0.36","-0.36"
"Nov 21, 2025 12:44:39 p.m. PST","25003691141","FBA Inventory Fee","701-0905459-8845851","","Fulfilment by Amazon removal order: disposal fee","","Amazon.ca","","","","","","0","0","0","0","0","0","0","0","0","0","0","0","0","0","-0.36","-0.36"
"Nov 21, 2025 2:00:39 p.m. PST","25003691141","Order","702-5095252-9431445","MSCA-D70-5-3","ANGOOL Wireless Strapless Bra for Women Seamless Push Up Non-Slip Full Support Non Removable Padded Bandeau Bra, Beige, M","1","amazon.ca","Amazon","montreal","Quebec","H3L3M","Combined TCS+MTC","22.49","3.37","0","0","0","0","0","0","0","0","-3.37","-3.82","-7.13","0","0","11.54"
"Nov 21, 2025 2:55:39 p.m. PST","25003691141","Order","702-5008191-6031457","MSCA-D70-2-5","ANGOOL Wireless Strapless Bra for Women Seamless Push Up Non-Slip Full Support Non Removable Padded Bandeau Bra, Black, XL","1","amazon.ca","Amazon","Trenton","Ontario","K8V 2P","Combined TCS+MTC","22.49","2.92","0","0","0","0","0","0","0","0","-2.92","-3.82","-7.65","0","0","11.02"
"Nov 21, 2025 3:20:46 p.m. PST","25003691141","Refund","702-4960044-4649810","MSCA-D70-7-5","ANGOOL Wireless Strapless Bra for Women Seamless Push Up Non-Slip Full Support Non Removable Padded Bandeau Bra, Brown, XL","1","amazon.ca","Amazon","Waterloo","Ontario","N2K 3Y","Combined TCS+MTC","-25.49","-3.31","0","0","0","0","0","0","0","0","3.31","3.46","0","0","0","-22.03"
"Nov 21, 2025 3:47:14 p.m. PST","25003691141","Order","701-9094946-1637021","MSCA-D70-2-4","ANGOOL Wireless Strapless Bra for Women Seamless Push Up Non-Slip Full Support Non Removable Padded Bandeau Bra, Black, L","1","amazon.ca","Amazon","Picton","Ontario","K0K 2T","Combined TCS+MTC","22.49","2.92","0","0","0","0","0","0","0","0","-2.92","-3.82","-7.65","0","0","11.02"
"Nov 21, 2025 4:36:40 p.m. PST","25003691141","Order","701-9654905-8680222","MSCA-D70-5-3","ANGOOL Wireless Strapless Bra for Women Seamless Push Up Non-Slip Full Support Non Removable Padded Bandeau Bra, Beige, M","1","amazon.ca","Amazon","Pickering","Ontario","L1W 2M","Combined TCS+MTC","22.49","2.92","0","0","0","0","0","0","0","0","-2.92","-3.82","-7.13","0","0","11.54"
"Nov 21, 2025 4:49:30 p.m. PST","25003691141","Order","701-0831184-7312210","MSCA-D70-5-4","ANGOOL Wireless Strapless Bra for Women Seamless Push Up Non-Slip Full Support Non Removable Padded Bandeau Bra, Beige, L","1","amazon.ca","Amazon","Osgoode","Ontario","K0A 2W","Combined TCS+MTC","22.49","2.92","0","0","0","0","0","0","0","0","-2.92","-3.82","-7.65","0","0","11.02"
"Nov 21, 2025 5:26:35 p.m. PST","25003691141","Fulfilment by Amazon customer return fee","701-4130354-3581849","X004L631E7","FBA Customer Return Per Unit Fee (Clothing & Shoes)","","Amazon.ca","","","","","","0","0","0","0","0","0","0","0","0","0","0","0","-5.03","0","0","-5.03"
"Nov 21, 2025 6:01:56 p.m. PST","25003691141","Order","701-0870689-7197815","MSCA-D70-2-2","ANGOOL Wireless Strapless Bra for Women Seamless Push Up Non-Slip Full Support Non Removable Padded Bandeau Bra, Black, S","1","amazon.ca","Amazon","Milton","Ontario","L9T 6R","Combined TCS+MTC","22.49","2.92","0","0","0","0","0","0","0","0","-2.92","-3.82","-7.13","0","0","11.54"
"Nov 21, 2025 6:39:27 p.m. PST","25003691141","Order","702-3734985-1229065","MSCA-D70-6-3","ANGOOL Wireless Strapless Bra for Women Seamless Push Up Non-Slip Full Support Non Removable Padded Bandeau Bra, White, M","1","amazon.ca","Amazon","Owen Sound","Ontario","N4K 3L","Combined TCS+MTC","22.49","2.92","0","0","0","0","0","0","0","0","-2.92","-3.82","-7.13","0","0","11.54"
"Nov 21, 2025 6:47:05 p.m. PST","25003691141","Order","701-4732624-7495468","MSCA-D70-2-2","ANGOOL Wireless Strapless Bra for Women Seamless Push Up Non-Slip Full Support Non Removable Padded Bandeau Bra, Black, S","1","amazon.ca","Amazon","Maple","Ontario","L6A 3L","Combined TCS+MTC","22.49","2.92","0","0","0","0","0","0","0","0","-2.92","-3.82","-7.13","0","0","11.54"
"Nov 21, 2025 7:04:49 p.m. PST","25003691141","Order","702-4735922-1201826","MSCA-D70-7-4","ANGOOL Wireless Strapless Bra for Women Seamless Push Up Non-Slip Full Support Non Removable Padded Bandeau Bra, Brown, L","1","amazon.ca","Amazon","Brinston","Ontario","K0E 1C","Combined TCS+MTC","22.49","2.92","0","0","0","0","0","0","0","0","-2.92","-3.82","-7.65","0","0","11.02"
"Nov 21, 2025 7:41:21 p.m. PST","25003691141","Refund","701-7361395-9405800","MSCA-D70-5-2","ANGOOL Wireless Strapless Bra for Women Seamless Push Up Non-Slip Full Support Non Removable Padded Bandeau Bra, Beige, S","1","amazon.ca","Amazon","Fonthill","Ontario","L0S 1E","Combined TCS+MTC","-23.99","-3.12","0","0","0","0","0","0","0","0","3.12","3.26","0","0","0","-20.73"
"Nov 21, 2025 8:41:45 p.m. PST","25003691141","Fulfilment by Amazon customer return fee","702-0926281-0529027","X004L5UE9N","FBA Customer Return Per Unit Fee (Clothing & Shoes)","","Amazon.ca","","","","","","0","0","0","0","0","0","0","0","0","0","0","0","-5.11","0","0","-5.11"
"Nov 21, 2025 9:51:55 p.m. PST","25003691141","Fulfilment by Amazon customer return fee","701-3780047-0329862","X004L5XHYH","FBA Customer Return Per Unit Fee (Clothing & Shoes)","","Amazon.ca","","","","","","0","0","0","0","0","0","0","0","0","0","0","0","-5.15","0","0","-5.15"
"Nov 21, 2025 10:55:55 p.m. PST","25003691141","Order","702-2876190-8876238","MSCA-D70-5-3","ANGOOL Wireless Strapless Bra for Women Seamless Push Up Non-Slip Full Support Non Removable Padded Bandeau Bra, Beige, M","1","amazon.ca","Amazon","Whitby","Ontario","L1R 3N","Combined TCS+MTC","22.49","2.92","0","0","0","0","0","0","0","0","-2.92","-3.82","-7.63","0","0","11.04"
"Nov 21, 2025 10:58:01 p.m. PST","25003691141","Order","701-4849796-9529003","MSCA-D70-25-5","ANGOOL Wireless Strapless Bra for Women Seamless Push Up Non-Slip Full Support Non Removable Padded Bandeau Bra, Black+Beige, XL","1","amazon.ca","Amazon","Vaughan","ON","L4H2G","Combined TCS+MTC","32.24","4.19","0","0","0","0","0","0","0","0","-4.19","-5.48","-8.17","0","0","18.59"
"Nov 21, 2025 11:03:25 p.m. PST","25003691141","Order","701-0248261-9241042","MSCA-D70-25-3","ANGOOL Wireless Strapless Bra for Women Seamless Push Up Non-Slip Full Support Non Removable Padded Bandeau Bra, Black+Beige, M","1","amazon.ca","Amazon","Chestermere","Alberta","T1X 0C","Combined TCS+MTC","34.39","1.72","0","0","0","0","0","0","0","0","-1.72","-5.85","-7.84","0","0","20.70"
"Nov 21, 2025 11:48:43 p.m. PST","25003691141","Order","702-5498671-8483415","MSCA-D70-6-5","ANGOOL Wireless Strapless Bra for Women Seamless Push Up Non-Slip Full Support Non Removable Padded Bandeau Bra, White, XL","1","amazon.ca","Amazon","Oakville","Ontario","L6H 6T","Combined TCS+MTC","22.49","2.92","0","0","0","0","0","0","0","0","-2.92","-3.82","-7.13","0","0","11.54"
"Nov 22, 2025 12:44:04 a.m. PST","25003691141","Fulfilment by Amazon customer return fee","702-6157802-9214664","X004L5YB51","FBA Customer Return Per Unit Fee (Clothing & Shoes)","","Amazon.ca","","","","","","0","0","0","0","0","0","0","0","0","0","0","0","-4.92","0","0","-4.92"
"Nov 22, 2025 1:44:55 a.m. PST","25003691141","Order","702-6435301-2131415","MSCA-D74-2-2","ANGOOL V Neck Seamless Bralette for Women Full Coverage Wireless Padded Bra No Underwire Non Removable Pads Push Up Bras, Black, S","1","amazon.ca","Amazon","North York","Ontario","M2N 7M","Combined TCS+MTC","19.49","2.53","0","0","0","0","0","0","0","0","-2.53","-1.95","-8.17","0","0","9.37"
"Nov 22, 2025 3:19:23 a.m. PST","25003691141","Order","701-8980027-3985056","MSCA-D70-2-4","ANGOOL Wireless Strapless Bra for Women Seamless Push Up Non-Slip Full Support Non Removable Padded Bandeau Bra, Black, L","1","amazon.ca","Amazon","Kleefeld","Manitoba","R0A 0V","Combined TCS+MTC","22.49","2.70","0","0","0","0","0","0","0","0","-2.70","-3.82","-7.65","0","0","11.02"
"Nov 22, 2025 6:56:02 a.m. PST","25003691141","Order","702-8974556-8259448","MSCA-D70-25-5","ANGOOL Wireless Strapless Bra for Women Seamless Push Up Non-Slip Full Support Non Removable Padded Bandeau Bra, Black+Beige, XL","1","amazon.ca","Amazon","Kanata","ON","K2M1V","Combined TCS+MTC","32.24","4.19","6.99","0","0","0","0","0","-6.99","0","-4.19","-5.48","-8.17","0","0","18.59"
"Nov 22, 2025 8:26:46 a.m. PST","25003691141","Order","701-6229620-8531403","MSCA-D74-5-3","ANGOOL V Neck Seamless Bralette for Women Full Coverage Wireless Padded Bra No Underwire Non Removable Pads Push Up Bras, Beige, M","1","amazon.ca","Amazon","Waterdown","ON","L9H 0C","Combined TCS+MTC","19.49","2.53","0","0","0","0","0","0","0","0","-2.53","-1.95","-8.17","0","0","9.37"
"Nov 22, 2025 8:26:46 a.m. PST","25003691141","Order","701-6229620-8531403","MSCA-D74-2-3","ANGOOL V Neck Seamless Bralette for Women Full Coverage Wireless Padded Bra No Underwire Non Removable Pads Push Up Bras, Black, M","1","amazon.ca","Amazon","Waterdown","ON","L9H 0C","Combined TCS+MTC","19.49","2.53","0","0","0","0","0","0","0","0","-2.53","-1.95","-8.17","0","0","9.37"
"Nov 22, 2025 8:32:36 a.m. PST","25003691141","Order","701-5644877-4560266","MSCA-D70-5-4","ANGOOL Wireless Strapless Bra for Women Seamless Push Up Non-Slip Full Support Non Removable Padded Bandeau Bra, Beige, L","1","amazon.ca","Amazon","SUDBURY","ON","P3B3H","Combined TCS+MTC","22.49","2.92","0","0","0","0","0","0","0","0","-2.92","-3.82","-7.65","0","0","11.02"
"Nov 22, 2025 10:24:37 a.m. PST","25003691141","Refund","701-5944651-2073860","MSCA-D70-5-5","ANGOOL Wireless Strapless Bra for Women Seamless Push Up Non-Slip Full Support Non Removable Padded Bandeau Bra, Beige, XL","1","amazon.ca","Amazon","Grimsby","Ontario","L3M 5L","Combined TCS+MTC","-23.99","-3.12","0","0","0","0","0","0","0","0","3.12","3.26","0","0","0","-20.73"
"Nov 22, 2025 10:42:58 a.m. PST","25003691141","Refund","701-8937713-4111425","MSCA-D70-5-2","ANGOOL Wireless Strapless Bra for Women Seamless Push Up Non-Slip Full Support Non Removable Padded Bandeau Bra, Beige, S","1","amazon.ca","Amazon","Mirabel","Quebec","J7N 3E","Combined TCS+MTC","-23.99","-3.59","0","0","0","0","0","0","0","0","3.59","3.26","0","0","0","-20.73"
"Nov 22, 2025 11:20:43 a.m. PST","25003691141","Order","702-4315705-6966643","MSCA-D70-6-4","ANGOOL Wireless Strapless Bra for Women Seamless Push Up Non-Slip Full Support Non Removable Padded Bandeau Bra, White, L","1","amazon.ca","Amazon","Oakville","Ontario","L6M 0P","Combined TCS+MTC","22.49","2.92","0","0","0","0","0","0","0","0","-2.92","-3.82","-7.13","0","0","11.54"
"Nov 22, 2025 12:46:36 p.m. PST","25003691141","Refund","702-2330733-9845025","MSCA-D70-5-4","ANGOOL Wireless Strapless Bra for Women Seamless Push Up Non-Slip Full Support Non Removable Padded Bandeau Bra, Beige, L","1","amazon.ca","Amazon","Oshawa","Ontario","L1H 3S","Combined TCS+MTC","-23.99","-3.12","0","0","0","0","0","0","0","0","3.12","3.26","0","0","0","-20.73"
"Nov 22, 2025 1:14:00 p.m. PST","25003691141","Order","702-6625230-9107407","MSCA-D70-25-5","ANGOOL Wireless Strapless Bra for Women Seamless Push Up Non-Slip Full Support Non Removable Padded Bandeau Bra, Black+Beige, XL","1","amazon.ca","Amazon","Nashwaak Bridge","New Brunswick","E6C 1X","Combined TCS+MTC","32.24","4.84","0","0","0","0","0","0","0","0","-4.84","-5.48","-8.17","0","0","18.59"
"Nov 22, 2025 1:56:10 p.m. PST","25003691141","Refund","701-6067399-3949051","MSCA-D70-5-4","ANGOOL Wireless Strapless Bra for Women Seamless Push Up Non-Slip Full Support Non Removable Padded Bandeau Bra, Beige, L","1","amazon.ca","Amazon","Thunder Bay","ON","P7J 1H","Combined TCS+MTC","-25.49","-3.31","-2.17","0","0","0","0","0","2.17","0","3.31","3.46","0","0","0","-22.03"
"Nov 22, 2025 1:56:10 p.m. PST","25003691141","Refund","701-6067399-3949051","MSCA-D70-5-3","ANGOOL Wireless Strapless Bra for Women Seamless Push Up Non-Slip Full Support Non Removable Padded Bandeau Bra, Beige, M","1","amazon.ca","Amazon","Thunder Bay","ON","P7J 1H","Combined TCS+MTC","-25.49","-3.31","-2.17","0","0","0","0","0","2.17","0","3.31","3.46","0","0","0","-22.03"
"Nov 22, 2025 3:07:15 p.m. PST","25003691141","Order","702-6740672-4117014","MSCA-D74-7-2","ANGOOL V Neck Seamless Bralette for Women Full Coverage Wireless Padded Bra No Underwire Non Removable Pads Push Up Bras, Brown, S","1","amazon.ca","Amazon","Perth","Ontario","K7H 0E","Combined TCS+MTC","19.49","2.53","0","0","0","0","0","0","0","0","-2.53","-1.95","-8.17","0","0","9.37"
"Nov 22, 2025 3:26:07 p.m. PST","25003691141","Order","701-7921555-5854655","MSCA-D76-268-3","ANGOOL Sports Bras for Women Seamless Backless Criss Cross Strappy Sports Bra Without Underwire for Workout Gym Yoga, Black+White+Green, M","1","amazon.ca","Amazon","NANAIMO","BC","V9S 4R","Combined TCS+MTC","27.99","3.36","0","0","0","0","0","0","0","0","-3.36","-4.76","-6.49","0","0","16.74"
"Nov 22, 2025 4:24:49 p.m. PST","25003691141","Refund","701-3463587-1136227","MSCA-D70-5-3","ANGOOL Wireless Strapless Bra for Women Seamless Push Up Non-Slip Full Support Non Removable Padded Bandeau Bra, Beige, M","1","amazon.ca","Amazon","Timberlea","Nova Scotia","B3T 0E","Combined TCS+MTC","-25.49","-3.57","0","0","0","0","0","0","0","0","3.57","3.46","0","0","0","-22.03"
"Nov 22, 2025 6:05:31 p.m. PST","25003691141","Refund","702-4037016-5241828","MSCA-D70-5-2","ANGOOL Wireless Strapless Bra for Women Seamless Push Up Non-Slip Full Support Non Removable Padded Bandeau Bra, Beige, S","1","amazon.ca","Amazon","Blackfalds","Alberta","T0M 0J","Combined TCS+MTC","-25.49","-1.27","0","0","0","0","0","0","0","0","1.27","3.46","0","0","0","-22.03"
"Nov 22, 2025 7:09:28 p.m. PST","25003691141","Order","701-2396927-0122619","MSCA-D70-7-4","ANGOOL Wireless Strapless Bra for Women Seamless Push Up Non-Slip Full Support Non Removable Padded Bandeau Bra, Brown, L","1","amazon.ca","Amazon","Kingston","Ontario","K7P 0N","Combined TCS+MTC","22.49","2.92","0","0","0","0","0","0","0","0","-2.92","-3.82","-7.65","0","0","11.02"
"Nov 22, 2025 10:49:08 p.m. PST","25003691141","Order","701-0123928-9831426","MSCA-D70-2-3","ANGOOL Wireless Strapless Bra for Women Seamless Push Up Non-Slip Full Support Non Removable Padded Bandeau Bra, Black, M","1","amazon.ca","Amazon","Montréal","Quebec","H3E0E","Combined TCS+MTC","23.99","3.59","3.92","0","0","0","0","0","-3.92","0","-3.59","-4.08","-7.65","0","0","12.26"
"Nov 23, 2025 12:25:03 a.m. PST","25003691141","Order","702-7623858-8200267","MSCA-D70-7-6","ANGOOL Wireless Strapless Bra for Women Seamless Push Up Non-Slip Full Support Non Removable Padded Bandeau Bra, Brown, XXL","1","amazon.ca","Amazon","Maniwaki","Quebec","J9E 2A","Combined TCS+MTC","22.49","3.37","0","0","0","0","0","0","0","0","-3.37","-3.82","-7.13","0","0","11.54"
"Nov 23, 2025 12:59:39 a.m. PST","25003691141","Order","702-8684208-2094609","MSCA-D70-7-4","ANGOOL Wireless Strapless Bra for Women Seamless Push Up Non-Slip Full Support Non Removable Padded Bandeau Bra, Brown, L","1","amazon.ca","Amazon","Markham","Ontario","L6B 1P","Combined TCS+MTC","22.49","2.92","0","0","0","0","0","0","0","0","-2.92","-3.82","-7.65","0","0","11.02"
"Nov 23, 2025 1:14:02 a.m. PST","25003691141","Order","702-3487602-2281003","MSCA-D70-5-3","ANGOOL Wireless Strapless Bra for Women Seamless Push Up Non-Slip Full Support Non Removable Padded Bandeau Bra, Beige, M","1","amazon.ca","Amazon","Waterloo","Ontario","N2T 1R","Combined TCS+MTC","22.49","2.92","0","0","0","0","0","0","0","0","-2.92","-3.82","-7.63","0","0","11.04"
"Nov 23, 2025 2:12:35 a.m. PST","25003691141","Order","702-8236709-4206620","MSCA-D70-7-3","ANGOOL Wireless Strapless Bra for Women Seamless Push Up Non-Slip Full Support Non Removable Padded Bandeau Bra, Brown, M","1","amazon.ca","Amazon","Kitchener","Ontario","N2H 1V","Combined TCS+MTC","22.49","2.92","0","0","0","0","0","0","0","0","-2.92","-3.82","-7.84","0","0","10.83"
"Nov 23, 2025 2:30:51 a.m. PST","25003691141","Order","701-9189846-2613802","MSCA-D70-2-2","ANGOOL Wireless Strapless Bra for Women Seamless Push Up Non-Slip Full Support Non Removable Padded Bandeau Bra, Black, S","1","amazon.ca","Amazon","london","on","N6H 0C","Combined TCS+MTC","22.49","2.92","0","0","0","0","0","0","0","0","-2.92","-3.82","-7.13","0","0","11.54"
"Nov 23, 2025 5:04:08 a.m. PST","25003691141","Refund","702-8360325-3117853","MSCA-D70-5-2","ANGOOL Wireless Strapless Bra for Women Seamless Push Up Non-Slip Full Support Non Removable Padded Bandeau Bra, Beige, S","1","amazon.ca","Amazon","Stittsville","Ontario","K2S 3B","Combined TCS+MTC","-25.49","-3.31","0","0","0","0","0","0","0","0","3.31","3.46","0","0","0","-22.03"
"Nov 23, 2025 1:22:37 p.m. PST","25003691141","Fulfilment by Amazon customer return fee","701-2399384-4053049","X004L5VMH1","FBA Customer Return Per Unit Fee (Clothing & Shoes)","","Amazon.ca","","","","","","0","0","0","0","0","0","0","0","0","0","0","0","-4.92","0","0","-4.92"
"Nov 23, 2025 2:03:48 p.m. PST","25003691141","Order","701-9506070-7661847","MSCA-D70-2-4","ANGOOL Wireless Strapless Bra for Women Seamless Push Up Non-Slip Full Support Non Removable Padded Bandeau Bra, Black, L","1","amazon.ca","Amazon","Milton","Ontario","L9E 1H","Combined TCS+MTC","22.49","2.92","0","0","0","0","0","0","0","0","-2.92","-3.82","-7.65","0","0","11.02"
"Nov 23, 2025 2:03:50 p.m. PST","25003691141","Order","702-2607917-3352222","MSCA-D70-5-5","ANGOOL Wireless Strapless Bra for Women Seamless Push Up Non-Slip Full Support Non Removable Padded Bandeau Bra, Beige, XL","1","amazon.ca","Amazon","Georgetown","Ontario","L7G1K","Combined TCS+MTC","22.49","2.92","0","0","0","0","0","0","0","0","-2.92","-3.82","-7.65","0","0","11.02"
"Nov 23, 2025 2:49:46 p.m. PST","25003691141","Order","702-0485251-3793054","MSCA-D70-7-4","ANGOOL Wireless Strapless Bra for Women Seamless Push Up Non-Slip Full Support Non Removable Padded Bandeau Bra, Brown, L","1","amazon.ca","Amazon","Sarnia","Ontario","N7S 2L","Combined TCS+MTC","22.49","2.92","0","0","0","0","0","0","0","0","-2.92","-3.82","-7.65","0","0","11.02"
"Nov 23, 2025 3:34:24 p.m. PST","25003691141","Order","702-5146736-3191404","MSCA-D70-5-3","ANGOOL Wireless Strapless Bra for Women Seamless Push Up Non-Slip Full Support Non Removable Padded Bandeau Bra, Beige, M","1","amazon.ca","Amazon","Clearwater","British Columbia","V0E 1N","Combined TCS+MTC","22.49","2.70","0","0","0","0","0","0","0","0","-2.70","-3.82","-7.13","0","0","11.54"
"Nov 23, 2025 4:06:44 p.m. PST","25003691141","Refund","701-7647086-8366628","MSCA-D70-2-5","ANGOOL Wireless Strapless Bra for Women Seamless Push Up Non-Slip Full Support Non Removable Padded Bandeau Bra, Black, XL","1","amazon.ca","Amazon","Whitby","Ontario","L1R 1V","Combined TCS+MTC","-23.99","-3.12","-0.70","0","0","0","0","0","0.70","0","3.12","3.26","0","0","0","-20.73"
"Nov 23, 2025 4:52:40 p.m. PST","25003691141","Order","701-2309042-1375448","MSCA-D70-5-5","ANGOOL Wireless Strapless Bra for Women Seamless Push Up Non-Slip Full Support Non Removable Padded Bandeau Bra, Beige, XL","1","amazon.ca","Amazon","Oakville","Ontario","L6H 8B","Combined TCS+MTC","22.49","2.92","0","0","0","0","0","0","0","0","-2.92","-3.82","-7.65","0","0","11.02"
"Nov 23, 2025 6:02:37 p.m. PST","25003691141","Order","701-7230010-8358600","MSCA-D70-5-2","ANGOOL Wireless Strapless Bra for Women Seamless Push Up Non-Slip Full Support Non Removable Padded Bandeau Bra, Beige, S","1","amazon.ca","Amazon","Petrolia","Ontario","N0N 1R","Combined TCS+MTC","22.49","2.92","0","0","0","0","0","0","0","0","-2.92","-3.82","-7.84","0","0","10.83"
"Nov 23, 2025 6:28:07 p.m. PST","25003691141","Order","702-7658670-4281026","MSCA-D70-2-3","ANGOOL Wireless Strapless Bra for Women Seamless Push Up Non-Slip Full Support Non Removable Padded Bandeau Bra, Black, M","1","amazon.ca","Amazon","Calgary","Alberta","T3E4Y","Combined TCS+MTC","22.49","1.12","0","0","0","0","0","0","0","0","-1.12","-3.82","-8.19","0","0","10.48"
"Nov 23, 2025 6:50:11 p.m. PST","25003691141","Order","702-7340977-1113849","MSCA-D70-2-2","ANGOOL Wireless Strapless Bra for Women Seamless Push Up Non-Slip Full Support Non Removable Padded Bandeau Bra, Black, S","1","amazon.ca","Amazon","Barrie","ON","L4N 8S","Combined TCS+MTC","22.49","2.92","0","0","0","0","0","0","0","0","-2.92","-3.82","-7.13","0","0","11.54"
"Nov 23, 2025 6:54:05 p.m. PST","25003691141","Order","702-3317733-3577818","MSCA-D70-5-5","ANGOOL Wireless Strapless Bra for Women Seamless Push Up Non-Slip Full Support Non Removable Padded Bandeau Bra, Beige, XL","1","amazon.ca","Amazon","Osgoode","Ontario","K0A 2W","Combined TCS+MTC","22.49","2.92","0","0","0","0","0","0","0","0","-2.92","-3.82","-7.65","0","0","11.02"
"Nov 23, 2025 8:11:53 p.m. PST","25003691141","Order","702-0074276-5402642","MSCA-D70-5-4","ANGOOL Wireless Strapless Bra for Women Seamless Push Up Non-Slip Full Support Non Removable Padded Bandeau Bra, Beige, L","1","amazon.ca","Amazon","St Andrews West","Ontario","K0C 2A","Combined TCS+MTC","22.49","2.92","0","0","0","0","0","0","0","0","-2.92","-3.82","-7.65","0","0","11.02"
"Nov 23, 2025 8:29:37 p.m. PST","25003691141","Order","701-2169642-8463461","MSCA-D70-25-3","ANGOOL Wireless Strapless Bra for Women Seamless Push Up Non-Slip Full Support Non Removable Padded Bandeau Bra, Black+Beige, M","1","amazon.ca","Amazon","Calgary","Alberta","T3H 3G","Combined TCS+MTC","32.24","1.61","0","0","0","0","0","0","0","0","-1.61","-5.48","-7.84","0","0","18.92"
"Nov 23, 2025 8:54:50 p.m. PST","25003691141","Order","702-8647420-5944269","MSCA-D77-2-4","ANGOOL Racerback Bras for Women Wire Free Sexy V Neck Lace Bralette Adjustable Strap Full Coverage Padded Bra, Black, L","1","amazon.ca","Amazon","Parkhill","Ontario","N0M 2K","Combined TCS+MTC","22.49","2.92","0","0","0","0","0","0","0","0","-2.92","-3.82","-7.13","0","0","11.54"
"Nov 23, 2025 9:07:48 p.m. PST","25003691141","Order","701-9747440-5073850","MSCA-D70-5-3","ANGOOL Wireless Strapless Bra for Women Seamless Push Up Non-Slip Full Support Non Removable Padded Bandeau Bra, Beige, M","1","amazon.ca","Amazon","Montreal","Quebec","H2G 1G","Combined TCS+MTC","22.49","3.37","0","0","0","0","0","0","0","0","-3.37","-3.82","-7.13","0","0","11.54"
"Nov 23, 2025 9:46:38 p.m. PST","25003691141","Order","702-2844319-6890660","MSCA-D77-5-6","ANGOOL Racerback Bras for Women Wire Free Sexy V Neck Lace Bralette Adjustable Strap Full Coverage Padded Bra, Beige, XXL","1","amazon.ca","Amazon","Saint-Lin-Laurentides","Quebec","J5M 1G","Combined TCS+MTC","22.49","3.37","0","0","0","0","0","0","0","0","-3.37","-3.82","-7.13","0","0","11.54"
"Nov 23, 2025 10:05:59 p.m. PST","25003691141","Order","701-4410600-9166614","MSCA-D70-2-4","ANGOOL Wireless Strapless Bra for Women Seamless Push Up Non-Slip Full Support Non Removable Padded Bandeau Bra, Black, L","1","amazon.ca","Amazon","Nipawin","Saskatchewan","S0E 1E","Combined TCS+MTC","22.49","2.47","0","0","0","0","0","0","0","0","-2.47","-3.82","-7.65","0","0","11.02"
"Nov 23, 2025 10:33:54 p.m. PST","25003691141","Order","701-5954473-9309836","MSCA-D70-5-3","ANGOOL Wireless Strapless Bra for Women Seamless Push Up Non-Slip Full Support Non Removable Padded Bandeau Bra, Beige, M","1","amazon.ca","Amazon","Vaughan","Ontario","L4J 9J","Combined TCS+MTC","22.49","2.92","0","0","0","0","0","0","0","0","-2.92","-3.82","-7.63","0","0","11.04"
"Nov 23, 2025 10:40:09 p.m. PST","25003691141","Order","702-7006374-2180251","MSCA-D76-206-4","ANGOOL Sports Bras for Women Seamless Backless Criss Cross Strappy Sports Bra Without Underwire for Workout Gym Yoga, Black+Grey+White, L","1","amazon.ca","Amazon","Scarborough","On","M1M1R","Combined TCS+MTC","27.99","3.64","0","0","0","0","0","0","0","0","-3.64","-4.76","-6.49","0","0","16.74"
"Nov 23, 2025 11:41:54 p.m. PST","25003691141","Order","701-7996451-1413865","MSCA-D70-25-5","ANGOOL Wireless Strapless Bra for Women Seamless Push Up Non-Slip Full Support Non Removable Padded Bandeau Bra, Black+Beige, XL","1","amazon.ca","Amazon","Sainte-Agathe-Des-Monts","Quebec","J8C 2X","Combined TCS+MTC","32.24","4.83","0","0","0","0","0","0","0","0","-4.83","-5.48","-8.17","0","0","18.59"
"Nov 24, 2025 12:08:15 a.m. PST","25003691141","Order","702-7848089-7422659","MSCA-D74-5-3","ANGOOL V Neck Seamless Bralette for Women Full Coverage Wireless Padded Bra No Underwire Non Removable Pads Push Up Bras, Beige, M","1","amazon.ca","Amazon","Toronto","Ontario","M4Y 0H","Combined TCS+MTC","19.49","2.53","0","0","0","0","0","0","0","0","-2.53","-1.95","-8.17","0","0","9.37"
"Nov 24, 2025 12:14:55 a.m. PST","25003691141","Refund","701-3512153-1565800","MSCA-D70-5-4","ANGOOL Wireless Strapless Bra for Women Seamless Push Up Non-Slip Full Support Non Removable Padded Bandeau Bra, Beige, L","1","amazon.ca","Amazon","Barrie","Ontario","L4M 7A","Combined TCS+MTC","-23.99","-3.12","0","0","0","0","0","0","0","0","3.12","3.26","0","0","0","-20.73"
"Nov 24, 2025 12:40:33 a.m. PST","25003691141","Order","701-6158628-5626656","MSCA-D70-6-2","ANGOOL Wireless Strapless Bra for Women Seamless Push Up Non-Slip Full Support Non Removable Padded Bandeau Bra, White, S","1","amazon.ca","Amazon","Toronto","Ontario","M1B 2M","Combined TCS+MTC","22.49","2.92","0","0","0","0","0","0","0","0","-2.92","-3.82","-6.74","0","0","11.93"
"Nov 24, 2025 1:01:00 a.m. PST","25003691141","Order","701-6400371-5813834","MSCA-D70-25-5","ANGOOL Wireless Strapless Bra for Women Seamless Push Up Non-Slip Full Support Non Removable Padded Bandeau Bra, Black+Beige, XL","1","amazon.ca","Amazon","Peterborough","Ontario","K9L 1Z","Combined TCS+MTC","32.24","4.19","0","0","0","0","0","0","0","0","-4.19","-5.48","-8.17","0","0","18.59"
"Nov 24, 2025 1:01:00 a.m. PST","25003691141","Order","701-6400371-5813834","MSCA-D70-25-4","ANGOOL Wireless Strapless Bra for Women Seamless Push Up Non-Slip Full Support Non Removable Padded Bandeau Bra, Black+Beige, L","1","amazon.ca","Amazon","Peterborough","Ontario","K9L 1Z","Combined TCS+MTC","32.24","4.19","0","0","0","0","0","0","0","0","-4.19","-5.48","-8.74","0","0","18.02"
"Nov 24, 2025 2:11:40 a.m. PST","25003691141","Order","701-7076514-8057051","MSCA-D70-5-4","ANGOOL Wireless Strapless Bra for Women Seamless Push Up Non-Slip Full Support Non Removable Padded Bandeau Bra, Beige, L","1","amazon.ca","Amazon","Calgary","Alberta","T2A 6R","Combined TCS+MTC","22.49","1.12","0","0","0","0","0","0","0","0","-1.12","-3.82","-7.65","0","0","11.02"
"Nov 24, 2025 2:58:44 a.m. PST","25003691141","Order","702-5428368-3272233","MSCA-D70-5-3","ANGOOL Wireless Strapless Bra for Women Seamless Push Up Non-Slip Full Support Non Removable Padded Bandeau Bra, Beige, M","1","amazon.ca","Amazon","Montreal-Ouest","Quebec","H4X 2C","Combined TCS+MTC","22.49","3.37","0","0","0","0","0","0","0","0","-3.37","-3.82","-7.63","0","0","11.04"
"Nov 24, 2025 4:33:55 a.m. PST","25003691141","Fulfilment by Amazon customer return fee","702-5093422-3774668","X004L631E7","FBA Customer Return Per Unit Fee (Clothing & Shoes)","","Amazon.ca","","","","","","0","0","0","0","0","0","0","0","0","0","0","0","-5.03","0","0","-5.03"
"Nov 24, 2025 4:57:31 a.m. PST","25003691141","Order","702-8040225-2141862","MSCA-D70-2-5","ANGOOL Wireless Strapless Bra for Women Seamless Push Up Non-Slip Full Support Non Removable Padded Bandeau Bra, Black, XL","1","amazon.ca","Amazon","Red Deer","Alberta","T4P 2S","Combined TCS+MTC","22.49","1.12","0","0","0","0","0","0","0","0","-1.12","-3.82","-7.65","0","0","11.02"
"Nov 24, 2025 6:09:42 a.m. PST","25003691141","Order","702-1861551-1597049","MSCA-D70-25-5","ANGOOL Wireless Strapless Bra for Women Seamless Push Up Non-Slip Full Support Non Removable Padded Bandeau Bra, Black+Beige, XL","1","amazon.ca","Amazon","Azilda","Ontario","P0M 1B","Combined TCS+MTC","32.24","4.19","0","0","0","0","0","0","0","0","-4.19","-5.48","-8.17","0","0","18.59"
"Nov 24, 2025 6:10:58 a.m. PST","25003691141","Order","701-5574729-3996261","MSCA-D70-7-2","ANGOOL Wireless Strapless Bra for Women Seamless Push Up Non-Slip Full Support Non Removable Padded Bandeau Bra, Brown, S","1","amazon.ca","Amazon","Whitby","Ontario","L1P 0L","Combined TCS+MTC","22.49","2.92","0","0","0","0","0","0","0","0","-2.92","-3.82","-7.13","0","0","11.54"
"Nov 24, 2025 8:33:34 a.m. PST","25003691141","Order","701-8633098-5165802","MSCA-D70-5-2","ANGOOL Wireless Strapless Bra for Women Seamless Push Up Non-Slip Full Support Non Removable Padded Bandeau Bra, Beige, S","1","amazon.ca","Amazon","Kingston","Ontario","K7L 3V","Combined TCS+MTC","22.49","2.92","0","0","0","0","0","0","0","0","-2.92","-3.82","-7.84","0","0","10.83"
"Nov 24, 2025 8:49:46 a.m. PST","25003691141","Order","702-1947516-6329062","MSCA-D70-5-2","ANGOOL Wireless Strapless Bra for Women Seamless Push Up Non-Slip Full Support Non Removable Padded Bandeau Bra, Beige, S","1","amazon.ca","Amazon","Winnipeg","Manitoba","R3R 1X","Combined TCS+MTC","29.99","3.60","3.27","0","0","0","0","0","-3.27","0","-3.60","-5.10","-7.84","0","0","17.05"
"Nov 24, 2025 9:46:12 a.m. PST","25003691141","Order","702-5370059-8681800","MSCA-D70-5-2","ANGOOL Wireless Strapless Bra for Women Seamless Push Up Non-Slip Full Support Non Removable Padded Bandeau Bra, Beige, S","1","amazon.ca","Amazon","Toronto","Ontario","M6M 2X","Combined TCS+MTC","29.99","3.90","0","0","0","0","0","0","0","0","-3.90","-5.10","-7.84","0","0","17.05"
"Nov 24, 2025 10:34:42 a.m. PST","25003691141","Order","701-8114631-5977808","MSCA-D70-6-4","ANGOOL Wireless Strapless Bra for Women Seamless Push Up Non-Slip Full Support Non Removable Padded Bandeau Bra, White, L","1","amazon.ca","Amazon","Saint-Jérôme","Québec","J7Y5J","Combined TCS+MTC","22.49","3.37","0","0","0","0","0","0","0","0","-3.37","-3.82","-7.13","0","0","11.54"
"Nov 24, 2025 11:16:06 a.m. PST","25003691141","Refund","701-9433862-5099434","MSCA-D70-2-3","ANGOOL Wireless Strapless Bra for Women Seamless Push Up Non-Slip Full Support Non Removable Padded Bandeau Bra, Black, M","1","amazon.ca","Amazon","Markham","Ontario","L3S 4B","Combined TCS+MTC","-23.99","-3.12","-3.49","0","0","0","0","0","3.49","0","3.12","3.26","0","0","0","-20.73"
"Nov 24, 2025 11:59:58 a.m. PST","25003691141","Adjustment","702-9045141-2480229","MSCA-D70-5-3","FBA Inventory Reimbursement - Customer Return","1","","","","","","","0","0","0","0","0","0","0","0","0","0","0","0","0","0","14.03","14.03"
"Nov 24, 2025 12:09:18 p.m. PST","25003691141","Order","701-5131682-5426663","MSCA-D70-7-2","ANGOOL Wireless Strapless Bra for Women Seamless Push Up Non-Slip Full Support Non Removable Padded Bandeau Bra, Brown, S","1","amazon.ca","Amazon","Chapleau","Ontario","P0M 1K","Combined TCS+MTC","22.49","2.92","0","0","0","0","0","0","0","0","-2.92","-3.82","-7.13","0","0","11.54"
"Nov 24, 2025 2:07:25 p.m. PST","25003691141","Refund","701-0831184-7312210","MSCA-D70-5-4","ANGOOL Wireless Strapless Bra for Women Seamless Push Up Non-Slip Full Support Non Removable Padded Bandeau Bra, Beige, L","1","amazon.ca","Amazon","Osgoode","Ontario","K0A 2W","Combined TCS+MTC","-22.49","-2.92","0","0","0","0","0","0","0","0","2.92","3.06","0","0","0","-19.43"
"Nov 24, 2025 3:01:48 p.m. PST","25003691141","Order","702-2192890-9688252","MSCA-D70-5-5","ANGOOL Wireless Strapless Bra for Women Seamless Push Up Non-Slip Full Support Non Removable Padded Bandeau Bra, Beige, XL","1","amazon.ca","Amazon","Carstairs","Alberta","T0M 0N","Combined TCS+MTC","22.49","1.12","0","0","0","0","0","0","0","0","-1.12","-3.82","-7.65","0","0","11.02"
"Nov 24, 2025 3:11:49 p.m. PST","25003691141","Order","701-3198570-1765038","MSCA-D70-5-4","ANGOOL Wireless Strapless Bra for Women Seamless Push Up Non-Slip Full Support Non Removable Padded Bandeau Bra, Beige, L","1","amazon.ca","Amazon","St. John's","Newfoundland","A1A 0S","Combined TCS+MTC","29.99","4.50","0","0","0","0","0","0","0","0","-4.50","-5.10","-7.65","0","0","17.24"
"Nov 24, 2025 3:56:26 p.m. PST","25003691141","Order","701-2412001-1442663","MSCA-D70-25-2","ANGOOL Wireless Strapless Bra for Women Seamless Push Up Non-Slip Full Support Non Removable Padded Bandeau Bra, Black+Beige, S","1","amazon.ca","Amazon","Port Moody","British Columbia","V3H 4S","Combined TCS+MTC","32.24","3.87","0","0","0","0","0","0","0","0","-3.87","-5.48","-8.39","0","0","18.37"
"Nov 24, 2025 4:28:11 p.m. PST","25003691141","Fulfilment by Amazon customer return fee","702-9973961-1780240","X004L4Q5B5","FBA Customer Return Per Unit Fee (Clothing & Shoes)","","Amazon.ca","","","","","","0","0","0","0","0","0","0","0","0","0","0","0","-5.28","0","0","-5.28"
"Nov 24, 2025 4:41:10 p.m. PST","25003691141","Order","702-4632084-7386616","MSCA-D70-25-3","ANGOOL Wireless Strapless Bra for Women Seamless Push Up Non-Slip Full Support Non Removable Padded Bandeau Bra, Black+Beige, M","1","amazon.ca","Amazon","Cambridge","Ontario","N3C 1P","Combined TCS+MTC","32.24","4.19","0","0","0","0","0","0","0","0","-4.19","-5.48","-7.84","0","0","18.92"
"Nov 24, 2025 5:03:48 p.m. PST","25003691141","Order","702-7559720-6521823","MSCA-D70-7-4","ANGOOL Wireless Strapless Bra for Women Seamless Push Up Non-Slip Full Support Non Removable Padded Bandeau Bra, Brown, L","1","amazon.ca","Amazon","Barrie","Ontario","L4N 9S","Combined TCS+MTC","22.49","2.92","0","0","0","0","0","0","0","0","-2.92","-3.82","-7.65","0","0","11.02"
"Nov 24, 2025 5:51:09 p.m. PST","25003691141","Order","702-2045193-3654668","MSCA-D70-25-5","ANGOOL Wireless Strapless Bra for Women Seamless Push Up Non-Slip Full Support Non Removable Padded Bandeau Bra, Black+Beige, XL","1","amazon.ca","Amazon","Ste-Marthe-sur-le-Lac","Québec","J0N 1P","Combined TCS+MTC","42.99","6.44","0","0","0","0","0","0","0","0","-6.44","-7.31","-8.17","0","0","27.51"
"Nov 24, 2025 6:07:08 p.m. PST","25003691141","Refund","702-5162090-9072266","MSCA-D70-7-4","ANGOOL Wireless Strapless Bra for Women Seamless Push Up Non-Slip Full Support Non Removable Padded Bandeau Bra, Brown, L","1","amazon.ca","Amazon","Toronto","Ontario","M4S 0A","Combined TCS+MTC","-25.49","-3.31","0","0","0","0","0","0","0","0","3.31","3.46","0","0","0","-22.03"
"Nov 24, 2025 6:27:07 p.m. PST","25003691141","Order","701-6557030-8477830","MSCA-D76-208-2","ANGOOL Sports Bras for Women Seamless Backless Criss Cross Strappy Sports Bra Without Underwire for Workout Gym Yoga, Black+Grey+Green, S","1","amazon.ca","Amazon","Aurora","Ontario","L4G 1T","Combined TCS+MTC","27.99","3.64","0","0","0","0","0","0","0","0","-3.64","-4.76","-6.49","0","0","16.74"
"Nov 24, 2025 6:29:51 p.m. PST","25003691141","Order","701-3198570-1765038","MSCA-D70-2-3","ANGOOL Wireless Strapless Bra for Women Seamless Push Up Non-Slip Full Support Non Removable Padded Bandeau Bra, Black, M","1","amazon.ca","Amazon","St. John's","Newfoundland","A1A 0S","Combined TCS+MTC","22.49","3.37","0","0","0","0","0","0","0","0","-3.37","-3.82","-7.65","0","0","11.02"
"Nov 24, 2025 7:18:12 p.m. PST","25003691141","Order","701-4356768-5531439","MSCA-D70-7-5","ANGOOL Wireless Strapless Bra for Women Seamless Push Up Non-Slip Full Support Non Removable Padded Bandeau Bra, Brown, XL","1","amazon.ca","Amazon","Lindsay","Ontario","K9V 5X","Combined TCS+MTC","29.99","3.90","0","0","0","0","0","0","0","0","-3.90","-5.10","-7.65","0","0","17.24"
"Nov 24, 2025 8:19:14 p.m. PST","25003691141","Order","702-3839766-5179459","MSCA-D70-25-3","ANGOOL Wireless Strapless Bra for Women Seamless Push Up Non-Slip Full Support Non Removable Padded Bandeau Bra, Black+Beige, M","1","amazon.ca","Amazon","kirkland","Quebec","H9J 2L","Combined TCS+MTC","32.24","4.83","0","0","0","0","0","0","0","0","-4.83","-5.48","-7.84","0","0","18.92"
"Nov 24, 2025 8:28:43 p.m. PST","25003691141","Order","701-2488162-9597022","MSCA-D70-5-2","ANGOOL Wireless Strapless Bra for Women Seamless Push Up Non-Slip Full Support Non Removable Padded Bandeau Bra, Beige, S","1","amazon.ca","Amazon","Hamilton","Ontario","L8S4L","Combined TCS+MTC","22.49","2.92","0","0","0","0","0","0","0","0","-2.92","-3.82","-7.84","0","0","10.83"
"Nov 24, 2025 8:45:46 p.m. PST","25003691141","Order","702-4500430-1503460","MSCA-D70-2-2","ANGOOL Wireless Strapless Bra for Women Seamless Push Up Non-Slip Full Support Non Removable Padded Bandeau Bra, Black, S","1","amazon.ca","Amazon","Ajax","Ontario","L1T 3J","Combined TCS+MTC","22.49","2.92","0","0","0","0","0","0","0","0","-2.92","-3.82","-7.13","0","0","11.54"
"Nov 24, 2025 8:56:50 p.m. PST","25003691141","Fulfilment by Amazon customer return fee","702-2685273-3792234","X004L5YB51","FBA Customer Return Per Unit Fee (Clothing & Shoes)","","Amazon.ca","","","","","","0","0","0","0","0","0","0","0","0","0","0","0","-4.92","0","0","-4.92"
"Nov 24, 2025 9:36:53 p.m. PST","25003691141","Refund","701-8309270-2725835","MSCA-D70-7-3","ANGOOL Wireless Strapless Bra for Women Seamless Push Up Non-Slip Full Support Non Removable Padded Bandeau Bra, Brown, M","1","amazon.ca","Amazon","Red Deer County","Alberta","T4E 1J","Combined TCS+MTC","-25.49","-1.27","0","0","0","0","0","0","0","0","1.27","3.46","0","0","0","-22.03"
"Nov 24, 2025 10:15:25 p.m. PST","25003691141","Order","702-4677194-6693046","MSCA-D70-5-3","ANGOOL Wireless Strapless Bra for Women Seamless Push Up Non-Slip Full Support Non Removable Padded Bandeau Bra, Beige, M","1","amazon.ca","Amazon","Calgary","Alberta","T2Y 4R","Combined TCS+MTC","22.49","1.12","0","0","0","0","0","0","0","0","-1.12","-3.82","-7.13","0","0","11.54"
"Nov 24, 2025 11:33:17 p.m. PST","25003691141","Order","701-3460026-2205845","MSCA-D70-7-4","ANGOOL Wireless Strapless Bra for Women Seamless Push Up Non-Slip Full Support Non Removable Padded Bandeau Bra, Brown, L","1","amazon.ca","Amazon","Sainte-Cécile-de-Masham","Québec","J0X2W","Combined TCS+MTC","29.99","4.49","0","0","0","0","0","0","0","0","-4.49","-5.10","-7.65","0","0","17.24"
"Nov 24, 2025 11:36:59 p.m. PST","25003691141","Order","701-3296967-5447449","MSCA-D70-25-2","ANGOOL Wireless Strapless Bra for Women Seamless Push Up Non-Slip Full Support Non Removable Padded Bandeau Bra, Black+Beige, S","1","amazon.ca","Amazon","Saint-Jérome","Québec","J7Y 4L","Combined TCS+MTC","32.24","4.83","0","0","0","0","0","0","0","0","-4.83","-5.48","-7.84","0","0","18.92"
"Nov 25, 2025 12:31:51 a.m. PST","25003691141","Order","702-3839766-5179459","MSCA-D70-7-2","ANGOOL Wireless Strapless Bra for Women Seamless Push Up Non-Slip Full Support Non Removable Padded Bandeau Bra, Brown, S","1","amazon.ca","Amazon","kirkland","Quebec","H9J 2L","Combined TCS+MTC","22.49","3.37","0","0","0","0","0","0","0","0","-3.37","-3.82","-7.13","0","0","11.54"
"Nov 25, 2025 12:54:52 a.m. PST","25003691141","Fulfilment by Amazon customer return fee","702-9359159-3513802","X004L612A7","FBA Customer Return Per Unit Fee (Clothing & Shoes)","","Amazon.ca","","","","","","0","0","0","0","0","0","0","0","0","0","0","0","-5.49","0","0","-5.49"
"Nov 25, 2025 2:02:17 a.m. PST","25003691141","Order","702-0979086-7285801","MSCA-D70-25-3","ANGOOL Wireless Strapless Bra for Women Seamless Push Up Non-Slip Full Support Non Removable Padded Bandeau Bra, Black+Beige, M","1","amazon.ca","Amazon","Deep River","Ontario","K0J 1P","Combined TCS+MTC","34.39","4.47","0","0","0","0","0","0","0","0","-4.47","-5.85","-7.84","0","0","20.70"
"Nov 25, 2025 2:27:57 a.m. PST","25003691141","Order","702-9514631-0996229","MSCA-D70-2-6","ANGOOL Wireless Strapless Bra for Women Seamless Push Up Non-Slip Full Support Non Removable Padded Bandeau Bra, Black, XXL","1","amazon.ca","Amazon","Langley","British Columbia","V2Y 0B","Combined TCS+MTC","22.49","2.70","0","0","0","0","0","0","0","0","-2.70","-3.82","-7.63","0","0","11.04"
"Nov 25, 2025 2:32:33 a.m. PST","25003691141","Fulfilment by Amazon customer return fee","701-5506067-5571419","X004L612A7","FBA Customer Return Per Unit Fee (Clothing & Shoes)","","Amazon.ca","","","","","","0","0","0","0","0","0","0","0","0","0","0","0","-5.44","0","0","-5.44"
"Nov 25, 2025 3:10:57 a.m. PST","25003691141","Order","701-8732926-9261013","MSCA-D70-5-3","ANGOOL Wireless Strapless Bra for Women Seamless Push Up Non-Slip Full Support Non Removable Padded Bandeau Bra, Beige, M","1","amazon.ca","Amazon","Calgary","Alberta","T3A1T","Combined TCS+MTC","22.19","1.11","0","0","0","0","0","0","0","0","-1.11","-3.77","-7.13","0","0","11.29"
"Nov 25, 2025 4:54:38 a.m. PST","25003691141","Adjustment","","MSCA-D70-5-3","FBA Inventory Reimbursement - General Adjustment","1","","","","","","","0","0","0","0","0","0","0","0","0","0","0","0","0","0","-5.04","-5.04"
"Nov 25, 2025 5:15:31 a.m. PST","25003691141","Fulfilment by Amazon customer return fee","701-9105728-2537805","X004L5KTDT","FBA Customer Return Per Unit Fee (Clothing & Shoes)","","Amazon.ca","","","","","","0","0","0","0","0","0","0","0","0","0","0","0","-5.15","0","0","-5.15"
"Nov 25, 2025 5:33:45 a.m. PST","25003691141","Refund","701-5506067-5571419","MSCA-D70-25-4","ANGOOL Wireless Strapless Bra for Women Seamless Push Up Non-Slip Full Support Non Removable Padded Bandeau Bra, Black+Beige, L","1","amazon.ca","Amazon","Vernon","British Columbia","V1T 8W","Combined TCS+MTC","-36.54","-4.38","0","0","0","0","0","0","0","0","4.38","4.97","0","0","0","-31.57"
"Nov 25, 2025 5:53:29 a.m. PST","25003691141","Order","702-8271120-3529027","MSCA-D70-25-3","ANGOOL Wireless Strapless Bra for Women Seamless Push Up Non-Slip Full Support Non Removable Padded Bandeau Bra, Black+Beige, M","1","amazon.ca","Amazon","Lévis","Quebec","G6W 7H","Combined TCS+MTC","32.24","4.83","0","0","0","0","0","0","0","0","-4.83","-5.48","-7.84","0","0","18.92"
"Nov 25, 2025 6:22:38 a.m. PST","25003691141","Order","702-0437730-7725827","MSCA-D70-7-2","ANGOOL Wireless Strapless Bra for Women Seamless Push Up Non-Slip Full Support Non Removable Padded Bandeau Bra, Brown, S","1","amazon.ca","Amazon","Burnaby","British Columbia","V5C 2Y","Combined TCS+MTC","22.49","2.70","0","0","0","0","0","0","0","0","-2.70","-3.82","-7.63","0","0","11.04"
"Nov 25, 2025 8:31:12 a.m. PST","25003691141","Order","701-5985266-7908230","MSCA-D70-7-3","ANGOOL Wireless Strapless Bra for Women Seamless Push Up Non-Slip Full Support Non Removable Padded Bandeau Bra, Brown, M","1","amazon.ca","Amazon","Bedford","Ns","B4A4L","Combined TCS+MTC","22.49","3.15","0","0","0","0","0","0","0","0","-3.15","-3.82","-7.84","0","0","10.83"
"Nov 25, 2025 8:48:38 a.m. PST","25003691141","Refund","701-9105728-2537805","MSCA-D70-5-2","ANGOOL Wireless Strapless Bra for Women Seamless Push Up Non-Slip Full Support Non Removable Padded Bandeau Bra, Beige, S","1","amazon.ca","Amazon","Oshawa","Ontario","L1K 0G","Combined TCS+MTC","-22.49","-2.92","0","0","0","0","0","0","0","0","2.92","3.06","0","0","0","-19.43"
"Nov 25, 2025 10:28:47 a.m. PST","25003691141","Fulfilment by Amazon customer return fee","702-0023800-4134619","X004L5ZNMB","FBA Customer Return Per Unit Fee (Clothing & Shoes)","","Amazon.ca","","","","","","0","0","0","0","0","0","0","0","0","0","0","0","-5.03","0","0","-5.03"
"Nov 25, 2025 11:29:34 a.m. PST","25003691141","Order","701-9835845-5404203","MSCA-D70-25-5","ANGOOL Wireless Strapless Bra for Women Seamless Push Up Non-Slip Full Support Non Removable Padded Bandeau Bra, Black+Beige, XL","1","amazon.ca","Amazon","St Stephen","New Brunswick","E3L 2B","Combined TCS+MTC","32.24","4.84","0","0","0","0","0","0","0","0","-4.84","-5.48","-8.17","0","0","18.59"
"Nov 25, 2025 12:05:43 p.m. PST","25003691141","Order","701-4998604-5897814","MSCA-D70-2-5","ANGOOL Wireless Strapless Bra for Women Seamless Push Up Non-Slip Full Support Non Removable Padded Bandeau Bra, Black, XL","1","amazon.ca","Amazon","North York","Ontario","M2J 0B","Combined TCS+MTC","22.49","2.92","0","0","0","0","0","0","0","0","-2.92","-3.82","-7.65","0","0","11.02"
"Nov 25, 2025 12:39:53 p.m. PST","25003691141","Refund","701-0123928-9831426","MSCA-D70-2-3","ANGOOL Wireless Strapless Bra for Women Seamless Push Up Non-Slip Full Support Non Removable Padded Bandeau Bra, Black, M","1","amazon.ca","Amazon","Montréal","Quebec","H3E0E","Combined TCS+MTC","-23.99","-3.59","-3.92","0","0","0","0","0","3.92","0","3.59","3.26","0","0","0","-20.73"
"Nov 25, 2025 12:49:10 p.m. PST","25003691141","Refund","702-5309534-8143435","MSCA-D70-5-3","ANGOOL Wireless Strapless Bra for Women Seamless Push Up Non-Slip Full Support Non Removable Padded Bandeau Bra, Beige, M","1","amazon.ca","Amazon","Boisbriand","Quebec","J7H 1A","Combined TCS+MTC","-23.99","-3.59","0","0","0","0","0","0","0","0","3.59","3.26","0","0","0","-20.73"
"Nov 25, 2025 12:49:17 p.m. PST","25003691141","Order","702-2184341-9539453","MSCA-D70-2-2","ANGOOL Wireless Strapless Bra for Women Seamless Push Up Non-Slip Full Support Non Removable Padded Bandeau Bra, Black, S","1","amazon.ca","Amazon","Windsor","Ontario","N9G 2J","Combined TCS+MTC","22.49","2.92","0","0","0","0","0","0","0","0","-2.92","-3.82","-7.13","0","0","11.54"
"Nov 25, 2025 1:01:08 p.m. PST","25003691141","Fulfilment by Amazon customer return fee","701-6947858-1143440","X004L5KTDT","FBA Customer Return Per Unit Fee (Clothing & Shoes)","","Amazon.ca","","","","","","0","0","0","0","0","0","0","0","0","0","0","0","-5.15","0","0","-5.15"
"Nov 25, 2025 1:01:25 p.m. PST","25003691141","Order","702-5378998-3229832","MSCA-D70-25-3","ANGOOL Wireless Strapless Bra for Women Seamless Push Up Non-Slip Full Support Non Removable Padded Bandeau Bra, Black+Beige, M","1","amazon.ca","Amazon","Orleans","Ontario","K4A 5L","Combined TCS+MTC","32.24","4.19","0","0","0","0","0","0","0","0","-4.19","-5.48","-7.84","0","0","18.92"
"Nov 25, 2025 1:33:52 p.m. PST","25003691141","FBA Inventory Fee","702-9359159-3513802","","Fulfilment by Amazon removal order: disposal fee","","Amazon.ca","","","","","","0","0","0","0","0","0","0","0","0","0","0","0","0","0","-0.82","-0.82"
"Nov 25, 2025 1:41:49 p.m. PST","25003691141","Order","701-9028751-2321815","MSCA-D70-7-4","ANGOOL Wireless Strapless Bra for Women Seamless Push Up Non-Slip Full Support Non Removable Padded Bandeau Bra, Brown, L","1","amazon.ca","Amazon","Fisherville","Ontario","N0A 1G","Combined TCS+MTC","22.19","2.88","0","0","0","0","0","0","0","0","-2.88","-3.77","-7.65","0","0","10.77"
"Nov 25, 2025 1:50:58 p.m. PST","25003691141","Fulfilment by Amazon customer return fee","702-2224581-9537006","X004L5UE9N","FBA Customer Return Per Unit Fee (Clothing & Shoes)","","Amazon.ca","","","","","","0","0","0","0","0","0","0","0","0","0","0","0","-5.15","0","0","-5.15"
"Nov 25, 2025 2:48:42 p.m. PST","25003691141","Order","702-5823237-5464227","MSCA-D70-25-4","ANGOOL Wireless Strapless Bra for Women Seamless Push Up Non-Slip Full Support Non Removable Padded Bandeau Bra, Black+Beige, L","1","amazon.ca","Amazon","Calgary","Alberta","T3L 0K","Combined TCS+MTC","32.24","1.61","0","0","0","0","0","0","0","0","-1.61","-5.48","-9.35","0","0","17.41"
"Nov 25, 2025 3:37:35 p.m. PST","25003691141","Refund","702-8110600-7321858","MSCA-D70-2-3","ANGOOL Wireless Strapless Bra for Women Seamless Push Up Non-Slip Full Support Non Removable Padded Bandeau Bra, Black, M","1","amazon.ca","Amazon","Granby","Quebec","J2H 2T","Combined TCS+MTC","-23.99","-3.59","0","0","0","0","0","0","0","0","3.59","3.26","0","0","0","-20.73"
"Nov 25, 2025 4:37:56 p.m. PST","25003691141","Refund","702-0070713-8285864","MSCA-D70-6-5","ANGOOL Wireless Strapless Bra for Women Seamless Push Up Non-Slip Full Support Non Removable Padded Bandeau Bra, White, XL","1","amazon.ca","Amazon","Toronto","Ontario","M3J 1Y","Combined TCS+MTC","-23.99","-3.12","-2.52","0","0","0","0","0","2.52","0","3.12","3.26","0","0","0","-20.73"
"Nov 25, 2025 4:37:56 p.m. PST","25003691141","Refund","702-0070713-8285864","MSCA-D70-6-4","ANGOOL Wireless Strapless Bra for Women Seamless Push Up Non-Slip Full Support Non Removable Padded Bandeau Bra, White, L","1","amazon.ca","Amazon","Toronto","Ontario","M3J 1Y","Combined TCS+MTC","-23.99","-3.12","-2.51","0","0","0","0","0","2.51","0","3.12","3.26","0","0","0","-20.73"
"Nov 25, 2025 6:57:17 p.m. PST","25003691141","Order","702-7200539-0930661","MSCA-D70-5-4","ANGOOL Wireless Strapless Bra for Women Seamless Push Up Non-Slip Full Support Non Removable Padded Bandeau Bra, Beige, L","1","amazon.ca","Amazon","Ridgeway","Ontario","L0S 1N","Combined TCS+MTC","22.19","2.88","0","0","0","0","0","0","0","0","-2.88","-3.77","-7.65","0","0","10.77"
"Nov 25, 2025 7:17:51 p.m. PST","25003691141","Order","701-9114563-9720260","MSCA-D70-5-3","ANGOOL Wireless Strapless Bra for Women Seamless Push Up Non-Slip Full Support Non Removable Padded Bandeau Bra, Beige, M","1","amazon.ca","Amazon","Laval","Quebec","H7E 1K","Combined TCS+MTC","22.19","3.32","0","0","0","0","0","0","0","0","-3.32","-3.77","-7.13","0","0","11.29"
"Nov 25, 2025 8:40:30 p.m. PST","25003691141","Order","701-8968362-1696220","MSCA-D76-206-3","ANGOOL Sports Bras for Women Seamless Backless Criss Cross Strappy Sports Bra Without Underwire for Workout Gym Yoga, Black+Grey+White, M","1","amazon.ca","Amazon","Charlemagne","Quebec","J5Z 1Z","Combined TCS+MTC","27.99","4.19","0","0","0","0","0","0","0","0","-4.19","-4.76","-6.49","0","0","16.74"
"Nov 25, 2025 8:52:08 p.m. PST","25003691141","Order","702-6976173-5205849","MSCA-D70-2-2","ANGOOL Wireless Strapless Bra for Women Seamless Push Up Non-Slip Full Support Non Removable Padded Bandeau Bra, Black, S","1","amazon.ca","Amazon","Montreal","Quebec","H3J 0C","Combined TCS+MTC","22.49","3.37","0","0","0","0","0","0","0","0","-3.37","-3.82","-7.13","0","0","11.54"
"Nov 25, 2025 10:00:03 p.m. PST","25003691141","Order","702-8773248-5978611","MSCA-D70-25-6","ANGOOL Wireless Strapless Bra for Women Seamless Push Up Non-Slip Full Support Non Removable Padded Bandeau Bra, Black+Beige, XXL","1","amazon.ca","Amazon","Perth","Ontario","K7H 2E","Combined TCS+MTC","31.81","4.14","0","0","0","0","0","0","0","0","-4.14","-5.41","-7.13","0","0","19.27"
"Nov 25, 2025 10:35:17 p.m. PST","25003691141","Order","701-1001556-2828204","MSCA-D70-25-3","ANGOOL Wireless Strapless Bra for Women Seamless Push Up Non-Slip Full Support Non Removable Padded Bandeau Bra, Black+Beige, M","1","amazon.ca","Amazon","Whitby","Ontario","L1M 1C","Combined TCS+MTC","31.81","4.14","2.33","0","0","0","0","0","-2.33","0","-4.14","-5.41","-7.84","0","0","18.56"
"Nov 25, 2025 10:56:07 p.m. PST","25003691141","Order","701-5094810-4289068","MSCA-D70-2-3","ANGOOL Wireless Strapless Bra for Women Seamless Push Up Non-Slip Full Support Non Removable Padded Bandeau Bra, Black, M","1","amazon.ca","Amazon","Etobicoke","Ontario","M9V 3T","Combined TCS+MTC","22.19","2.88","1.74","0","0","0","0","0","-1.74","0","-2.88","-3.77","-7.65","0","0","10.77"
"Nov 25, 2025 11:13:54 p.m. PST","25003691141","Order","702-8216752-3417839","MSCA-D70-5-5","ANGOOL Wireless Strapless Bra for Women Seamless Push Up Non-Slip Full Support Non Removable Padded Bandeau Bra, Beige, XL","1","amazon.ca","Amazon","Omemee","Ontario","K0L 2W","Combined TCS+MTC","22.19","2.88","0","0","0","0","0","0","0","0","-2.88","-3.77","-7.65","0","0","10.77"
"Nov 25, 2025 11:55:39 p.m. PST","25003691141","Order","701-7927499-5900215","MSCA-D70-6-2","ANGOOL Wireless Strapless Bra for Women Seamless Push Up Non-Slip Full Support Non Removable Padded Bandeau Bra, White, S","1","amazon.ca","Amazon","Toronto","Ontario","M6P 4B","Combined TCS+MTC","22.19","2.88","0","0","0","0","0","0","0","0","-2.88","-3.77","-6.74","0","0","11.68"
"Nov 26, 2025 12:26:53 a.m. PST","25003691141","Order","701-4483203-6238645","MSCA-D70-7-3","ANGOOL Wireless Strapless Bra for Women Seamless Push Up Non-Slip Full Support Non Removable Padded Bandeau Bra, Brown, M","1","amazon.ca","Amazon","Onoway","AB","T0E 1V","Combined TCS+MTC","22.19","1.11","0","0","0","0","0","0","0","0","-1.11","-3.77","-7.84","0","0","10.58"
"Nov 26, 2025 12:33:40 a.m. PST","25003691141","Order","702-8694028-3869843","MSCA-D70-2-5","ANGOOL Wireless Strapless Bra for Women Seamless Push Up Non-Slip Full Support Non Removable Padded Bandeau Bra, Black, XL","1","amazon.ca","Amazon","Fort Saskatchewan","Alberta","T8L 0S","Combined TCS+MTC","22.19","1.11","0","0","0","0","0","0","0","0","-1.11","-3.77","-7.65","0","0","10.77"
"Nov 26, 2025 12:36:13 a.m. PST","25003691141","Order","701-7187378-1882661","MSCA-D70-7-5","ANGOOL Wireless Strapless Bra for Women Seamless Push Up Non-Slip Full Support Non Removable Padded Bandeau Bra, Brown, XL","1","amazon.ca","Amazon","St Catharines","Ontario","L2R 2N","Combined TCS+MTC","22.19","2.88","0","0","0","0","0","0","0","0","-2.88","-3.77","-7.65","0","0","10.77"
"Nov 26, 2025 12:44:11 a.m. PST","25003691141","Order","702-7718773-2964250","MSCA-D70-25-5","ANGOOL Wireless Strapless Bra for Women Seamless Push Up Non-Slip Full Support Non Removable Padded Bandeau Bra, Black+Beige, XL","1","amazon.ca","Amazon","Calgary","AB","T2K 2J","Combined TCS+MTC","31.81","1.59","0","0","0","0","0","0","0","0","-1.59","-5.41","-8.17","0","0","18.23"
"Nov 26, 2025 12:56:34 a.m. PST","25003691141","Order","701-0981597-7001832","MSCA-D70-6-2","ANGOOL Wireless Strapless Bra for Women Seamless Push Up Non-Slip Full Support Non Removable Padded Bandeau Bra, White, S","1","amazon.ca","Amazon","Whitby","Ontario","L1M 0A","Combined TCS+MTC","22.19","2.88","0","0","0","0","0","0","0","0","-2.88","-3.77","-6.74","0","0","11.68"
"Nov 26, 2025 1:17:42 a.m. PST","25003691141","Order","702-0203536-1687444","MSCA-D70-25-4","ANGOOL Wireless Strapless Bra for Women Seamless Push Up Non-Slip Full Support Non Removable Padded Bandeau Bra, Black+Beige, L","1","amazon.ca","Amazon","Scarborough","Ontario","M1W 2A","Combined TCS+MTC","31.81","4.14","0","0","0","0","0","0","0","0","-4.14","-5.41","-8.74","0","0","17.66"
"Nov 26, 2025 1:24:41 a.m. PST","25003691141","Order","702-7500063-3401859","MSCA-D70-5-4","ANGOOL Wireless Strapless Bra for Women Seamless Push Up Non-Slip Full Support Non Removable Padded Bandeau Bra, Beige, L","1","amazon.ca","Amazon","Richmond Hill","Ontario","L4C 9C","Combined TCS+MTC","22.19","2.88","0","0","0","0","0","0","0","0","-2.88","-3.77","-7.65","0","0","10.77"
"Nov 26, 2025 1:51:45 a.m. PST","25003691141","Order","702-7326891-0195451","MSCA-D74-6-3","ANGOOL V Neck Seamless Bralette for Women Full Coverage Wireless Padded Bra No Underwire Non Removable Pads Push Up Bras, White, M","1","amazon.ca","Amazon","Kitchener","Ontario","N2N 1T","Combined TCS+MTC","19.49","2.53","0","0","0","0","0","0","0","0","-2.53","-1.95","-8.17","0","0","9.37"
"Nov 26, 2025 2:44:17 a.m. PST","25003691141","Order","702-4429642-8861023","MSCA-D77-2-4","ANGOOL Racerback Bras for Women Wire Free Sexy V Neck Lace Bralette Adjustable Strap Full Coverage Padded Bra, Black, L","1","amazon.ca","Amazon","Langley","British Columbia","V2Z 1L","Combined TCS+MTC","22.49","2.70","0","0","0","0","0","0","0","0","-2.70","-3.82","-7.13","0","0","11.54"
"Nov 26, 2025 3:10:43 a.m. PST","25003691141","Order","702-5384351-5937848","MSCA-D70-5-4","ANGOOL Wireless Strapless Bra for Women Seamless Push Up Non-Slip Full Support Non Removable Padded Bandeau Bra, Beige, L","1","amazon.ca","Amazon","Coquitlam","British Columbia","V3K 1X","Combined TCS+MTC","22.19","2.66","0","0","0","0","0","0","0","0","-2.66","-3.77","-8.19","0","0","10.23"
"Nov 26, 2025 6:57:53 a.m. PST","25003691141","Order","701-7920850-9801859","MSCA-D70-2-2","ANGOOL Wireless Strapless Bra for Women Seamless Push Up Non-Slip Full Support Non Removable Padded Bandeau Bra, Black, S","1","amazon.ca","Amazon","maple ridge","bc","V2X 8E","Combined TCS+MTC","22.49","2.70","0","0","0","0","0","0","0","0","-2.70","-3.82","-7.13","0","0","11.54"
"Nov 26, 2025 7:54:36 a.m. PST","25003691141","Refund","701-3198570-1765038","MSCA-D70-5-4","ANGOOL Wireless Strapless Bra for Women Seamless Push Up Non-Slip Full Support Non Removable Padded Bandeau Bra, Beige, L","1","amazon.ca","Amazon","St. John's","Newfoundland","A1A 0S","Combined TCS+MTC","-29.99","-4.50","0","0","0","0","0","0","0","0","4.50","4.08","0","0","0","-25.91"
"Nov 26, 2025 9:54:49 a.m. PST","25003691141","Refund","702-3487602-2281003","MSCA-D70-5-3","ANGOOL Wireless Strapless Bra for Women Seamless Push Up Non-Slip Full Support Non Removable Padded Bandeau Bra, Beige, M","1","amazon.ca","Amazon","Waterloo","Ontario","N2T 1R","Combined TCS+MTC","-22.49","-2.92","0","0","0","0","0","0","0","0","2.92","3.06","0","0","0","-19.43"
"Nov 26, 2025 10:17:52 a.m. PST","25003691141","Order","702-8620103-6102668","MSCA-D70-7-6","ANGOOL Wireless Strapless Bra for Women Seamless Push Up Non-Slip Full Support Non Removable Padded Bandeau Bra, Brown, XXL","1","amazon.ca","Amazon","Bolton","Ontario","L7E 2H","Combined TCS+MTC","22.19","2.88","6.99","0.91","0","0","0","0","0","0","-3.79","-3.77","-14.12","0","0","11.29"
"Nov 26, 2025 11:21:20 a.m. PST","25003691141","Order","701-2372138-4473038","MSCA-D70-5-4","ANGOOL Wireless Strapless Bra for Women Seamless Push Up Non-Slip Full Support Non Removable Padded Bandeau Bra, Beige, L","1","amazon.ca","Amazon","Burlington","Ontario","L7L 7B","Combined TCS+MTC","22.19","2.88","0","0","0","0","0","0","0","0","-2.88","-3.77","-7.65","0","0","10.77"
"Nov 26, 2025 12:38:21 p.m. PST","25003691141","Order","701-3039192-6425867","MSCA-D70-7-3","ANGOOL Wireless Strapless Bra for Women Seamless Push Up Non-Slip Full Support Non Removable Padded Bandeau Bra, Brown, M","1","amazon.ca","Amazon","Bradford","Ontario","L3Z 3E","Combined TCS+MTC","29.99","3.90","0","0","0","0","0","0","0","0","-3.90","-5.10","-7.84","0","0","17.05"
"Nov 26, 2025 12:38:22 p.m. PST","25003691141","Order","702-6035485-7782622","MSCA-D70-25-3","ANGOOL Wireless Strapless Bra for Women Seamless Push Up Non-Slip Full Support Non Removable Padded Bandeau Bra, Black+Beige, M","1","amazon.ca","Amazon","Oro Medonte","Ontario","L0L 1T","Combined TCS+MTC","31.81","4.14","0","0","0","0","0","0","0","0","-4.14","-5.41","-7.84","0","0","18.56"
"Nov 26, 2025 12:51:07 p.m. PST","25003691141","Order","701-1858052-9575406","MSCA-D70-2-2","ANGOOL Wireless Strapless Bra for Women Seamless Push Up Non-Slip Full Support Non Removable Padded Bandeau Bra, Black, S","1","amazon.ca","Amazon","Mississauga","Ontario","L5B 4B","Combined TCS+MTC","22.19","2.88","0","0","0","0","0","0","0","0","-2.88","-3.77","-7.13","0","0","11.29"
"Nov 26, 2025 1:04:52 p.m. PST","25003691141","Order","702-0101517-9898631","MSCA-D74-2-2","ANGOOL V Neck Seamless Bralette for Women Full Coverage Wireless Padded Bra No Underwire Non Removable Pads Push Up Bras, Black, S","1","amazon.ca","Amazon","Bawlf","Alberta","T0B 0J","Combined TCS+MTC","19.49","0.97","0","0","0","0","0","0","0","0","-0.97","-1.95","-8.17","0","0","9.37"
"Nov 26, 2025 3:01:49 p.m. PST","25003691141","Order","701-7157428-1214632","MSCA-D70-7-3","ANGOOL Wireless Strapless Bra for Women Seamless Push Up Non-Slip Full Support Non Removable Padded Bandeau Bra, Brown, M","1","amazon.ca","Amazon","Mississauga","Ontario","L5A 3H","Combined TCS+MTC","22.19","2.88","0","0","0","0","0","0","0","0","-2.88","-3.77","-7.84","0","0","10.58"
"Nov 26, 2025 3:47:58 p.m. PST","25003691141","Refund","702-5428368-3272233","MSCA-D70-5-3","ANGOOL Wireless Strapless Bra for Women Seamless Push Up Non-Slip Full Support Non Removable Padded Bandeau Bra, Beige, M","1","amazon.ca","Amazon","Montreal-Ouest","Quebec","H4X 2C","Combined TCS+MTC","-22.49","-3.37","0","0","0","0","0","0","0","0","3.37","3.06","0","0","0","-19.43"
"Nov 26, 2025 4:09:50 p.m. PST","25003691141","Order","702-6079098-7836252","MSCA-D70-25-4","ANGOOL Wireless Strapless Bra for Women Seamless Push Up Non-Slip Full Support Non Removable Padded Bandeau Bra, Black+Beige, L","1","amazon.ca","Amazon","Edmonton","AB","T5T 4N","Combined TCS+MTC","31.81","1.59","0","0","0","0","0","0","0","0","-1.59","-5.41","-8.74","0","0","17.66"
"Nov 26, 2025 4:17:16 p.m. PST","25003691141","Fulfilment by Amazon customer return fee","701-5944651-2073860","X004L5Z47F","FBA Customer Return Per Unit Fee (Clothing & Shoes)","","Amazon.ca","","","","","","0","0","0","0","0","0","0","0","0","0","0","0","-5.03","0","0","-5.03"
"Nov 26, 2025 5:14:30 p.m. PST","25003691141","Order","702-8917170-6474650","MSCA-D70-5-3","ANGOOL Wireless Strapless Bra for Women Seamless Push Up Non-Slip Full Support Non Removable Padded Bandeau Bra, Beige, M","1","amazon.ca","Amazon","Coquitlam","BC","V3E 0H","Combined TCS+MTC","29.99","3.60","3.93","0","0","0","0","0","-3.93","0","-3.60","-5.10","-7.13","0","0","17.76"
"Nov 26, 2025 5:14:30 p.m. PST","25003691141","Order","702-8917170-6474650","MSCA-D70-5-2","ANGOOL Wireless Strapless Bra for Women Seamless Push Up Non-Slip Full Support Non Removable Padded Bandeau Bra, Beige, S","1","amazon.ca","Amazon","Coquitlam","BC","V3E 0H","Combined TCS+MTC","29.99","3.60","3.92","0","0","0","0","0","-3.92","0","-3.60","-5.10","-7.84","0","0","17.05"
"Nov 26, 2025 5:20:02 p.m. PST","25003691141","Order","702-1396154-4656252","MSCA-D70-5-4","ANGOOL Wireless Strapless Bra for Women Seamless Push Up Non-Slip Full Support Non Removable Padded Bandeau Bra, Beige, L","1","amazon.ca","Amazon","Fort MCMurray","Alberta","T9H 3Y","Combined TCS+MTC","22.19","1.11","0","0","0","0","0","0","0","0","-1.11","-3.77","-7.65","0","0","10.77"
"Nov 26, 2025 6:25:26 p.m. PST","25003691141","Refund","702-8064293-7940256","MSCA-D70-25-4","ANGOOL Wireless Strapless Bra for Women Seamless Push Up Non-Slip Full Support Non Removable Padded Bandeau Bra, Black+Beige, L","1","amazon.ca","Amazon","Woodbridge","Ontario","L4H 0Y","Combined TCS+MTC","-34.39","-4.47","-1.75","0","0","0","0","0","1.75","0","4.47","4.68","0","0","0","-29.71"
"Nov 26, 2025 8:04:45 p.m. PST","25003691141","Order","701-7689244-6560263","MSCA-D70-2-2","ANGOOL Wireless Strapless Bra for Women Seamless Push Up Non-Slip Full Support Non Removable Padded Bandeau Bra, Black, S","1","amazon.ca","Amazon","Toronto","Ontario","M5V 0T","Combined TCS+MTC","29.99","3.90","0","0","0","0","0","0","0","0","-3.90","-5.10","-7.13","0","0","17.76"
"Nov 26, 2025 8:30:52 p.m. PST","25003691141","Order","702-2079418-6388262","MSCA-D70-5-2","ANGOOL Wireless Strapless Bra for Women Seamless Push Up Non-Slip Full Support Non Removable Padded Bandeau Bra, Beige, S","1","amazon.ca","Amazon","Brampton","Ontario","L6S 6J","Combined TCS+MTC","22.19","2.88","0","0","0","0","0","0","0","0","-2.88","-3.77","-7.84","0","0","10.58"
"Nov 26, 2025 8:51:51 p.m. PST","25003691141","Fulfilment by Amazon customer return fee","701-0482390-4036213","X004L5ZNMB","FBA Customer Return Per Unit Fee (Clothing & Shoes)","","Amazon.ca","","","","","","0","0","0","0","0","0","0","0","0","0","0","0","-5.03","0","0","-5.03"
"Nov 26, 2025 9:48:01 p.m. PST","25003691141","Order","702-6876580-1201810","MSCA-D70-2-3","ANGOOL Wireless Strapless Bra for Women Seamless Push Up Non-Slip Full Support Non Removable Padded Bandeau Bra, Black, M","1","amazon.ca","Amazon","Toronto","Ontario","M9R 3L","Combined TCS+MTC","22.19","2.88","0","0","0","0","0","0","0","0","-2.88","-3.77","-7.65","0","0","10.77"
"Nov 26, 2025 11:43:21 p.m. PST","25003691141","Order","701-9414145-5167466","MSCA-D70-7-5","ANGOOL Wireless Strapless Bra for Women Seamless Push Up Non-Slip Full Support Non Removable Padded Bandeau Bra, Brown, XL","1","amazon.ca","Amazon","Milton","Ontario","L9T 6C","Combined TCS+MTC","29.99","3.90","0","0","0","0","0","0","0","0","-3.90","-5.10","-7.65","0","0","17.24"
"Nov 27, 2025 12:47:05 a.m. PST","25003691141","Order","702-1264726-0184244","MSCA-D70-5-2","ANGOOL Wireless Strapless Bra for Women Seamless Push Up Non-Slip Full Support Non Removable Padded Bandeau Bra, Beige, S","1","amazon.ca","Amazon","Calgary","Alberta","T2W 1G","Combined TCS+MTC","22.19","1.11","0","0","0","0","0","0","0","0","-1.11","-3.77","-7.84","0","0","10.58"
"Nov 27, 2025 12:48:11 a.m. PST","25003691141","Order","702-6756510-9173808","MSCA-D70-5-2","ANGOOL Wireless Strapless Bra for Women Seamless Push Up Non-Slip Full Support Non Removable Padded Bandeau Bra, Beige, S","1","amazon.ca","Amazon","Calgary","Alberta","T2Y 4R","Combined TCS+MTC","22.19","1.11","0","0","0","0","0","0","0","0","-1.11","-3.77","-7.84","0","0","10.58"
"Nov 27, 2025 12:58:29 a.m. PST","25003691141","Order","702-9274126-2043414","MSCA-D70-5-3","ANGOOL Wireless Strapless Bra for Women Seamless Push Up Non-Slip Full Support Non Removable Padded Bandeau Bra, Beige, M","1","amazon.ca","Amazon","Gonor","Manitoba","R1C 0B","Combined TCS+MTC","22.19","2.66","0","0","0","0","0","0","0","0","-2.66","-3.77","-7.13","0","0","11.29"
"Nov 27, 2025 1:44:59 a.m. PST","25003691141","Order","702-5790128-1905855","MSCA-D70-7-2","ANGOOL Wireless Strapless Bra for Women Seamless Push Up Non-Slip Full Support Non Removable Padded Bandeau Bra, Brown, S","1","amazon.ca","Amazon","Ajax","Ontario","L1Z1S","Combined TCS+MTC","22.49","2.92","0","0","0","0","0","0","0","0","-2.92","-3.82","-7.13","0","0","11.54"
"Nov 27, 2025 2:33:12 a.m. PST","25003691141","Order","702-5823237-5464227","MSCA-D74-5-4","ANGOOL V Neck Seamless Bralette for Women Full Coverage Wireless Padded Bra No Underwire Non Removable Pads Push Up Bras, Beige, L","1","amazon.ca","Amazon","Calgary","Alberta","T3L 0K","Combined TCS+MTC","19.49","0.97","0","0","0","0","0","0","0","0","-0.97","-1.95","-8.17","0","0","9.37"
"Nov 27, 2025 4:48:20 a.m. PST","25003691141","Order","702-7546319-4277861","MSCA-D70-25-4","ANGOOL Wireless Strapless Bra for Women Seamless Push Up Non-Slip Full Support Non Removable Padded Bandeau Bra, Black+Beige, L","1","amazon.ca","Amazon","Clive","Alberta","T0C 0Y","Combined TCS+MTC","31.81","1.59","0","0","0","0","0","0","0","0","-1.59","-5.41","-8.74","0","0","17.66"
"Nov 27, 2025 6:28:06 a.m. PST","25003691141","Order","702-8853059-9241005","MSCA-D70-5-4","ANGOOL Wireless Strapless Bra for Women Seamless Push Up Non-Slip Full Support Non Removable Padded Bandeau Bra, Beige, L","1","amazon.ca","Amazon","Abbotsford","British Columbia","V2S 2T","Combined TCS+MTC","22.19","2.66","0","0","0","0","0","0","0","0","-2.66","-3.77","-7.65","0","0","10.77"
"Nov 27, 2025 8:21:17 a.m. PST","25003691141","Order","701-4498020-6915457","MSCA-D70-25-4","ANGOOL Wireless Strapless Bra for Women Seamless Push Up Non-Slip Full Support Non Removable Padded Bandeau Bra, Black+Beige, L","1","amazon.ca","Amazon","Saint-Denis-De-Brompton","Quebec","J0B 2P","Combined TCS+MTC","31.81","4.76","0","0","0","0","0","0","0","0","-4.76","-5.41","-8.74","0","0","17.66"
"Nov 27, 2025 10:56:59 a.m. PST","25003691141","Order","702-4862979-6671448","MSCA-D74-2-3","ANGOOL V Neck Seamless Bralette for Women Full Coverage Wireless Padded Bra No Underwire Non Removable Pads Push Up Bras, Black, M","1","amazon.ca","Amazon","St Mathieu de laprairie","Québec","J0L 2H","Combined TCS+MTC","19.49","2.92","0","0","0","0","0","0","0","0","-2.92","-1.95","-8.17","0","0","9.37"
"Nov 27, 2025 12:23:23 p.m. PST","25003691141","Fulfilment by Amazon customer return fee","701-8759994-3181059","X004L5KTDT","FBA Customer Return Per Unit Fee (Clothing & Shoes)","","Amazon.ca","","","","","","0","0","0","0","0","0","0","0","0","0","0","0","-5.15","0","0","-5.15"
"Nov 27, 2025 12:34:05 p.m. PST","25003691141","Order","701-9936185-1745032","MSCA-D70-7-3","ANGOOL Wireless Strapless Bra for Women Seamless Push Up Non-Slip Full Support Non Removable Padded Bandeau Bra, Brown, M","1","amazon.ca","Amazon","Mission","British Columbia","V4S 0A","Combined TCS+MTC","22.19","2.66","0","0","0","0","0","0","0","0","-2.66","-3.77","-7.84","0","0","10.58"
"Nov 27, 2025 1:11:50 p.m. PST","25003691141","Order","701-0817954-5454632","MSCA-D70-25-3","ANGOOL Wireless Strapless Bra for Women Seamless Push Up Non-Slip Full Support Non Removable Padded Bandeau Bra, Black+Beige, M","1","amazon.ca","Amazon","Delta","British Columbia","V4C 2Z","Combined TCS+MTC","31.81","3.82","0","0","0","0","0","0","0","0","-3.82","-5.41","-7.84","0","0","18.56"
"Nov 27, 2025 1:39:58 p.m. PST","25003691141","Fulfilment by Amazon customer return fee","701-9433862-5099434","X004L5VLD1","FBA Customer Return Per Unit Fee (Clothing & Shoes)","","Amazon.ca","","","","","","0","0","0","0","0","0","0","0","0","0","0","0","-5.03","0","0","-5.03"
"Nov 27, 2025 1:41:03 p.m. PST","25003691141","Fulfilment by Amazon customer return fee","702-0625366-1872237","X004L5YB51","FBA Customer Return Per Unit Fee (Clothing & Shoes)","","Amazon.ca","","","","","","0","0","0","0","0","0","0","0","0","0","0","0","-4.87","0","0","-4.87"
"Nov 27, 2025 2:12:34 p.m. PST","25003691141","Fulfilment by Amazon customer return fee","702-8390287-8681001","X004L4OHC9","FBA Customer Return Per Unit Fee (Clothing & Shoes)","","Amazon.ca","","","","","","0","0","0","0","0","0","0","0","0","0","0","0","-5.28","0","0","-5.28"
"Nov 27, 2025 2:59:30 p.m. PST","25003691141","Order","701-0605499-6181808","MSCA-D77-2-5","ANGOOL Racerback Bras for Women Wire Free Sexy V Neck Lace Bralette Adjustable Strap Full Coverage Padded Bra, Black, XL","1","amazon.ca","Amazon","Sarnia","Ontario","N7S 4J","Combined TCS+MTC","22.49","2.92","0","0","0","0","0","0","0","0","-2.92","-3.82","-7.13","0","0","11.54"
"Nov 27, 2025 3:22:30 p.m. PST","25003691141","Order","701-4747109-8561809","MSCA-D70-5-3","ANGOOL Wireless Strapless Bra for Women Seamless Push Up Non-Slip Full Support Non Removable Padded Bandeau Bra, Beige, M","1","amazon.ca","Amazon","Edmonton","Alberta","T6C 2J","Combined TCS+MTC","22.19","1.11","0","0","0","0","0","0","0","0","-1.11","-3.77","-7.13","0","0","11.29"
"Nov 27, 2025 4:10:19 p.m. PST","25003691141","Order","702-4032504-4802638","MSCA-D70-25-3","ANGOOL Wireless Strapless Bra for Women Seamless Push Up Non-Slip Full Support Non Removable Padded Bandeau Bra, Black+Beige, M","1","amazon.ca","Amazon","Calgary","Alberta","T3A 5G","Combined TCS+MTC","31.81","1.59","0","0","0","0","0","0","0","0","-1.59","-5.41","-7.84","0","0","18.56"
"Nov 27, 2025 4:58:01 p.m. PST","25003691141","Order","702-1874050-8589035","MSCA-D70-5-4","ANGOOL Wireless Strapless Bra for Women Seamless Push Up Non-Slip Full Support Non Removable Padded Bandeau Bra, Beige, L","1","amazon.ca","Amazon","Saskatoon","Saskatchewan","S7J 2W","Combined TCS+MTC","22.19","2.44","0","0","0","0","0","0","0","0","-2.44","-3.77","-7.65","0","0","10.77"
"Nov 27, 2025 5:08:56 p.m. PST","25003691141","Order","702-9552973-9705018","MSCA-D74-6-3","ANGOOL V Neck Seamless Bralette for Women Full Coverage Wireless Padded Bra No Underwire Non Removable Pads Push Up Bras, White, M","1","amazon.ca","Amazon","Brampton","Ontario","L6X 0T","Combined TCS+MTC","19.49","2.53","0","0","0","0","0","0","0","0","-2.53","-1.95","-8.17","0","0","9.37"
"Nov 27, 2025 5:36:51 p.m. PST","25003691141","Refund","701-6158628-5626656","MSCA-D70-6-2","ANGOOL Wireless Strapless Bra for Women Seamless Push Up Non-Slip Full Support Non Removable Padded Bandeau Bra, White, S","1","amazon.ca","Amazon","Toronto","Ontario","M1B 2M","Combined TCS+MTC","-22.49","-2.92","0","0","0","0","0","0","0","0","2.92","3.06","0","0","0","-19.43"
"Nov 27, 2025 5:46:33 p.m. PST","25003691141","Order","702-7114416-7178601","MSCA-D70-7-3","ANGOOL Wireless Strapless Bra for Women Seamless Push Up Non-Slip Full Support Non Removable Padded Bandeau Bra, Brown, M","1","amazon.ca","Amazon","Collingwood","Ontario","L9Y 5T","Combined TCS+MTC","22.19","2.88","0","0","0","0","0","0","0","0","-2.88","-3.77","-7.84","0","0","10.58"
"Nov 27, 2025 6:02:41 p.m. PST","25003691141","Order","702-2757313-0865047","MSCA-D70-25-3","ANGOOL Wireless Strapless Bra for Women Seamless Push Up Non-Slip Full Support Non Removable Padded Bandeau Bra, Black+Beige, M","1","amazon.ca","Amazon","North Vancouver","BC","V7M 1K","Combined TCS+MTC","31.81","3.82","0","0","0","0","0","0","0","0","-3.82","-5.41","-7.84","0","0","18.56"
"Nov 27, 2025 6:46:20 p.m. PST","25003691141","Order","702-2459342-2706619","MSCA-D70-25-6","ANGOOL Wireless Strapless Bra for Women Seamless Push Up Non-Slip Full Support Non Removable Padded Bandeau Bra, Black+Beige, XXL","1","amazon.ca","Amazon","Brampton","Ontario","L7A 3G","Combined TCS+MTC","31.81","4.14","0","0","0","0","0","0","0","0","-4.14","-5.41","-7.13","0","0","19.27"
"Nov 27, 2025 6:46:20 p.m. PST","25003691141","Order","702-2459342-2706619","MSCA-D70-6-6","ANGOOL Wireless Strapless Bra for Women Seamless Push Up Non-Slip Full Support Non Removable Padded Bandeau Bra, White, XXL","1","amazon.ca","Amazon","Brampton","Ontario","L7A 3G","Combined TCS+MTC","22.19","2.88","0","0","0","0","0","0","0","0","-2.88","-3.77","-7.13","0","0","11.29"
"Nov 27, 2025 6:46:20 p.m. PST","25003691141","Order","702-2459342-2706619","MSCA-D70-7-6","ANGOOL Wireless Strapless Bra for Women Seamless Push Up Non-Slip Full Support Non Removable Padded Bandeau Bra, Brown, XXL","1","amazon.ca","Amazon","Brampton","Ontario","L7A 3G","Combined TCS+MTC","22.19","2.88","0","0","0","0","0","0","0","0","-2.88","-3.77","-7.13","0","0","11.29"
"Nov 27, 2025 7:06:16 p.m. PST","25003691141","Refund","702-2184341-9539453","MSCA-D70-2-2","ANGOOL Wireless Strapless Bra for Women Seamless Push Up Non-Slip Full Support Non Removable Padded Bandeau Bra, Black, S","1","amazon.ca","Amazon","Windsor","Ontario","N9G 2J","Combined TCS+MTC","-22.49","-2.92","0","0","0","0","0","0","0","0","2.92","3.06","0","0","0","-19.43"
"Nov 27, 2025 7:44:38 p.m. PST","25003691141","Order","702-7823245-2641023","MSCA-D70-5-5","ANGOOL Wireless Strapless Bra for Women Seamless Push Up Non-Slip Full Support Non Removable Padded Bandeau Bra, Beige, XL","1","amazon.ca","Amazon","Amherstview","Ontario","K7N 1Z","Combined TCS+MTC","22.19","2.88","0","0","0","0","0","0","0","0","-2.88","-3.77","-7.65","0","0","10.77"
"Nov 27, 2025 7:57:03 p.m. PST","25003691141","Fulfilment by Amazon customer return fee","701-7361395-9405800","X004L5KTDT","FBA Customer Return Per Unit Fee (Clothing & Shoes)","","Amazon.ca","","","","","","0","0","0","0","0","0","0","0","0","0","0","0","-5.15","0","0","-5.15"
"Nov 27, 2025 8:36:42 p.m. PST","25003691141","Fulfilment by Amazon customer return fee","701-1461205-5112257","X004L5Z4DT","FBA Customer Return Per Unit Fee (Clothing & Shoes)","","Amazon.ca","","","","","","0","0","0","0","0","0","0","0","0","0","0","0","-4.57","0","0","-4.57"
"Nov 27, 2025 8:40:57 p.m. PST","25003691141","Fulfilment by Amazon customer return fee","701-1461205-5112257","X004L5VMH1","FBA Customer Return Per Unit Fee (Clothing & Shoes)","","Amazon.ca","","","","","","0","0","0","0","0","0","0","0","0","0","0","0","-4.57","0","0","-4.57"
"Nov 27, 2025 8:42:36 p.m. PST","25003691141","Order","701-3790815-8690646","MSCA-D70-2-5","ANGOOL Wireless Strapless Bra for Women Seamless Push Up Non-Slip Full Support Non Removable Padded Bandeau Bra, Black, XL","1","amazon.ca","Amazon","Etobicoke","Ontario","M9A 0A","Combined TCS+MTC","22.19","2.88","0","0","0","0","0","0","0","0","-2.88","-3.77","-7.65","0","0","10.77"
"Nov 27, 2025 9:06:59 p.m. PST","25003691141","Order","701-7947194-6557854","MSCA-D70-5-5","ANGOOL Wireless Strapless Bra for Women Seamless Push Up Non-Slip Full Support Non Removable Padded Bandeau Bra, Beige, XL","2","amazon.ca","Amazon","LaSalle","QUEBEC","H8N 2T","Combined TCS+MTC","44.38","6.64","0","0","0","0","0","0","0","0","-6.64","-7.54","-15.30","0","0","21.54"
"Nov 27, 2025 10:06:55 p.m. PST","25003691141","Order","701-3479186-2859408","MSCA-D70-7-2","ANGOOL Wireless Strapless Bra for Women Seamless Push Up Non-Slip Full Support Non Removable Padded Bandeau Bra, Brown, S","1","amazon.ca","Amazon","Etobicoke","ON","M9V 3A","Combined TCS+MTC","22.19","2.88","0","0","0","0","0","0","0","0","-2.88","-3.77","-7.13","0","0","11.29"
"Nov 27, 2025 10:09:14 p.m. PST","25003691141","Order","702-0642866-1449831","MSCA-D70-25-2","ANGOOL Wireless Strapless Bra for Women Seamless Push Up Non-Slip Full Support Non Removable Padded Bandeau Bra, Black+Beige, S","1","amazon.ca","Amazon","Toronto","Ontario","M9R 3L","Combined TCS+MTC","31.81","4.14","0","0","0","0","0","0","0","0","-4.14","-5.41","-7.84","0","0","18.56"
"Nov 27, 2025 11:00:33 p.m. PST","25003691141","Order","702-1128065-6106612","MSCA-D70-25-2","ANGOOL Wireless Strapless Bra for Women Seamless Push Up Non-Slip Full Support Non Removable Padded Bandeau Bra, Black+Beige, S","1","amazon.ca","Amazon","Thornhill","Ontario","L3T 7H","Combined TCS+MTC","31.81","4.14","3.50","0","0","0","0","0","-3.50","0","-4.14","-5.41","-7.84","0","0","18.56"
"Nov 27, 2025 11:00:33 p.m. PST","25003691141","Order","702-1128065-6106612","MSCA-D70-25-3","ANGOOL Wireless Strapless Bra for Women Seamless Push Up Non-Slip Full Support Non Removable Padded Bandeau Bra, Black+Beige, M","1","amazon.ca","Amazon","Thornhill","Ontario","L3T 7H","Combined TCS+MTC","31.81","4.14","3.49","0","0","0","0","0","-3.49","0","-4.14","-5.41","-7.84","0","0","18.56"
"Nov 27, 2025 11:46:48 p.m. PST","25003691141","Order","701-7255906-2250612","MSCA-D70-2-2","ANGOOL Wireless Strapless Bra for Women Seamless Push Up Non-Slip Full Support Non Removable Padded Bandeau Bra, Black, S","1","amazon.ca","Amazon","Montreal","Quebec","H3K 1S","Combined TCS+MTC","22.19","3.32","0","0","0","0","0","0","0","0","-3.32","-3.77","-7.13","0","0","11.29"
"Nov 28, 2025 12:11:28 a.m. PST","25003691141","Order","701-2725825-1985019","MSCA-D70-5-3","ANGOOL Wireless Strapless Bra for Women Seamless Push Up Non-Slip Full Support Non Removable Padded Bandeau Bra, Beige, M","1","amazon.ca","Amazon","Repentigny","QC","J5Y 3T","Combined TCS+MTC","22.19","3.32","0","0","0","0","0","0","0","0","-3.32","-3.77","-7.63","0","0","10.79"
"Nov 28, 2025 12:15:32 a.m. PST","25003691141","Order","702-0195216-3461843","MSCA-D70-7-2","ANGOOL Wireless Strapless Bra for Women Seamless Push Up Non-Slip Full Support Non Removable Padded Bandeau Bra, Brown, S","1","amazon.ca","Amazon","Toronto","Ontario","M9A 4X","Combined TCS+MTC","22.19","2.88","0","0","0","0","0","0","0","0","-2.88","-3.77","-7.13","0","0","11.29"
"Nov 28, 2025 12:38:19 a.m. PST","25003691141","Order","702-2612934-8998645","MSCA-D70-2-5","ANGOOL Wireless Strapless Bra for Women Seamless Push Up Non-Slip Full Support Non Removable Padded Bandeau Bra, Black, XL","1","amazon.ca","Amazon","Toronto","ON","M2R 2C","Combined TCS+MTC","22.19","2.88","0","0","0","0","0","0","0","0","-2.88","-3.77","-7.65","0","0","10.77"
"Nov 28, 2025 1:19:05 a.m. PST","25003691141","Order","702-1250571-5341027","MSCA-D70-2-2","ANGOOL Wireless Strapless Bra for Women Seamless Push Up Non-Slip Full Support Non Removable Padded Bandeau Bra, Black, S","1","amazon.ca","Amazon","Longueuil","Quebec","J4H 2Y","Combined TCS+MTC","22.19","3.32","0","0","0","0","0","0","0","0","-3.32","-3.77","-7.13","0","0","11.29"
"Nov 28, 2025 1:36:34 a.m. PST","25003691141","Order","701-2128697-5713851","MSCA-D70-7-4","ANGOOL Wireless Strapless Bra for Women Seamless Push Up Non-Slip Full Support Non Removable Padded Bandeau Bra, Brown, L","1","amazon.ca","Amazon","Oshawa","Ontario","L1H 8A","Combined TCS+MTC","22.19","2.88","0","0","0","0","0","0","0","0","-2.88","-3.77","-7.65","0","0","10.77"
"Nov 28, 2025 1:53:33 a.m. PST","25003691141","Order","702-4415440-4051456","MSCA-D70-2-3","ANGOOL Wireless Strapless Bra for Women Seamless Push Up Non-Slip Full Support Non Removable Padded Bandeau Bra, Black, M","1","amazon.ca","Amazon","Lincoln","Ontario","L3J 0W","Combined TCS+MTC","22.19","2.88","0","0","0","0","0","0","0","0","-2.88","-3.77","-7.65","0","0","10.77"
"Nov 28, 2025 2:03:08 a.m. PST","25003691141","Order","701-1104589-4553803","MSCA-D70-7-5","ANGOOL Wireless Strapless Bra for Women Seamless Push Up Non-Slip Full Support Non Removable Padded Bandeau Bra, Brown, XL","1","amazon.ca","Amazon","Tottenham","Ontario","L0G 1W","Combined TCS+MTC","22.19","2.88","0","0","0","0","0","0","0","0","-2.88","-3.77","-7.65","0","0","10.77"
"Nov 28, 2025 2:03:08 a.m. PST","25003691141","Order","701-1104589-4553803","MSCA-D70-7-6","ANGOOL Wireless Strapless Bra for Women Seamless Push Up Non-Slip Full Support Non Removable Padded Bandeau Bra, Brown, XXL","1","amazon.ca","Amazon","Tottenham","Ontario","L0G 1W","Combined TCS+MTC","22.19","2.88","0","0","0","0","0","0","0","0","-2.88","-3.77","-7.13","0","0","11.29"
"Nov 28, 2025 6:38:25 a.m. PST","25003691141","Order","701-3908000-5560246","MSCA-D74-2-2","ANGOOL V Neck Seamless Bralette for Women Full Coverage Wireless Padded Bra No Underwire Non Removable Pads Push Up Bras, Black, S","1","amazon.ca","Amazon","Burlington","Ontario","L7T 0C","Combined TCS+MTC","19.49","2.53","0","0","0","0","0","0","0","0","-2.53","-1.95","-8.17","0","0","9.37"
"Nov 28, 2025 7:21:14 a.m. PST","25003691141","Fulfilment by Amazon customer return fee","702-7420267-6317014","X004L5YB51","FBA Customer Return Per Unit Fee (Clothing & Shoes)","","Amazon.ca","","","","","","0","0","0","0","0","0","0","0","0","0","0","0","-4.92","0","0","-4.92"
"Nov 28, 2025 7:26:45 a.m. PST","25003691141","Order","701-7060340-5627406","MSCA-D70-25-4","ANGOOL Wireless Strapless Bra for Women Seamless Push Up Non-Slip Full Support Non Removable Padded Bandeau Bra, Black+Beige, L","1","amazon.ca","Amazon","Ripley","Ontario","N0G 2R","Combined TCS+MTC","31.81","4.14","0","0","0","0","0","0","0","0","-4.14","-5.41","-8.74","0","0","17.66"
"Nov 28, 2025 8:01:27 a.m. PST","25003691141","Order","702-8055705-0544215","MSCA-D77-7-5","ANGOOL Racerback Bras for Women Wire Free Sexy V Neck Lace Bralette Adjustable Strap Full Coverage Padded Bra, Brown, XL","1","amazon.ca","Amazon","MOSCHELLE","NS","B0S1A","Combined TCS+MTC","22.49","3.15","0","0","0","0","0","0","0","0","-3.15","-3.82","-7.13","0","0","11.54"
"Nov 28, 2025 8:19:37 a.m. PST","25003691141","Order","701-1997761-3615463","MSCA-D70-25-5","ANGOOL Wireless Strapless Bra for Women Seamless Push Up Non-Slip Full Support Non Removable Padded Bandeau Bra, Black+Beige, XL","1","amazon.ca","Amazon","Kirkland","Quebec","H9J 2L","Combined TCS+MTC","31.81","4.76","2.33","0","0","0","0","0","-2.33","0","-4.76","-5.41","-8.17","0","0","18.23"
"Nov 28, 2025 8:31:30 a.m. PST","25003691141","Fulfilment by Amazon customer return fee","702-7588537-6678638","X004L631E7","FBA Customer Return Per Unit Fee (Clothing & Shoes)","","Amazon.ca","","","","","","0","0","0","0","0","0","0","0","0","0","0","0","-5.03","0","0","-5.03"
"Nov 28, 2025 9:23:00 a.m. PST","25003691141","Order","702-3235064-8223458","MSCA-D70-5-4","ANGOOL Wireless Strapless Bra for Women Seamless Push Up Non-Slip Full Support Non Removable Padded Bandeau Bra, Beige, L","1","amazon.ca","Amazon","Maple","Ontario","L6A 4W","Combined TCS+MTC","22.19","2.88","0","0","0","0","0","0","0","0","-2.88","-3.77","-7.65","0","0","10.77"
"Nov 28, 2025 9:23:01 a.m. PST","25003691141","Order","701-0997297-6813052","MSCA-D70-25-2","ANGOOL Wireless Strapless Bra for Women Seamless Push Up Non-Slip Full Support Non Removable Padded Bandeau Bra, Black+Beige, S","1","amazon.ca","Amazon","Ottawa","Ontario","K1R 5P","Combined TCS+MTC","42.99","5.59","3.93","0","0","0","0","0","-3.93","0","-5.59","-7.31","-7.84","0","0","27.84"
"Nov 28, 2025 9:55:24 a.m. PST","25003691141","Fulfilment by Amazon customer return fee","702-9295840-0513851","X004L5YB51","FBA Customer Return Per Unit Fee (Clothing & Shoes)","","Amazon.ca","","","","","","0","0","0","0","0","0","0","0","0","0","0","0","-4.57","0","0","-4.57"
"Nov 28, 2025 12:28:33 p.m. PST","25003691141","Refund","702-7588537-6678638","MSCA-D70-7-4","ANGOOL Wireless Strapless Bra for Women Seamless Push Up Non-Slip Full Support Non Removable Padded Bandeau Bra, Brown, L","1","amazon.ca","Amazon","London","Ontario","N6K 1W","Combined TCS+MTC","-23.99","-3.12","0","0","0","0","0","0","0","0","3.12","3.26","0","0","0","-20.73"
"Nov 28, 2025 1:45:57 p.m. PST","25003691141","Order","701-1682384-0735468","MSCA-D70-7-4","ANGOOL Wireless Strapless Bra for Women Seamless Push Up Non-Slip Full Support Non Removable Padded Bandeau Bra, Brown, L","1","amazon.ca","Amazon","Surrey","British Columbia","V3X 2K","Combined TCS+MTC","22.19","2.66","0","0","0","0","0","0","0","0","-2.66","-3.77","-7.65","0","0","10.77"
"Nov 28, 2025 2:07:43 p.m. PST","25003691141","Order","702-6207351-6548201","MSCA-D74-5-2","ANGOOL V Neck Seamless Bralette for Women Full Coverage Wireless Padded Bra No Underwire Non Removable Pads Push Up Bras, Beige, S","1","amazon.ca","Amazon","Bradford","Ontario","L3Z 0B","Combined TCS+MTC","19.49","2.53","0","0","0","0","0","0","0","0","-2.53","-1.95","-8.17","0","0","9.37"
"Nov 28, 2025 2:15:19 p.m. PST","25003691141","Order","702-4111668-6649817","MSCA-D70-25-3","ANGOOL Wireless Strapless Bra for Women Seamless Push Up Non-Slip Full Support Non Removable Padded Bandeau Bra, Black+Beige, M","1","amazon.ca","Amazon","Toronto","Ontario","M1S 3K","Combined TCS+MTC","31.81","4.14","0","0","0","0","0","0","0","0","-4.14","-5.41","-7.84","0","0","18.56"
"Nov 28, 2025 2:49:21 p.m. PST","25003691141","Order","701-1183041-9531413","MSCA-D70-5-4","ANGOOL Wireless Strapless Bra for Women Seamless Push Up Non-Slip Full Support Non Removable Padded Bandeau Bra, Beige, L","1","amazon.ca","Amazon","Chatham","Ontario","N7M 2J","Combined TCS+MTC","22.19","2.88","0","0","0","0","0","0","0","0","-2.88","-3.77","-7.65","0","0","10.77"
"Nov 28, 2025 3:14:26 p.m. PST","25003691141","Order","702-6987829-5159439","MSCA-D70-5-4","ANGOOL Wireless Strapless Bra for Women Seamless Push Up Non-Slip Full Support Non Removable Padded Bandeau Bra, Beige, L","1","amazon.ca","Amazon","Saint-Bernard-De-Lacolle","Quebec","J0J 1V","Combined TCS+MTC","22.19","3.32","0","0","0","0","0","0","0","0","-3.32","-3.77","-7.65","0","0","10.77"
"Nov 28, 2025 4:01:23 p.m. PST","25003691141","Refund","702-9295840-0513851","MSCA-D70-5-3","ANGOOL Wireless Strapless Bra for Women Seamless Push Up Non-Slip Full Support Non Removable Padded Bandeau Bra, Beige, M","1","amazon.ca","Amazon","Beaumont","Alberta","T4X 1G","Combined TCS+MTC","-23.99","-1.20","-1.40","0","0","0","0","0","1.40","0","1.20","3.26","0","0","0","-20.73"
"Nov 28, 2025 5:05:50 p.m. PST","25003691141","Order","702-7617502-2120249","MSCA-D77-7-5","ANGOOL Racerback Bras for Women Wire Free Sexy V Neck Lace Bralette Adjustable Strap Full Coverage Padded Bra, Brown, XL","1","amazon.ca","Amazon","Kamloops","British Columbia","V2H 1M","Combined TCS+MTC","22.49","2.70","0","0","0","0","0","0","0","0","-2.70","-3.82","-7.13","0","0","11.54"
"Nov 28, 2025 7:34:27 p.m. PST","25003691141","Order","702-7633347-9265827","MSCA-D70-5-3","ANGOOL Wireless Strapless Bra for Women Seamless Push Up Non-Slip Full Support Non Removable Padded Bandeau Bra, Beige, M","1","amazon.ca","Amazon","Fort McMurray","Alberta","T9K 2K","Combined TCS+MTC","22.19","1.11","0","0","0","0","0","0","0","0","-1.11","-3.77","-7.13","0","0","11.29"
"Nov 28, 2025 8:02:40 p.m. PST","25003691141","Order","702-8558563-5747464","MSCA-D70-6-2","ANGOOL Wireless Strapless Bra for Women Seamless Push Up Non-Slip Full Support Non Removable Padded Bandeau Bra, White, S","1","amazon.ca","Amazon","Lower Woodstock","New Brunswick","E7M 4H","Combined TCS+MTC","22.19","3.33","0","0","0","0","0","0","0","0","-3.33","-3.77","-6.74","0","0","11.68"
"Nov 28, 2025 8:18:11 p.m. PST","25003691141","Order","701-5620152-8919459","MSCA-D70-2-3","ANGOOL Wireless Strapless Bra for Women Seamless Push Up Non-Slip Full Support Non Removable Padded Bandeau Bra, Black, M","1","amazon.ca","Amazon","Montréal","Quebec","H3E0E","Combined TCS+MTC","29.99","4.49","3.92","0","0","0","0","0","-3.92","0","-4.49","-5.10","-7.65","0","0","17.24"
"Nov 28, 2025 8:49:47 p.m. PST","25003691141","Order","701-7664044-5525059","MSCA-D70-2-3","ANGOOL Wireless Strapless Bra for Women Seamless Push Up Non-Slip Full Support Non Removable Padded Bandeau Bra, Black, M","1","amazon.ca","Amazon","St Thomas","ON","N5P 2K","Combined TCS+MTC","22.19","2.88","0","0","0","0","0","0","0","0","-2.88","-3.77","-7.65","0","0","10.77"
"Nov 28, 2025 8:59:12 p.m. PST","25003691141","Fulfilment by Amazon customer return fee","702-3747072-0445066","X004P4NNFR","FBA Customer Return Per Unit Fee (Clothing & Shoes)","","Amazon.ca","","","","","","0","0","0","0","0","0","0","0","0","0","0","0","-4.92","0","0","-4.92"
"Nov 28, 2025 10:11:07 p.m. PST","25003691141","Order","701-6169995-4741008","MSCA-D70-7-3","ANGOOL Wireless Strapless Bra for Women Seamless Push Up Non-Slip Full Support Non Removable Padded Bandeau Bra, Brown, M","1","amazon.ca","Amazon","Perth","Ontario","K7H 3C","Combined TCS+MTC","22.19","2.88","0","0","0","0","0","0","0","0","-2.88","-3.77","-7.84","0","0","10.58"
"Nov 28, 2025 10:25:41 p.m. PST","25003691141","Order","701-4722907-5865041","MSCA-D70-25-3","ANGOOL Wireless Strapless Bra for Women Seamless Push Up Non-Slip Full Support Non Removable Padded Bandeau Bra, Black+Beige, M","1","amazon.ca","Amazon","Belleville","Ontario","K8N 0G","Combined TCS+MTC","31.81","4.14","0","0","0","0","0","0","0","0","-4.14","-5.41","-7.84","0","0","18.56"
"Nov 28, 2025 10:25:41 p.m. PST","25003691141","Order","701-4722907-5865041","MSCA-D70-25-4","ANGOOL Wireless Strapless Bra for Women Seamless Push Up Non-Slip Full Support Non Removable Padded Bandeau Bra, Black+Beige, L","1","amazon.ca","Amazon","Belleville","Ontario","K8N 0G","Combined TCS+MTC","31.81","4.14","0","0","0","0","0","0","0","0","-4.14","-5.41","-8.74","0","0","17.66"
"Nov 28, 2025 10:38:19 p.m. PST","25003691141","Order","701-2546489-4382655","MSCA-D70-5-2","ANGOOL Wireless Strapless Bra for Women Seamless Push Up Non-Slip Full Support Non Removable Padded Bandeau Bra, Beige, S","1","amazon.ca","Amazon","Courtice","Ontario","L1E 3B","Combined TCS+MTC","22.19","2.88","0","0","0","0","0","0","0","0","-2.88","-3.77","-7.84","0","0","10.58"
"Nov 28, 2025 10:49:04 p.m. PST","25003691141","Fulfilment by Amazon customer return fee","702-7555202-5764257","X004L5UE9N","FBA Customer Return Per Unit Fee (Clothing & Shoes)","","Amazon.ca","","","","","","0","0","0","0","0","0","0","0","0","0","0","0","-5.15","0","0","-5.15"
"Nov 28, 2025 10:59:01 p.m. PST","25003691141","Order","702-8938488-6193064","MSCA-D70-7-5","ANGOOL Wireless Strapless Bra for Women Seamless Push Up Non-Slip Full Support Non Removable Padded Bandeau Bra, Brown, XL","1","amazon.ca","Amazon","Toronto","Ontario","M4E 3B","Combined TCS+MTC","22.19","2.88","0","0","0","0","0","0","0","0","-2.88","-3.77","-7.65","0","0","10.77"
"Nov 28, 2025 11:07:46 p.m. PST","25003691141","Order","702-7607323-9108265","MSCA-D70-7-4","ANGOOL Wireless Strapless Bra for Women Seamless Push Up Non-Slip Full Support Non Removable Padded Bandeau Bra, Brown, L","1","amazon.ca","Amazon","Boisbriand","Quebec","J7H 1J","Combined TCS+MTC","22.19","3.32","0","0","0","0","0","0","0","0","-3.32","-3.77","-7.65","0","0","10.77"
"Nov 29, 2025 1:34:43 a.m. PST","25003691141","Order","701-1627666-3892215","MSCA-D70-5-2","ANGOOL Wireless Strapless Bra for Women Seamless Push Up Non-Slip Full Support Non Removable Padded Bandeau Bra, Beige, S","1","amazon.ca","Amazon","cantley","QC","J8V 3E","Combined TCS+MTC","22.19","3.32","0","0","0","0","0","0","0","0","-3.32","-3.77","-7.84","0","0","10.58"
"Nov 29, 2025 1:58:57 a.m. PST","25003691141","Order","701-9907827-6839413","MSCA-D70-25-4","ANGOOL Wireless Strapless Bra for Women Seamless Push Up Non-Slip Full Support Non Removable Padded Bandeau Bra, Black+Beige, L","1","amazon.ca","Amazon","Surrey","BC","V4N5T","Combined TCS+MTC","31.81","3.82","0","0","0","0","0","0","0","0","-3.82","-5.41","-9.35","0","0","17.05"
"Nov 29, 2025 4:29:21 a.m. PST","25003691141","Order","701-8515365-4286611","MSCA-D70-25-4","ANGOOL Wireless Strapless Bra for Women Seamless Push Up Non-Slip Full Support Non Removable Padded Bandeau Bra, Black+Beige, L","1","amazon.ca","Amazon","Mississauga","Ontario","L4Z 2P","Combined TCS+MTC","31.81","4.14","0","0","0","0","0","0","0","0","-4.14","-5.41","-8.74","0","0","17.66"
"Nov 29, 2025 5:23:45 a.m. PST","25003691141","FBA Inventory Fee","702-7555202-5764257","","Fulfilment by Amazon removal order: disposal fee","","Amazon.ca","","","","","","0","0","0","0","0","0","0","0","0","0","0","0","0","0","-0.82","-0.82"
"Nov 29, 2025 8:23:09 a.m. PST","25003691141","Order","701-2777876-4614664","MSCA-D70-6-5","ANGOOL Wireless Strapless Bra for Women Seamless Push Up Non-Slip Full Support Non Removable Padded Bandeau Bra, White, XL","1","amazon.ca","Amazon","Langley","British Columbia","V1M 3Y","Combined TCS+MTC","22.19","2.66","0","0","0","0","0","0","0","0","-2.66","-3.77","-7.13","0","0","11.29"
"Nov 29, 2025 9:23:48 a.m. PST","25003691141","Fulfilment by Amazon customer return fee","701-7647086-8366628","X004L60XB1","FBA Customer Return Per Unit Fee (Clothing & Shoes)","","Amazon.ca","","","","","","0","0","0","0","0","0","0","0","0","0","0","0","-5.03","0","0","-5.03"
"Nov 29, 2025 10:18:52 a.m. PST","25003691141","Order","701-0120558-6335472","MSCA-D70-2-6","ANGOOL Wireless Strapless Bra for Women Seamless Push Up Non-Slip Full Support Non Removable Padded Bandeau Bra, Black, XXL","1","amazon.ca","Amazon","Keswick","Ontario","L4P 3E","Combined TCS+MTC","22.19","2.88","0","0","0","0","0","0","0","0","-2.88","-3.77","-7.13","0","0","11.29"
"Nov 29, 2025 10:58:59 a.m. PST","25003691141","Order","702-3000364-0738658","MSCA-D70-25-3","ANGOOL Wireless Strapless Bra for Women Seamless Push Up Non-Slip Full Support Non Removable Padded Bandeau Bra, Black+Beige, M","1","amazon.ca","Amazon","Burlington","Ontario","L7P 4C","Combined TCS+MTC","31.81","4.14","0","0","0","0","0","0","0","0","-4.14","-5.41","-7.84","0","0","18.56"
"Nov 29, 2025 10:58:59 a.m. PST","25003691141","Order","702-3000364-0738658","MSCA-D70-5-2","ANGOOL Wireless Strapless Bra for Women Seamless Push Up Non-Slip Full Support Non Removable Padded Bandeau Bra, Beige, S","1","amazon.ca","Amazon","Burlington","Ontario","L7P 4C","Combined TCS+MTC","22.19","2.88","0","0","0","0","0","0","0","0","-2.88","-3.77","-7.84","0","0","10.58"
"Nov 29, 2025 11:00:11 a.m. PST","25003691141","Order","701-9271105-0317809","MSCA-D74-7-5","ANGOOL V Neck Seamless Bralette for Women Full Coverage Wireless Padded Bra No Underwire Non Removable Pads Push Up Bras, Brown, XL","1","amazon.ca","Amazon","Surrey","BC","V3T 5T","Combined TCS+MTC","19.49","2.34","0","0","0","0","0","0","0","0","-2.34","-1.95","-8.17","0","0","9.37"
"Nov 29, 2025 11:01:39 a.m. PST","25003691141","Order","701-5735769-1778632","MSCA-D70-7-3","ANGOOL Wireless Strapless Bra for Women Seamless Push Up Non-Slip Full Support Non Removable Padded Bandeau Bra, Brown, M","1","amazon.ca","Amazon","Saint-Lazare","Quebec","J7T 2A","Combined TCS+MTC","22.19","3.32","0","0","0","0","0","0","0","0","-3.32","-3.77","-7.84","0","0","10.58"
"Nov 29, 2025 11:01:39 a.m. PST","25003691141","Order","701-5735769-1778632","MSCA-D70-7-2","ANGOOL Wireless Strapless Bra for Women Seamless Push Up Non-Slip Full Support Non Removable Padded Bandeau Bra, Brown, S","1","amazon.ca","Amazon","Saint-Lazare","Quebec","J7T 2A","Combined TCS+MTC","22.19","3.32","0","0","0","0","0","0","0","0","-3.32","-3.77","-7.13","0","0","11.29"
"Nov 29, 2025 11:16:21 a.m. PST","25003691141","Refund","702-3734985-1229065","MSCA-D70-6-3","ANGOOL Wireless Strapless Bra for Women Seamless Push Up Non-Slip Full Support Non Removable Padded Bandeau Bra, White, M","1","amazon.ca","Amazon","Owen Sound","Ontario","N4K 3L","Combined TCS+MTC","-22.49","-2.92","0","0","0","0","0","0","0","0","2.92","3.06","0","0","0","-19.43"
"Nov 29, 2025 11:40:34 a.m. PST","25003691141","Order","702-7609194-2620212","MSCA-D70-7-3","ANGOOL Wireless Strapless Bra for Women Seamless Push Up Non-Slip Full Support Non Removable Padded Bandeau Bra, Brown, M","1","amazon.ca","Amazon","Oakwood","Ontario","K0M 2M","Combined TCS+MTC","22.19","2.88","0","0","0","0","0","0","0","0","-2.88","-3.77","-7.84","0","0","10.58"
"Nov 29, 2025 12:29:54 p.m. PST","25003691141","Order","702-0788591-0972203","MSCA-D70-2-5","ANGOOL Wireless Strapless Bra for Women Seamless Push Up Non-Slip Full Support Non Removable Padded Bandeau Bra, Black, XL","1","amazon.ca","Amazon","Brampton","Ontario","L6X 4Z","Combined TCS+MTC","29.99","3.90","4.99","0.65","0","0","0","0","0","0","-4.55","-5.10","-12.64","0","0","17.24"
"Nov 29, 2025 12:37:27 p.m. PST","25003691141","Refund","702-3719553-8108218","MSCA-D70-5-3","ANGOOL Wireless Strapless Bra for Women Seamless Push Up Non-Slip Full Support Non Removable Padded Bandeau Bra, Beige, M","1","amazon.ca","Amazon","chicoutimi","quebec","G7H5A","Combined TCS+MTC","-23.99","-3.59","0","0","0","0","0","0","0","0","3.59","3.26","0","0","0","-20.73"
"Nov 29, 2025 12:42:46 p.m. PST","25003691141","Order","701-0088825-6241000","MSCA-D70-2-2","ANGOOL Wireless Strapless Bra for Women Seamless Push Up Non-Slip Full Support Non Removable Padded Bandeau Bra, Black, S","1","amazon.ca","Amazon","Toronto","Ontario","M5V 3Y","Combined TCS+MTC","22.19","2.88","0","0","0","0","0","0","0","0","-2.88","-3.77","-7.13","0","0","11.29"
"Nov 29, 2025 1:32:31 p.m. PST","25003691141","Order","701-6759146-5344217","MSCA-D70-2-3","ANGOOL Wireless Strapless Bra for Women Seamless Push Up Non-Slip Full Support Non Removable Padded Bandeau Bra, Black, M","1","amazon.ca","Amazon","Coquitlam","British Columbia","V3E 2J","Combined TCS+MTC","22.19","2.66","0","0","0","0","0","0","0","0","-2.66","-3.77","-7.65","0","0","10.77"
"Nov 29, 2025 1:39:44 p.m. PST","25003691141","Order","701-6643185-5485859","MSCA-D70-5-5","ANGOOL Wireless Strapless Bra for Women Seamless Push Up Non-Slip Full Support Non Removable Padded Bandeau Bra, Beige, XL","1","amazon.ca","Amazon","Red Deer","Alberta","T4R 0R","Combined TCS+MTC","22.19","1.11","0","0","0","0","0","0","0","0","-1.11","-3.77","-7.65","0","0","10.77"
"Nov 29, 2025 1:41:17 p.m. PST","25003691141","Order","702-8994994-5683402","MSCA-D76-208-3","ANGOOL Sports Bras for Women Seamless Backless Criss Cross Strappy Sports Bra Without Underwire for Workout Gym Yoga, Black+Grey+Green, M","1","amazon.ca","Amazon","Winnipeg","Manitoba","R2M 2K","Combined TCS+MTC","27.99","3.36","0","0","0","0","0","0","0","0","-3.36","-4.76","-6.49","0","0","16.74"
"Nov 29, 2025 1:48:17 p.m. PST","25003691141","Adjustment","","MSCA-D70-25-4","FBA Inventory Reimbursement - General Adjustment","1","","","","","","","0","0","0","0","0","0","0","0","0","0","0","0","0","0","-27.43","-27.43"
"Nov 29, 2025 2:14:38 p.m. PST","25003691141","Order","702-7744195-4292228","MSCA-D70-7-3","ANGOOL Wireless Strapless Bra for Women Seamless Push Up Non-Slip Full Support Non Removable Padded Bandeau Bra, Brown, M","1","amazon.ca","Amazon","Swift Current","Saskatchewan","S9H 4E","Combined TCS+MTC","22.19","2.44","0","0","0","0","0","0","0","0","-2.44","-3.77","-7.84","0","0","10.58"
"Nov 29, 2025 3:42:46 p.m. PST","25003691141","Fulfilment by Amazon customer return fee","702-8064293-7940256","X004L612A7","FBA Customer Return Per Unit Fee (Clothing & Shoes)","","Amazon.ca","","","","","","0","0","0","0","0","0","0","0","0","0","0","0","-5.49","0","0","-5.49"
"Nov 29, 2025 3:58:49 p.m. PST","25003691141","Refund","702-6876580-1201810","MSCA-D70-2-3","ANGOOL Wireless Strapless Bra for Women Seamless Push Up Non-Slip Full Support Non Removable Padded Bandeau Bra, Black, M","1","amazon.ca","Amazon","Toronto","Ontario","M9R 3L","Combined TCS+MTC","-22.19","-2.88","0","0","0","0","0","0","0","0","2.88","3.02","0","0","0","-19.17"
"Nov 29, 2025 4:36:15 p.m. PST","25003691141","Order","702-2499546-2557802","MSCA-D70-2-2","ANGOOL Wireless Strapless Bra for Women Seamless Push Up Non-Slip Full Support Non Removable Padded Bandeau Bra, Black, S","1","amazon.ca","Amazon","Ailsa Craig","Ontario","N0M 1A","Combined TCS+MTC","29.99","3.90","3.93","0","0","0","0","0","-3.93","0","-3.90","-5.10","-7.13","0","0","17.76"
"Nov 29, 2025 8:51:42 p.m. PST","25003691141","Order","702-3655627-8924212","MSCA-D70-25-4","ANGOOL Wireless Strapless Bra for Women Seamless Push Up Non-Slip Full Support Non Removable Padded Bandeau Bra, Black+Beige, L","1","amazon.ca","Amazon","Saint-Constant","Quebec","J5A 0C","Combined TCS+MTC","31.81","4.76","0","0","0","0","0","0","0","0","-4.76","-5.41","-8.74","0","0","17.66"
"Nov 29, 2025 9:11:37 p.m. PST","25003691141","Order","701-4001338-2617050","MSCA-D70-6-5","ANGOOL Wireless Strapless Bra for Women Seamless Push Up Non-Slip Full Support Non Removable Padded Bandeau Bra, White, XL","1","amazon.ca","Amazon","Bridgewater","Nova Scotia","B4V 3W","Combined TCS+MTC","22.19","3.11","0","0","0","0","0","0","0","0","-3.11","-3.77","-7.13","0","0","11.29"
"Nov 29, 2025 10:16:51 p.m. PST","25003691141","Order","701-9532146-8799409","MSCA-D70-2-3","ANGOOL Wireless Strapless Bra for Women Seamless Push Up Non-Slip Full Support Non Removable Padded Bandeau Bra, Black, M","1","amazon.ca","Amazon","Saint-Augustin-De-Desmaures","Quebec","G3A 2X","Combined TCS+MTC","22.19","3.32","0","0","0","0","0","0","0","0","-3.32","-3.77","-7.65","0","0","10.77"
"Nov 29, 2025 10:41:25 p.m. PST","25003691141","Order","702-6872957-6253817","MSCA-D70-5-3","ANGOOL Wireless Strapless Bra for Women Seamless Push Up Non-Slip Full Support Non Removable Padded Bandeau Bra, Beige, M","1","amazon.ca","Amazon","Limoges","Ontario","K0A 2M","Combined TCS+MTC","22.19","2.88","0","0","0","0","0","0","0","0","-2.88","-3.77","-7.63","0","0","10.79"
"Nov 29, 2025 11:55:02 p.m. PST","25003691141","Fulfilment by Amazon customer return fee","702-5162090-9072266","X004L631E7","FBA Customer Return Per Unit Fee (Clothing & Shoes)","","Amazon.ca","","","","","","0","0","0","0","0","0","0","0","0","0","0","0","-5.03","0","0","-5.03"
"Nov 30, 2025 12:17:22 a.m. PST","25003691141","Order","702-2892250-7501005","MSCA-D70-25-4","ANGOOL Wireless Strapless Bra for Women Seamless Push Up Non-Slip Full Support Non Removable Padded Bandeau Bra, Black+Beige, L","1","amazon.ca","Amazon","Burnaby","British Columbia","V5C 6T","Combined TCS+MTC","31.81","3.82","3.49","0","0","0","0","0","-3.49","0","-3.82","-5.41","-9.35","0","0","17.05"
"Nov 30, 2025 4:01:19 a.m. PST","25003691141","Order","702-5737397-8474640","MSCA-D70-5-2","ANGOOL Wireless Strapless Bra for Women Seamless Push Up Non-Slip Full Support Non Removable Padded Bandeau Bra, Beige, S","1","amazon.ca","Amazon","Vancouver","British Columbia","V6T 1K","Combined TCS+MTC","22.19","2.66","0","0","0","0","0","0","0","0","-2.66","-3.77","-7.84","0","0","10.58"
"Nov 30, 2025 10:50:13 a.m. PST","25003691141","Order","701-8091116-9765066","MSCA-D70-5-6","ANGOOL Wireless Strapless Bra for Women Seamless Push Up Non-Slip Full Support Non Removable Padded Bandeau Bra, Beige, XXL","1","amazon.ca","Amazon","Ottawa","Ontario","K2B 6B","Combined TCS+MTC","22.19","2.88","0","0","0","0","0","0","0","0","-2.88","-3.77","-7.65","0","0","10.77"
"Nov 30, 2025 11:26:09 a.m. PST","25003691141","Order","701-0874176-4861029","MSCA-D77-7-2","ANGOOL Racerback Bras for Women Wire Free Sexy V Neck Lace Bralette Adjustable Strap Full Coverage Padded Bra, Brown, S","1","amazon.ca","Amazon","Scarborough","Ontario","M1P 1E","Combined TCS+MTC","22.49","2.92","0","0","0","0","0","0","0","0","-2.92","-3.82","-7.13","0","0","11.54"
"Nov 30, 2025 11:32:40 a.m. PST","25003691141","Order","701-2597468-9825021","MSCA-D77-2-4","ANGOOL Racerback Bras for Women Wire Free Sexy V Neck Lace Bralette Adjustable Strap Full Coverage Padded Bra, Black, L","1","amazon.ca","Amazon","North York","Ontario","M2R 1V","Combined TCS+MTC","22.49","2.92","0","0","0","0","0","0","0","0","-2.92","-3.82","-7.13","0","0","11.54"
"Nov 30, 2025 11:33:34 a.m. PST","25003691141","Order","701-4247180-2904232","MSCA-D70-7-4","ANGOOL Wireless Strapless Bra for Women Seamless Push Up Non-Slip Full Support Non Removable Padded Bandeau Bra, Brown, L","1","amazon.ca","Amazon","Newmarket","Ontario","L3Y 8S","Combined TCS+MTC","22.19","2.88","0","0","0","0","0","0","0","0","-2.88","-3.77","-7.65","0","0","10.77"
"Nov 30, 2025 12:03:01 p.m. PST","25003691141","Order","701-0036163-1766628","MSCA-D70-2-3","ANGOOL Wireless Strapless Bra for Women Seamless Push Up Non-Slip Full Support Non Removable Padded Bandeau Bra, Black, M","1","amazon.ca","Amazon","Mississauga","ON","L5K1Z","Combined TCS+MTC","22.19","2.88","0","0","0","0","0","0","0","0","-2.88","-3.77","-7.65","0","0","10.77"
"Nov 30, 2025 12:05:08 p.m. PST","25003691141","Order","702-9716676-7329032","MSCA-D70-6-6","ANGOOL Wireless Strapless Bra for Women Seamless Push Up Non-Slip Full Support Non Removable Padded Bandeau Bra, White, XXL","1","amazon.ca","Amazon","Smeaton","Saskatchewan","S0J 2J","Combined TCS+MTC","29.99","3.30","7.48","0.82","0","0","0","0","0","0","-4.12","-5.10","-14.61","0","0","17.76"
"Nov 30, 2025 3:07:14 p.m. PST","25003691141","Order","701-0462088-9961858","MSCA-D70-7-2","ANGOOL Wireless Strapless Bra for Women Seamless Push Up Non-Slip Full Support Non Removable Padded Bandeau Bra, Brown, S","1","amazon.ca","Amazon","Toronto","Ontario","M6E 3K","Combined TCS+MTC","22.19","2.88","0","0","0","0","0","0","0","0","-2.88","-3.77","-7.13","0","0","11.29"
"Nov 30, 2025 3:16:25 p.m. PST","25003691141","Refund","702-5823237-5464227","MSCA-D70-25-4","ANGOOL Wireless Strapless Bra for Women Seamless Push Up Non-Slip Full Support Non Removable Padded Bandeau Bra, Black+Beige, L","1","amazon.ca","Amazon","Calgary","Alberta","T3L 0K","Combined TCS+MTC","-32.24","-1.61","0","0","0","0","0","0","0","0","1.61","4.38","0","0","0","-27.86"
"Nov 30, 2025 3:29:32 p.m. PST","25003691141","Refund","702-5823237-5464227","MSCA-D74-5-4","ANGOOL V Neck Seamless Bralette for Women Full Coverage Wireless Padded Bra No Underwire Non Removable Pads Push Up Bras, Beige, L","1","amazon.ca","Amazon","Calgary","Alberta","T3L 0K","Combined TCS+MTC","-19.49","-0.97","0","0","0","0","0","0","0","0","0.97","1.56","0","0","0","-17.93"
"Nov 30, 2025 4:07:06 p.m. PST","25003691141","Fulfilment by Amazon customer return fee","702-8360325-3117853","X004L5KTDT","FBA Customer Return Per Unit Fee (Clothing & Shoes)","","Amazon.ca","","","","","","0","0","0","0","0","0","0","0","0","0","0","0","-5.15","0","0","-5.15"
"Nov 30, 2025 5:03:49 p.m. PST","25003691141","Order","701-3027775-7120251","MSCA-D70-5-2","ANGOOL Wireless Strapless Bra for Women Seamless Push Up Non-Slip Full Support Non Removable Padded Bandeau Bra, Beige, S","1","amazon.ca","Amazon","Scarborough","Ontario","M1C 1C","Combined TCS+MTC","22.19","2.88","0","0","0","0","0","0","0","0","-2.88","-3.77","-7.84","0","0","10.58"
"Nov 30, 2025 5:45:50 p.m. PST","25003691141","Fulfilment by Amazon customer return fee","702-8110600-7321858","X004L5VLD1","FBA Customer Return Per Unit Fee (Clothing & Shoes)","","Amazon.ca","","","","","","0","0","0","0","0","0","0","0","0","0","0","0","-5.03","0","0","-5.03"
"Nov 30, 2025 6:57:05 p.m. PST","25003691141","Order","702-3431315-5485052","MSCA-D70-6-4","ANGOOL Wireless Strapless Bra for Women Seamless Push Up Non-Slip Full Support Non Removable Padded Bandeau Bra, White, L","1","amazon.ca","Amazon","Windsor","Ontario","N9G 1P","Combined TCS+MTC","22.19","2.88","0","0","0","0","0","0","0","0","-2.88","-3.77","-7.13","0","0","11.29"
"Nov 30, 2025 7:07:29 p.m. PST","25003691141","Order","702-5160725-3137856","MSCA-D77-6-4","ANGOOL Racerback Bras for Women Wire Free Sexy V Neck Lace Bralette Adjustable Strap Full Coverage Padded Bra, White, L","1","amazon.ca","Amazon","Thornhill","Ontario","L4J 5S","Combined TCS+MTC","22.49","2.92","0","0","0","0","0","0","0","0","-2.92","-3.82","-7.13","0","0","11.54"
"Nov 30, 2025 7:10:17 p.m. PST","25003691141","Order","702-6912892-5915412","MSCA-D77-2-4","ANGOOL Racerback Bras for Women Wire Free Sexy V Neck Lace Bralette Adjustable Strap Full Coverage Padded Bra, Black, L","1","amazon.ca","Amazon","St. Albert","Alberta","T8N 6P","Combined TCS+MTC","22.49","1.12","0","0","0","0","0","0","0","0","-1.12","-3.82","-7.13","0","0","11.54"
"Nov 30, 2025 7:26:11 p.m. PST","25003691141","Fulfilment by Amazon customer return fee","701-3463587-1136227","X004L5YB51","FBA Customer Return Per Unit Fee (Clothing & Shoes)","","Amazon.ca","","","","","","0","0","0","0","0","0","0","0","0","0","0","0","-4.92","0","0","-4.92"
"Nov 30, 2025 7:33:29 p.m. PST","25003691141","Order","701-2193564-7421046","MSCA-D70-2-5","ANGOOL Wireless Strapless Bra for Women Seamless Push Up Non-Slip Full Support Non Removable Padded Bandeau Bra, Black, XL","1","amazon.ca","Amazon","Saint-Hubert","Quebec","J3Y 4B","Combined TCS+MTC","22.19","3.32","0","0","0","0","0","0","0","0","-3.32","-3.77","-7.65","0","0","10.77"
"Nov 30, 2025 10:06:37 p.m. PST","25003691141","Order","701-8487948-9729857","MSCA-D70-5-5","ANGOOL Wireless Strapless Bra for Women Seamless Push Up Non-Slip Full Support Non Removable Padded Bandeau Bra, Beige, XL","1","amazon.ca","Amazon","Toronto","ON","M3M2A","Combined TCS+MTC","22.19","2.88","0","0","0","0","0","0","0","0","-2.88","-3.77","-7.65","0","0","10.77"
"Dec 1, 2025 1:04:22 a.m. PST","25003691141","Order","701-6671134-3127441","MSCA-D70-2-3","ANGOOL Wireless Strapless Bra for Women Seamless Push Up Non-Slip Full Support Non Removable Padded Bandeau Bra, Black, M","1","amazon.ca","Amazon","Toronto","Ontario","M4M 3B","Combined TCS+MTC","22.19","2.88","0","0","0","0","0","0","0","0","-2.88","-3.77","-7.65","0","0","10.77"
"Dec 1, 2025 1:44:35 a.m. PST","25003691141","Order","701-5995410-6277823","MSCA-D70-25-4","ANGOOL Wireless Strapless Bra for Women Seamless Push Up Non-Slip Full Support Non Removable Padded Bandeau Bra, Black+Beige, L","1","amazon.ca","Amazon","Brampton","Ontario","L6P 1G","Combined TCS+MTC","31.81","4.14","0","0","0","0","0","0","0","0","-4.14","-5.41","-8.74","0","0","17.66"
"Dec 1, 2025 2:06:31 a.m. PST","25003691141","Order","702-5868935-5041001","MSCA-D70-25-3","ANGOOL Wireless Strapless Bra for Women Seamless Push Up Non-Slip Full Support Non Removable Padded Bandeau Bra, Black+Beige, M","1","amazon.ca","Amazon","Sherwood Park","Alberta","T8A 1R","Combined TCS+MTC","31.81","1.59","0","0","0","0","0","0","0","0","-1.59","-5.41","-7.84","0","0","18.56"
"Dec 1, 2025 2:20:29 a.m. PST","25003691141","Order","701-8749181-9652268","MSCA-D70-6-3","ANGOOL Wireless Strapless Bra for Women Seamless Push Up Non-Slip Full Support Non Removable Padded Bandeau Bra, White, M","1","amazon.ca","Amazon","Calgary","Alberta","T2T 5N","Combined TCS+MTC","22.19","1.11","2.33","0","0","0","0","0","-2.33","0","-1.11","-3.77","-7.13","0","0","11.29"
"Dec 1, 2025 2:39:30 a.m. PST","25003691141","Service Fee","","","Subscription","","Amazon.ca","","","","","","0","0","0","0","0","0","0","0","0","0","0","0","0","0","-12.69","-12.69"
"Dec 1, 2025 5:21:08 a.m. PST","25003691141","Fulfilment by Amazon customer return fee","702-3487602-2281003","X004L5YB51","FBA Customer Return Per Unit Fee (Clothing & Shoes)","","Amazon.ca","","","","","","0","0","0","0","0","0","0","0","0","0","0","0","-4.92","0","0","-4.92"
"Dec 1, 2025 6:21:54 a.m. PST","25003691141","Order","702-2432604-7611423","MSCA-D70-2-6","ANGOOL Wireless Strapless Bra for Women Seamless Push Up Non-Slip Full Support Non Removable Padded Bandeau Bra, Black, XXL","1","amazon.ca","Amazon","North Bay","Ontario","P1A 2H","Combined TCS+MTC","22.19","2.88","0","0","0","0","0","0","0","0","-2.88","-3.77","-7.13","0","0","11.29"
"Dec 1, 2025 6:51:01 a.m. PST","25003691141","Order","701-2197610-6814657","MSCA-D70-7-5","ANGOOL Wireless Strapless Bra for Women Seamless Push Up Non-Slip Full Support Non Removable Padded Bandeau Bra, Brown, XL","2","amazon.ca","Amazon","Moncton","New Brunswick","E1G 0M","Combined TCS+MTC","44.38","6.66","0","0","0","0","0","0","0","0","-6.66","-7.54","-15.30","0","0","21.54"
"Dec 1, 2025 7:03:16 a.m. PST","25003691141","Order","701-8050953-0012253","MSCA-D70-2-2","ANGOOL Wireless Strapless Bra for Women Seamless Push Up Non-Slip Full Support Non Removable Padded Bandeau Bra, Black, S","1","amazon.ca","Amazon","Madoc","Ontario","K0K 2K","Combined TCS+MTC","22.19","2.88","0","0","0","0","0","0","0","0","-2.88","-3.77","-7.13","0","0","11.29"
"Dec 1, 2025 8:39:46 a.m. PST","25003691141","FBA Inventory Fee","702-5162090-9072266","","Fulfilment by Amazon removal order: disposal fee","","Amazon.ca","","","","","","0","0","0","0","0","0","0","0","0","0","0","0","0","0","-0.36","-0.36"
"Dec 1, 2025 8:40:29 a.m. PST","25003691141","FBA Inventory Fee","702-7588537-6678638","","Fulfilment by Amazon removal order: disposal fee","","Amazon.ca","","","","","","0","0","0","0","0","0","0","0","0","0","0","0","0","0","-0.36","-0.36"
"Dec 1, 2025 8:56:08 a.m. PST","25003691141","Order","701-3166962-4897056","MSCA-D77-6-4","ANGOOL Racerback Bras for Women Wire Free Sexy V Neck Lace Bralette Adjustable Strap Full Coverage Padded Bra, White, L","1","amazon.ca","Amazon","Burlington","Ontario","L7M 3Z","Combined TCS+MTC","22.49","2.92","0","0","0","0","0","0","0","0","-2.92","-3.82","-7.13","0","0","11.54"
"Dec 1, 2025 9:11:02 a.m. PST","25003691141","Order","701-2050651-8817812","MSCA-D70-5-4","ANGOOL Wireless Strapless Bra for Women Seamless Push Up Non-Slip Full Support Non Removable Padded Bandeau Bra, Beige, L","1","amazon.ca","Amazon","Oak Bluff","Manitoba","R4G 0B","Combined TCS+MTC","22.19","2.66","0","0","0","0","0","0","0","0","-2.66","-3.77","-7.65","0","0","10.77"
"Dec 1, 2025 9:30:54 a.m. PST","25003691141","Order","702-1770551-1997064","MSCA-D70-5-2","ANGOOL Wireless Strapless Bra for Women Seamless Push Up Non-Slip Full Support Non Removable Padded Bandeau Bra, Beige, S","1","amazon.ca","Amazon","Schreiber","Ontario","P0T 2S","Combined TCS+MTC","22.19","2.88","0","0","0","0","0","0","0","0","-2.88","-3.77","-7.84","0","0","10.58"
"Dec 1, 2025 10:10:24 a.m. PST","25003691141","Fulfilment by Amazon customer return fee","702-5428368-3272233","X004L5YB51","FBA Customer Return Per Unit Fee (Clothing & Shoes)","","Amazon.ca","","","","","","0","0","0","0","0","0","0","0","0","0","0","0","-4.92","0","0","-4.92"
"Dec 1, 2025 10:10:36 a.m. PST","25003691141","Refund","702-8952224-5333810","MSCA-D70-7-3","ANGOOL Wireless Strapless Bra for Women Seamless Push Up Non-Slip Full Support Non Removable Padded Bandeau Bra, Brown, M","1","amazon.ca","Amazon","Toronto","Ontario","M5V 0P","Combined TCS+MTC","-25.49","-3.31","0","0","0","0","0","0","0","0","3.31","3.46","0","0","0","-22.03"
"Dec 1, 2025 10:11:48 a.m. PST","25003691141","Order","702-7439410-9017827","MSCA-D70-5-4","ANGOOL Wireless Strapless Bra for Women Seamless Push Up Non-Slip Full Support Non Removable Padded Bandeau Bra, Beige, L","1","amazon.ca","Amazon","Cookstown","Ontario","L0L 1L","Combined TCS+MTC","22.19","2.88","0","0","0","0","0","0","0","0","-2.88","-3.77","-7.65","0","0","10.77"
"Dec 1, 2025 10:52:59 a.m. PST","25003691141","Order","701-8726188-2382607","MSCA-D70-2-5","ANGOOL Wireless Strapless Bra for Women Seamless Push Up Non-Slip Full Support Non Removable Padded Bandeau Bra, Black, XL","1","amazon.ca","Amazon","North York","Ontario","M6L 1B","Combined TCS+MTC","22.19","2.88","0","0","0","0","0","0","0","0","-2.88","-3.77","-7.65","0","0","10.77"
"Dec 1, 2025 10:55:18 a.m. PST","25003691141","Order","701-6742041-1515433","MSCA-D70-25-2","ANGOOL Wireless Strapless Bra for Women Seamless Push Up Non-Slip Full Support Non Removable Padded Bandeau Bra, Black+Beige, S","1","amazon.ca","Amazon","Edmonton","Alberta","T6G 2J","Combined TCS+MTC","42.99","2.15","2.52","0","0","0","0","0","-2.52","0","-2.15","-7.31","-7.84","0","0","27.84"
"Dec 1, 2025 12:10:42 p.m. PST","25003691141","Order","701-5623570-6052265","MSCA-D70-5-5","ANGOOL Wireless Strapless Bra for Women Seamless Push Up Non-Slip Full Support Non Removable Padded Bandeau Bra, Beige, XL","1","amazon.ca","Amazon","St. Agatha","Ontario","N0B2L","Combined TCS+MTC","22.19","2.88","0","0","0","0","0","0","0","0","-2.88","-3.77","-7.65","0","0","10.77"
"Dec 1, 2025 12:11:34 p.m. PST","25003691141","Order","701-3895538-2214613","MSCA-D70-5-4","ANGOOL Wireless Strapless Bra for Women Seamless Push Up Non-Slip Full Support Non Removable Padded Bandeau Bra, Beige, L","1","amazon.ca","Amazon","St. Agatha","Ontario","N0B2L","Combined TCS+MTC","22.19","2.88","0","0","0","0","0","0","0","0","-2.88","-3.77","-7.65","0","0","10.77"
"Dec 1, 2025 12:11:43 p.m. PST","25003691141","Order","701-8350583-5157021","MSCA-D70-6-2","ANGOOL Wireless Strapless Bra for Women Seamless Push Up Non-Slip Full Support Non Removable Padded Bandeau Bra, White, S","1","amazon.ca","Amazon","Tweed","Ontario","K0K 3J","Combined TCS+MTC","22.19","2.88","0","0","0","0","0","0","0","0","-2.88","-3.77","-6.74","0","0","11.68"
"Dec 1, 2025 12:16:04 p.m. PST","25003691141","Fulfilment by Amazon customer return fee","701-8937713-4111425","X004L5KTDT","FBA Customer Return Per Unit Fee (Clothing & Shoes)","","Amazon.ca","","","","","","0","0","0","0","0","0","0","0","0","0","0","0","-5.15","0","0","-5.15"
"Dec 1, 2025 12:28:52 p.m. PST","25003691141","Refund","702-1930843-0241864","MSCA-D70-2-2","ANGOOL Wireless Strapless Bra for Women Seamless Push Up Non-Slip Full Support Non Removable Padded Bandeau Bra, Black, S","1","amazon.ca","Amazon","Burlington","Ontario","L7M 4K","Combined TCS+MTC","-25.49","-3.31","0","0","0","0","0","0","0","0","3.31","3.46","0","0","0","-22.03"
"Dec 1, 2025 12:29:20 p.m. PST","25003691141","Refund","702-6576724-8288217","MSCA-D70-5-3","ANGOOL Wireless Strapless Bra for Women Seamless Push Up Non-Slip Full Support Non Removable Padded Bandeau Bra, Beige, M","1","amazon.ca","Amazon","Mississauga","Ontario","L5H 4L","Combined TCS+MTC","-23.99","-3.12","0","0","0","0","0","0","0","0","3.12","3.26","0","0","0","-20.73"
"Dec 1, 2025 12:33:56 p.m. PST","25003691141","Order","701-5670984-0048240","MSCA-D70-25-5","ANGOOL Wireless Strapless Bra for Women Seamless Push Up Non-Slip Full Support Non Removable Padded Bandeau Bra, Black+Beige, XL","1","amazon.ca","Amazon","Langley","British Columbia","V2Y 3M","Combined TCS+MTC","31.81","3.82","0","0","0","0","0","0","0","0","-3.82","-5.41","-8.74","0","0","17.66"
"Dec 1, 2025 1:22:46 p.m. PST","25003691141","Order","701-1564345-6449050","MSCA-D70-7-2","ANGOOL Wireless Strapless Bra for Women Seamless Push Up Non-Slip Full Support Non Removable Padded Bandeau Bra, Brown, S","1","amazon.ca","Amazon","Oakville","Ontario","L6J 2C","Combined TCS+MTC","22.19","2.88","0","0","0","0","0","0","0","0","-2.88","-3.77","-7.13","0","0","11.29"
"Dec 1, 2025 1:30:07 p.m. PST","25003691141","Refund","701-4722907-5865041","MSCA-D70-25-3","ANGOOL Wireless Strapless Bra for Women Seamless Push Up Non-Slip Full Support Non Removable Padded Bandeau Bra, Black+Beige, M","1","amazon.ca","Amazon","Belleville","Ontario","K8N 0G","Combined TCS+MTC","-31.81","-4.14","0","0","0","0","0","0","0","0","4.14","4.33","0","0","0","-27.48"
"Dec 1, 2025 1:53:40 p.m. PST","25003691141","Order","701-0109618-3431473","MSCA-D70-2-3","ANGOOL Wireless Strapless Bra for Women Seamless Push Up Non-Slip Full Support Non Removable Padded Bandeau Bra, Black, M","1","amazon.ca","Amazon","Richmond Hill","Ontario","L4E 0T","Combined TCS+MTC","22.19","2.88","0","0","0","0","0","0","0","0","-2.88","-3.77","-7.65","0","0","10.77"
"Dec 1, 2025 2:23:39 p.m. PST","25003691141","Order","701-9228041-8909054","MSCA-D70-25-6","ANGOOL Wireless Strapless Bra for Women Seamless Push Up Non-Slip Full Support Non Removable Padded Bandeau Bra, Black+Beige, XXL","1","amazon.ca","Amazon","London","Ontario","N6K 3N","Combined TCS+MTC","31.81","4.14","0","0","0","0","0","0","0","0","-4.14","-5.41","-7.13","0","0","19.27"
"Dec 1, 2025 2:45:30 p.m. PST","25003691141","Order","702-0935673-5961069","MSCA-D74-6-4","ANGOOL V Neck Seamless Bralette for Women Full Coverage Wireless Padded Bra No Underwire Non Removable Pads Push Up Bras, White, L","1","amazon.ca","Amazon","Guelph","Ontario","N1E 7K","Combined TCS+MTC","19.49","2.53","0","0","0","0","0","0","0","0","-2.53","-1.95","-8.17","0","0","9.37"
"Dec 1, 2025 2:45:50 p.m. PST","25003691141","Order","702-3420642-7533022","MSCA-D70-25-4","ANGOOL Wireless Strapless Bra for Women Seamless Push Up Non-Slip Full Support Non Removable Padded Bandeau Bra, Black+Beige, L","1","amazon.ca","Amazon","Hillsdale","Ontario","L0L 1V","Combined TCS+MTC","31.81","4.14","0","0","0","0","0","0","0","0","-4.14","-5.41","-8.74","0","0","17.66"
"Dec 1, 2025 2:46:38 p.m. PST","25003691141","Order","701-9530998-6846626","MSCA-D74-2-3","ANGOOL V Neck Seamless Bralette for Women Full Coverage Wireless Padded Bra No Underwire Non Removable Pads Push Up Bras, Black, M","1","amazon.ca","Amazon","Brampton","Ontario","L7A 2V","Combined TCS+MTC","19.49","2.53","0","0","0","0","0","0","0","0","-2.53","-1.95","-8.17","0","0","9.37"
"Dec 1, 2025 2:48:15 p.m. PST","25003691141","Order","702-4868232-0685018","MSCA-D70-5-3","ANGOOL Wireless Strapless Bra for Women Seamless Push Up Non-Slip Full Support Non Removable Padded Bandeau Bra, Beige, M","1","amazon.ca","Amazon","Brampton","Ontario","L6P 1Y","Combined TCS+MTC","22.19","2.88","0","0","0","0","0","0","0","0","-2.88","-3.77","-7.13","0","0","11.29"
"Dec 1, 2025 3:04:18 p.m. PST","25003691141","Order","701-8541014-0442606","MSCA-D77-6-4","ANGOOL Racerback Bras for Women Wire Free Sexy V Neck Lace Bralette Adjustable Strap Full Coverage Padded Bra, White, L","1","amazon.ca","Amazon","Etobicoke","Ontario","M8W 4E","Combined TCS+MTC","22.49","2.92","0","0","0","0","0","0","0","0","-2.92","-3.82","-7.13","0","0","11.54"
"Dec 1, 2025 3:43:09 p.m. PST","25003691141","Order","701-7637911-9229022","MSCA-D70-6-6","ANGOOL Wireless Strapless Bra for Women Seamless Push Up Non-Slip Full Support Non Removable Padded Bandeau Bra, White, XXL","1","amazon.ca","Amazon","Amherstburg","Ontario","N9V 0B","Combined TCS+MTC","22.19","2.88","0","0","0","0","0","0","0","0","-2.88","-3.77","-7.13","0","0","11.29"
"Dec 1, 2025 3:56:10 p.m. PST","25003691141","Order","702-0663491-8725845","MSCA-D70-5-5","ANGOOL Wireless Strapless Bra for Women Seamless Push Up Non-Slip Full Support Non Removable Padded Bandeau Bra, Beige, XL","1","amazon.ca","Amazon","Lacombe","Alberta","T4L 1L","Combined TCS+MTC","22.19","1.11","0","0","0","0","0","0","0","0","-1.11","-3.77","-7.65","0","0","10.77"
"Dec 1, 2025 4:43:25 p.m. PST","25003691141","Refund","701-1997761-3615463","MSCA-D70-25-5","ANGOOL Wireless Strapless Bra for Women Seamless Push Up Non-Slip Full Support Non Removable Padded Bandeau Bra, Black+Beige, XL","1","amazon.ca","Amazon","Kirkland","Quebec","H9J 2L","Combined TCS+MTC","-31.81","-4.76","-2.33","0","0","0","0","0","2.33","0","4.76","4.33","0","0","0","-27.48"
"Dec 1, 2025 5:18:34 p.m. PST","25003691141","Order","701-0874851-3824235","MSCA-D74-2-4","ANGOOL V Neck Seamless Bralette for Women Full Coverage Wireless Padded Bra No Underwire Non Removable Pads Push Up Bras, Black, L","1","amazon.ca","Amazon","Chatham","Ontario","N7L 4M","Combined TCS+MTC","19.49","2.53","0","0","0","0","0","0","0","0","-2.53","-1.95","-8.17","0","0","9.37"
"Dec 1, 2025 5:44:31 p.m. PST","25003691141","Order","701-9618423-0781820","MSCA-D70-25-4","ANGOOL Wireless Strapless Bra for Women Seamless Push Up Non-Slip Full Support Non Removable Padded Bandeau Bra, Black+Beige, L","1","amazon.ca","Amazon","Etobicoke","Ontario","M8Y 3G","Combined TCS+MTC","31.81","4.14","6.99","0","0","0","0","0","-6.99","0","-4.14","-5.41","-8.74","0","0","17.66"
"Dec 1, 2025 6:15:16 p.m. PST","25003691141","Refund","701-7664044-5525059","MSCA-D70-2-3","ANGOOL Wireless Strapless Bra for Women Seamless Push Up Non-Slip Full Support Non Removable Padded Bandeau Bra, Black, M","1","amazon.ca","Amazon","St Thomas","ON","N5P 2K","Combined TCS+MTC","-22.19","-2.88","0","0","0","0","0","0","0","0","2.88","3.02","0","0","0","-19.17"
"Dec 1, 2025 6:28:50 p.m. PST","25003691141","Order","702-0226677-1333066","MSCA-D70-25-3","ANGOOL Wireless Strapless Bra for Women Seamless Push Up Non-Slip Full Support Non Removable Padded Bandeau Bra, Black+Beige, M","1","amazon.ca","Amazon","Les Cedres","Quebec","J7T0C","Combined TCS+MTC","31.81","4.76","0","0","0","0","0","0","0","0","-4.76","-5.41","-7.84","0","0","18.56"
"Dec 1, 2025 6:40:57 p.m. PST","25003691141","Order","702-1585026-8502636","MSCA-D70-2-5","ANGOOL Wireless Strapless Bra for Women Seamless Push Up Non-Slip Full Support Non Removable Padded Bandeau Bra, Black, XL","1","amazon.ca","Amazon","Niagara Falls","Ontario","L2E 5Z","Combined TCS+MTC","22.19","2.88","0","0","0","0","0","0","0","0","-2.88","-3.77","-7.65","0","0","10.77"
"Dec 1, 2025 7:16:56 p.m. PST","25003691141","Refund","702-7852696-9598622","MSCA-D70-2-6","ANGOOL Wireless Strapless Bra for Women Seamless Push Up Non-Slip Full Support Non Removable Padded Bandeau Bra, Black, XXL","1","amazon.ca","Amazon","Chateauguay","Quebec","J6K 4Z","Combined TCS+MTC","-25.49","-3.82","0","0","0","0","0","0","0","0","3.82","3.46","0","0","0","-22.03"
"Dec 1, 2025 7:20:02 p.m. PST","25003691141","Order","701-2320093-3741869","MSCA-D70-5-2","ANGOOL Wireless Strapless Bra for Women Seamless Push Up Non-Slip Full Support Non Removable Padded Bandeau Bra, Beige, S","1","amazon.ca","Amazon","Roxton Pond","Quebec","J0E 1Z","Combined TCS+MTC","22.19","3.32","0","0","0","0","0","0","0","0","-3.32","-3.77","-7.84","0","0","10.58"
"Dec 1, 2025 8:12:14 p.m. PST","25003691141","Order","701-8192123-7373022","MSCA-D70-5-3","ANGOOL Wireless Strapless Bra for Women Seamless Push Up Non-Slip Full Support Non Removable Padded Bandeau Bra, Beige, M","1","amazon.ca","Amazon","London","Ontario","N6P 1T","Combined TCS+MTC","22.19","2.88","0","0","0","0","0","0","0","0","-2.88","-3.77","-7.63","0","0","10.79"
"Dec 1, 2025 8:25:03 p.m. PST","25003691141","Order","701-9228041-8909054","MSCA-D70-25-6","ANGOOL Wireless Strapless Bra for Women Seamless Push Up Non-Slip Full Support Non Removable Padded Bandeau Bra, Black+Beige, XXL","1","amazon.ca","Amazon","London","Ontario","N6K 3N","Combined TCS+MTC","31.81","4.14","0","0","0","0","0","0","0","0","-4.14","-5.41","-7.13","0","0","19.27"
"Dec 1, 2025 8:25:32 p.m. PST","25003691141","Order","702-5571161-5027404","MSCA-D70-2-3","ANGOOL Wireless Strapless Bra for Women Seamless Push Up Non-Slip Full Support Non Removable Padded Bandeau Bra, Black, M","1","amazon.ca","Amazon","Toronto","Ontario","M6G 3L","Combined TCS+MTC","22.19","2.88","0","0","0","0","0","0","0","0","-2.88","-3.77","-7.65","0","0","10.77"
"Dec 1, 2025 8:25:32 p.m. PST","25003691141","Order","702-5571161-5027404","MSCA-D70-2-2","ANGOOL Wireless Strapless Bra for Women Seamless Push Up Non-Slip Full Support Non Removable Padded Bandeau Bra, Black, S","1","amazon.ca","Amazon","Toronto","Ontario","M6G 3L","Combined TCS+MTC","22.19","2.88","0","0","0","0","0","0","0","0","-2.88","-3.77","-7.13","0","0","11.29"
"Dec 1, 2025 9:22:12 p.m. PST","25003691141","Fulfilment by Amazon customer return fee","701-4910838-0639467","X004L5ZNMB","FBA Customer Return Per Unit Fee (Clothing & Shoes)","","Amazon.ca","","","","","","0","0","0","0","0","0","0","0","0","0","0","0","-4.67","0","0","-4.67"
"Dec 1, 2025 9:34:17 p.m. PST","25003691141","Refund","701-0151463-9074620","MSCA-D70-5-3","ANGOOL Wireless Strapless Bra for Women Seamless Push Up Non-Slip Full Support Non Removable Padded Bandeau Bra, Beige, M","1","amazon.ca","Amazon","Surrey","British Columbia","V3S1S","Combined TCS+MTC","-23.99","-2.88","-1.00","0","0","0","0","0","1.00","0","2.88","3.26","0","0","0","-20.73"
"Dec 1, 2025 10:05:55 p.m. PST","25003691141","Order","701-3063850-5501807","MSCA-D70-5-4","ANGOOL Wireless Strapless Bra for Women Seamless Push Up Non-Slip Full Support Non Removable Padded Bandeau Bra, Beige, L","1","amazon.ca","Amazon","Vancouver","BC","V5W 2G","Combined TCS+MTC","22.19","2.66","0","0","0","0","0","0","0","0","-2.66","-3.77","-7.65","0","0","10.77"
"Dec 1, 2025 10:08:15 p.m. PST","25003691141","Order","701-2981284-8905004","MSCA-D70-2-5","ANGOOL Wireless Strapless Bra for Women Seamless Push Up Non-Slip Full Support Non Removable Padded Bandeau Bra, Black, XL","1","amazon.ca","Amazon","Qualicum Beach","British Columbia","V9K 2G","Combined TCS+MTC","22.19","2.66","0","0","0","0","0","0","0","0","-2.66","-3.77","-7.65","0","0","10.77"
"Dec 1, 2025 10:43:23 p.m. PST","25003691141","Order","702-7542801-9186604","MSCA-D70-5-4","ANGOOL Wireless Strapless Bra for Women Seamless Push Up Non-Slip Full Support Non Removable Padded Bandeau Bra, Beige, L","1","amazon.ca","Amazon","Kemptville","Ontario","K0G 1J","Combined TCS+MTC","22.19","2.88","0","0","0","0","0","0","0","0","-2.88","-3.77","-7.65","0","0","10.77"
"Dec 1, 2025 10:58:42 p.m. PST","25003691141","Order","702-9795616-7865858","MSCA-D70-7-2","ANGOOL Wireless Strapless Bra for Women Seamless Push Up Non-Slip Full Support Non Removable Padded Bandeau Bra, Brown, S","1","amazon.ca","Amazon","Varennes","Quebec","J3X 1Z","Combined TCS+MTC","22.19","3.32","0","0","0","0","0","0","0","0","-3.32","-3.77","-7.13","0","0","11.29"
"Dec 1, 2025 11:35:16 p.m. PST","25003691141","Order","702-7836082-9850612","MSCA-D70-5-2","ANGOOL Wireless Strapless Bra for Women Seamless Push Up Non-Slip Full Support Non Removable Padded Bandeau Bra, Beige, S","1","amazon.ca","Amazon","Calgary","Alberta","T2V 1N","Combined TCS+MTC","22.19","1.11","0","0","0","0","0","0","0","0","-1.11","-3.77","-7.84","0","0","10.58"
"Dec 1, 2025 11:43:17 p.m. PST","25003691141","Order","702-6135573-7653821","MSCA-D70-25-4","ANGOOL Wireless Strapless Bra for Women Seamless Push Up Non-Slip Full Support Non Removable Padded Bandeau Bra, Black+Beige, L","1","amazon.ca","Amazon","Leduc","Alberta","T9E 0E","Combined TCS+MTC","31.81","1.59","0","0","0","0","0","0","0","0","-1.59","-5.41","-8.74","0","0","17.66"
"Dec 2, 2025 12:36:49 a.m. PST","25003691141","Order","701-7440854-9893852","MSCA-D70-2-3","ANGOOL Wireless Strapless Bra for Women Seamless Push Up Non-Slip Full Support Non Removable Padded Bandeau Bra, Black, M","1","amazon.ca","Amazon","toronto","Ontario","M3K 0B","Combined TCS+MTC","22.19","2.88","0","0","0","0","0","0","0","0","-2.88","-3.77","-7.65","0","0","10.77"
"Dec 2, 2025 1:22:57 a.m. PST","25003691141","Order","701-1107733-2198622","MSCA-D70-6-6","ANGOOL Wireless Strapless Bra for Women Seamless Push Up Non-Slip Full Support Non Removable Padded Bandeau Bra, White, XXL","1","amazon.ca","Amazon","Delta","British Columbia","V4C 6X","Combined TCS+MTC","22.19","2.66","0","0","0","0","0","0","0","0","-2.66","-3.77","-7.13","0","0","11.29"
"Dec 2, 2025 1:38:41 a.m. PST","25003691141","Order","702-2206489-1961800","MSCA-D70-7-3","ANGOOL Wireless Strapless Bra for Women Seamless Push Up Non-Slip Full Support Non Removable Padded Bandeau Bra, Brown, M","1","amazon.ca","Amazon","Richmond","British Columbia","V7C 4Z","Combined TCS+MTC","22.19","2.66","0","0","0","0","0","0","0","0","-2.66","-3.77","-8.39","0","0","10.03"
"Dec 2, 2025 1:54:43 a.m. PST","25003691141","Order","702-7558536-8880246","MSCA-D70-25-3","ANGOOL Wireless Strapless Bra for Women Seamless Push Up Non-Slip Full Support Non Removable Padded Bandeau Bra, Black+Beige, M","1","amazon.ca","Amazon","Saint-Leonard-De-Portneuf","Quebec","G0A 4A","Combined TCS+MTC","31.81","4.76","0","0","0","0","0","0","0","0","-4.76","-5.41","-7.84","0","0","18.56"
"Dec 2, 2025 2:01:12 a.m. PST","25003691141","Order","702-1533023-4707430","MSCA-D70-5-4","ANGOOL Wireless Strapless Bra for Women Seamless Push Up Non-Slip Full Support Non Removable Padded Bandeau Bra, Beige, L","1","amazon.ca","Amazon","Spruce Grove","Alberta","T7X 2P","Combined TCS+MTC","22.19","1.11","0","0","0","0","0","0","0","0","-1.11","-3.77","-7.65","0","0","10.77"
"Dec 2, 2025 2:21:50 a.m. PST","25003691141","Order","701-0642573-9223434","MSCA-D70-7-4","ANGOOL Wireless Strapless Bra for Women Seamless Push Up Non-Slip Full Support Non Removable Padded Bandeau Bra, Brown, L","1","amazon.ca","Amazon","Chambly","Quebec","J3L 0H","Combined TCS+MTC","22.19","3.32","0","0","0","0","0","0","0","0","-3.32","-3.77","-7.65","0","0","10.77"
"Dec 2, 2025 3:56:10 a.m. PST","25003691141","Order","702-3743155-8426654","MSCA-D70-2-5","ANGOOL Wireless Strapless Bra for Women Seamless Push Up Non-Slip Full Support Non Removable Padded Bandeau Bra, Black, XL","1","amazon.ca","Amazon","Kelowna","British Columbia","V1V 2V","Combined TCS+MTC","22.19","2.66","0","0","0","0","0","0","0","0","-2.66","-3.77","-7.65","0","0","10.77"
"Dec 2, 2025 4:39:40 a.m. PST","25003691141","Order","701-0172362-5010608","MSCA-D70-7-2","ANGOOL Wireless Strapless Bra for Women Seamless Push Up Non-Slip Full Support Non Removable Padded Bandeau Bra, Brown, S","1","amazon.ca","Amazon","Olds","Alberta","T4H 0B","Combined TCS+MTC","22.19","1.11","0","0","0","0","0","0","0","0","-1.11","-3.77","-7.13","0","0","11.29"
"Dec 2, 2025 6:23:18 a.m. PST","25003691141","Order","702-4500618-3471405","MSCA-D70-25-3","ANGOOL Wireless Strapless Bra for Women Seamless Push Up Non-Slip Full Support Non Removable Padded Bandeau Bra, Black+Beige, M","1","amazon.ca","Amazon","Richmond","British Columbia","V6X 3R","Combined TCS+MTC","31.81","3.82","0","0","0","0","0","0","0","0","-3.82","-5.41","-8.39","0","0","18.01"
"Dec 2, 2025 6:25:41 a.m. PST","25003691141","Order","702-4500618-3471405","MSCA-D70-25-2","ANGOOL Wireless Strapless Bra for Women Seamless Push Up Non-Slip Full Support Non Removable Padded Bandeau Bra, Black+Beige, S","1","amazon.ca","Amazon","Richmond","British Columbia","V6X 3R","Combined TCS+MTC","31.81","3.82","0","0","0","0","0","0","0","0","-3.82","-5.41","-8.39","0","0","18.01"
"Dec 2, 2025 6:57:48 a.m. PST","25003691141","Order","701-1658035-7962668","MSCA-D70-25-4","ANGOOL Wireless Strapless Bra for Women Seamless Push Up Non-Slip Full Support Non Removable Padded Bandeau Bra, Black+Beige, L","1","amazon.ca","Amazon","Toronto","Ontario","M6M 2X","Combined TCS+MTC","31.81","4.14","0","0","0","0","0","0","0","0","-4.14","-5.41","-8.74","0","0","17.66"
"Dec 2, 2025 7:48:25 a.m. PST","25003691141","Order","702-1393864-6066611","MSCA-D70-5-4","ANGOOL Wireless Strapless Bra for Women Seamless Push Up Non-Slip Full Support Non Removable Padded Bandeau Bra, Beige, L","1","amazon.ca","Amazon","Vancouver","British Columbia","V6P 3E","Combined TCS+MTC","22.19","2.66","0","0","0","0","0","0","0","0","-2.66","-3.77","-7.65","0","0","10.77"
"Dec 2, 2025 8:35:45 a.m. PST","25003691141","Order","701-8721384-3261862","MSCA-D70-2-6","ANGOOL Wireless Strapless Bra for Women Seamless Push Up Non-Slip Full Support Non Removable Padded Bandeau Bra, Black, XXL","1","amazon.ca","Amazon","Pointe-Claire","Quebec","H9R 4W","Combined TCS+MTC","22.19","3.32","0","0","0","0","0","0","0","0","-3.32","-3.77","-7.13","0","0","11.29"
"Dec 2, 2025 9:25:38 a.m. PST","25003691141","Fulfilment by Amazon customer return fee","701-6067399-3949051","X004L5YB51","FBA Customer Return Per Unit Fee (Clothing & Shoes)","","Amazon.ca","","","","","","0","0","0","0","0","0","0","0","0","0","0","0","-4.57","0","0","-4.57"
"Dec 2, 2025 9:38:34 a.m. PST","25003691141","Fulfilment by Amazon customer return fee","701-6067399-3949051","X004L5ZNMB","FBA Customer Return Per Unit Fee (Clothing & Shoes)","","Amazon.ca","","","","","","0","0","0","0","0","0","0","0","0","0","0","0","-4.67","0","0","-4.67"
"Dec 2, 2025 11:06:56 a.m. PST","25003691141","Order","701-7772531-7551460","MSCA-D70-7-3","ANGOOL Wireless Strapless Bra for Women Seamless Push Up Non-Slip Full Support Non Removable Padded Bandeau Bra, Brown, M","1","amazon.ca","Amazon","Orleans","Ontario","K1W 0T","Combined TCS+MTC","29.99","3.90","0","0","0","0","0","0","0","0","-3.90","-5.10","-7.84","0","0","17.05"
"Dec 2, 2025 11:47:44 a.m. PST","25003691141","Order","702-6286026-4000221","MSCA-D70-25-3","ANGOOL Wireless Strapless Bra for Women Seamless Push Up Non-Slip Full Support Non Removable Padded Bandeau Bra, Black+Beige, M","1","amazon.ca","Amazon","Hudson Bay","Saskatchewan","S0E 0Y","Combined TCS+MTC","31.81","3.50","0","0","0","0","0","0","0","0","-3.50","-5.41","-7.84","0","0","18.56"
"Dec 2, 2025 11:49:50 a.m. PST","25003691141","Order","701-9459426-9004237","MSCA-D70-2-5","ANGOOL Wireless Strapless Bra for Women Seamless Push Up Non-Slip Full Support Non Removable Padded Bandeau Bra, Black, XL","1","amazon.ca","Amazon","Tottenham","Ontario","L0G 1W","Combined TCS+MTC","29.99","3.90","0","0","0","0","0","0","0","0","-3.90","-5.10","-7.65","0","0","17.24"
"Dec 2, 2025 11:51:59 a.m. PST","25003691141","Order","701-2769593-8018635","MSCA-D77-6-4","ANGOOL Racerback Bras for Women Wire Free Sexy V Neck Lace Bralette Adjustable Strap Full Coverage Padded Bra, White, L","1","amazon.ca","Amazon","Stratford","Ontario","N5A 6Y","Combined TCS+MTC","22.49","2.92","0","0","0","0","0","0","0","0","-2.92","-3.82","-7.13","0","0","11.54"
"Dec 2, 2025 11:57:55 a.m. PST","25003691141","Order","701-4750540-8263444","MSCA-D70-2-2","ANGOOL Wireless Strapless Bra for Women Seamless Push Up Non-Slip Full Support Non Removable Padded Bandeau Bra, Black, S","1","amazon.ca","Amazon","Whitby","Ontario","L1M 0A","Combined TCS+MTC","22.19","2.88","0","0","0","0","0","0","0","0","-2.88","-3.77","-7.13","0","0","11.29"
"Dec 2, 2025 1:34:36 p.m. PST","25003691141","Order","701-4499589-8125843","MSCA-D70-5-4","ANGOOL Wireless Strapless Bra for Women Seamless Push Up Non-Slip Full Support Non Removable Padded Bandeau Bra, Beige, L","1","amazon.ca","Amazon","Sechelt","British Columbia","V0N 3A","Combined TCS+MTC","22.19","2.66","0","0","0","0","0","0","0","0","-2.66","-3.77","-7.65","0","0","10.77"
"Dec 2, 2025 1:56:52 p.m. PST","25003691141","Order","701-0196012-8089849","MSCA-D70-7-5","ANGOOL Wireless Strapless Bra for Women Seamless Push Up Non-Slip Full Support Non Removable Padded Bandeau Bra, Brown, XL","1","amazon.ca","Amazon","Edmonton","Alberta","T5B 4V","Combined TCS+MTC","29.99","1.50","5.48","0.27","0","0","0","0","0","0","-1.77","-5.10","-13.13","0","0","17.24"
"Dec 2, 2025 3:11:54 p.m. PST","25003691141","Order","702-2906526-8477853","MSCA-D70-7-4","ANGOOL Wireless Strapless Bra for Women Seamless Push Up Non-Slip Full Support Non Removable Padded Bandeau Bra, Brown, L","1","amazon.ca","Amazon","Hammonds Plains","Nova Scotia","B4B 1T","Combined TCS+MTC","22.19","3.11","0","0","0","0","0","0","0","0","-3.11","-3.77","-7.65","0","0","10.77"
"Dec 2, 2025 3:29:14 p.m. PST","25003691141","Refund","702-1128065-6106612","MSCA-D70-25-2","ANGOOL Wireless Strapless Bra for Women Seamless Push Up Non-Slip Full Support Non Removable Padded Bandeau Bra, Black+Beige, S","1","amazon.ca","Amazon","Thornhill","Ontario","L3T 7H","Combined TCS+MTC","-31.81","-4.14","-3.50","0","0","0","0","0","3.50","0","4.14","4.33","0","0","0","-27.48"
"Dec 2, 2025 3:29:14 p.m. PST","25003691141","Refund","702-1128065-6106612","MSCA-D70-25-3","ANGOOL Wireless Strapless Bra for Women Seamless Push Up Non-Slip Full Support Non Removable Padded Bandeau Bra, Black+Beige, M","1","amazon.ca","Amazon","Thornhill","Ontario","L3T 7H","Combined TCS+MTC","-31.81","-4.14","-3.49","0","0","0","0","0","3.49","0","4.14","4.33","0","0","0","-27.48"
"Dec 2, 2025 5:11:35 p.m. PST","25003691141","Fulfilment by Amazon customer return fee","701-6832338-5432236","X004L62ZH1","FBA Customer Return Per Unit Fee (Clothing & Shoes)","","Amazon.ca","","","","","","0","0","0","0","0","0","0","0","0","0","0","0","-4.92","0","0","-4.92"
"Dec 2, 2025 5:14:06 p.m. PST","25003691141","Adjustment","702-9432765-6320254","MSCA-D74-2-6","FBA Inventory Reimbursement - Customer Return","1","","","","","","","0","0","0","0","0","0","0","0","0","0","0","0","0","0","10.16","10.16"
"Dec 2, 2025 5:20:58 p.m. PST","25003691141","Order","701-6620389-2900200","MSCA-D70-6-3","ANGOOL Wireless Strapless Bra for Women Seamless Push Up Non-Slip Full Support Non Removable Padded Bandeau Bra, White, M","1","amazon.ca","Amazon","Victoria","British Columbia","V8T 3X","Combined TCS+MTC","22.19","2.66","0","0","0","0","0","0","0","0","-2.66","-3.77","-7.13","0","0","11.29"
"Dec 2, 2025 7:37:24 p.m. PST","25003691141","Fulfilment by Amazon customer return fee","702-2444074-9433865","X004L5XHYH","FBA Customer Return Per Unit Fee (Clothing & Shoes)","","Amazon.ca","","","","","","0","0","0","0","0","0","0","0","0","0","0","0","-4.79","0","0","-4.79"
"Dec 2, 2025 7:37:36 p.m. PST","25003691141","Refund","702-5155248-5688227","MSCA-D70-7-4","ANGOOL Wireless Strapless Bra for Women Seamless Push Up Non-Slip Full Support Non Removable Padded Bandeau Bra, Brown, L","1","amazon.ca","Amazon","London","Ontario","N6H 4R","Combined TCS+MTC","-23.99","-3.12","-2.74","0","0","0","0","0","2.74","0","3.12","3.26","0","0","0","-20.73"
"Dec 2, 2025 7:41:20 p.m. PST","25003691141","Refund","702-2757313-0865047","MSCA-D70-25-3","ANGOOL Wireless Strapless Bra for Women Seamless Push Up Non-Slip Full Support Non Removable Padded Bandeau Bra, Black+Beige, M","1","amazon.ca","Amazon","North Vancouver","BC","V7M 1K","Combined TCS+MTC","-31.81","-3.82","0","0","0","0","0","0","0","0","3.82","4.33","0","0","0","-27.48"
"Dec 2, 2025 7:55:52 p.m. PST","25003691141","Order","701-7489814-4637068","MSCA-D70-5-4","ANGOOL Wireless Strapless Bra for Women Seamless Push Up Non-Slip Full Support Non Removable Padded Bandeau Bra, Beige, L","1","amazon.ca","Amazon","Waterford","Ontario","N0E1Y","Combined TCS+MTC","22.19","2.88","0","0","0","0","0","0","0","0","-2.88","-3.77","-7.65","0","0","10.77"
"Dec 2, 2025 8:09:05 p.m. PST","25003691141","Fulfilment by Amazon customer return fee","702-5309534-8143435","X004L5YB51","FBA Customer Return Per Unit Fee (Clothing & Shoes)","","Amazon.ca","","","","","","0","0","0","0","0","0","0","0","0","0","0","0","-4.92","0","0","-4.92"
"Dec 2, 2025 8:30:32 p.m. PST","25003691141","Refund","702-7617502-2120249","MSCA-D77-7-5","ANGOOL Racerback Bras for Women Wire Free Sexy V Neck Lace Bralette Adjustable Strap Full Coverage Padded Bra, Brown, XL","1","amazon.ca","Amazon","Kamloops","British Columbia","V2H 1M","Combined TCS+MTC","-22.49","-2.70","0","0","0","0","0","0","0","0","2.70","3.06","0","0","0","-19.43"
"Dec 2, 2025 8:43:04 p.m. PST","25003691141","Order","702-4409870-9105024","MSCA-D70-5-2","ANGOOL Wireless Strapless Bra for Women Seamless Push Up Non-Slip Full Support Non Removable Padded Bandeau Bra, Beige, S","1","amazon.ca","Amazon","Calgary","Alberta","T2Z 3M","Combined TCS+MTC","22.19","1.11","0","0","0","0","0","0","0","0","-1.11","-3.77","-7.84","0","0","10.58"
"Dec 2, 2025 10:10:03 p.m. PST","25003691141","Order","702-1192806-8518618","MSCA-D70-2-3","ANGOOL Wireless Strapless Bra for Women Seamless Push Up Non-Slip Full Support Non Removable Padded Bandeau Bra, Black, M","1","amazon.ca","Amazon","St Marys","Ontario","N4X 0A","Combined TCS+MTC","22.19","2.88","0","0","0","0","0","0","0","0","-2.88","-3.77","-7.65","0","0","10.77"
"Dec 2, 2025 10:16:49 p.m. PST","25003691141","Refund","702-5370059-8681800","MSCA-D70-5-2","ANGOOL Wireless Strapless Bra for Women Seamless Push Up Non-Slip Full Support Non Removable Padded Bandeau Bra, Beige, S","1","amazon.ca","Amazon","Toronto","Ontario","M6M 2X","Combined TCS+MTC","-29.99","-3.90","0","0","0","0","0","0","0","0","3.90","4.08","0","0","0","-25.91"
"Dec 2, 2025 10:54:32 p.m. PST","25003691141","Order","702-4664654-3558642","MSCA-D70-7-4","ANGOOL Wireless Strapless Bra for Women Seamless Push Up Non-Slip Full Support Non Removable Padded Bandeau Bra, Brown, L","1","amazon.ca","Amazon","Waterloo","Ontario","N2V 1E","Combined TCS+MTC","22.19","2.88","0","0","0","0","0","0","0","0","-2.88","-3.77","-7.65","0","0","10.77"
"Dec 2, 2025 11:28:09 p.m. PST","25003691141","Order","701-6591594-0764247","MSCA-D70-2-3","ANGOOL Wireless Strapless Bra for Women Seamless Push Up Non-Slip Full Support Non Removable Padded Bandeau Bra, Black, M","1","amazon.ca","Amazon","Brampton","Ontario","L6S1W","Combined TCS+MTC","29.99","3.90","0","0","0","0","0","0","0","0","-3.90","-5.10","-7.65","0","0","17.24"
"Dec 2, 2025 11:42:30 p.m. PST","25003691141","Order","701-4065318-7425012","MSCA-D70-2-6","ANGOOL Wireless Strapless Bra for Women Seamless Push Up Non-Slip Full Support Non Removable Padded Bandeau Bra, Black, XXL","1","amazon.ca","Amazon","Trois-Rivieres","Quebec","G8Y 6B","Combined TCS+MTC","22.19","3.32","0","0","0","0","0","0","0","0","-3.32","-3.77","-7.13","0","0","11.29"
"Dec 2, 2025 11:42:30 p.m. PST","25003691141","Order","701-4065318-7425012","MSCA-D70-2-5","ANGOOL Wireless Strapless Bra for Women Seamless Push Up Non-Slip Full Support Non Removable Padded Bandeau Bra, Black, XL","1","amazon.ca","Amazon","Trois-Rivieres","Quebec","G8Y 6B","Combined TCS+MTC","22.19","3.32","0","0","0","0","0","0","0","0","-3.32","-3.77","-7.65","0","0","10.77"
"Dec 3, 2025 1:24:03 a.m. PST","25003691141","Order","702-1925511-3719450","MSCA-D70-2-3","ANGOOL Wireless Strapless Bra for Women Seamless Push Up Non-Slip Full Support Non Removable Padded Bandeau Bra, Black, M","1","amazon.ca","Amazon","Lethbridge","AB","T1J 5N","Combined TCS+MTC","22.19","1.11","0","0","0","0","0","0","0","0","-1.11","-3.77","-7.65","0","0","10.77"
"Dec 3, 2025 1:25:40 a.m. PST","25003691141","Order","701-8147227-7845846","MSCA-D70-5-2","ANGOOL Wireless Strapless Bra for Women Seamless Push Up Non-Slip Full Support Non Removable Padded Bandeau Bra, Beige, S","1","amazon.ca","Amazon","Barrie","Ontario","L4N 0L","Combined TCS+MTC","29.99","3.90","0","0","0","0","0","0","0","0","-3.90","-5.10","-7.84","0","0","17.05"
"Dec 3, 2025 1:44:56 a.m. PST","25003691141","Order","701-5901552-4439401","MSCA-D70-5-4","ANGOOL Wireless Strapless Bra for Women Seamless Push Up Non-Slip Full Support Non Removable Padded Bandeau Bra, Beige, L","1","amazon.ca","Amazon","London","Ontario","N5X 2B","Combined TCS+MTC","22.19","2.88","0","0","0","0","0","0","0","0","-2.88","-3.77","-7.65","0","0","10.77"
"Dec 3, 2025 1:49:42 a.m. PST","25003691141","Order","702-3344743-4484209","MSCA-D74-7-3","ANGOOL V Neck Seamless Bralette for Women Full Coverage Wireless Padded Bra No Underwire Non Removable Pads Push Up Bras, Brown, M","1","amazon.ca","Amazon","Kitchener","ON","N2M 3Z","Combined TCS+MTC","19.49","2.53","0","0","0","0","0","0","0","0","-2.53","-1.95","-8.17","0","0","9.37"
"Dec 3, 2025 1:53:35 a.m. PST","25003691141","Order","702-3968228-6545046","MSCA-D70-5-4","ANGOOL Wireless Strapless Bra for Women Seamless Push Up Non-Slip Full Support Non Removable Padded Bandeau Bra, Beige, L","1","amazon.ca","Amazon","Waterford","Ontario","N0E 1Y","Combined TCS+MTC","22.19","2.88","0","0","0","0","0","0","0","0","-2.88","-3.77","-7.65","0","0","10.77"
"Dec 3, 2025 2:29:32 a.m. PST","25003691141","Order","702-0961362-7243403","MSCA-D70-5-6","ANGOOL Wireless Strapless Bra for Women Seamless Push Up Non-Slip Full Support Non Removable Padded Bandeau Bra, Beige, XXL","1","amazon.ca","Amazon","Gambo","Newfoundland","A0G 1T","Combined TCS+MTC","29.99","4.50","0","0","0","0","0","0","0","0","-4.50","-5.10","-7.65","0","0","17.24"
"Dec 3, 2025 3:00:19 a.m. PST","25003691141","Order","702-0095934-7584265","MSCA-D70-7-3","ANGOOL Wireless Strapless Bra for Women Seamless Push Up Non-Slip Full Support Non Removable Padded Bandeau Bra, Brown, M","1","amazon.ca","Amazon","Squamish","British Columbia","V8B 0B","Combined TCS+MTC","29.99","3.60","3.93","0","0","0","0","0","-3.93","0","-3.60","-5.10","-8.39","0","0","16.50"
"Dec 3, 2025 3:28:49 a.m. PST","25003691141","Order","702-9886219-1003427","MSCA-D70-5-5","ANGOOL Wireless Strapless Bra for Women Seamless Push Up Non-Slip Full Support Non Removable Padded Bandeau Bra, Beige, XL","1","amazon.ca","Amazon","Surrey","British Columbia","V3W 5B","Combined TCS+MTC","29.99","3.60","0","0","0","0","0","0","0","0","-3.60","-5.10","-8.19","0","0","16.70"
"Dec 3, 2025 3:28:50 a.m. PST","25003691141","Order","702-3274175-8869813","MSCA-D70-5-6","ANGOOL Wireless Strapless Bra for Women Seamless Push Up Non-Slip Full Support Non Removable Padded Bandeau Bra, Beige, XXL","1","amazon.ca","Amazon","Surrey","British Columbia","V3W 5B","Combined TCS+MTC","29.99","3.60","0","0","0","0","0","0","0","0","-3.60","-5.10","-8.19","0","0","16.70"
"Dec 3, 2025 4:09:04 a.m. PST","25003691141","Fulfilment by Amazon customer return fee","701-7343862-7333012","X004L5U0M9","FBA Customer Return Per Unit Fee (Clothing & Shoes)","","Amazon.ca","","","","","","0","0","0","0","0","0","0","0","0","0","0","0","-4.79","0","0","-4.79"
"Dec 3, 2025 4:09:21 a.m. PST","25003691141","Order","702-6791316-0991460","MSCA-D70-7-5","ANGOOL Wireless Strapless Bra for Women Seamless Push Up Non-Slip Full Support Non Removable Padded Bandeau Bra, Brown, XL","1","amazon.ca","Amazon","Surrey","British Columbia","V3W 5B","Combined TCS+MTC","29.99","3.60","0","0","0","0","0","0","0","0","-3.60","-5.10","-7.65","0","0","17.24"
"Dec 3, 2025 4:09:21 a.m. PST","25003691141","Order","702-6253726-8320243","MSCA-D70-7-4","ANGOOL Wireless Strapless Bra for Women Seamless Push Up Non-Slip Full Support Non Removable Padded Bandeau Bra, Brown, L","1","amazon.ca","Amazon","Surrey","British Columbia","V3W 5B","Combined TCS+MTC","29.99","3.60","0","0","0","0","0","0","0","0","-3.60","-5.10","-7.65","0","0","17.24"
"Dec 3, 2025 4:15:50 a.m. PST","25003691141","Order","702-5592255-8018669","MSCA-D74-2-3","ANGOOL V Neck Seamless Bralette for Women Full Coverage Wireless Padded Bra No Underwire Non Removable Pads Push Up Bras, Black, M","1","amazon.ca","Amazon","Coquitlam","British Columbia","V3E 0E","Combined TCS+MTC","19.49","2.34","0","0","0","0","0","0","0","0","-2.34","-1.95","-8.17","0","0","9.37"
"Dec 3, 2025 4:15:50 a.m. PST","25003691141","Order","702-5592255-8018669","MSCA-D74-7-3","ANGOOL V Neck Seamless Bralette for Women Full Coverage Wireless Padded Bra No Underwire Non Removable Pads Push Up Bras, Brown, M","1","amazon.ca","Amazon","Coquitlam","British Columbia","V3E 0E","Combined TCS+MTC","19.49","2.34","0","0","0","0","0","0","0","0","-2.34","-1.95","-8.17","0","0","9.37"
"Dec 3, 2025 4:22:12 a.m. PST","25003691141","Order","701-9715568-7977829","MSCA-D70-25-4","ANGOOL Wireless Strapless Bra for Women Seamless Push Up Non-Slip Full Support Non Removable Padded Bandeau Bra, Black+Beige, L","1","amazon.ca","Amazon","Oakville","Ontario","L6M 5N","Combined TCS+MTC","31.81","4.14","0","0","0","0","0","0","0","0","-4.14","-5.41","-8.74","0","0","17.66"
"Dec 3, 2025 5:48:30 a.m. PST","25003691141","Order","701-0135586-3495410","MSCA-D70-25-4","ANGOOL Wireless Strapless Bra for Women Seamless Push Up Non-Slip Full Support Non Removable Padded Bandeau Bra, Black+Beige, L","1","amazon.ca","Amazon","Fort St. John","British Columbia","V1J 4B","Combined TCS+MTC","31.81","3.82","0","0","0","0","0","0","0","0","-3.82","-5.41","-8.74","0","0","17.66"
"Dec 3, 2025 5:48:30 a.m. PST","25003691141","Order","701-0135586-3495410","MSCA-D70-25-3","ANGOOL Wireless Strapless Bra for Women Seamless Push Up Non-Slip Full Support Non Removable Padded Bandeau Bra, Black+Beige, M","1","amazon.ca","Amazon","Fort St. John","British Columbia","V1J 4B","Combined TCS+MTC","31.81","3.82","0","0","0","0","0","0","0","0","-3.82","-5.41","-7.84","0","0","18.56"
"Dec 3, 2025 7:37:40 a.m. PST","25003691141","Order","702-0359957-6760257","MSCA-D70-5-4","ANGOOL Wireless Strapless Bra for Women Seamless Push Up Non-Slip Full Support Non Removable Padded Bandeau Bra, Beige, L","1","amazon.ca","Amazon","Woodbridge","Ontario","L4H 3L","Combined TCS+MTC","22.19","2.88","0","0","0","0","0","0","0","0","-2.88","-3.77","-7.65","0","0","10.77"
"Dec 3, 2025 7:52:23 a.m. PST","25003691141","Fulfilment by Amazon customer return fee","702-0070713-8285864","X004L5ZMNV","FBA Customer Return Per Unit Fee (Clothing & Shoes)","","Amazon.ca","","","","","","0","0","0","0","0","0","0","0","0","0","0","0","-4.92","0","0","-4.92"
"Dec 3, 2025 7:53:18 a.m. PST","25003691141","Fulfilment by Amazon customer return fee","702-0070713-8285864","X004L62ZH1","FBA Customer Return Per Unit Fee (Clothing & Shoes)","","Amazon.ca","","","","","","0","0","0","0","0","0","0","0","0","0","0","0","-4.92","0","0","-4.92"
"Dec 3, 2025 8:44:10 a.m. PST","25003691141","Fulfilment by Amazon customer return fee","701-0831184-7312210","X004L5ZNMB","FBA Customer Return Per Unit Fee (Clothing & Shoes)","","Amazon.ca","","","","","","0","0","0","0","0","0","0","0","0","0","0","0","-5.03","0","0","-5.03"
"Dec 3, 2025 9:07:11 a.m. PST","25003691141","Fulfilment by Amazon customer return fee","702-4960044-4649810","X004L5VN5R","FBA Customer Return Per Unit Fee (Clothing & Shoes)","","Amazon.ca","","","","","","0","0","0","0","0","0","0","0","0","0","0","0","-5.03","0","0","-5.03"
"Dec 3, 2025 11:09:30 a.m. PST","25003691141","Order","702-4380363-2557024","MSCA-D70-5-2","ANGOOL Wireless Strapless Bra for Women Seamless Push Up Non-Slip Full Support Non Removable Padded Bandeau Bra, Beige, S","1","amazon.ca","Amazon","London","Ontario","N5Y 5J","Combined TCS+MTC","29.99","3.90","6.99","0","0","0","0","0","-6.99","0","-3.90","-5.10","-7.84","0","0","17.05"
"Dec 3, 2025 11:37:43 a.m. PST","25003691141","Refund","702-2045193-3654668","MSCA-D70-25-5","ANGOOL Wireless Strapless Bra for Women Seamless Push Up Non-Slip Full Support Non Removable Padded Bandeau Bra, Black+Beige, XL","1","amazon.ca","Amazon","Ste-Marthe-sur-le-Lac","Québec","J0N 1P","Combined TCS+MTC","-42.99","-6.44","0","0","0","0","0","0","0","0","6.44","5.85","0","0","0","-37.14"
"Dec 3, 2025 11:48:53 a.m. PST","25003691141","Fulfilment by Amazon customer return fee","701-8309270-2725835","X004L5U0M9","FBA Customer Return Per Unit Fee (Clothing & Shoes)","","Amazon.ca","","","","","","0","0","0","0","0","0","0","0","0","0","0","0","-4.79","0","0","-4.79"
"Dec 3, 2025 11:49:52 a.m. PST","25003691141","Order","702-4612047-7237010","MSCA-D70-5-2","ANGOOL Wireless Strapless Bra for Women Seamless Push Up Non-Slip Full Support Non Removable Padded Bandeau Bra, Beige, S","1","amazon.ca","Amazon","Redvers","SK","S0C 2H","Combined TCS+MTC","29.99","3.30","0","0","0","0","0","0","0","0","-3.30","-5.10","-8.39","0","0","16.50"
"Dec 3, 2025 11:59:57 a.m. PST","25003691141","Order","701-2540449-4153050","MSCA-D70-25-2","ANGOOL Wireless Strapless Bra for Women Seamless Push Up Non-Slip Full Support Non Removable Padded Bandeau Bra, Black+Beige, S","1","amazon.ca","Amazon","Saint-Laurent","Quebec","H4K 2S","Combined TCS+MTC","31.81","4.76","0","0","0","0","0","0","0","0","-4.76","-5.41","-7.84","0","0","18.56"
"Dec 3, 2025 12:10:23 p.m. PST","25003691141","Refund","702-8779111-1229048","MSCA-D70-25-4","ANGOOL Wireless Strapless Bra for Women Seamless Push Up Non-Slip Full Support Non Removable Padded Bandeau Bra, Black+Beige, L","1","amazon.ca","Amazon","Ste-Marthe-sur-le-Lac","Québec","J0N 1P","Combined TCS+MTC","-34.39","-5.15","0","0","0","0","0","0","0","0","5.15","4.68","0","0","0","-29.71"
"Dec 3, 2025 12:23:32 p.m. PST","25003691141","Order","701-6528255-7694636","MSCA-D70-6-3","ANGOOL Wireless Strapless Bra for Women Seamless Push Up Non-Slip Full Support Non Removable Padded Bandeau Bra, White, M","1","amazon.ca","Amazon","Kamloops","British Columbia","V2E 2R","Combined TCS+MTC","22.19","2.66","0","0","0","0","0","0","0","0","-2.66","-3.77","-7.13","0","0","11.29"
"Dec 3, 2025 12:29:09 p.m. PST","25003691141","Order","701-2872159-9749808","MSCA-D70-7-5","ANGOOL Wireless Strapless Bra for Women Seamless Push Up Non-Slip Full Support Non Removable Padded Bandeau Bra, Brown, XL","1","amazon.ca","Amazon","North York","Ontario","M2N 1V","Combined TCS+MTC","22.19","2.88","0","0","0","0","0","0","0","0","-2.88","-3.77","-7.65","0","0","10.77"
"Dec 3, 2025 12:44:33 p.m. PST","25003691141","Order","702-9256222-0132230","MSCA-D70-5-4","ANGOOL Wireless Strapless Bra for Women Seamless Push Up Non-Slip Full Support Non Removable Padded Bandeau Bra, Beige, L","1","amazon.ca","Amazon","Surrey","British Columbia","V3W 5B","Combined TCS+MTC","29.99","3.60","0","0","0","0","0","0","0","0","-3.60","-5.10","-7.65","0","0","17.24"
"Dec 3, 2025 12:59:21 p.m. PST","25003691141","Fulfilment by Amazon customer return fee","701-8264451-0436218","X004L5XHYH","FBA Customer Return Per Unit Fee (Clothing & Shoes)","","Amazon.ca","","","","","","0","0","0","0","0","0","0","0","0","0","0","0","-5.15","0","0","-5.15"
"Dec 3, 2025 1:12:34 p.m. PST","25003691141","Order","701-7710408-4358669","MSCA-D70-2-6","ANGOOL Wireless Strapless Bra for Women Seamless Push Up Non-Slip Full Support Non Removable Padded Bandeau Bra, Black, XXL","1","amazon.ca","Amazon","Thunder Bay","Ontario","P7A 3H","Combined TCS+MTC","29.99","3.90","0","0","0","0","0","0","0","0","-3.90","-5.10","-7.13","0","0","17.76"
"Dec 3, 2025 1:37:10 p.m. PST","25003691141","Order","702-7305643-8488264","MSCA-D70-2-2","ANGOOL Wireless Strapless Bra for Women Seamless Push Up Non-Slip Full Support Non Removable Padded Bandeau Bra, Black, S","1","amazon.ca","Amazon","Scarborough","Ontario","M1B 0A","Combined TCS+MTC","22.19","2.88","0","0","0","0","0","0","0","0","-2.88","-3.77","-7.13","0","0","11.29"
"Dec 3, 2025 2:00:04 p.m. PST","25003691141","Order","701-4302264-4041823","MSCA-D70-25-3","ANGOOL Wireless Strapless Bra for Women Seamless Push Up Non-Slip Full Support Non Removable Padded Bandeau Bra, Black+Beige, M","1","amazon.ca","Amazon","L'Ancienne-Lorette","Quebec","G2E 3K","Combined TCS+MTC","31.81","4.76","0","0","0","0","0","0","0","0","-4.76","-5.41","-7.84","0","0","18.56"
"Dec 3, 2025 2:00:28 p.m. PST","25003691141","Fulfilment by Amazon customer return fee","702-4237843-8978612","X004L5Z3KD","FBA Customer Return Per Unit Fee (Clothing & Shoes)","","Amazon.ca","","","","","","0","0","0","0","0","0","0","0","0","0","0","0","-4.67","0","0","-4.67"
"Dec 3, 2025 2:02:58 p.m. PST","25003691141","Order","702-1291826-1467406","MSCA-D70-5-4","ANGOOL Wireless Strapless Bra for Women Seamless Push Up Non-Slip Full Support Non Removable Padded Bandeau Bra, Beige, L","1","amazon.ca","Amazon","Quebec","Quebec","G2B 5M","Combined TCS+MTC","22.19","3.32","0","0","0","0","0","0","0","0","-3.32","-3.77","-7.65","0","0","10.77"
"Dec 3, 2025 2:05:47 p.m. PST","25003691141","Order","701-3308322-9821857","MSCA-D70-5-3","ANGOOL Wireless Strapless Bra for Women Seamless Push Up Non-Slip Full Support Non Removable Padded Bandeau Bra, Beige, M","1","amazon.ca","Amazon","Fall River","Nova Scotia","B2T 0L","Combined TCS+MTC","22.19","3.11","0","0","0","0","0","0","0","0","-3.11","-3.77","-7.13","0","0","11.29"
"Dec 3, 2025 2:39:37 p.m. PST","25003691141","FBA Inventory Fee","701-8264451-0436218","","Fulfilment by Amazon removal order: disposal fee","","Amazon.ca","","","","","","0","0","0","0","0","0","0","0","0","0","0","0","0","0","-0.82","-0.82"
"Dec 3, 2025 3:08:41 p.m. PST","25003691141","Refund","702-0901772-9902629","MSCA-D70-7-2","ANGOOL Wireless Strapless Bra for Women Seamless Push Up Non-Slip Full Support Non Removable Padded Bandeau Bra, Brown, S","1","amazon.ca","Amazon","Port Dover","Ontario","N0A 1N","Combined TCS+MTC","-23.99","-3.12","-3.50","0","0","0","0","0","3.50","0","3.12","3.26","0","0","0","-20.73"
"Dec 3, 2025 3:46:50 p.m. PST","25003691141","Refund","701-3027775-7120251","MSCA-D70-5-2","ANGOOL Wireless Strapless Bra for Women Seamless Push Up Non-Slip Full Support Non Removable Padded Bandeau Bra, Beige, S","1","amazon.ca","Amazon","Scarborough","Ontario","M1C 1C","Combined TCS+MTC","-22.19","-2.88","0","0","0","0","0","0","0","0","2.88","3.02","0","0","0","-19.17"
"Dec 3, 2025 4:45:47 p.m. PST","25003691141","Adjustment","","MSCA-D70-7-5","FBA Inventory Reimbursement - Damaged:Warehouse","1","","","","","","","0","0","0","0","0","0","0","0","0","0","0","0","0","0","8.70","8.70"
"Dec 3, 2025 4:52:20 p.m. PST","25003691141","Order","702-8262403-9409048","MSCA-D70-25-4","ANGOOL Wireless Strapless Bra for Women Seamless Push Up Non-Slip Full Support Non Removable Padded Bandeau Bra, Black+Beige, L","1","amazon.ca","Amazon","Saint-Lambert","QC","J4S 1P","Combined TCS+MTC","31.81","4.76","0","0","0","0","0","0","0","0","-4.76","-5.41","-8.74","0","0","17.66"
"Dec 3, 2025 4:55:21 p.m. PST","25003691141","Fulfilment by Amazon customer return fee","702-2184341-9539453","X004L5VLFT","FBA Customer Return Per Unit Fee (Clothing & Shoes)","","Amazon.ca","","","","","","0","0","0","0","0","0","0","0","0","0","0","0","-4.92","0","0","-4.92"
"Dec 3, 2025 4:58:03 p.m. PST","25003691141","Refund","701-5152438-7874630","MSCA-D70-6-3","ANGOOL Wireless Strapless Bra for Women Seamless Push Up Non-Slip Full Support Non Removable Padded Bandeau Bra, White, M","1","amazon.ca","Amazon","Lambton","Quebec","G0M 1H","Combined TCS+MTC","-23.99","-3.59","0","0","0","0","0","0","0","0","3.59","3.26","0","0","0","-20.73"
"Dec 3, 2025 5:50:16 p.m. PST","25003691141","Refund","701-2597468-9825021","MSCA-D77-2-4","ANGOOL Racerback Bras for Women Wire Free Sexy V Neck Lace Bralette Adjustable Strap Full Coverage Padded Bra, Black, L","1","amazon.ca","Amazon","North York","Ontario","M2R 1V","Combined TCS+MTC","-22.49","-2.92","0","0","0","0","0","0","0","0","2.92","3.06","0","0","0","-19.43"
"Dec 3, 2025 5:50:34 p.m. PST","25003691141","Order","701-1397999-9011421","MSCA-D70-2-6","ANGOOL Wireless Strapless Bra for Women Seamless Push Up Non-Slip Full Support Non Removable Padded Bandeau Bra, Black, XXL","1","amazon.ca","Amazon","Kelowna","British Columbia","V1W 2A","Combined TCS+MTC","22.19","2.66","0","0","0","0","0","0","0","0","-2.66","-3.77","-7.13","0","0","11.29"
"Dec 3, 2025 5:56:08 p.m. PST","25003691141","Fulfilment by Amazon customer return fee","701-7597039-2958637","X004P55E3F","FBA Customer Return Per Unit Fee (Clothing & Shoes)","","Amazon.ca","","","","","","0","0","0","0","0","0","0","0","0","0","0","0","-4.92","0","0","-4.92"
"Dec 3, 2025 7:15:43 p.m. PST","25003691141","Order","701-4065475-3158614","MSCA-D70-2-3","ANGOOL Wireless Strapless Bra for Women Seamless Push Up Non-Slip Full Support Non Removable Padded Bandeau Bra, Black, M","1","amazon.ca","Amazon","Milton","Ontario","L9T 6G","Combined TCS+MTC","29.99","3.90","3.50","0","0","0","0","0","-3.50","0","-3.90","-5.10","-7.65","0","0","17.24"
"Dec 3, 2025 8:53:36 p.m. PST","25003691141","Order","701-6529719-7580265","MSCA-D70-5-4","ANGOOL Wireless Strapless Bra for Women Seamless Push Up Non-Slip Full Support Non Removable Padded Bandeau Bra, Beige, L","1","amazon.ca","Amazon","Calgary","Alberta","T3H 2L","Combined TCS+MTC","29.99","1.50","0","0","0","0","0","0","0","0","-1.50","-5.10","-7.65","0","0","17.24"
"Dec 3, 2025 8:59:10 p.m. PST","25003691141","Order","702-9174800-7399457","MSCA-D77-7-5","ANGOOL Racerback Bras for Women Wire Free Sexy V Neck Lace Bralette Adjustable Strap Full Coverage Padded Bra, Brown, XL","1","amazon.ca","Amazon","North York","Ontario","M2R 1V","Combined TCS+MTC","22.49","2.92","0","0","0","0","0","0","0","0","-2.92","-3.82","-7.13","0","0","11.54"
"Dec 3, 2025 9:48:36 p.m. PST","25003691141","Order","701-5184405-5441813","MSCA-D70-2-3","ANGOOL Wireless Strapless Bra for Women Seamless Push Up Non-Slip Full Support Non Removable Padded Bandeau Bra, Black, M","1","amazon.ca","Amazon","Madoc","Ontario","K0K 2K","Combined TCS+MTC","29.99","3.90","0","0","0","0","0","0","0","0","-3.90","-5.10","-7.65","0","0","17.24"
"Dec 3, 2025 9:49:27 p.m. PST","25003691141","Order","702-1563728-5408243","MSCA-D74-2-6","ANGOOL V Neck Seamless Bralette for Women Full Coverage Wireless Padded Bra No Underwire Non Removable Pads Push Up Bras, Black, XXL","1","amazon.ca","Amazon","Guelph","Ontario","N1H7R","Combined TCS+MTC","19.49","2.53","0","0","0","0","0","0","0","0","-2.53","-1.95","-8.17","0","0","9.37"
"Dec 3, 2025 9:49:49 p.m. PST","25003691141","Order","701-7898831-0073837","MSCA-D70-5-4","ANGOOL Wireless Strapless Bra for Women Seamless Push Up Non-Slip Full Support Non Removable Padded Bandeau Bra, Beige, L","1","amazon.ca","Amazon","Baden","ON","N3A 4R","Combined TCS+MTC","29.99","3.90","0","0","0","0","0","0","0","0","-3.90","-5.10","-7.65","0","0","17.24"
"Dec 4, 2025 1:22:13 a.m. PST","25109263671","Order","701-1827243-3728245","MSCA-D74-2-4","ANGOOL V Neck Seamless Bralette for Women Full Coverage Wireless Padded Bra No Underwire Non Removable Pads Push Up Bras, Black, L","1","amazon.ca","Amazon","Brantford","Ontario","N3T 0J","Combined TCS+MTC","19.49","2.53","0","0","0","0","0","0","0","0","-2.53","-1.95","-8.17","0","0","9.37"
"Dec 4, 2025 4:37:09 a.m. PST","25109263671","Fulfilment by Amazon customer return fee","701-6158628-5626656","X004L5ZNNZ","FBA Customer Return Per Unit Fee (Clothing & Shoes)","","Amazon.ca","","","","","","0","0","0","0","0","0","0","0","0","0","0","0","-4.79","0","0","-4.79"
"Dec 4, 2025 6:33:23 a.m. PST","25109263671","Order","702-0179316-0165054","MSCA-D70-2-2","ANGOOL Wireless Strapless Bra for Women Seamless Push Up Non-Slip Full Support Non Removable Padded Bandeau Bra, Black, S","1","amazon.ca","Amazon","Edmonton","Alberta","T5Y 1C","Combined TCS+MTC","22.19","1.11","0","0","0","0","0","0","0","0","-1.11","-3.77","-7.13","0","0","11.29"
"Dec 4, 2025 7:13:10 a.m. PST","25109263671","FBA Inventory Fee","701-7343862-7333012","","Fulfilment by Amazon removal order: disposal fee","","Amazon.ca","","","","","","0","0","0","0","0","0","0","0","0","0","0","0","0","0","-0.36","-0.36"
"Dec 4, 2025 7:47:49 a.m. PST","25109263671","Fulfilment by Amazon customer return fee","702-8247807-0929045","X004L5VLFT","FBA Customer Return Per Unit Fee (Clothing & Shoes)","","Amazon.ca","","","","","","0","0","0","0","0","0","0","0","0","0","0","0","-4.87","0","0","-4.87"
"Dec 4, 2025 10:37:27 a.m. PST","25109263671","Order","701-3765842-4469846","MSCA-D70-5-4","ANGOOL Wireless Strapless Bra for Women Seamless Push Up Non-Slip Full Support Non Removable Padded Bandeau Bra, Beige, L","1","amazon.ca","Amazon","Calgary","Alberta","T2N 4C","Combined TCS+MTC","29.99","1.50","0","0","0","0","0","0","0","0","-1.50","-5.10","-7.65","0","0","17.24"
"Dec 4, 2025 12:23:32 p.m. PST","25109263671","Refund","701-5954473-9309836","MSCA-D70-5-3","ANGOOL Wireless Strapless Bra for Women Seamless Push Up Non-Slip Full Support Non Removable Padded Bandeau Bra, Beige, M","1","amazon.ca","Amazon","Vaughan","Ontario","L4J 9J","Combined TCS+MTC","-22.49","-2.92","0","0","0","0","0","0","0","0","2.92","3.06","0","0","0","-19.43"
"Dec 4, 2025 12:48:57 p.m. PST","25109263671","Order","702-5954819-5722605","MSCA-D70-5-6","ANGOOL Wireless Strapless Bra for Women Seamless Push Up Non-Slip Full Support Non Removable Padded Bandeau Bra, Beige, XXL","1","amazon.ca","Amazon","Georgetown","Ontario","L7G 5J","Combined TCS+MTC","29.99","3.90","0","0","0","0","0","0","0","0","-3.90","-5.10","-7.65","0","0","17.24"
"Dec 4, 2025 1:46:40 p.m. PST","25109263671","Order","701-0245240-4508260","MSCA-D70-25-4","ANGOOL Wireless Strapless Bra for Women Seamless Push Up Non-Slip Full Support Non Removable Padded Bandeau Bra, Black+Beige, L","1","amazon.ca","Amazon","Sherwood Park","Alberta","T8A 1R","Combined TCS+MTC","42.99","2.15","0","0","0","0","0","0","0","0","-2.15","-7.31","-8.74","0","0","26.94"
"Dec 4, 2025 2:03:11 p.m. PST","25109263671","Order","701-3192805-1739464","MSCA-D70-25-5","ANGOOL Wireless Strapless Bra for Women Seamless Push Up Non-Slip Full Support Non Removable Padded Bandeau Bra, Black+Beige, XL","1","amazon.ca","Amazon","Keswick","Ontario","L4P 3Y","Combined TCS+MTC","42.99","5.59","0","0","0","0","0","0","0","0","-5.59","-7.31","-8.17","0","0","27.51"
"Dec 4, 2025 2:15:25 p.m. PST","25109263671","Refund","701-3895538-2214613","MSCA-D70-5-4","ANGOOL Wireless Strapless Bra for Women Seamless Push Up Non-Slip Full Support Non Removable Padded Bandeau Bra, Beige, L","1","amazon.ca","Amazon","St. Agatha","Ontario","N0B2L","Combined TCS+MTC","-22.19","-2.88","0","0","0","0","0","0","0","0","2.88","3.02","0","0","0","-19.17"
"Dec 4, 2025 2:37:01 p.m. PST","25109263671","FBA Inventory Fee","701-7597039-2958637","","Fulfilment by Amazon removal order: disposal fee","","Amazon.ca","","","","","","0","0","0","0","0","0","0","0","0","0","0","0","0","0","-0.36","-0.36"
"Dec 4, 2025 3:09:46 p.m. PST","25109263671","Order","702-1355016-0699461","MSCA-D70-2-3","ANGOOL Wireless Strapless Bra for Women Seamless Push Up Non-Slip Full Support Non Removable Padded Bandeau Bra, Black, M","1","amazon.ca","Amazon","Vancouver","British Columbia","V6T 1K","Combined TCS+MTC","22.19","2.66","0","0","0","0","0","0","0","0","-2.66","-3.77","-7.65","0","0","10.77"
"Dec 4, 2025 3:18:37 p.m. PST","25109263671","Order","701-2103574-1554610","MSCA-D70-2-2","ANGOOL Wireless Strapless Bra for Women Seamless Push Up Non-Slip Full Support Non Removable Padded Bandeau Bra, Black, S","1","amazon.ca","Amazon","Cambridge","ON","N1R8C","Combined TCS+MTC","29.99","3.90","0","0","0","0","0","0","0","0","-3.90","-5.10","-7.13","0","0","17.76"
"Dec 4, 2025 3:19:49 p.m. PST","25109263671","Order","701-6631380-7709854","MSCA-D70-2-5","ANGOOL Wireless Strapless Bra for Women Seamless Push Up Non-Slip Full Support Non Removable Padded Bandeau Bra, Black, XL","1","amazon.ca","Amazon","Burnaby","British Columbia","V3N 1B","Combined TCS+MTC","22.19","2.66","0","0","0","0","0","0","0","0","-2.66","-3.77","-7.65","0","0","10.77"
"Dec 4, 2025 3:25:03 p.m. PST","25109263671","Fulfilment by Amazon customer return fee","702-6576724-8288217","X004L5YB51","FBA Customer Return Per Unit Fee (Clothing & Shoes)","","Amazon.ca","","","","","","0","0","0","0","0","0","0","0","0","0","0","0","-4.92","0","0","-4.92"
"Dec 4, 2025 3:36:40 p.m. PST","25109263671","Order","701-1920797-6871440","MSCA-D70-7-3","ANGOOL Wireless Strapless Bra for Women Seamless Push Up Non-Slip Full Support Non Removable Padded Bandeau Bra, Brown, M","1","amazon.ca","Amazon","Fredericton","New Brunswick","E3A 4A","Combined TCS+MTC","22.19","3.33","0","0","0","0","0","0","0","0","-3.33","-3.77","-7.84","0","0","10.58"
"Dec 4, 2025 4:56:28 p.m. PST","25109263671","Order","702-5412661-3648268","MSCA-D70-7-2","ANGOOL Wireless Strapless Bra for Women Seamless Push Up Non-Slip Full Support Non Removable Padded Bandeau Bra, Brown, S","1","amazon.ca","Amazon","Stoney Creek","Ontario","L8J 0A","Combined TCS+MTC","29.99","3.90","3.50","0","0","0","0","0","-3.50","0","-3.90","-5.10","-7.13","0","0","17.76"
"Dec 4, 2025 5:11:53 p.m. PST","25109263671","Fulfilment by Amazon customer return fee","702-1930843-0241864","X004L5VLFT","FBA Customer Return Per Unit Fee (Clothing & Shoes)","","Amazon.ca","","","","","","0","0","0","0","0","0","0","0","0","0","0","0","-4.92","0","0","-4.92"
"Dec 4, 2025 6:42:09 p.m. PST","25109263671","Refund","701-0874851-3824235","MSCA-D74-2-4","ANGOOL V Neck Seamless Bralette for Women Full Coverage Wireless Padded Bra No Underwire Non Removable Pads Push Up Bras, Black, L","1","amazon.ca","Amazon","Chatham","Ontario","N7L 4M","Combined TCS+MTC","-19.49","-2.53","0","0","0","0","0","0","0","0","2.53","1.56","0","0","0","-17.93"
"Dec 4, 2025 7:09:53 p.m. PST","25109263671","Order","701-2599096-4877837","MSCA-D70-2-5","ANGOOL Wireless Strapless Bra for Women Seamless Push Up Non-Slip Full Support Non Removable Padded Bandeau Bra, Black, XL","1","amazon.ca","Amazon","Calgary","Alberta","T2J 5S","Combined TCS+MTC","29.99","1.50","0","0","0","0","0","0","0","0","-1.50","-5.10","-7.65","0","0","17.24"
"Dec 4, 2025 11:22:14 p.m. PST","25109263671","Order","702-7032497-8222647","MSCA-D70-7-3","ANGOOL Wireless Strapless Bra for Women Seamless Push Up Non-Slip Full Support Non Removable Padded Bandeau Bra, Brown, M","1","amazon.ca","Amazon","Rigaud","Quebec","J0P 1P","Combined TCS+MTC","29.99","4.49","0","0","0","0","0","0","0","0","-4.49","-5.10","-7.84","0","0","17.05"
"Dec 4, 2025 11:24:00 p.m. PST","25109263671","Order","702-8411388-1777832","MSCA-D77-7-5","ANGOOL Racerback Bras for Women Wire Free Sexy V Neck Lace Bralette Adjustable Strap Full Coverage Padded Bra, Brown, XL","1","amazon.ca","Amazon","Waterdown","Ontario","L8B0X","Combined TCS+MTC","22.49","2.92","0","0","0","0","0","0","0","0","-2.92","-3.82","-7.13","0","0","11.54"
"Dec 5, 2025 1:35:57 a.m. PST","25109263671","Transfer","","","To account ending with: 797","","","","","","","","0","0","0","0","0","0","0","0","0","0","0","0","0","0","-2,513.75","-2,513.75"
"Dec 5, 2025 2:44:00 a.m. PST","25109263671","Adjustment","702-8251415-7087457","MSCA-D70-25-4","FBA Inventory Reimbursement - Customer Return","1","","","","","","","0","0","0","0","0","0","0","0","0","0","0","0","0","0","21.59","21.59"
"Dec 5, 2025 10:15:18 a.m. PST","25109263671","Order","702-6047661-4605820","MSCA-D76-2-3","ANGOOL Sports Bras for Women Seamless Backless Criss Cross Strappy Sports Bra Without Underwire for Workout Gym Yoga, Black, M","1","amazon.ca","Amazon","Windsor","Ontario","N8X 1J","Combined TCS+MTC","16.79","2.18","2.93","0","0","0","0","0","-2.93","0","-2.18","-1.68","-6.49","0","0","8.62"
"Dec 5, 2025 12:01:34 p.m. PST","25109263671","Order","702-8705041-0237840","MSCA-D74-2-3","ANGOOL V Neck Seamless Bralette for Women Full Coverage Wireless Padded Bra No Underwire Non Removable Pads Push Up Bras, Black, M","1","amazon.ca","Amazon","Winnipeg","Manitoba","R2C 4E","Combined TCS+MTC","19.49","2.34","0","0","0","0","0","0","0","0","-2.34","-1.95","-8.17","0","0","9.37"
"Dec 5, 2025 1:05:13 p.m. PST","25109263671","Order","701-5108235-6135454","MSCA-D70-2-6","ANGOOL Wireless Strapless Bra for Women Seamless Push Up Non-Slip Full Support Non Removable Padded Bandeau Bra, Black, XXL","1","amazon.ca","Amazon","Edmonton","Alberta","T5B 4V","Combined TCS+MTC","29.99","1.50","6.99","0","0","0","0","0","-6.99","0","-1.50","-5.10","-7.13","0","0","17.76"
"Dec 5, 2025 1:46:53 p.m. PST","25109263671","Adjustment","","MSCA-D70-5-5","FBA Inventory Reimbursement - General Adjustment","1","","","","","","","0","0","0","0","0","0","0","0","0","0","0","0","0","0","-17.66","-17.66"
"Dec 5, 2025 3:55:08 p.m. PST","25109263671","Order","702-3636345-1433009","MSCA-D70-5-3","ANGOOL Wireless Strapless Bra for Women Seamless Push Up Non-Slip Full Support Non Removable Padded Bandeau Bra, Beige, M","1","amazon.ca","Amazon","Toronto","Ontario","M6H 1V","Combined TCS+MTC","29.99","3.90","0","0","0","0","0","0","0","0","-3.90","-5.10","-7.13","0","0","17.76"
"Dec 5, 2025 5:01:08 p.m. PST","25109263671","Order","701-6878044-6058630","MSCA-D70-6-3","ANGOOL Wireless Strapless Bra for Women Seamless Push Up Non-Slip Full Support Non Removable Padded Bandeau Bra, White, M","1","amazon.ca","Amazon","Peterborough","Ontario","K9K 1G","Combined TCS+MTC","22.19","2.88","0","0","0","0","0","0","0","0","-2.88","-3.77","-7.13","0","0","11.29"
"Dec 5, 2025 5:26:27 p.m. PST","25109263671","Fulfilment by Amazon customer return fee","702-3719553-8108218","X004L5YB51","FBA Customer Return Per Unit Fee (Clothing & Shoes)","","Amazon.ca","","","","","","0","0","0","0","0","0","0","0","0","0","0","0","-4.92","0","0","-4.92"
"Dec 5, 2025 5:33:31 p.m. PST","25109263671","FBA Inventory Fee","702-8247807-0929045","","Fulfilment by Amazon removal order: disposal fee","","Amazon.ca","","","","","","0","0","0","0","0","0","0","0","0","0","0","0","0","0","-0.39","-0.39"
"Dec 5, 2025 5:40:32 p.m. PST","25109263671","Fulfilment by Amazon customer return fee","701-3198570-1765038","X004L5ZNMB","FBA Customer Return Per Unit Fee (Clothing & Shoes)","","Amazon.ca","","","","","","0","0","0","0","0","0","0","0","0","0","0","0","-5.03","0","0","-5.03"
"Dec 5, 2025 6:09:03 p.m. PST","25109263671","Refund","702-1087506-4445807","MSCA-D70-6-3","ANGOOL Wireless Strapless Bra for Women Seamless Push Up Non-Slip Full Support Non Removable Padded Bandeau Bra, White, M","1","amazon.ca","Amazon","Tecumseh","Ontario","N8N 4A","Combined TCS+MTC","-23.99","-3.12","0","0","0","0","0","0","0","0","3.12","3.26","0","0","0","-20.73"
"Dec 5, 2025 7:54:38 p.m. PST","25109263671","Fulfilment by Amazon customer return fee","701-2597468-9825021","X004P4NNFR","FBA Customer Return Per Unit Fee (Clothing & Shoes)","","Amazon.ca","","","","","","0","0","0","0","0","0","0","0","0","0","0","0","-4.92","0","0","-4.92"
"Dec 5, 2025 9:57:28 p.m. PST","25109263671","Fulfilment by Amazon customer return fee","701-8752380-5040236","X004L5KTDT","FBA Customer Return Per Unit Fee (Clothing & Shoes)","","Amazon.ca","","","","","","0","0","0","0","0","0","0","0","0","0","0","0","-5.15","0","0","-5.15"
"Dec 5, 2025 10:32:01 p.m. PST","25109263671","Order","701-2435595-3907424","MSCA-D70-2-2","ANGOOL Wireless Strapless Bra for Women Seamless Push Up Non-Slip Full Support Non Removable Padded Bandeau Bra, Black, S","1","amazon.ca","Amazon","Milton","Ontario","L9T 6G","Combined TCS+MTC","29.99","3.90","0","0","0","0","0","0","0","0","-3.90","-5.10","-7.13","0","0","17.76"
"Dec 5, 2025 11:14:00 p.m. PST","25109263671","Fulfilment by Amazon customer return fee","702-3734985-1229065","X004L5YW73","FBA Customer Return Per Unit Fee (Clothing & Shoes)","","Amazon.ca","","","","","","0","0","0","0","0","0","0","0","0","0","0","0","-4.92","0","0","-4.92"
"Dec 6, 2025 12:06:43 a.m. PST","25109263671","Order","702-5940676-0686607","MSCA-D70-6-5","ANGOOL Wireless Strapless Bra for Women Seamless Push Up Non-Slip Full Support Non Removable Padded Bandeau Bra, White, XL","1","amazon.ca","Amazon","Edmonton","Alberta","T6J 5V","Combined TCS+MTC","29.99","1.50","0","0","0","0","0","0","0","0","-1.50","-5.10","-7.13","0","0","17.76"
"Dec 6, 2025 12:14:10 a.m. PST","25109263671","Fulfilment by Amazon customer return fee","702-5823237-5464227","X004L4MWZX","FBA Customer Return Per Unit Fee (Clothing & Shoes)","","Amazon.ca","","","","","","0","0","0","0","0","0","0","0","0","0","0","0","-4.90","0","0","-4.90"
"Dec 6, 2025 12:14:33 a.m. PST","25109263671","Fulfilment by Amazon customer return fee","702-5823237-5464227","X004L612A7","FBA Customer Return Per Unit Fee (Clothing & Shoes)","","Amazon.ca","","","","","","0","0","0","0","0","0","0","0","0","0","0","0","-5.10","0","0","-5.10"
"Dec 6, 2025 12:17:45 a.m. PST","25109263671","Fulfilment by Amazon customer return fee","701-1997761-3615463","X004L5KSKD","FBA Customer Return Per Unit Fee (Clothing & Shoes)","","Amazon.ca","","","","","","0","0","0","0","0","0","0","0","0","0","0","0","-5.28","0","0","-5.28"
"Dec 6, 2025 1:55:47 a.m. PST","25109263671","Order","702-2597466-8752264","MSCA-D77-2-4","ANGOOL Racerback Bras for Women Wire Free Sexy V Neck Lace Bralette Adjustable Strap Full Coverage Padded Bra, Black, L","1","amazon.ca","Amazon","Toronto","Ontario","M5V 1A","Combined TCS+MTC","22.49","2.92","0","0","0","0","0","0","0","0","-2.92","-3.82","-7.13","0","0","11.54"
"Dec 6, 2025 5:43:31 a.m. PST","25109263671","Fulfilment by Amazon customer return fee","702-1128065-6106612","X004L5UE9N","FBA Customer Return Per Unit Fee (Clothing & Shoes)","","Amazon.ca","","","","","","0","0","0","0","0","0","0","0","0","0","0","0","-5.15","0","0","-5.15"
"Dec 6, 2025 5:52:22 a.m. PST","25109263671","Fulfilment by Amazon customer return fee","702-1128065-6106612","X004L5XHYH","FBA Customer Return Per Unit Fee (Clothing & Shoes)","","Amazon.ca","","","","","","0","0","0","0","0","0","0","0","0","0","0","0","-5.15","0","0","-5.15"
"Dec 6, 2025 10:37:19 a.m. PST","25109263671","Order","702-2482328-2575448","MSCA-D70-6-2","ANGOOL Wireless Strapless Bra for Women Seamless Push Up Non-Slip Full Support Non Removable Padded Bandeau Bra, White, S","1","amazon.ca","Amazon","Oakville","Ontario","L6M4N","Combined TCS+MTC","29.99","3.90","0","0","0","0","0","0","0","0","-3.90","-5.10","-6.74","0","0","18.15"
"Dec 6, 2025 10:55:49 a.m. PST","25109263671","Order","702-0949623-2679438","MSCA-D70-2-2","ANGOOL Wireless Strapless Bra for Women Seamless Push Up Non-Slip Full Support Non Removable Padded Bandeau Bra, Black, S","1","amazon.ca","Amazon","Mississauga","ON","L4W 2M","Combined TCS+MTC","29.99","3.90","0","0","0","0","0","0","0","0","-3.90","-5.10","-7.13","0","0","17.76"
"Dec 6, 2025 10:58:08 a.m. PST","25109263671","Refund","702-3655627-8924212","MSCA-D70-25-4","ANGOOL Wireless Strapless Bra for Women Seamless Push Up Non-Slip Full Support Non Removable Padded Bandeau Bra, Black+Beige, L","1","amazon.ca","Amazon","Saint-Constant","Quebec","J5A 0C","Combined TCS+MTC","-31.81","-4.76","0","0","0","0","0","0","0","0","4.76","4.33","0","0","0","-27.48"
"Dec 6, 2025 11:20:45 a.m. PST","25109263671","Fulfilment by Amazon customer return fee","701-9574597-5878659","X004L5ZNMB","FBA Customer Return Per Unit Fee (Clothing & Shoes)","","Amazon.ca","","","","","","0","0","0","0","0","0","0","0","0","0","0","0","-4.98","0","0","-4.98"
"Dec 6, 2025 12:08:11 p.m. PST","25109263671","Order","701-6903237-8885041","MSCA-D76-206-3","ANGOOL Sports Bras for Women Seamless Backless Criss Cross Strappy Sports Bra Without Underwire for Workout Gym Yoga, Black+Grey+White, M","1","amazon.ca","Amazon","Sainte-Julie","Quebec","J3E 0C","Combined TCS+MTC","27.99","4.19","0","0","0","0","0","0","0","0","-4.19","-4.76","-6.49","0","0","16.74"
"Dec 6, 2025 1:15:00 p.m. PST","25109263671","Refund","702-8055705-0544215","MSCA-D77-7-5","ANGOOL Racerback Bras for Women Wire Free Sexy V Neck Lace Bralette Adjustable Strap Full Coverage Padded Bra, Brown, XL","1","amazon.ca","Amazon","MOSCHELLE","NS","B0S1A","Combined TCS+MTC","-22.49","-3.15","0","0","0","0","0","0","0","0","3.15","3.06","0","0","0","-19.43"
"Dec 6, 2025 1:56:46 p.m. PST","25109263671","Refund","701-5620152-8919459","MSCA-D70-2-3","ANGOOL Wireless Strapless Bra for Women Seamless Push Up Non-Slip Full Support Non Removable Padded Bandeau Bra, Black, M","1","amazon.ca","Amazon","Montréal","Quebec","H3E0E","Combined TCS+MTC","-29.99","-4.49","-3.92","0","0","0","0","0","3.92","0","4.49","4.08","0","0","0","-25.91"
"Dec 6, 2025 3:32:30 p.m. PST","25109263671","Order","702-3606783-1329809","MSCA-D70-2-2","ANGOOL Wireless Strapless Bra for Women Seamless Push Up Non-Slip Full Support Non Removable Padded Bandeau Bra, Black, S","1","amazon.ca","Amazon","Vaughan","Ontario","L6A 5A","Combined TCS+MTC","29.99","3.90","0","0","0","0","0","0","0","0","-3.90","-5.10","-7.13","0","0","17.76"
"Dec 6, 2025 4:17:20 p.m. PST","25109263671","Fulfilment by Amazon customer return fee","702-5155248-5688227","X004L631E7","FBA Customer Return Per Unit Fee (Clothing & Shoes)","","Amazon.ca","","","","","","0","0","0","0","0","0","0","0","0","0","0","0","-5.03","0","0","-5.03"
"Dec 6, 2025 4:18:00 p.m. PST","25109263671","FBA Inventory Fee","702-5823237-5464227","","Fulfilment by Amazon removal order: disposal fee","","Amazon.ca","","","","","","0","0","0","0","0","0","0","0","0","0","0","0","0","0","-0.82","-0.82"
"Dec 6, 2025 5:16:57 p.m. PST","25109263671","Order","701-6013875-5237821","MSCA-D70-5-5","ANGOOL Wireless Strapless Bra for Women Seamless Push Up Non-Slip Full Support Non Removable Padded Bandeau Bra, Beige, XL","1","amazon.ca","Amazon","Nepean","Ontario","K2H 1A","Combined TCS+MTC","29.99","3.90","0","0","0","0","0","0","0","0","-3.90","-5.10","-7.65","0","0","17.24"
"Dec 6, 2025 6:25:49 p.m. PST","25109263671","Order","701-7580497-3599435","MSCA-D70-25-2","ANGOOL Wireless Strapless Bra for Women Seamless Push Up Non-Slip Full Support Non Removable Padded Bandeau Bra, Black+Beige, S","1","amazon.ca","Amazon","Montreal","Quebec","H3G 0E","Combined TCS+MTC","42.99","6.44","0","0","0","0","0","0","0","0","-6.44","-7.31","-7.84","0","0","27.84"
"Dec 6, 2025 6:43:11 p.m. PST","25109263671","Order","701-7129711-8958616","MSCA-D74-2-3","ANGOOL V Neck Seamless Bralette for Women Full Coverage Wireless Padded Bra No Underwire Non Removable Pads Push Up Bras, Black, M","1","amazon.ca","Amazon","Port elgin","ON","N0H 2C","Combined TCS+MTC","22.09","2.87","0","0","0","0","0","0","0","0","-2.87","-3.76","-8.17","0","0","10.16"
"Dec 6, 2025 8:28:10 p.m. PST","25109263671","Refund","702-5592255-8018669","MSCA-D74-2-3","ANGOOL V Neck Seamless Bralette for Women Full Coverage Wireless Padded Bra No Underwire Non Removable Pads Push Up Bras, Black, M","1","amazon.ca","Amazon","Coquitlam","British Columbia","V3E 0E","Combined TCS+MTC","-19.49","-2.34","0","0","0","0","0","0","0","0","2.34","1.56","0","0","0","-17.93"
"Dec 6, 2025 9:02:57 p.m. PST","25109263671","Order","702-9552849-7025865","MSCA-D70-5-2","ANGOOL Wireless Strapless Bra for Women Seamless Push Up Non-Slip Full Support Non Removable Padded Bandeau Bra, Beige, S","1","amazon.ca","Amazon","Oakville","Ontario","L6M 0W","Combined TCS+MTC","29.99","3.90","0","0","0","0","0","0","0","0","-3.90","-5.10","-7.84","0","0","17.05"
"Dec 6, 2025 10:16:58 p.m. PST","25109263671","Refund","702-5592255-8018669","MSCA-D74-7-3","ANGOOL V Neck Seamless Bralette for Women Full Coverage Wireless Padded Bra No Underwire Non Removable Pads Push Up Bras, Brown, M","1","amazon.ca","Amazon","Coquitlam","British Columbia","V3E 0E","Combined TCS+MTC","-19.49","-2.34","0","0","0","0","0","0","0","0","2.34","1.56","0","0","0","-17.93"
"Dec 6, 2025 10:28:42 p.m. PST","25109263671","Order","702-2177781-7956236","MSCA-D70-2-5","ANGOOL Wireless Strapless Bra for Women Seamless Push Up Non-Slip Full Support Non Removable Padded Bandeau Bra, Black, XL","1","amazon.ca","Amazon","Standard","Alberta","T0J 3G","Combined TCS+MTC","29.99","1.50","0","0","0","0","0","0","0","0","-1.50","-5.10","-7.65","0","0","17.24"
"Dec 6, 2025 11:03:26 p.m. PST","25109263671","Order","702-9988892-7885028","MSCA-D70-2-4","ANGOOL Wireless Strapless Bra for Women Seamless Push Up Non-Slip Full Support Non Removable Padded Bandeau Bra, Black, L","1","amazon.ca","Amazon","Jonquiere","Quebec","G7X 7Z","Combined TCS+MTC","29.99","4.49","0","0","0","0","0","0","0","0","-4.49","-5.10","-7.65","0","0","17.24"
"Dec 7, 2025 12:27:13 a.m. PST","25109263671","Fulfilment by Amazon customer return fee","702-0901772-9902629","X004L5VMH1","FBA Customer Return Per Unit Fee (Clothing & Shoes)","","Amazon.ca","","","","","","0","0","0","0","0","0","0","0","0","0","0","0","-4.92","0","0","-4.92"
"Dec 7, 2025 1:22:45 a.m. PST","25109263671","Order","701-5872569-7880207","MSCA-D74-2-3","ANGOOL V Neck Seamless Bralette for Women Full Coverage Wireless Padded Bra No Underwire Non Removable Pads Push Up Bras, Black, M","1","amazon.ca","Amazon","Toronto","Ontario","M4V 1S","Combined TCS+MTC","22.09","2.87","0","0","0","0","0","0","0","0","-2.87","-3.76","-8.17","0","0","10.16"
"Dec 7, 2025 2:07:59 a.m. PST","25109263671","Order","702-1879677-4010658","MSCA-D70-2-5","ANGOOL Wireless Strapless Bra for Women Seamless Push Up Non-Slip Full Support Non Removable Padded Bandeau Bra, Black, XL","1","amazon.ca","Amazon","Edmonton","Alberta","T5N 1Y","Combined TCS+MTC","29.99","1.50","0","0","0","0","0","0","0","0","-1.50","-5.10","-7.65","0","0","17.24"
"Dec 7, 2025 2:12:03 a.m. PST","25109263671","Order","702-4043417-2754666","MSCA-D70-5-5","ANGOOL Wireless Strapless Bra for Women Seamless Push Up Non-Slip Full Support Non Removable Padded Bandeau Bra, Beige, XL","1","amazon.ca","Amazon","Kingston","ON","K7M 7L","Combined TCS+MTC","29.99","3.90","0","0","0","0","0","0","0","0","-3.90","-5.10","-7.65","0","0","17.24"
"Dec 7, 2025 2:16:01 a.m. PST","25109263671","Refund","702-2892250-7501005","MSCA-D70-25-4","ANGOOL Wireless Strapless Bra for Women Seamless Push Up Non-Slip Full Support Non Removable Padded Bandeau Bra, Black+Beige, L","1","amazon.ca","Amazon","Burnaby","British Columbia","V5C 6T","Combined TCS+MTC","-31.81","-3.82","-3.49","0","0","0","0","0","3.49","0","3.82","4.33","0","0","0","-27.48"
"Dec 7, 2025 5:12:05 a.m. PST","25109263671","Order","702-9549577-6975421","MSCA-D70-5-2","ANGOOL Wireless Strapless Bra for Women Seamless Push Up Non-Slip Full Support Non Removable Padded Bandeau Bra, Beige, S","1","amazon.ca","Amazon","Leduc","Alberta","T9E 0S","Combined TCS+MTC","29.99","1.50","0","0","0","0","0","0","0","0","-1.50","-5.10","-7.84","0","0","17.05"
"Dec 7, 2025 5:34:21 a.m. PST","25109263671","Fulfilment by Amazon customer return fee","701-4671898-0921861","X004L5VLFT","FBA Customer Return Per Unit Fee (Clothing & Shoes)","","Amazon.ca","","","","","","0","0","0","0","0","0","0","0","0","0","0","0","-4.92","0","0","-4.92"
"Dec 7, 2025 6:00:49 a.m. PST","25109263671","Order","702-1507762-2617869","MSCA-D70-5-3","ANGOOL Wireless Strapless Bra for Women Seamless Push Up Non-Slip Full Support Non Removable Padded Bandeau Bra, Beige, M","1","amazon.ca","Amazon","Vancouver","British Columbia","V6J 3B","Combined TCS+MTC","29.99","3.60","0","0","0","0","0","0","0","0","-3.60","-5.10","-7.63","0","0","17.26"
"Dec 7, 2025 6:59:36 a.m. PST","25109263671","Order","701-4760223-6633848","MSCA-D70-25-5","ANGOOL Wireless Strapless Bra for Women Seamless Push Up Non-Slip Full Support Non Removable Padded Bandeau Bra, Black+Beige, XL","1","amazon.ca","Amazon","Sudbury","Ontario","P3C 4G","Combined TCS+MTC","42.99","5.59","0","0","0","0","0","0","0","0","-5.59","-7.31","-8.17","0","0","27.51"
"Dec 7, 2025 8:09:21 a.m. PST","25109263671","Order","702-7832262-6240252","MSCA-D74-5-3","ANGOOL V Neck Seamless Bralette for Women Full Coverage Wireless Padded Bra No Underwire Non Removable Pads Push Up Bras, Beige, M","1","amazon.ca","Amazon","St. John's","Newfoundland","A1C 2H","Combined TCS+MTC","25.99","3.90","0","0","0","0","0","0","0","0","-3.90","-4.42","-8.17","0","0","13.40"
"Dec 7, 2025 9:23:53 a.m. PST","25109263671","Refund","701-4671898-0921861","MSCA-D70-2-2","ANGOOL Wireless Strapless Bra for Women Seamless Push Up Non-Slip Full Support Non Removable Padded Bandeau Bra, Black, S","1","amazon.ca","Amazon","Innisfil","Ontario","L9S 1V","Combined TCS+MTC","-23.99","-3.12","0","0","0","0","0","0","0","0","3.12","3.26","0","0","0","-20.73"
"Dec 7, 2025 9:45:48 a.m. PST","25109263671","Refund","702-7032497-8222647","MSCA-D70-7-3","ANGOOL Wireless Strapless Bra for Women Seamless Push Up Non-Slip Full Support Non Removable Padded Bandeau Bra, Brown, M","1","amazon.ca","Amazon","Rigaud","Quebec","J0P 1P","Combined TCS+MTC","-29.99","-4.49","0","0","0","0","0","0","0","0","4.49","4.08","0","0","0","-25.91"
"Dec 7, 2025 9:58:14 a.m. PST","25109263671","Fulfilment by Amazon customer return fee","701-2208858-3442658","X004P4NLAT","FBA Customer Return Per Unit Fee (Clothing & Shoes)","","Amazon.ca","","","","","","0","0","0","0","0","0","0","0","0","0","0","0","-4.92","0","0","-4.92"
"Dec 7, 2025 10:13:21 a.m. PST","25109263671","Fulfilment by Amazon customer return fee","701-5629340-0488222","X004P4NNFR","FBA Customer Return Per Unit Fee (Clothing & Shoes)","","Amazon.ca","","","","","","0","0","0","0","0","0","0","0","0","0","0","0","-4.92","0","0","-4.92"
"Dec 7, 2025 10:43:13 a.m. PST","25109263671","Order","701-2234734-6188269","MSCA-D70-2-4","ANGOOL Wireless Strapless Bra for Women Seamless Push Up Non-Slip Full Support Non Removable Padded Bandeau Bra, Black, L","1","amazon.ca","Amazon","New Hamburg","Ontario","N3A 1S","Combined TCS+MTC","29.99","3.90","0","0","0","0","0","0","0","0","-3.90","-5.10","-7.65","0","0","17.24"
"Dec 7, 2025 11:26:43 a.m. PST","25109263671","Order","702-1166284-6187453","MSCA-D76-268-5","ANGOOL Sports Bras for Women Seamless Backless Criss Cross Strappy Sports Bra Without Underwire for Workout Gym Yoga, Black+White+Green, XL","1","amazon.ca","Amazon","Hamilton","Ontario","L8N 2Z","Combined TCS+MTC","27.99","3.64","0","0","0","0","0","0","0","0","-3.64","-4.76","-6.49","0","0","16.74"
"Dec 7, 2025 11:38:49 a.m. PST","25109263671","Refund","701-9654905-8680222","MSCA-D70-5-3","ANGOOL Wireless Strapless Bra for Women Seamless Push Up Non-Slip Full Support Non Removable Padded Bandeau Bra, Beige, M","1","amazon.ca","Amazon","Pickering","Ontario","L1W 2M","Combined TCS+MTC","-22.49","-2.92","0","0","0","0","0","0","0","0","2.92","3.06","0","0","0","-19.43"
"Dec 7, 2025 12:14:12 p.m. PST","25109263671","Order","702-9167814-9900232","MSCA-D70-5-6","ANGOOL Wireless Strapless Bra for Women Seamless Push Up Non-Slip Full Support Non Removable Padded Bandeau Bra, Beige, XXL","1","amazon.ca","Amazon","LISTUGUJ","Quebec","G0C 2R","Combined TCS+MTC","29.99","4.49","0","0","0","0","0","0","0","0","-4.49","-5.10","-7.65","0","0","17.24"
"Dec 7, 2025 1:29:36 p.m. PST","25109263671","Order","702-5332392-7036253","MSCA-D70-6-2","ANGOOL Wireless Strapless Bra for Women Seamless Push Up Non-Slip Full Support Non Removable Padded Bandeau Bra, White, S","1","amazon.ca","Amazon","Coquitlam","British Columbia","V3B 0S","Combined TCS+MTC","29.99","3.60","0","0","0","0","0","0","0","0","-3.60","-5.10","-6.74","0","0","18.15"
"Dec 7, 2025 1:53:27 p.m. PST","25109263671","Fulfilment by Amazon customer return fee","701-4957546-6985844","X004L5YB0B","FBA Customer Return Per Unit Fee (Clothing & Shoes)","","Amazon.ca","","","","","","0","0","0","0","0","0","0","0","0","0","0","0","-4.92","0","0","-4.92"
"Dec 7, 2025 2:16:31 p.m. PST","25109263671","Refund","702-4380363-2557024","MSCA-D70-5-2","ANGOOL Wireless Strapless Bra for Women Seamless Push Up Non-Slip Full Support Non Removable Padded Bandeau Bra, Beige, S","1","amazon.ca","Amazon","London","Ontario","N5Y 5J","Combined TCS+MTC","-29.99","-3.90","-6.99","0","0","0","0","0","6.99","0","3.90","4.08","0","0","0","-25.91"
"Dec 7, 2025 3:48:41 p.m. PST","25109263671","Order","701-2470055-7725018","MSCA-D70-2-4","ANGOOL Wireless Strapless Bra for Women Seamless Push Up Non-Slip Full Support Non Removable Padded Bandeau Bra, Black, L","1","amazon.ca","Amazon","Saint-Lazare","Quebec","J7T 0J","Combined TCS+MTC","29.99","4.49","0","0","0","0","0","0","0","0","-4.49","-5.10","-7.65","0","0","17.24"
"Dec 7, 2025 4:36:22 p.m. PST","25109263671","Refund","701-1827243-3728245","MSCA-D74-2-4","ANGOOL V Neck Seamless Bralette for Women Full Coverage Wireless Padded Bra No Underwire Non Removable Pads Push Up Bras, Black, L","1","amazon.ca","Amazon","Brantford","Ontario","N3T 0J","Combined TCS+MTC","-19.49","-2.53","0","0","0","0","0","0","0","0","2.53","1.56","0","0","0","-17.93"
"Dec 7, 2025 5:55:06 p.m. PST","25109263671","Order","701-4287102-4853052","MSCA-D70-2-3","ANGOOL Wireless Strapless Bra for Women Seamless Push Up Non-Slip Full Support Non Removable Padded Bandeau Bra, Black, M","1","amazon.ca","Amazon","Ottawa","Ontario","K1Y 1Z","Combined TCS+MTC","29.99","3.90","0","0","0","0","0","0","0","0","-3.90","-5.10","-7.65","0","0","17.24"
"Dec 7, 2025 6:05:09 p.m. PST","25109263671","Order","701-2257706-5150610","MSCA-D70-2-2","ANGOOL Wireless Strapless Bra for Women Seamless Push Up Non-Slip Full Support Non Removable Padded Bandeau Bra, Black, S","1","amazon.ca","Amazon","Saint-Agapit","Quebec","G0S 1Z","Combined TCS+MTC","29.99","4.49","0","0","0","0","0","0","0","0","-4.49","-5.10","-7.13","0","0","17.76"
"Dec 7, 2025 8:08:23 p.m. PST","25109263671","FBA Inventory Fee","","","FBA storage fee","","Amazon.ca","","","","","","0","0","0","0","0","0","0","0","0","0","0","0","0","0","-415.57","-415.57"
"Dec 7, 2025 9:06:11 p.m. PST","25109263671","Refund","702-6253726-8320243","MSCA-D70-7-4","ANGOOL Wireless Strapless Bra for Women Seamless Push Up Non-Slip Full Support Non Removable Padded Bandeau Bra, Brown, L","1","amazon.ca","Amazon","Surrey","British Columbia","V3W 5B","Combined TCS+MTC","-29.99","-3.60","0","0","0","0","0","0","0","0","3.60","4.08","0","0","0","-25.91"
"Dec 7, 2025 9:49:37 p.m. PST","25109263671","Refund","702-6791316-0991460","MSCA-D70-7-5","ANGOOL Wireless Strapless Bra for Women Seamless Push Up Non-Slip Full Support Non Removable Padded Bandeau Bra, Brown, XL","1","amazon.ca","Amazon","Surrey","British Columbia","V3W 5B","Combined TCS+MTC","-29.99","-3.60","0","0","0","0","0","0","0","0","3.60","4.08","0","0","0","-25.91"
"Dec 7, 2025 10:19:37 p.m. PST","25109263671","Refund","702-9256222-0132230","MSCA-D70-5-4","ANGOOL Wireless Strapless Bra for Women Seamless Push Up Non-Slip Full Support Non Removable Padded Bandeau Bra, Beige, L","1","amazon.ca","Amazon","Surrey","British Columbia","V3W 5B","Combined TCS+MTC","-29.99","-3.60","0","0","0","0","0","0","0","0","3.60","4.08","0","0","0","-25.91"
"Dec 7, 2025 10:51:13 p.m. PST","25109263671","Order","701-9825780-6019433","MSCA-D70-5-3","ANGOOL Wireless Strapless Bra for Women Seamless Push Up Non-Slip Full Support Non Removable Padded Bandeau Bra, Beige, M","1","amazon.ca","Amazon","Winnipeg","Manitoba","R3T 3K","Combined TCS+MTC","29.99","3.60","2.94","0","0","0","0","0","-2.94","0","-3.60","-5.10","-7.13","0","0","17.76"
"Dec 8, 2025 12:34:15 a.m. PST","25109263671","Order","701-5255185-8298634","MSCA-D70-5-3","ANGOOL Wireless Strapless Bra for Women Seamless Push Up Non-Slip Full Support Non Removable Padded Bandeau Bra, Beige, M","1","amazon.ca","Amazon","Vancouver","British Columbia","V5Y 2E","Combined TCS+MTC","29.99","3.60","6.99","0","0","0","0","0","-6.99","0","-3.60","-5.10","-7.63","0","0","17.26"
"Dec 8, 2025 1:44:28 a.m. PST","25109263671","Order","702-9921804-9208260","MSCA-D70-25-3","ANGOOL Wireless Strapless Bra for Women Seamless Push Up Non-Slip Full Support Non Removable Padded Bandeau Bra, Black+Beige, M","1","amazon.ca","Amazon","Oshawa","Ontario","L1L 0W","Combined TCS+MTC","42.99","5.59","0","0","0","0","0","0","0","0","-5.59","-7.31","-7.84","0","0","27.84"
"Dec 8, 2025 6:20:56 a.m. PST","25109263671","Fulfilment by Amazon customer return fee","702-6876580-1201810","X004L5VLD1","FBA Customer Return Per Unit Fee (Clothing & Shoes)","","Amazon.ca","","","","","","0","0","0","0","0","0","0","0","0","0","0","0","-5.03","0","0","-5.03"
"Dec 8, 2025 7:11:36 a.m. PST","25109263671","Order","702-7302032-1205038","MSCA-D76-2-4","ANGOOL Sports Bras for Women Seamless Backless Criss Cross Strappy Sports Bra Without Underwire for Workout Gym Yoga, Black, L","1","amazon.ca","Amazon","Vancouver","British Columbia","V6K 1V","Combined TCS+MTC","16.79","2.01","0","0","0","0","0","0","0","0","-2.01","-1.68","-6.49","0","0","8.62"
"Dec 8, 2025 8:05:24 a.m. PST","25109263671","Order","702-4352564-6617066","MSCA-D74-2-4","ANGOOL V Neck Seamless Bralette for Women Full Coverage Wireless Padded Bra No Underwire Non Removable Pads Push Up Bras, Black, L","1","amazon.ca","Amazon","Gatineau","Quebec","J8P 4J","Combined TCS+MTC","22.09","3.31","0","0","0","0","0","0","0","0","-3.31","-3.76","-8.17","0","0","10.16"
"Dec 8, 2025 8:21:59 a.m. PST","25109263671","Order","702-3702530-2843441","MSCA-D70-2-3","ANGOOL Wireless Strapless Bra for Women Seamless Push Up Non-Slip Full Support Non Removable Padded Bandeau Bra, Black, M","1","amazon.ca","Amazon","Granby","Quebec","J2H 0R","Combined TCS+MTC","29.99","4.49","0","0","0","0","0","0","0","0","-4.49","-5.10","-7.65","0","0","17.24"
"Dec 8, 2025 10:25:59 a.m. PST","25109263671","Adjustment","702-1771321-5976223","MSCA-D70-25-4","FBA Inventory Reimbursement - Customer Return","1","","","","","","","0","0","0","0","0","0","0","0","0","0","0","0","0","0","21.59","21.59"
"Dec 8, 2025 10:45:52 a.m. PST","25109263671","Order","701-0534537-2369001","MSCA-D70-2-3","ANGOOL Wireless Strapless Bra for Women Seamless Push Up Non-Slip Full Support Non Removable Padded Bandeau Bra, Black, M","1","amazon.ca","Amazon","North Vancouver","BC","V7R 2Z","Combined TCS+MTC","29.99","3.60","0","0","0","0","0","0","0","0","-3.60","-5.10","-7.65","0","0","17.24"
"Dec 8, 2025 11:11:35 a.m. PST","25109263671","Order","701-7609790-5027421","MSCA-D70-5-3","ANGOOL Wireless Strapless Bra for Women Seamless Push Up Non-Slip Full Support Non Removable Padded Bandeau Bra, Beige, M","1","amazon.ca","Amazon","Thedford","Ontario","N0M 2N","Combined TCS+MTC","29.99","3.90","0","0","0","0","0","0","0","0","-3.90","-5.10","-7.13","0","0","17.76"
"Dec 8, 2025 11:12:58 a.m. PST","25109263671","Order","702-7367999-9893810","MSCA-D74-2-4","ANGOOL V Neck Seamless Bralette for Women Full Coverage Wireless Padded Bra No Underwire Non Removable Pads Push Up Bras, Black, L","1","amazon.ca","Amazon","Quebec","Quebec","G1J 0A","Combined TCS+MTC","22.09","3.31","0","0","0","0","0","0","0","0","-3.31","-3.76","-8.17","0","0","10.16"
"Dec 8, 2025 11:35:55 a.m. PST","25109263671","Refund","701-0245240-4508260","MSCA-D70-25-4","ANGOOL Wireless Strapless Bra for Women Seamless Push Up Non-Slip Full Support Non Removable Padded Bandeau Bra, Black+Beige, L","1","amazon.ca","Amazon","Sherwood Park","Alberta","T8A 1R","Combined TCS+MTC","-42.99","-2.15","0","0","0","0","0","0","0","0","2.15","5.85","0","0","0","-37.14"
"Dec 8, 2025 11:36:10 a.m. PST","25109263671","Refund","702-5868935-5041001","MSCA-D70-25-3","ANGOOL Wireless Strapless Bra for Women Seamless Push Up Non-Slip Full Support Non Removable Padded Bandeau Bra, Black+Beige, M","1","amazon.ca","Amazon","Sherwood Park","Alberta","T8A 1R","Combined TCS+MTC","-31.81","-1.59","0","0","0","0","0","0","0","0","1.59","4.33","0","0","0","-27.48"
"Dec 8, 2025 12:23:25 p.m. PST","25109263671","Refund","702-0480132-2985051","MSCA-D70-7-6","ANGOOL Wireless Strapless Bra for Women Seamless Push Up Non-Slip Full Support Non Removable Padded Bandeau Bra, Brown, XXL","1","amazon.ca","Amazon","Brampton","Ontario","L6P 3E","Combined TCS+MTC","-25.49","-3.31","-1.75","0","0","0","0","0","1.75","0","3.31","3.46","0","0","0","-22.03"
"Dec 8, 2025 12:35:05 p.m. PST","25109263671","Fulfilment by Amazon customer return fee","701-3895538-2214613","X004L5ZNMB","FBA Customer Return Per Unit Fee (Clothing & Shoes)","","Amazon.ca","","","","","","0","0","0","0","0","0","0","0","0","0","0","0","-5.03","0","0","-5.03"
"Dec 8, 2025 12:56:41 p.m. PST","25109263671","Refund","702-3606783-1329809","MSCA-D70-2-2","ANGOOL Wireless Strapless Bra for Women Seamless Push Up Non-Slip Full Support Non Removable Padded Bandeau Bra, Black, S","1","amazon.ca","Amazon","Vaughan","Ontario","L6A 5A","Combined TCS+MTC","-29.99","-3.90","0","0","0","0","0","0","0","0","3.90","4.08","0","0","0","-25.91"
"Dec 8, 2025 1:17:15 p.m. PST","25109263671","Order","702-8425519-3405057","MSCA-D70-5-4","ANGOOL Wireless Strapless Bra for Women Seamless Push Up Non-Slip Full Support Non Removable Padded Bandeau Bra, Beige, L","1","amazon.ca","Amazon","Vancouver","British Columbia","V6P 5A","Combined TCS+MTC","29.99","3.60","0","0","0","0","0","0","0","0","-3.60","-5.10","-7.65","0","0","17.24"
"Dec 8, 2025 1:43:36 p.m. PST","25109263671","Order","701-2900695-7092225","MSCA-D77-7-5","ANGOOL Racerback Bras for Women Wire Free Sexy V Neck Lace Bralette Adjustable Strap Full Coverage Padded Bra, Brown, XL","1","amazon.ca","Amazon","Chilliwack","British Columbia","V2P 5X","Combined TCS+MTC","22.49","2.70","0","0","0","0","0","0","0","0","-2.70","-3.82","-7.13","0","0","11.54"
"Dec 8, 2025 2:17:11 p.m. PST","25109263671","Refund","701-7637911-9229022","MSCA-D70-6-6","ANGOOL Wireless Strapless Bra for Women Seamless Push Up Non-Slip Full Support Non Removable Padded Bandeau Bra, White, XXL","1","amazon.ca","Amazon","Amherstburg","Ontario","N9V 0B","Combined TCS+MTC","-22.19","-2.88","0","0","0","0","0","0","0","0","2.88","3.02","0","0","0","-19.17"
"Dec 8, 2025 3:23:43 p.m. PST","25109263671","Order","702-7052514-6950634","MSCA-D70-7-3","ANGOOL Wireless Strapless Bra for Women Seamless Push Up Non-Slip Full Support Non Removable Padded Bandeau Bra, Brown, M","1","amazon.ca","Amazon","Lambton Shores","Ontario","N0N 1J","Combined TCS+MTC","22.19","2.88","0","0","0","0","0","0","0","0","-2.88","-3.77","-7.84","0","0","10.58"
"Dec 8, 2025 5:02:59 p.m. PST","25109263671","Order","702-0629463-6400209","MSCA-D76-268-3","ANGOOL Sports Bras for Women Seamless Backless Criss Cross Strappy Sports Bra Without Underwire for Workout Gym Yoga, Black+White+Green, M","1","amazon.ca","Amazon","Calmar","Alberta","T0C 0V","Combined TCS+MTC","27.99","1.40","0","0","0","0","0","0","0","0","-1.40","-4.76","-6.49","0","0","16.74"
"Dec 8, 2025 5:29:16 p.m. PST","25109263671","Fulfilment by Amazon customer return fee","701-0874851-3824235","X004L4QD0X","FBA Customer Return Per Unit Fee (Clothing & Shoes)","","Amazon.ca","","","","","","0","0","0","0","0","0","0","0","0","0","0","0","-5.28","0","0","-5.28"
"Dec 8, 2025 5:39:40 p.m. PST","25109263671","Refund","702-5384351-5937848","MSCA-D70-5-4","ANGOOL Wireless Strapless Bra for Women Seamless Push Up Non-Slip Full Support Non Removable Padded Bandeau Bra, Beige, L","1","amazon.ca","Amazon","Coquitlam","British Columbia","V3K 1X","Combined TCS+MTC","-22.19","-2.66","0","0","0","0","0","0","0","0","2.66","3.02","0","0","0","-19.17"
"Dec 8, 2025 6:39:54 p.m. PST","25109263671","Refund","701-8911288-7723428","MSCA-D70-2-4","ANGOOL Wireless Strapless Bra for Women Seamless Push Up Non-Slip Full Support Non Removable Padded Bandeau Bra, Black, L","1","amazon.ca","Amazon","Lindsay","Ontario","K9V 0J","Combined TCS+MTC","-23.99","-3.12","0","0","0","0","0","0","0","0","3.12","3.26","0","0","0","-20.73"
"Dec 8, 2025 7:16:48 p.m. PST","25109263671","Refund","701-5901552-4439401","MSCA-D70-5-4","ANGOOL Wireless Strapless Bra for Women Seamless Push Up Non-Slip Full Support Non Removable Padded Bandeau Bra, Beige, L","1","amazon.ca","Amazon","London","Ontario","N5X 2B","Combined TCS+MTC","-22.19","-2.88","0","0","0","0","0","0","0","0","2.88","3.02","0","0","0","-19.17"
"Dec 8, 2025 7:31:29 p.m. PST","25109263671","Order","701-1428875-8308248","MSCA-D70-5-3","ANGOOL Wireless Strapless Bra for Women Seamless Push Up Non-Slip Full Support Non Removable Padded Bandeau Bra, Beige, M","1","amazon.ca","Amazon","Beamsville","Ontario","L3J 0C","Combined TCS+MTC","29.99","3.90","0","0","0","0","0","0","0","0","-3.90","-5.10","-7.13","0","0","17.76"
"Dec 8, 2025 9:18:46 p.m. PST","25109263671","Order","701-6206550-0064241","MSCA-D76-2-2","ANGOOL Sports Bras for Women Seamless Backless Criss Cross Strappy Sports Bra Without Underwire for Workout Gym Yoga, Black, S","1","amazon.ca","Amazon","Hamilton","Ontario","L9A 1Y","Combined TCS+MTC","16.79","2.18","0","0","0","0","0","0","0","0","-2.18","-1.68","-6.49","0","0","8.62"
"Dec 8, 2025 10:48:17 p.m. PST","25109263671","Order","702-9939763-4087434","MSCA-D70-5-3","ANGOOL Wireless Strapless Bra for Women Seamless Push Up Non-Slip Full Support Non Removable Padded Bandeau Bra, Beige, M","1","amazon.ca","Amazon","Lindsay","Ontario","K9V 5C","Combined TCS+MTC","29.99","3.90","0","0","0","0","0","0","0","0","-3.90","-5.10","-7.13","0","0","17.76"
"Dec 9, 2025 1:58:58 a.m. PST","25109263671","Order","702-6058824-3925067","MSCA-D70-2-4","ANGOOL Wireless Strapless Bra for Women Seamless Push Up Non-Slip Full Support Non Removable Padded Bandeau Bra, Black, L","1","amazon.ca","Amazon","Innisfil","Ontario","L9S 0N","Combined TCS+MTC","29.99","3.90","0","0","0","0","0","0","0","0","-3.90","-5.10","-7.65","0","0","17.24"
"Dec 9, 2025 5:04:25 a.m. PST","25109263671","Order","702-6217192-9560203","MSCA-D70-7-5","ANGOOL Wireless Strapless Bra for Women Seamless Push Up Non-Slip Full Support Non Removable Padded Bandeau Bra, Brown, XL","1","amazon.ca","Amazon","Manotick","Ontario","K4M 0B","Combined TCS+MTC","29.99","3.90","0","0","0","0","0","0","0","0","-3.90","-5.10","-7.65","0","0","17.24"
"Dec 9, 2025 5:17:22 a.m. PST","25109263671","Order","702-8295211-6648242","MSCA-D77-7-4","ANGOOL Racerback Bras for Women Wire Free Sexy V Neck Lace Bralette Adjustable Strap Full Coverage Padded Bra, Brown, L","1","amazon.ca","Amazon","Quebec","Quebec","G1G 5C","Combined TCS+MTC","22.49","3.37","0","0","0","0","0","0","0","0","-3.37","-3.82","-7.13","0","0","11.54"
"Dec 9, 2025 7:48:26 a.m. PST","25109263671","FBA Inventory Fee","701-5629340-0488222","","Fulfilment by Amazon removal order: disposal fee","","Amazon.ca","","","","","","0","0","0","0","0","0","0","0","0","0","0","0","0","0","-0.36","-0.36"
"Dec 9, 2025 10:51:54 a.m. PST","25109263671","Order","701-2245952-1434631","MSCA-D70-2-4","ANGOOL Wireless Strapless Bra for Women Seamless Push Up Non-Slip Full Support Non Removable Padded Bandeau Bra, Black, L","1","amazon.ca","Amazon","Toronto","Ontario","M6H 3X","Combined TCS+MTC","29.99","3.90","2.33","0","0","0","0","0","-2.33","0","-3.90","-5.10","-7.65","0","0","17.24"
"Dec 9, 2025 12:26:36 p.m. PST","25109263671","Order","702-2685689-5903436","MSCA-D70-5-2","ANGOOL Wireless Strapless Bra for Women Seamless Push Up Non-Slip Full Support Non Removable Padded Bandeau Bra, Beige, S","1","amazon.ca","Amazon","Saint-Felicien","Quebec","G8K 2J","Combined TCS+MTC","22.19","3.32","0","0","0","0","0","0","0","0","-3.32","-3.77","-7.84","0","0","10.58"
"Dec 9, 2025 1:19:56 p.m. PST","25109263671","Refund","702-7052514-6950634","MSCA-D70-7-3","ANGOOL Wireless Strapless Bra for Women Seamless Push Up Non-Slip Full Support Non Removable Padded Bandeau Bra, Brown, M","1","amazon.ca","Amazon","Lambton Shores","Ontario","N0N 1J","Combined TCS+MTC","-22.19","-2.88","0","0","0","0","0","0","0","0","2.88","3.02","0","0","0","-19.17"
"Dec 9, 2025 1:33:34 p.m. PST","25109263671","Order","701-0648672-0751431","MSCA-D76-2-2","ANGOOL Sports Bras for Women Seamless Backless Criss Cross Strappy Sports Bra Without Underwire for Workout Gym Yoga, Black, S","1","amazon.ca","Amazon","Drummondville","Quebec","J2C 7T","Combined TCS+MTC","16.79","2.51","0","0","0","0","0","0","0","0","-2.51","-1.68","-6.49","0","0","8.62"
"Dec 9, 2025 3:28:56 p.m. PST","25109263671","Fulfilment by Amazon customer return fee","702-7852696-9598622","X004L5YB0B","FBA Customer Return Per Unit Fee (Clothing & Shoes)","","Amazon.ca","","","","","","0","0","0","0","0","0","0","0","0","0","0","0","-4.92","0","0","-4.92"
"Dec 9, 2025 5:12:32 p.m. PST","25109263671","Fulfilment by Amazon customer return fee","701-1827243-3728245","X004L4QD0X","FBA Customer Return Per Unit Fee (Clothing & Shoes)","","Amazon.ca","","","","","","0","0","0","0","0","0","0","0","0","0","0","0","-5.28","0","0","-5.28"
"Dec 9, 2025 7:15:37 p.m. PST","25109263671","Order","701-8485137-2522637","MSCA-D70-25-4","ANGOOL Wireless Strapless Bra for Women Seamless Push Up Non-Slip Full Support Non Removable Padded Bandeau Bra, Black+Beige, L","1","amazon.ca","Amazon","Victoria Harbour","Ontario","L0K 2A","Combined TCS+MTC","42.99","5.59","0","0","0","0","0","0","0","0","-5.59","-7.31","-8.74","0","0","26.94"
"Dec 9, 2025 8:05:23 p.m. PST","25109263671","Fulfilment by Amazon customer return fee","701-1371978-8831410","X004L5ZMNV","FBA Customer Return Per Unit Fee (Clothing & Shoes)","","Amazon.ca","","","","","","0","0","0","0","0","0","0","0","0","0","0","0","-4.57","0","0","-4.57"
"Dec 9, 2025 9:35:30 p.m. PST","25109263671","Order","701-3847796-4665860","MSCA-D70-5-3","ANGOOL Wireless Strapless Bra for Women Seamless Push Up Non-Slip Full Support Non Removable Padded Bandeau Bra, Beige, M","1","amazon.ca","Amazon","KAMLOOPS","BC","V2C0K","Combined TCS+MTC","29.99","3.60","0","0","0","0","0","0","0","0","-3.60","-5.10","-7.63","0","0","17.26"
"Dec 9, 2025 10:00:10 p.m. PST","25109263671","Order","701-2408121-0344212","MSCA-D70-2-4","ANGOOL Wireless Strapless Bra for Women Seamless Push Up Non-Slip Full Support Non Removable Padded Bandeau Bra, Black, L","1","amazon.ca","Amazon","Brampton","Ontario","L6Z 3N","Combined TCS+MTC","29.99","3.90","0","0","0","0","0","0","0","0","-3.90","-5.10","-7.65","0","0","17.24"
"Dec 9, 2025 10:00:10 p.m. PST","25109263671","Order","701-2408121-0344212","MSCA-D70-2-5","ANGOOL Wireless Strapless Bra for Women Seamless Push Up Non-Slip Full Support Non Removable Padded Bandeau Bra, Black, XL","1","amazon.ca","Amazon","Brampton","Ontario","L6Z 3N","Combined TCS+MTC","29.99","3.90","0","0","0","0","0","0","0","0","-3.90","-5.10","-7.65","0","0","17.24"
"Dec 9, 2025 10:37:14 p.m. PST","25109263671","Order","701-9348891-9355451","MSCA-D70-2-3","ANGOOL Wireless Strapless Bra for Women Seamless Push Up Non-Slip Full Support Non Removable Padded Bandeau Bra, Black, M","1","amazon.ca","Amazon","Boucherville","Quebec","J4B 4N","Combined TCS+MTC","29.99","4.49","0","0","0","0","0","0","0","0","-4.49","-5.10","-7.65","0","0","17.24"
"Dec 9, 2025 10:37:14 p.m. PST","25109263671","Order","701-9348891-9355451","MSCA-D70-2-2","ANGOOL Wireless Strapless Bra for Women Seamless Push Up Non-Slip Full Support Non Removable Padded Bandeau Bra, Black, S","1","amazon.ca","Amazon","Boucherville","Quebec","J4B 4N","Combined TCS+MTC","29.99","4.49","0","0","0","0","0","0","0","0","-4.49","-5.10","-7.13","0","0","17.76"
"Dec 9, 2025 10:45:25 p.m. PST","25109263671","Order","701-7238491-1505843","MSCA-D70-5-5","ANGOOL Wireless Strapless Bra for Women Seamless Push Up Non-Slip Full Support Non Removable Padded Bandeau Bra, Beige, XL","1","amazon.ca","Amazon","Janetville","Ontario","L0B 1K","Combined TCS+MTC","29.99","3.90","0","0","0","0","0","0","0","0","-3.90","-5.10","-7.65","0","0","17.24"
"Dec 9, 2025 11:21:49 p.m. PST","25109263671","Order","701-0388637-1772256","MSCA-D70-7-3","ANGOOL Wireless Strapless Bra for Women Seamless Push Up Non-Slip Full Support Non Removable Padded Bandeau Bra, Brown, M","1","amazon.ca","Amazon","Ottawa","Ontario","K1K 4K","Combined TCS+MTC","29.99","3.90","0","0","0","0","0","0","0","0","-3.90","-5.10","-7.84","0","0","17.05"
"Dec 9, 2025 11:21:56 p.m. PST","25109263671","Order","701-1169298-7822668","MSCA-D74-6-5","ANGOOL V Neck Seamless Bralette for Women Full Coverage Wireless Padded Bra No Underwire Non Removable Pads Push Up Bras, White, XL","1","amazon.ca","Amazon","Pincher Creek","Alberta","T0K 1W","Combined TCS+MTC","22.09","1.10","0","0","0","0","0","0","0","0","-1.10","-3.76","-8.17","0","0","10.16"
"Dec 9, 2025 11:28:35 p.m. PST","25109263671","Order","702-8244542-1761859","MSCA-D70-7-3","ANGOOL Wireless Strapless Bra for Women Seamless Push Up Non-Slip Full Support Non Removable Padded Bandeau Bra, Brown, M","1","amazon.ca","Amazon","Toronto","Ontario","M4L 6S","Combined TCS+MTC","29.99","3.90","0","0","0","0","0","0","0","0","-3.90","-5.10","-7.84","0","0","17.05"
"Dec 10, 2025 12:06:12 a.m. PST","25109263671","Fulfilment by Amazon customer return fee","702-8952224-5333810","X004L5U0M9","FBA Customer Return Per Unit Fee (Clothing & Shoes)","","Amazon.ca","","","","","","0","0","0","0","0","0","0","0","0","0","0","0","-5.15","0","0","-5.15"
"Dec 10, 2025 12:13:06 a.m. PST","25109263671","Order","702-4270594-8212256","MSCA-D70-5-5","ANGOOL Wireless Strapless Bra for Women Seamless Push Up Non-Slip Full Support Non Removable Padded Bandeau Bra, Beige, XL","1","amazon.ca","Amazon","Langley","British Columbia","V2Y 0S","Combined TCS+MTC","29.99","3.60","6.99","0","0","0","0","0","-6.99","0","-3.60","-5.10","-8.19","0","0","16.70"
"Dec 10, 2025 12:49:20 a.m. PST","25109263671","Order","701-9156181-9321803","MSCA-D70-5-3","ANGOOL Wireless Strapless Bra for Women Seamless Push Up Non-Slip Full Support Non Removable Padded Bandeau Bra, Beige, M","1","amazon.ca","Amazon","Les Cedres","Quebec","J7T 1H","Combined TCS+MTC","29.99","4.49","0","0","0","0","0","0","0","0","-4.49","-5.10","-7.13","0","0","17.76"
"Dec 10, 2025 1:28:47 a.m. PST","25109263671","Order","701-0031152-7287479","MSCA-D70-5-2","ANGOOL Wireless Strapless Bra for Women Seamless Push Up Non-Slip Full Support Non Removable Padded Bandeau Bra, Beige, S","1","amazon.ca","Amazon","Guelph","Ontario","N1H 2B","Combined TCS+MTC","29.99","3.90","0","0","0","0","0","0","0","0","-3.90","-5.10","-7.84","0","0","17.05"
"Dec 10, 2025 2:18:51 a.m. PST","25109263671","Order","701-7931776-6138631","MSCA-D70-5-3","ANGOOL Wireless Strapless Bra for Women Seamless Push Up Non-Slip Full Support Non Removable Padded Bandeau Bra, Beige, M","1","amazon.ca","Amazon","TORONTO","ON","M1R1E","Combined TCS+MTC","29.99","3.90","0","0","0","0","0","0","0","0","-3.90","-5.10","-7.13","0","0","17.76"
"Dec 10, 2025 4:01:32 a.m. PST","25109263671","FBA Inventory Fee","701-1371978-8831410","","Fulfilment by Amazon removal order: disposal fee","","Amazon.ca","","","","","","0","0","0","0","0","0","0","0","0","0","0","0","0","0","-0.36","-0.36"
"Dec 10, 2025 5:11:38 a.m. PST","25109263671","Fulfilment by Amazon customer return fee","702-2757313-0865047","X004L5UE9N","FBA Customer Return Per Unit Fee (Clothing & Shoes)","","Amazon.ca","","","","","","0","0","0","0","0","0","0","0","0","0","0","0","-5.11","0","0","-5.11"
"Dec 10, 2025 6:25:36 a.m. PST","25109263671","Fulfilment by Amazon customer return fee","701-5954473-9309836","X004L5YB51","FBA Customer Return Per Unit Fee (Clothing & Shoes)","","Amazon.ca","","","","","","0","0","0","0","0","0","0","0","0","0","0","0","-4.92","0","0","-4.92"
"Dec 10, 2025 7:17:08 a.m. PST","25109263671","Order","702-7282650-0188255","MSCA-D70-2-4","ANGOOL Wireless Strapless Bra for Women Seamless Push Up Non-Slip Full Support Non Removable Padded Bandeau Bra, Black, L","1","amazon.ca","Amazon","Lethbridge","AB","T1J 5N","Combined TCS+MTC","29.99","1.50","0","0","0","0","0","0","0","0","-1.50","-5.10","-7.65","0","0","17.24"
"Dec 10, 2025 8:54:06 a.m. PST","25109263671","Order","701-6162297-0748258","MSCA-D76-208-3","ANGOOL Sports Bras for Women Seamless Backless Criss Cross Strappy Sports Bra Without Underwire for Workout Gym Yoga, Black+Grey+Green, M","1","amazon.ca","Amazon","Gabriola","British Columbia","V0R 1X","Combined TCS+MTC","27.99","3.36","0","0","0","0","0","0","0","0","-3.36","-4.76","-6.49","0","0","16.74"
"Dec 10, 2025 9:56:31 a.m. PST","25109263671","Order","701-8478983-7744206","MSCA-D70-25-2","ANGOOL Wireless Strapless Bra for Women Seamless Push Up Non-Slip Full Support Non Removable Padded Bandeau Bra, Black+Beige, S","1","amazon.ca","Amazon","Water Valley","Alberta","T0M 2E","Combined TCS+MTC","42.99","2.15","0","0","0","0","0","0","0","0","-2.15","-7.31","-7.84","0","0","27.84"
"Dec 10, 2025 11:48:37 a.m. PST","25109263671","Refund","701-1564345-6449050","MSCA-D70-7-2","ANGOOL Wireless Strapless Bra for Women Seamless Push Up Non-Slip Full Support Non Removable Padded Bandeau Bra, Brown, S","1","amazon.ca","Amazon","Oakville","Ontario","L6J 2C","Combined TCS+MTC","-22.19","-2.88","0","0","0","0","0","0","0","0","2.88","3.02","0","0","0","-19.17"
"Dec 10, 2025 12:07:23 p.m. PST","25109263671","Refund","701-3166962-4897056","MSCA-D77-6-4","ANGOOL Racerback Bras for Women Wire Free Sexy V Neck Lace Bralette Adjustable Strap Full Coverage Padded Bra, White, L","1","amazon.ca","Amazon","Burlington","Ontario","L7M 3Z","Combined TCS+MTC","-22.49","-2.92","0","0","0","0","0","0","0","0","2.92","3.06","0","0","0","-19.43"
"Dec 10, 2025 1:12:05 p.m. PST","25109263671","Order","701-0366607-2529059","MSCA-D70-25-3","ANGOOL Wireless Strapless Bra for Women Seamless Push Up Non-Slip Full Support Non Removable Padded Bandeau Bra, Black+Beige, M","1","amazon.ca","Amazon","Peachland","British Columbia","V0H 1X","Combined TCS+MTC","42.99","5.16","0","0","0","0","0","0","0","0","-5.16","-7.31","-7.84","0","0","27.84"
"Dec 10, 2025 2:23:11 p.m. PST","25109263671","Order","701-4308521-7497059","MSCA-D77-6-4","ANGOOL Racerback Bras for Women Wire Free Sexy V Neck Lace Bralette Adjustable Strap Full Coverage Padded Bra, White, L","1","amazon.ca","Amazon","Newmarket","Ontario","L3Y 0G","Combined TCS+MTC","22.49","2.92","2.93","0","0","0","0","0","-2.93","0","-2.92","-3.82","-7.13","0","0","11.54"
"Dec 10, 2025 2:40:59 p.m. PST","25109263671","Adjustment","702-7777312-0819438","MSCA-D77-5-6","FBA Inventory Reimbursement - Customer Return","1","","","","","","","0","0","0","0","0","0","0","0","0","0","0","0","0","0","12.78","12.78"
"Dec 10, 2025 2:42:20 p.m. PST","25109263671","Order","701-2083862-1200249","MSCA-D70-5-6","ANGOOL Wireless Strapless Bra for Women Seamless Push Up Non-Slip Full Support Non Removable Padded Bandeau Bra, Beige, XXL","1","amazon.ca","Amazon","Wardsville","Ontario","N0L 2N","Combined TCS+MTC","29.99","3.90","6.99","0","0","0","0","0","-6.99","0","-3.90","-5.10","-7.65","0","0","17.24"
"Dec 10, 2025 3:56:28 p.m. PST","25109263671","Refund","701-8541014-0442606","MSCA-D77-6-4","ANGOOL Racerback Bras for Women Wire Free Sexy V Neck Lace Bralette Adjustable Strap Full Coverage Padded Bra, White, L","1","amazon.ca","Amazon","Etobicoke","Ontario","M8W 4E","Combined TCS+MTC","-22.49","-2.92","0","0","0","0","0","0","0","0","2.92","3.06","0","0","0","-19.43"
"Dec 10, 2025 4:57:17 p.m. PST","25109263671","Order","701-9578728-1486611","MSCA-D70-2-5","ANGOOL Wireless Strapless Bra for Women Seamless Push Up Non-Slip Full Support Non Removable Padded Bandeau Bra, Black, XL","1","amazon.ca","Amazon","Winnipeg","Manitoba","R3X 0J","Combined TCS+MTC","29.99","3.60","0","0","0","0","0","0","0","0","-3.60","-5.10","-7.65","0","0","17.24"
"Dec 10, 2025 7:27:04 p.m. PST","25109263671","Order","702-4524007-9174616","MSCA-D70-2-3","ANGOOL Wireless Strapless Bra for Women Seamless Push Up Non-Slip Full Support Non Removable Padded Bandeau Bra, Black, M","1","amazon.ca","Amazon","North York","Ontario","M2K 1V","Combined TCS+MTC","29.99","3.90","2.33","0","0","0","0","0","-2.33","0","-3.90","-5.10","-7.65","0","0","17.24"
"Dec 10, 2025 7:27:04 p.m. PST","25109263671","Order","702-4524007-9174616","MSCA-D70-2-4","ANGOOL Wireless Strapless Bra for Women Seamless Push Up Non-Slip Full Support Non Removable Padded Bandeau Bra, Black, L","1","amazon.ca","Amazon","North York","Ontario","M2K 1V","Combined TCS+MTC","29.99","3.90","2.33","0","0","0","0","0","-2.33","0","-3.90","-5.10","-7.65","0","0","17.24"
"Dec 10, 2025 8:10:47 p.m. PST","25109263671","Order","702-4848206-4088210","MSCA-D70-5-3","ANGOOL Wireless Strapless Bra for Women Seamless Push Up Non-Slip Full Support Non Removable Padded Bandeau Bra, Beige, M","1","amazon.ca","Amazon","Terrebonne","Québec","J6X 2N","Combined TCS+MTC","29.99","4.49","2.51","0","0","0","0","0","-2.51","0","-4.49","-5.10","-7.13","0","0","17.76"
"Dec 10, 2025 9:07:36 p.m. PST","25109263671","Order","702-4761515-1436216","MSCA-D70-5-4","ANGOOL Wireless Strapless Bra for Women Seamless Push Up Non-Slip Full Support Non Removable Padded Bandeau Bra, Beige, L","1","amazon.ca","Amazon","Montreal","Quebec","H2S 2G","Combined TCS+MTC","29.99","4.49","0","0","0","0","0","0","0","0","-4.49","-5.10","-7.65","0","0","17.24"
"Dec 10, 2025 9:16:47 p.m. PST","25109263671","Refund","702-9886219-1003427","MSCA-D70-5-5","ANGOOL Wireless Strapless Bra for Women Seamless Push Up Non-Slip Full Support Non Removable Padded Bandeau Bra, Beige, XL","1","amazon.ca","Amazon","Surrey","British Columbia","V3W 5B","Combined TCS+MTC","-29.99","-3.60","0","0","0","0","0","0","0","0","3.60","4.08","0","0","0","-25.91"
"Dec 10, 2025 9:19:00 p.m. PST","25109263671","Refund","702-4500618-3471405","MSCA-D70-25-2","ANGOOL Wireless Strapless Bra for Women Seamless Push Up Non-Slip Full Support Non Removable Padded Bandeau Bra, Black+Beige, S","1","amazon.ca","Amazon","Richmond","British Columbia","V6X 3R","Combined TCS+MTC","-31.81","-3.82","0","0","0","0","0","0","0","0","3.82","4.33","0","0","0","-27.48"
"Dec 10, 2025 10:28:31 p.m. PST","25109263671","Order","701-9516535-4789834","MSCA-D70-2-4","ANGOOL Wireless Strapless Bra for Women Seamless Push Up Non-Slip Full Support Non Removable Padded Bandeau Bra, Black, L","1","amazon.ca","Amazon","WEST ST PAUL","Manitoba","R4A 1A","Combined TCS+MTC","29.99","3.60","0","0","0","0","0","0","0","0","-3.60","-5.10","-7.65","0","0","17.24"
"Dec 11, 2025 3:44:12 a.m. PST","25109263671","Order","702-7317414-9365016","MSCA-D77-6-3","ANGOOL Racerback Bras for Women Wire Free Sexy V Neck Lace Bralette Adjustable Strap Full Coverage Padded Bra, White, M","1","amazon.ca","Amazon","Foothills","Alberta","T1S 2B","Combined TCS+MTC","22.49","1.12","0","0","0","0","0","0","0","0","-1.12","-3.82","-7.13","0","0","11.54"
"Dec 11, 2025 3:44:12 a.m. PST","25109263671","Order","702-7317414-9365016","MSCA-D77-7-3","ANGOOL Racerback Bras for Women Wire Free Sexy V Neck Lace Bralette Adjustable Strap Full Coverage Padded Bra, Brown, M","1","amazon.ca","Amazon","Foothills","Alberta","T1S 2B","Combined TCS+MTC","22.49","1.12","0","0","0","0","0","0","0","0","-1.12","-3.82","-7.13","0","0","11.54"
"Dec 11, 2025 5:25:32 a.m. PST","25109263671","Order","702-6782907-3095446","MSCA-D70-25-5","ANGOOL Wireless Strapless Bra for Women Seamless Push Up Non-Slip Full Support Non Removable Padded Bandeau Bra, Black+Beige, XL","1","amazon.ca","Amazon","Edmonton","Alberta","T6C 1B","Combined TCS+MTC","42.99","2.15","0","0","0","0","0","0","0","0","-2.15","-7.31","-8.17","0","0","27.51"
"Dec 11, 2025 6:11:28 a.m. PST","25109263671","Order","702-2120423-6466654","MSCA-D70-2-4","ANGOOL Wireless Strapless Bra for Women Seamless Push Up Non-Slip Full Support Non Removable Padded Bandeau Bra, Black, L","1","amazon.ca","Amazon","Kelowna","British Columbia","V1Y 4S","Combined TCS+MTC","29.99","3.60","0","0","0","0","0","0","0","0","-3.60","-5.10","-7.65","0","0","17.24"
"Dec 11, 2025 6:32:13 a.m. PST","25109263671","Fulfilment by Amazon customer return fee","702-4380363-2557024","X004L5KTDT","FBA Customer Return Per Unit Fee (Clothing & Shoes)","","Amazon.ca","","","","","","0","0","0","0","0","0","0","0","0","0","0","0","-5.15","0","0","-5.15"
"Dec 11, 2025 8:53:39 a.m. PST","25109263671","Fulfilment by Amazon customer return fee","702-0480132-2985051","X004L5Z4DT","FBA Customer Return Per Unit Fee (Clothing & Shoes)","","Amazon.ca","","","","","","0","0","0","0","0","0","0","0","0","0","0","0","-4.92","0","0","-4.92"
"Dec 11, 2025 9:42:39 a.m. PST","25109263671","Fulfilment by Amazon customer return fee","702-1087506-4445807","X004L5YW73","FBA Customer Return Per Unit Fee (Clothing & Shoes)","","Amazon.ca","","","","","","0","0","0","0","0","0","0","0","0","0","0","0","-4.92","0","0","-4.92"
"Dec 11, 2025 10:07:29 a.m. PST","25109263671","Order","701-4323930-1368224","MSCA-D77-6-4","ANGOOL Racerback Bras for Women Wire Free Sexy V Neck Lace Bralette Adjustable Strap Full Coverage Padded Bra, White, L","2","amazon.ca","Amazon","St Catharines","ON","L2M 1P","Combined TCS+MTC","44.98","5.84","6.99","0","0","0","0","0","-6.99","0","-5.84","-7.64","-14.26","0","0","23.08"
"Dec 11, 2025 10:41:45 a.m. PST","25109263671","Order","701-6458713-7637002","MSCA-D70-7-6","ANGOOL Wireless Strapless Bra for Women Seamless Push Up Non-Slip Full Support Non Removable Padded Bandeau Bra, Brown, XXL","1","amazon.ca","Amazon","Toronto","Ontario","M9A 2T","Combined TCS+MTC","29.99","3.90","6.99","0","0","0","0","0","-6.99","0","-3.90","-5.10","-7.13","0","0","17.76"
"Dec 11, 2025 12:11:19 p.m. PST","25109263671","Order","701-1697508-7713015","MSCA-D76-208-3","ANGOOL Sports Bras for Women Seamless Backless Criss Cross Strappy Sports Bra Without Underwire for Workout Gym Yoga, Black+Grey+Green, M","1","amazon.ca","Amazon","Dartmouth","Nova Scotia","B2W 0N","Combined TCS+MTC","27.99","3.92","0","0","0","0","0","0","0","0","-3.92","-4.76","-6.49","0","0","16.74"
"Dec 11, 2025 12:17:05 p.m. PST","25109263671","Adjustment","701-0306636-9274669","MSCA-D77-7-4","FBA Inventory Reimbursement - Customer Return","1","","","","","","","0","0","0","0","0","0","0","0","0","0","0","0","0","0","12.78","12.78"
"Dec 11, 2025 12:49:04 p.m. PST","25109263671","Order","702-4819784-3127423","MSCA-D70-6-3","ANGOOL Wireless Strapless Bra for Women Seamless Push Up Non-Slip Full Support Non Removable Padded Bandeau Bra, White, M","1","amazon.ca","Amazon","Toronto","Ontario","M5R 1B","Combined TCS+MTC","29.99","3.90","0","0","0","0","0","0","0","0","-3.90","-5.10","-7.13","0","0","17.76"
"Dec 11, 2025 1:20:34 p.m. PST","25109263671","FBA Inventory Fee","Ad7OW3ffoz","","Fulfilment by Amazon removal order: disposal fee","","Amazon.ca","","","","","","0","0","0","0","0","0","0","0","0","0","0","0","0","0","-0.82","-0.82"
"Dec 11, 2025 1:45:18 p.m. PST","25109263671","Refund","701-1104589-4553803","MSCA-D70-7-5","ANGOOL Wireless Strapless Bra for Women Seamless Push Up Non-Slip Full Support Non Removable Padded Bandeau Bra, Brown, XL","1","amazon.ca","Amazon","Tottenham","Ontario","L0G 1W","Combined TCS+MTC","-22.19","-2.88","0","0","0","0","0","0","0","0","2.88","3.02","0","0","0","-19.17"
"Dec 11, 2025 2:47:00 p.m. PST","25109263671","Order","702-9445494-0205853","MSCA-D70-5-4","ANGOOL Wireless Strapless Bra for Women Seamless Push Up Non-Slip Full Support Non Removable Padded Bandeau Bra, Beige, L","1","amazon.ca","Amazon","Neguac","New Brunswick","E9G 1H","Combined TCS+MTC","29.99","4.50","0","0","0","0","0","0","0","0","-4.50","-5.10","-7.65","0","0","17.24"
"Dec 11, 2025 2:49:41 p.m. PST","25109263671","FBA Inventory Fee","702-1087506-4445807","","Fulfilment by Amazon removal order: disposal fee","","Amazon.ca","","","","","","0","0","0","0","0","0","0","0","0","0","0","0","0","0","-0.36","-0.36"
"Dec 11, 2025 3:59:46 p.m. PST","25109263671","Refund","701-1104589-4553803","MSCA-D70-7-6","ANGOOL Wireless Strapless Bra for Women Seamless Push Up Non-Slip Full Support Non Removable Padded Bandeau Bra, Brown, XXL","1","amazon.ca","Amazon","Tottenham","Ontario","L0G 1W","Combined TCS+MTC","-22.19","-2.88","0","0","0","0","0","0","0","0","2.88","3.02","0","0","0","-19.17"
"Dec 11, 2025 5:37:03 p.m. PST","25109263671","Fulfilment by Amazon customer return fee","702-5370059-8681800","X004L5KTDT","FBA Customer Return Per Unit Fee (Clothing & Shoes)","","Amazon.ca","","","","","","0","0","0","0","0","0","0","0","0","0","0","0","-5.15","0","0","-5.15"
"Dec 11, 2025 7:21:47 p.m. PST","25109263671","Order","702-2416053-7455427","MSCA-D70-5-5","ANGOOL Wireless Strapless Bra for Women Seamless Push Up Non-Slip Full Support Non Removable Padded Bandeau Bra, Beige, XL","1","amazon.ca","Amazon","Montreal","Quebec","H2S 2G","Combined TCS+MTC","29.99","4.49","0","0","0","0","0","0","0","0","-4.49","-5.10","-7.65","0","0","17.24"
"Dec 11, 2025 9:48:28 p.m. PST","25109263671","Order","701-8839786-6985801","MSCA-D70-2-3","ANGOOL Wireless Strapless Bra for Women Seamless Push Up Non-Slip Full Support Non Removable Padded Bandeau Bra, Black, M","1","amazon.ca","Amazon","Woodstock","Ontario","N4T 0H","Combined TCS+MTC","29.99","3.90","0","0","0","0","0","0","0","0","-3.90","-5.10","-7.65","0","0","17.24"
"Dec 11, 2025 10:02:13 p.m. PST","25109263671","Order","701-3733304-1377853","MSCA-D70-25-4","ANGOOL Wireless Strapless Bra for Women Seamless Push Up Non-Slip Full Support Non Removable Padded Bandeau Bra, Black+Beige, L","1","amazon.ca","Amazon","Calgary","Alberta","T3H 2L","Combined TCS+MTC","42.99","2.15","0","0","0","0","0","0","0","0","-2.15","-7.31","-8.74","0","0","26.94"
"Dec 11, 2025 11:48:01 p.m. PST","25109263671","Order","701-1243827-0444235","MSCA-D70-2-3","ANGOOL Wireless Strapless Bra for Women Seamless Push Up Non-Slip Full Support Non Removable Padded Bandeau Bra, Black, M","1","amazon.ca","Amazon","Val Caron","Ontario","P3N 1G","Combined TCS+MTC","29.99","3.90","0","0","0","0","0","0","0","0","-3.90","-5.10","-7.65","0","0","17.24"
"Dec 12, 2025 1:07:34 a.m. PST","25109263671","Fulfilment by Amazon customer return fee","701-3027775-7120251","X004L5KTDT","FBA Customer Return Per Unit Fee (Clothing & Shoes)","","Amazon.ca","","","","","","0","0","0","0","0","0","0","0","0","0","0","0","-5.15","0","0","-5.15"
"Dec 12, 2025 1:29:12 a.m. PST","25109263671","Order","701-1011918-7387444","MSCA-D77-6-5","ANGOOL Racerback Bras for Women Wire Free Sexy V Neck Lace Bralette Adjustable Strap Full Coverage Padded Bra, White, XL","2","amazon.ca","Amazon","St Catharines","ON","L2M 1P","Combined TCS+MTC","44.98","5.84","0","0","0","0","0","0","0","0","-5.84","-7.64","-14.26","0","0","23.08"
"Dec 12, 2025 3:09:57 a.m. PST","25109263671","Order","701-9279150-9865060","MSCA-D70-7-2","ANGOOL Wireless Strapless Bra for Women Seamless Push Up Non-Slip Full Support Non Removable Padded Bandeau Bra, Brown, S","1","amazon.ca","Amazon","Edmonton","Alberta","T6A 2V","Combined TCS+MTC","29.99","1.50","0","0","0","0","0","0","0","0","-1.50","-5.10","-7.13","0","0","17.76"
"Dec 12, 2025 3:52:45 a.m. PST","25109263671","Order","702-3708009-9954606","MSCA-D70-5-3","ANGOOL Wireless Strapless Bra for Women Seamless Push Up Non-Slip Full Support Non Removable Padded Bandeau Bra, Beige, M","1","amazon.ca","Amazon","Mississauga","ON","L5L2R","Combined TCS+MTC","29.99","3.90","0","0","0","0","0","0","0","0","-3.90","-5.10","-7.63","0","0","17.26"
"Dec 12, 2025 4:29:02 a.m. PST","25109263671","Fulfilment by Amazon customer return fee","701-8911288-7723428","X004L5Z3KD","FBA Customer Return Per Unit Fee (Clothing & Shoes)","","Amazon.ca","","","","","","0","0","0","0","0","0","0","0","0","0","0","0","-5.03","0","0","-5.03"
"Dec 12, 2025 6:55:21 a.m. PST","25109263671","Fulfilment by Amazon customer return fee","701-4722907-5865041","X004L5UE9N","FBA Customer Return Per Unit Fee (Clothing & Shoes)","","Amazon.ca","","","","","","0","0","0","0","0","0","0","0","0","0","0","0","-5.15","0","0","-5.15"
"Dec 12, 2025 7:20:36 a.m. PST","25109263671","Order","701-9884598-8377010","MSCA-D70-2-6","ANGOOL Wireless Strapless Bra for Women Seamless Push Up Non-Slip Full Support Non Removable Padded Bandeau Bra, Black, XXL","1","amazon.ca","Amazon","Repentigny","Quebec","J5Y 2R","Combined TCS+MTC","29.99","4.49","1.17","0","0","0","0","0","-1.17","0","-4.49","-5.10","-7.13","0","0","17.76"
"Dec 12, 2025 10:34:59 a.m. PST","25109263671","Fulfilment by Amazon customer return fee","702-4037016-5241828","X004L5KTDT","FBA Customer Return Per Unit Fee (Clothing & Shoes)","","Amazon.ca","","","","","","0","0","0","0","0","0","0","0","0","0","0","0","-5.15","0","0","-5.15"
"Dec 12, 2025 11:59:38 a.m. PST","25109263671","Order","701-2070019-0721864","MSCA-D70-5-5","ANGOOL Wireless Strapless Bra for Women Seamless Push Up Non-Slip Full Support Non Removable Padded Bandeau Bra, Beige, XL","1","amazon.ca","Amazon","Peterborough","Ontario","K9J 5G","Combined TCS+MTC","29.99","3.90","0","0","0","0","0","0","0","0","-3.90","-5.10","-7.65","0","0","17.24"
"Dec 12, 2025 1:56:10 p.m. PST","25109263671","Order","702-6824338-8732211","MSCA-D70-5-2","ANGOOL Wireless Strapless Bra for Women Seamless Push Up Non-Slip Full Support Non Removable Padded Bandeau Bra, Beige, S","1","amazon.ca","Amazon","Calgary","Alberta","T3R 0T","Combined TCS+MTC","29.99","1.50","0","0","0","0","0","0","0","0","-1.50","-5.10","-7.84","0","0","17.05"
"Dec 12, 2025 3:01:40 p.m. PST","25109263671","Adjustment","701-1340191-3366648","MSCA-D70-5-2","FBA Inventory Reimbursement - Customer Return","1","","","","","","","0","0","0","0","0","0","0","0","0","0","0","0","0","0","15.81","15.81"
"Dec 12, 2025 3:36:46 p.m. PST","25109263671","Order","702-8545616-8991450","MSCA-D76-268-3","ANGOOL Sports Bras for Women Seamless Backless Criss Cross Strappy Sports Bra Without Underwire for Workout Gym Yoga, Black+White+Green, M","1","amazon.ca","Amazon","Otterburn Park","Quebec","J3H 0P","Combined TCS+MTC","27.99","4.19","0","0","0","0","0","0","0","0","-4.19","-4.76","-6.49","0","0","16.74"
"Dec 12, 2025 6:01:49 p.m. PST","25109263671","Order","702-8548907-3624222","MSCA-D70-2-4","ANGOOL Wireless Strapless Bra for Women Seamless Push Up Non-Slip Full Support Non Removable Padded Bandeau Bra, Black, L","1","amazon.ca","Amazon","Amherstburg","Ontario","N9V 0G","Combined TCS+MTC","29.99","3.90","0","0","0","0","0","0","0","0","-3.90","-5.10","-7.65","0","0","17.24"
"Dec 12, 2025 6:27:13 p.m. PST","25109263671","Refund","701-7931776-6138631","MSCA-D70-5-3","ANGOOL Wireless Strapless Bra for Women Seamless Push Up Non-Slip Full Support Non Removable Padded Bandeau Bra, Beige, M","1","amazon.ca","Amazon","TORONTO","ON","M1R1E","Combined TCS+MTC","-29.99","-3.90","0","0","0","0","0","0","0","0","3.90","4.08","0","0","0","-25.91"
"Dec 12, 2025 6:58:14 p.m. PST","25109263671","Order","702-8030036-5411434","MSCA-D70-6-5","ANGOOL Wireless Strapless Bra for Women Seamless Push Up Non-Slip Full Support Non Removable Padded Bandeau Bra, White, XL","1","amazon.ca","Amazon","Port Franks","Ontario","N0M 2L","Combined TCS+MTC","29.99","3.90","0","0","0","0","0","0","0","0","-3.90","-5.10","-7.13","0","0","17.76"
"Dec 12, 2025 7:24:28 p.m. PST","25109263671","Order","702-2380868-1705848","MSCA-D70-2-3","ANGOOL Wireless Strapless Bra for Women Seamless Push Up Non-Slip Full Support Non Removable Padded Bandeau Bra, Black, M","1","amazon.ca","Amazon","Sainte-Julie","Quebec","J3E 1R","Combined TCS+MTC","29.99","4.49","0","0","0","0","0","0","0","0","-4.49","-5.10","-7.65","0","0","17.24"
"Dec 12, 2025 7:38:31 p.m. PST","25109263671","Order","702-6307321-8430616","MSCA-D70-6-5","ANGOOL Wireless Strapless Bra for Women Seamless Push Up Non-Slip Full Support Non Removable Padded Bandeau Bra, White, XL","1","amazon.ca","Amazon","Edmonton","Alberta","T6T 0E","Combined TCS+MTC","29.99","1.50","6.99","0","0","0","0","0","-6.99","0","-1.50","-5.10","-7.13","0","0","17.76"
"Dec 12, 2025 8:07:30 p.m. PST","25109263671","Order","702-9938100-2723434","MSCA-D70-2-2","ANGOOL Wireless Strapless Bra for Women Seamless Push Up Non-Slip Full Support Non Removable Padded Bandeau Bra, Black, S","1","amazon.ca","Amazon","Mitchell","Manitoba","R5G2X","Combined TCS+MTC","29.99","3.60","0","0","0","0","0","0","0","0","-3.60","-5.10","-7.13","0","0","17.76"
"Dec 12, 2025 8:10:54 p.m. PST","25109263671","Order","702-8647214-7941016","MSCA-D70-5-6","ANGOOL Wireless Strapless Bra for Women Seamless Push Up Non-Slip Full Support Non Removable Padded Bandeau Bra, Beige, XXL","1","amazon.ca","Amazon","Edmonton","Alberta","T6J 1B","Combined TCS+MTC","29.99","1.50","0","0","0","0","0","0","0","0","-1.50","-5.10","-7.65","0","0","17.24"
"Dec 12, 2025 11:24:20 p.m. PST","25109263671","Adjustment","","MSCA-D70-5-5","FBA Inventory Reimbursement - Lost:Warehouse","1","","","","","","","0","0","0","0","0","0","0","0","0","0","0","0","0","0","10.08","10.08"
"Dec 13, 2025 1:42:47 a.m. PST","25109263671","Order","701-5258739-5825003","MSCA-D70-25-4","ANGOOL Wireless Strapless Bra for Women Seamless Push Up Non-Slip Full Support Non Removable Padded Bandeau Bra, Black+Beige, L","1","amazon.ca","Amazon","Sainte-Marthe-Sur-Le-Lac","Quebec","J0N 1P","Combined TCS+MTC","42.99","6.44","0","0","0","0","0","0","0","0","-6.44","-7.31","-8.74","0","0","26.94"
"Dec 13, 2025 3:49:25 a.m. PST","25109263671","Order","702-5217135-0435446","MSCA-D70-5-3","ANGOOL Wireless Strapless Bra for Women Seamless Push Up Non-Slip Full Support Non Removable Padded Bandeau Bra, Beige, M","1","amazon.ca","Amazon","Kitchener","Ontario","N2P 0K","Combined TCS+MTC","29.99","3.90","0","0","0","0","0","0","0","0","-3.90","-5.10","-7.63","0","0","17.26"
"Dec 13, 2025 5:49:24 a.m. PST","25109263671","Fulfilment by Amazon customer return fee","701-1564345-6449050","X004L5VMH1","FBA Customer Return Per Unit Fee (Clothing & Shoes)","","Amazon.ca","","","","","","0","0","0","0","0","0","0","0","0","0","0","0","-4.92","0","0","-4.92"
"Dec 13, 2025 7:45:01 a.m. PST","25109263671","Order","702-3959154-6857806","MSCA-D76-2-2","ANGOOL Sports Bras for Women Seamless Backless Criss Cross Strappy Sports Bra Without Underwire for Workout Gym Yoga, Black, S","1","amazon.ca","Amazon","Edmonton","Alberta","T6M 0C","Combined TCS+MTC","23.99","1.20","0","0","0","0","0","0","0","0","-1.20","-4.08","-6.49","0","0","13.42"
"Dec 13, 2025 8:14:50 a.m. PST","25109263671","Fulfilment by Amazon customer return fee","701-3166962-4897056","X004P55DP9","FBA Customer Return Per Unit Fee (Clothing & Shoes)","","Amazon.ca","","","","","","0","0","0","0","0","0","0","0","0","0","0","0","-4.92","0","0","-4.92"
"Dec 13, 2025 9:20:55 a.m. PST","25109263671","Order","702-4907946-3818609","MSCA-D70-25-4","ANGOOL Wireless Strapless Bra for Women Seamless Push Up Non-Slip Full Support Non Removable Padded Bandeau Bra, Black+Beige, L","1","amazon.ca","Amazon","Cloyne","Ontario","K0H 1K","Combined TCS+MTC","42.99","5.59","2.74","0","0","0","0","0","-2.74","0","-5.59","-7.31","-8.74","0","0","26.94"
"Dec 13, 2025 9:57:17 a.m. PST","25109263671","Refund","702-5571161-5027404","MSCA-D70-2-2","ANGOOL Wireless Strapless Bra for Women Seamless Push Up Non-Slip Full Support Non Removable Padded Bandeau Bra, Black, S","1","amazon.ca","Amazon","Toronto","Ontario","M6G 3L","Combined TCS+MTC","-22.19","-2.88","0","0","0","0","0","0","0","0","2.88","3.02","0","0","0","-19.17"
"Dec 13, 2025 12:25:11 p.m. PST","25109263671","Refund","701-0120558-6335472","MSCA-D70-2-6","ANGOOL Wireless Strapless Bra for Women Seamless Push Up Non-Slip Full Support Non Removable Padded Bandeau Bra, Black, XXL","1","amazon.ca","Amazon","Keswick","Ontario","L4P 3E","Combined TCS+MTC","-22.19","-2.88","0","0","0","0","0","0","0","0","2.88","3.02","0","0","0","-19.17"
"Dec 13, 2025 12:36:43 p.m. PST","25109263671","Refund","701-4323930-1368224","MSCA-D77-6-4","ANGOOL Racerback Bras for Women Wire Free Sexy V Neck Lace Bralette Adjustable Strap Full Coverage Padded Bra, White, L","2","amazon.ca","Amazon","St Catharines","ON","L2M 1P","Combined TCS+MTC","-44.98","-5.84","-6.99","0","0","0","0","0","6.99","0","5.84","6.11","0","0","0","-38.87"
"Dec 13, 2025 12:41:25 p.m. PST","25109263671","Order","701-5138528-9534612","MSCA-D70-6-2","ANGOOL Wireless Strapless Bra for Women Seamless Push Up Non-Slip Full Support Non Removable Padded Bandeau Bra, White, S","1","amazon.ca","Amazon","Goderich","Ontario","N7A 4H","Combined TCS+MTC","29.99","3.90","3.27","0","0","0","0","0","-3.27","0","-3.90","-5.10","-6.74","0","0","18.15"
"Dec 13, 2025 2:16:52 p.m. PST","25109263671","Order","702-3895161-5596265","MSCA-D70-7-5","ANGOOL Wireless Strapless Bra for Women Seamless Push Up Non-Slip Full Support Non Removable Padded Bandeau Bra, Brown, XL","1","amazon.ca","Amazon","Thornhill","Ontario","L3T 4J","Combined TCS+MTC","29.99","3.90","0","0","0","0","0","0","0","0","-3.90","-5.10","-7.65","0","0","17.24"
"Dec 13, 2025 2:59:54 p.m. PST","25109263671","Order","702-3818038-9263430","MSCA-D70-7-3","ANGOOL Wireless Strapless Bra for Women Seamless Push Up Non-Slip Full Support Non Removable Padded Bandeau Bra, Brown, M","1","amazon.ca","Amazon","Etobicoke","Ontario","M8V 3W","Combined TCS+MTC","29.99","3.90","0","0","0","0","0","0","0","0","-3.90","-5.10","-7.84","0","0","17.05"
"Dec 13, 2025 3:13:20 p.m. PST","25109263671","Order","701-4201172-5685039","MSCA-D70-5-4","ANGOOL Wireless Strapless Bra for Women Seamless Push Up Non-Slip Full Support Non Removable Padded Bandeau Bra, Beige, L","1","amazon.ca","Amazon","Trenton","Ontario","K8V 2L","Combined TCS+MTC","29.99","3.90","0","0","0","0","0","0","0","0","-3.90","-5.10","-7.65","0","0","17.24"
"Dec 13, 2025 6:13:27 p.m. PST","25109263671","Order","701-7688398-0148244","MSCA-D70-7-5","ANGOOL Wireless Strapless Bra for Women Seamless Push Up Non-Slip Full Support Non Removable Padded Bandeau Bra, Brown, XL","1","amazon.ca","Amazon","Binbrook","Ontario","L0R 1C","Combined TCS+MTC","29.99","3.90","6.99","0","0","0","0","0","-6.99","0","-3.90","-5.10","-7.65","0","0","17.24"
"Dec 13, 2025 6:45:30 p.m. PST","25109263671","Order","702-6370645-1928220","MSCA-D70-2-3","ANGOOL Wireless Strapless Bra for Women Seamless Push Up Non-Slip Full Support Non Removable Padded Bandeau Bra, Black, M","1","amazon.ca","Amazon","Ariss","Ontario","N0B 1B","Combined TCS+MTC","29.99","3.90","0","0","0","0","0","0","0","0","-3.90","-5.10","-7.65","0","0","17.24"
"Dec 13, 2025 7:31:17 p.m. PST","25109263671","Refund","702-8917170-6474650","MSCA-D70-5-2","ANGOOL Wireless Strapless Bra for Women Seamless Push Up Non-Slip Full Support Non Removable Padded Bandeau Bra, Beige, S","1","amazon.ca","Amazon","Coquitlam","BC","V3E 0H","Combined TCS+MTC","-29.99","-3.60","-3.92","0","0","0","0","0","3.92","0","3.60","4.08","0","0","0","-25.91"
"Dec 13, 2025 7:31:17 p.m. PST","25109263671","Refund","702-8917170-6474650","MSCA-D70-5-3","ANGOOL Wireless Strapless Bra for Women Seamless Push Up Non-Slip Full Support Non Removable Padded Bandeau Bra, Beige, M","1","amazon.ca","Amazon","Coquitlam","BC","V3E 0H","Combined TCS+MTC","-29.99","-3.60","-3.93","0","0","0","0","0","3.93","0","3.60","4.08","0","0","0","-25.91"
"Dec 13, 2025 11:24:06 p.m. PST","25109263671","Order","701-2834521-3601830","MSCA-D74-5-2","ANGOOL V Neck Seamless Bralette for Women Full Coverage Wireless Padded Bra No Underwire Non Removable Pads Push Up Bras, Beige, S","1","amazon.ca","Amazon","Brampton","Ontario","L6X 4L","Combined TCS+MTC","22.09","2.87","0","0","0","0","0","0","0","0","-2.87","-3.76","-8.17","0","0","10.16"
"Dec 14, 2025 12:20:36 a.m. PST","25109263671","Order","702-0379384-4729000","MSCA-D70-25-2","ANGOOL Wireless Strapless Bra for Women Seamless Push Up Non-Slip Full Support Non Removable Padded Bandeau Bra, Black+Beige, S","1","amazon.ca","Amazon","Abbotsford","Bc","V4X 2C","Combined TCS+MTC","42.99","5.16","3.49","0","0","0","0","0","-3.49","0","-5.16","-7.31","-8.39","0","0","27.29"
"Dec 14, 2025 12:29:08 a.m. PST","25109263671","Order","701-4648302-4894608","MSCA-D77-6-5","ANGOOL Racerback Bras for Women Wire Free Sexy V Neck Lace Bralette Adjustable Strap Full Coverage Padded Bra, White, XL","1","amazon.ca","Amazon","Etobicoke","Ontario","M8W 4E","Combined TCS+MTC","22.49","2.92","0","0","0","0","0","0","0","0","-2.92","-3.82","-7.13","0","0","11.54"
"Dec 14, 2025 2:23:07 a.m. PST","25109263671","Order","701-5040416-6572203","MSCA-D70-7-3","ANGOOL Wireless Strapless Bra for Women Seamless Push Up Non-Slip Full Support Non Removable Padded Bandeau Bra, Brown, M","1","amazon.ca","Amazon","Calgary","Alberta","T2R 1C","Combined TCS+MTC","29.99","1.50","2.33","0","0","0","0","0","-2.33","0","-1.50","-5.10","-7.84","0","0","17.05"
"Dec 14, 2025 9:27:56 a.m. PST","25109263671","Fulfilment by Amazon customer return fee","702-6791316-0991460","X004L5VN5R","FBA Customer Return Per Unit Fee (Clothing & Shoes)","","Amazon.ca","","","","","","0","0","0","0","0","0","0","0","0","0","0","0","-4.98","0","0","-4.98"
"Dec 14, 2025 9:45:22 a.m. PST","25109263671","Fulfilment by Amazon customer return fee","702-9256222-0132230","X004L5ZNMB","FBA Customer Return Per Unit Fee (Clothing & Shoes)","","Amazon.ca","","","","","","0","0","0","0","0","0","0","0","0","0","0","0","-4.98","0","0","-4.98"
"Dec 14, 2025 10:49:13 a.m. PST","25109263671","Fulfilment by Amazon customer return fee","702-6253726-8320243","X004L631E7","FBA Customer Return Per Unit Fee (Clothing & Shoes)","","Amazon.ca","","","","","","0","0","0","0","0","0","0","0","0","0","0","0","-4.98","0","0","-4.98"
"Dec 14, 2025 12:35:50 p.m. PST","25109263671","Refund","701-2408121-0344212","MSCA-D70-2-5","ANGOOL Wireless Strapless Bra for Women Seamless Push Up Non-Slip Full Support Non Removable Padded Bandeau Bra, Black, XL","1","amazon.ca","Amazon","Brampton","Ontario","L6Z 3N","Combined TCS+MTC","-29.99","-3.90","0","0","0","0","0","0","0","0","3.90","4.08","0","0","0","-25.91"
"Dec 14, 2025 1:01:22 p.m. PST","25109263671","Fulfilment by Amazon customer return fee","702-8055705-0544215","X004P4NM9T","FBA Customer Return Per Unit Fee (Clothing & Shoes)","","Amazon.ca","","","","","","0","0","0","0","0","0","0","0","0","0","0","0","-4.92","0","0","-4.92"
"Dec 14, 2025 1:52:30 p.m. PST","25109263671","Order","701-4769207-6524262","MSCA-D70-5-5","ANGOOL Wireless Strapless Bra for Women Seamless Push Up Non-Slip Full Support Non Removable Padded Bandeau Bra, Beige, XL","1","amazon.ca","Amazon","Sarnia","Ontario","N7S 1X","Combined TCS+MTC","29.99","3.90","0","0","0","0","0","0","0","0","-3.90","-5.10","-7.65","0","0","17.24"
"Dec 14, 2025 4:38:05 p.m. PST","25109263671","Order","701-2990722-5857819","MSCA-D77-5-6","ANGOOL Racerback Bras for Women Wire Free Sexy V Neck Lace Bralette Adjustable Strap Full Coverage Padded Bra, Beige, XXL","1","amazon.ca","Amazon","Dublin","Ontario","N0K 1E","Combined TCS+MTC","22.49","2.92","2.21","0","0","0","0","0","-2.21","0","-2.92","-3.82","-7.13","0","0","11.54"
"Dec 14, 2025 5:43:20 p.m. PST","25109263671","Order","702-1272746-0594633","MSCA-D70-25-4","ANGOOL Wireless Strapless Bra for Women Seamless Push Up Non-Slip Full Support Non Removable Padded Bandeau Bra, Black+Beige, L","1","amazon.ca","Amazon","Neuville","Québec","G0A 2R","Combined TCS+MTC","42.99","6.44","0","0","0","0","0","0","0","0","-6.44","-7.31","-8.74","0","0","26.94"
"Dec 14, 2025 5:57:58 p.m. PST","25109263671","Order","702-0638433-5942638","MSCA-D70-2-3","ANGOOL Wireless Strapless Bra for Women Seamless Push Up Non-Slip Full Support Non Removable Padded Bandeau Bra, Black, M","1","amazon.ca","Amazon","Notre-Dame-Des-Pins","Quebec","G0M 1K","Combined TCS+MTC","29.99","4.49","3.92","0","0","0","0","0","-3.92","0","-4.49","-5.10","-7.65","0","0","17.24"
"Dec 14, 2025 5:57:58 p.m. PST","25109263671","Order","702-0638433-5942638","MSCA-D70-2-2","ANGOOL Wireless Strapless Bra for Women Seamless Push Up Non-Slip Full Support Non Removable Padded Bandeau Bra, Black, S","1","amazon.ca","Amazon","Notre-Dame-Des-Pins","Quebec","G0M 1K","Combined TCS+MTC","29.99","4.49","3.93","0","0","0","0","0","-3.93","0","-4.49","-5.10","-7.13","0","0","17.76"
"Dec 14, 2025 7:28:27 p.m. PST","25109263671","Fulfilment by Amazon customer return fee","702-3606783-1329809","X004L5VLFT","FBA Customer Return Per Unit Fee (Clothing & Shoes)","","Amazon.ca","","","","","","0","0","0","0","0","0","0","0","0","0","0","0","-4.92","0","0","-4.92"
"Dec 14, 2025 7:50:44 p.m. PST","25109263671","Order","702-5348879-6241804","MSCA-D70-5-4","ANGOOL Wireless Strapless Bra for Women Seamless Push Up Non-Slip Full Support Non Removable Padded Bandeau Bra, Beige, L","1","amazon.ca","Amazon","Foothills","Alberta","T1S 0Y","Combined TCS+MTC","29.99","1.50","0","0","0","0","0","0","0","0","-1.50","-5.10","-7.65","0","0","17.24"
"Dec 14, 2025 8:12:45 p.m. PST","25109263671","Adjustment","701-5944359-1565064","MSCA-D70-25-5","FBA Inventory Reimbursement - Customer Return","1","","","","","","","0","0","0","0","0","0","0","0","0","0","0","0","0","0","22.16","22.16"
"Dec 14, 2025 9:12:41 p.m. PST","25109263671","Order","701-9512381-9670634","MSCA-D70-5-4","ANGOOL Wireless Strapless Bra for Women Seamless Push Up Non-Slip Full Support Non Removable Padded Bandeau Bra, Beige, L","1","amazon.ca","Amazon","Vauxhall","Alberta","T0K 2K","Combined TCS+MTC","29.99","1.50","0","0","0","0","0","0","0","0","-1.50","-5.10","-7.65","0","0","17.24"
"Dec 14, 2025 9:15:37 p.m. PST","25109263671","Order","701-9823413-6495422","MSCA-D70-5-2","ANGOOL Wireless Strapless Bra for Women Seamless Push Up Non-Slip Full Support Non Removable Padded Bandeau Bra, Beige, S","1","amazon.ca","Amazon","Edmonton","Alberta","T6W 2M","Combined TCS+MTC","29.99","1.50","0","0","0","0","0","0","0","0","-1.50","-5.10","-7.84","0","0","17.05"
"Dec 14, 2025 9:41:08 p.m. PST","25109263671","Fulfilment by Amazon customer return fee","701-1104589-4553803","X004L5Z4DT","FBA Customer Return Per Unit Fee (Clothing & Shoes)","","Amazon.ca","","","","","","0","0","0","0","0","0","0","0","0","0","0","0","-4.92","0","0","-4.92"
"Dec 14, 2025 9:42:38 p.m. PST","25109263671","Fulfilment by Amazon customer return fee","701-8541014-0442606","X004P55DP9","FBA Customer Return Per Unit Fee (Clothing & Shoes)","","Amazon.ca","","","","","","0","0","0","0","0","0","0","0","0","0","0","0","-4.92","0","0","-4.92"
"Dec 14, 2025 9:43:20 p.m. PST","25109263671","Fulfilment by Amazon customer return fee","701-1104589-4553803","X004L5VN5R","FBA Customer Return Per Unit Fee (Clothing & Shoes)","","Amazon.ca","","","","","","0","0","0","0","0","0","0","0","0","0","0","0","-5.03","0","0","-5.03"
"Dec 14, 2025 9:52:17 p.m. PST","25109263671","Order","701-7762572-3849033","MSCA-D70-6-2","ANGOOL Wireless Strapless Bra for Women Seamless Push Up Non-Slip Full Support Non Removable Padded Bandeau Bra, White, S","1","amazon.ca","Amazon","Grand Valley","Ontario","L9W 6V","Combined TCS+MTC","29.99","3.90","0","0","0","0","0","0","0","0","-3.90","-5.10","-6.74","0","0","18.15"
"Dec 14, 2025 10:40:37 p.m. PST","25109263671","Order","701-6244693-4925029","MSCA-D74-5-6","ANGOOL V Neck Seamless Bralette for Women Full Coverage Wireless Padded Bra No Underwire Non Removable Pads Push Up Bras, Beige, XXL","1","amazon.ca","Amazon","Woodstock","New Brunswick","E7M 2K","Combined TCS+MTC","22.09","3.31","0","0","0","0","0","0","0","0","-3.31","-3.76","-8.17","0","0","10.16"
"Dec 15, 2025 12:46:28 a.m. PST","25109263671","Fulfilment by Amazon customer return fee","701-5152438-7874630","X004L5YW73","FBA Customer Return Per Unit Fee (Clothing & Shoes)","","Amazon.ca","","","","","","0","0","0","0","0","0","0","0","0","0","0","0","-4.92","0","0","-4.92"
"Dec 15, 2025 1:37:43 a.m. PST","25109263671","Order","702-0768775-2700213","MSCA-D70-25-5","ANGOOL Wireless Strapless Bra for Women Seamless Push Up Non-Slip Full Support Non Removable Padded Bandeau Bra, Black+Beige, XL","1","amazon.ca","Amazon","Saint-Jerome","Quebec","J5L 0B","Combined TCS+MTC","42.99","6.44","0","0","0","0","0","0","0","0","-6.44","-7.31","-8.17","0","0","27.51"
"Dec 15, 2025 1:46:51 a.m. PST","25109263671","Adjustment","701-3051788-3985805","MSCA-D70-5-4","FBA Inventory Reimbursement - Customer Return","1","","","","","","","0","0","0","0","0","0","0","0","0","0","0","0","0","0","13.51","13.51"
"Dec 15, 2025 3:45:58 a.m. PST","25109263671","Order","701-0647701-4017024","MSCA-D70-7-3","ANGOOL Wireless Strapless Bra for Women Seamless Push Up Non-Slip Full Support Non Removable Padded Bandeau Bra, Brown, M","1","amazon.ca","Amazon","Saint-Eustache","Quebec","J7R 7J","Combined TCS+MTC","29.99","4.49","0","0","0","0","0","0","0","0","-4.49","-5.10","-7.84","0","0","17.05"
"Dec 15, 2025 4:32:29 a.m. PST","25109263671","Adjustment","702-3771338-3459449","MSCA-D70-5-3","FBA Inventory Reimbursement - Customer Return","1","","","","","","","0","0","0","0","0","0","0","0","0","0","0","0","0","0","14.03","14.03"
"Dec 15, 2025 6:19:02 a.m. PST","25109263671","Order","702-8845978-7184231","MSCA-D74-2-2","ANGOOL V Neck Seamless Bralette for Women Full Coverage Wireless Padded Bra No Underwire Non Removable Pads Push Up Bras, Black, S","1","amazon.ca","Amazon","Moose jaw","Saskatchewan","S6H 0J","Combined TCS+MTC","22.09","2.43","0","0","0","0","0","0","0","0","-2.43","-3.76","-8.17","0","0","10.16"
"Dec 15, 2025 7:51:15 a.m. PST","25109263671","Order","702-6138762-3625018","MSCA-D70-2-3","ANGOOL Wireless Strapless Bra for Women Seamless Push Up Non-Slip Full Support Non Removable Padded Bandeau Bra, Black, M","1","amazon.ca","Amazon","L'Ancienne-Lorette","Quebec","G2E 6L","Combined TCS+MTC","29.99","4.49","0","0","0","0","0","0","0","0","-4.49","-5.10","-7.65","0","0","17.24"
"Dec 15, 2025 10:41:14 a.m. PST","25109263671","Refund","701-0981597-7001832","MSCA-D70-6-2","ANGOOL Wireless Strapless Bra for Women Seamless Push Up Non-Slip Full Support Non Removable Padded Bandeau Bra, White, S","1","amazon.ca","Amazon","Whitby","Ontario","L1M 0A","Combined TCS+MTC","-22.19","-2.88","0","0","0","0","0","0","0","0","2.88","3.02","0","0","0","-19.17"
"Dec 15, 2025 10:47:15 a.m. PST","25109263671","Refund","701-4750540-8263444","MSCA-D70-2-2","ANGOOL Wireless Strapless Bra for Women Seamless Push Up Non-Slip Full Support Non Removable Padded Bandeau Bra, Black, S","1","amazon.ca","Amazon","Whitby","Ontario","L1M 0A","Combined TCS+MTC","-22.19","-2.88","0","0","0","0","0","0","0","0","2.88","3.02","0","0","0","-19.17"
"Dec 15, 2025 1:58:34 p.m. PST","25109263671","Order","701-2970999-4818611","MSCA-D70-5-5","ANGOOL Wireless Strapless Bra for Women Seamless Push Up Non-Slip Full Support Non Removable Padded Bandeau Bra, Beige, XL","1","amazon.ca","Amazon","Innisfil","Ontario","L9S 0C","Combined TCS+MTC","29.99","3.90","0","0","0","0","0","0","0","0","-3.90","-5.10","-7.65","0","0","17.24"
"Dec 15, 2025 5:08:36 p.m. PST","25109263671","Order","702-0687792-4398634","MSCA-D70-6-2","ANGOOL Wireless Strapless Bra for Women Seamless Push Up Non-Slip Full Support Non Removable Padded Bandeau Bra, White, S","1","amazon.ca","Amazon","Oakville","Ontario","L6M4N","Combined TCS+MTC","29.99","3.90","0","0","0","0","0","0","0","0","-3.90","-5.10","-6.74","0","0","18.15"
"Dec 15, 2025 5:23:12 p.m. PST","25109263671","Order","702-2988345-4857845","MSCA-D70-2-3","ANGOOL Wireless Strapless Bra for Women Seamless Push Up Non-Slip Full Support Non Removable Padded Bandeau Bra, Black, M","1","amazon.ca","Amazon","Ajax","Ontario","L1S 7N","Combined TCS+MTC","29.99","3.90","0","0","0","0","0","0","0","0","-3.90","-5.10","-7.65","0","0","17.24"
"Dec 15, 2025 6:17:40 p.m. PST","25109263671","Refund","702-3219536-9502655","MSCA-D70-5-4","ANGOOL Wireless Strapless Bra for Women Seamless Push Up Non-Slip Full Support Non Removable Padded Bandeau Bra, Beige, L","1","amazon.ca","Amazon","Chapleau","Ontario","P0M 1K","Combined TCS+MTC","-23.99","-3.12","0","0","0","0","0","0","0","0","3.12","3.26","0","0","0","-20.73"
"Dec 15, 2025 7:10:03 p.m. PST","25109263671","Order","702-5282885-3969827","MSCA-D70-5-3","ANGOOL Wireless Strapless Bra for Women Seamless Push Up Non-Slip Full Support Non Removable Padded Bandeau Bra, Beige, M","1","amazon.ca","Amazon","Gloucester","ON","K1T 1B","Combined TCS+MTC","29.99","3.90","0","0","0","0","0","0","0","0","-3.90","-5.10","-7.13","0","0","17.76"
"Dec 15, 2025 7:15:26 p.m. PST","25109263671","Refund","702-8853059-9241005","MSCA-D70-5-4","ANGOOL Wireless Strapless Bra for Women Seamless Push Up Non-Slip Full Support Non Removable Padded Bandeau Bra, Beige, L","1","amazon.ca","Amazon","Abbotsford","British Columbia","V2S 2T","Combined TCS+MTC","-22.19","-2.66","0","0","0","0","0","0","0","0","2.66","3.02","0","0","0","-19.17"
"Dec 15, 2025 10:25:03 p.m. PST","25109263671","Order","701-1965026-6526665","MSCA-D70-2-2","ANGOOL Wireless Strapless Bra for Women Seamless Push Up Non-Slip Full Support Non Removable Padded Bandeau Bra, Black, S","1","amazon.ca","Amazon","Courtice","Ontario","L1E 3A","Combined TCS+MTC","29.99","3.90","0","0","0","0","0","0","0","0","-3.90","-5.10","-7.13","0","0","17.76"
"Dec 15, 2025 10:43:11 p.m. PST","25109263671","Order","702-2902091-3243411","MSCA-D70-2-3","ANGOOL Wireless Strapless Bra for Women Seamless Push Up Non-Slip Full Support Non Removable Padded Bandeau Bra, Black, M","1","amazon.ca","Amazon","Milton","Ontario","L9T 6A","Combined TCS+MTC","29.99","3.90","6.99","0","0","0","0","0","-6.99","0","-3.90","-5.10","-7.65","0","0","17.24"
"Dec 15, 2025 10:55:57 p.m. PST","25109263671","Order","702-0284060-3902638","MSCA-D70-7-4","ANGOOL Wireless Strapless Bra for Women Seamless Push Up Non-Slip Full Support Non Removable Padded Bandeau Bra, Brown, L","1","amazon.ca","Amazon","Alliston","Ontario","L9R 0G","Combined TCS+MTC","29.99","3.90","0","0","0","0","0","0","0","0","-3.90","-5.10","-7.65","0","0","17.24"
"Dec 15, 2025 11:53:51 p.m. PST","25109263671","Order","701-2402031-1233864","MSCA-D70-5-4","ANGOOL Wireless Strapless Bra for Women Seamless Push Up Non-Slip Full Support Non Removable Padded Bandeau Bra, Beige, L","1","amazon.ca","Amazon","Surrey","British Columbia","V3W 2E","Combined TCS+MTC","29.99","3.60","3.93","0","0","0","0","0","-3.93","0","-3.60","-5.10","-7.65","0","0","17.24"
"Dec 16, 2025 12:43:33 a.m. PST","25109263671","Order","701-0379672-5433039","MSCA-D70-6-5","ANGOOL Wireless Strapless Bra for Women Seamless Push Up Non-Slip Full Support Non Removable Padded Bandeau Bra, White, XL","1","amazon.ca","Amazon","Saint-Anselme","Quebec","G0R 2N","Combined TCS+MTC","29.99","4.49","0","0","0","0","0","0","0","0","-4.49","-5.10","-7.13","0","0","17.76"
"Dec 16, 2025 1:15:32 a.m. PST","25109263671","Order","701-7645591-6635404","MSCA-D70-7-3","ANGOOL Wireless Strapless Bra for Women Seamless Push Up Non-Slip Full Support Non Removable Padded Bandeau Bra, Brown, M","1","amazon.ca","Amazon","Winnipeg","MB","R2V 5C","Combined TCS+MTC","29.99","3.60","0","0","0","0","0","0","0","0","-3.60","-5.10","-7.84","0","0","17.05"
"Dec 16, 2025 11:54:56 a.m. PST","25109263671","Order","702-9342212-2088245","MSCA-D70-2-3","ANGOOL Wireless Strapless Bra for Women Seamless Push Up Non-Slip Full Support Non Removable Padded Bandeau Bra, Black, M","1","amazon.ca","Amazon","Coaticook","Quebec","J1A 1M","Combined TCS+MTC","29.99","4.49","0","0","0","0","0","0","0","0","-4.49","-5.10","-7.65","0","0","17.24"
"Dec 16, 2025 12:23:20 p.m. PST","25109263671","Order","701-3748980-8116221","MSCA-D70-7-2","ANGOOL Wireless Strapless Bra for Women Seamless Push Up Non-Slip Full Support Non Removable Padded Bandeau Bra, Brown, S","1","amazon.ca","Amazon","Stratford","Prince Edward Island","C1B 1L","Combined TCS+MTC","29.99","4.50","0","0","0","0","0","0","0","0","-4.50","-5.10","-7.13","0","0","17.76"
"Dec 16, 2025 1:57:22 p.m. PST","25109263671","FBA Inventory Fee","UaWA+zWrdJ","","Fulfilment by Amazon removal order: disposal fee","","Amazon.ca","","","","","","0","0","0","0","0","0","0","0","0","0","0","0","0","0","-0.36","-0.36"
"Dec 16, 2025 2:11:00 p.m. PST","25109263671","Refund","702-1925511-3719450","MSCA-D70-2-3","ANGOOL Wireless Strapless Bra for Women Seamless Push Up Non-Slip Full Support Non Removable Padded Bandeau Bra, Black, M","1","amazon.ca","Amazon","Lethbridge","AB","T1J 5N","Combined TCS+MTC","-22.19","-1.11","0","0","0","0","0","0","0","0","1.11","3.02","0","0","0","-19.17"
"Dec 16, 2025 2:28:34 p.m. PST","25109263671","Refund","701-6162297-0748258","MSCA-D76-208-3","ANGOOL Sports Bras for Women Seamless Backless Criss Cross Strappy Sports Bra Without Underwire for Workout Gym Yoga, Black+Grey+Green, M","1","amazon.ca","Amazon","Gabriola","British Columbia","V0R 1X","Combined TCS+MTC","-27.99","-3.36","0","0","0","0","0","0","0","0","3.36","3.81","0","0","0","-24.18"
"Dec 16, 2025 2:31:09 p.m. PST","25109263671","Refund","701-5258739-5825003","MSCA-D70-25-4","ANGOOL Wireless Strapless Bra for Women Seamless Push Up Non-Slip Full Support Non Removable Padded Bandeau Bra, Black+Beige, L","1","amazon.ca","Amazon","Sainte-Marthe-Sur-Le-Lac","Quebec","J0N 1P","Combined TCS+MTC","-42.99","-6.44","0","0","0","0","0","0","0","0","6.44","5.85","0","0","0","-37.14"
"Dec 16, 2025 2:36:26 p.m. PST","25109263671","Order","702-9229273-5007462","MSCA-D70-25-4","ANGOOL Wireless Strapless Bra for Women Seamless Push Up Non-Slip Full Support Non Removable Padded Bandeau Bra, Black+Beige, L","1","amazon.ca","Amazon","GUELPH","Ontario","N1G 4T","Combined TCS+MTC","42.99","5.59","0","0","0","0","0","0","0","0","-5.59","-7.31","-8.74","0","0","26.94"
"Dec 16, 2025 3:24:42 p.m. PST","25109263671","Fulfilment by Amazon customer return fee","701-2408121-0344212","X004L60XB1","FBA Customer Return Per Unit Fee (Clothing & Shoes)","","Amazon.ca","","","","","","0","0","0","0","0","0","0","0","0","0","0","0","-5.03","0","0","-5.03"
"Dec 16, 2025 3:57:53 p.m. PST","25109263671","Refund","701-9348891-9355451","MSCA-D70-2-2","ANGOOL Wireless Strapless Bra for Women Seamless Push Up Non-Slip Full Support Non Removable Padded Bandeau Bra, Black, S","1","amazon.ca","Amazon","Boucherville","Quebec","J4B 4N","Combined TCS+MTC","-29.99","-4.49","0","0","0","0","0","0","0","0","4.49","4.08","0","0","0","-25.91"
"Dec 16, 2025 6:48:15 p.m. PST","25109263671","Order","702-2823952-4429045","MSCA-D70-5-3","ANGOOL Wireless Strapless Bra for Women Seamless Push Up Non-Slip Full Support Non Removable Padded Bandeau Bra, Beige, M","1","amazon.ca","Amazon","Hammonds Plains","Nova Scotia","B4B 1M","Combined TCS+MTC","29.99","4.20","2.94","0","0","0","0","0","-2.94","0","-4.20","-5.10","-7.63","0","0","17.26"
"Dec 16, 2025 6:50:27 p.m. PST","25109263671","Refund","701-9348891-9355451","MSCA-D70-2-3","ANGOOL Wireless Strapless Bra for Women Seamless Push Up Non-Slip Full Support Non Removable Padded Bandeau Bra, Black, M","1","amazon.ca","Amazon","Boucherville","Quebec","J4B 4N","Combined TCS+MTC","-29.99","-4.49","0","0","0","0","0","0","0","0","4.49","4.08","0","0","0","-25.91"
"Dec 16, 2025 8:37:50 p.m. PST","25109263671","Fulfilment by Amazon customer return fee","701-0245240-4508260","X004L612A7","FBA Customer Return Per Unit Fee (Clothing & Shoes)","","Amazon.ca","","","","","","0","0","0","0","0","0","0","0","0","0","0","0","-5.10","0","0","-5.10"
"Dec 16, 2025 8:44:58 p.m. PST","25109263671","Refund","701-2245952-1434631","MSCA-D70-2-4","ANGOOL Wireless Strapless Bra for Women Seamless Push Up Non-Slip Full Support Non Removable Padded Bandeau Bra, Black, L","1","amazon.ca","Amazon","Toronto","Ontario","M6H 3X","Combined TCS+MTC","-29.99","-3.90","-2.33","0","0","0","0","0","2.33","0","3.90","4.08","0","0","0","-25.91"
"Dec 16, 2025 11:06:16 p.m. PST","25109263671","Order","701-8919553-7545851","MSCA-D74-2-6","ANGOOL V Neck Seamless Bralette for Women Full Coverage Wireless Padded Bra No Underwire Non Removable Pads Push Up Bras, Black, XXL","1","amazon.ca","Amazon","Surrey","British Columbia","V3S 0Y","Combined TCS+MTC","22.09","2.65","0","0","0","0","0","0","0","0","-2.65","-3.76","-8.17","0","0","10.16"
"Dec 17, 2025 12:10:18 a.m. PST","25109263671","Fulfilment by Amazon customer return fee","702-8779111-1229048","X004L612A7","FBA Customer Return Per Unit Fee (Clothing & Shoes)","","Amazon.ca","","","","","","0","0","0","0","0","0","0","0","0","0","0","0","-5.10","0","0","-5.10"
"Dec 17, 2025 12:19:00 a.m. PST","25109263671","Fulfilment by Amazon customer return fee","702-2045193-3654668","X004L5KSKD","FBA Customer Return Per Unit Fee (Clothing & Shoes)","","Amazon.ca","","","","","","0","0","0","0","0","0","0","0","0","0","0","0","-4.90","0","0","-4.90"
"Dec 17, 2025 12:53:48 a.m. PST","25109263671","Order","701-3575811-5181010","MSCA-D70-5-4","ANGOOL Wireless Strapless Bra for Women Seamless Push Up Non-Slip Full Support Non Removable Padded Bandeau Bra, Beige, L","1","amazon.ca","Amazon","Innisfil","Ontario","L9S 0C","Combined TCS+MTC","29.99","3.90","0","0","0","0","0","0","0","0","-3.90","-5.10","-7.65","0","0","17.24"
"Dec 17, 2025 12:55:30 a.m. PST","25109263671","Fulfilment by Amazon customer return fee","702-5868935-5041001","X004L5UE9N","FBA Customer Return Per Unit Fee (Clothing & Shoes)","","Amazon.ca","","","","","","0","0","0","0","0","0","0","0","0","0","0","0","-4.79","0","0","-4.79"
"Dec 17, 2025 3:53:55 a.m. PST","25109263671","Order","701-0944790-8598653","MSCA-D70-7-4","ANGOOL Wireless Strapless Bra for Women Seamless Push Up Non-Slip Full Support Non Removable Padded Bandeau Bra, Brown, L","1","amazon.ca","Amazon","Crossfield","Alberta","T0M 0S","Combined TCS+MTC","29.99","1.50","0","0","0","0","0","0","0","0","-1.50","-5.10","-7.65","0","0","17.24"
"Dec 17, 2025 6:27:37 a.m. PST","25109263671","Fulfilment by Amazon customer return fee","702-3564316-3451452","X004L5UE9N","FBA Customer Return Per Unit Fee (Clothing & Shoes)","","Amazon.ca","","","","","","0","0","0","0","0","0","0","0","0","0","0","0","-4.79","0","0","-4.79"
"Dec 17, 2025 7:16:35 a.m. PST","25109263671","FBA Inventory Fee","702-5868935-5041001","","Fulfilment by Amazon removal order: disposal fee","","Amazon.ca","","","","","","0","0","0","0","0","0","0","0","0","0","0","0","0","0","-0.82","-0.82"
"Dec 17, 2025 7:44:24 a.m. PST","25109263671","Order","701-0415692-5866601","MSCA-D70-2-5","ANGOOL Wireless Strapless Bra for Women Seamless Push Up Non-Slip Full Support Non Removable Padded Bandeau Bra, Black, XL","1","amazon.ca","Amazon","LaSalle","Ontario","N9H 0B","Combined TCS+MTC","29.99","3.90","6.99","0","0","0","0","0","-6.99","0","-3.90","-5.10","-7.65","0","0","17.24"
"Dec 17, 2025 8:33:12 a.m. PST","25109263671","Refund","702-3564316-3451452","MSCA-D70-25-3","ANGOOL Wireless Strapless Bra for Women Seamless Push Up Non-Slip Full Support Non Removable Padded Bandeau Bra, Black+Beige, M","1","amazon.ca","Amazon","Edmonton","Alberta","T6T 0Z","Combined TCS+MTC","-34.39","-1.72","-1.75","0","0","0","0","0","1.75","0","1.72","4.68","0","0","0","-29.71"
"Dec 17, 2025 11:28:43 a.m. PST","25109263671","FBA Inventory Fee","701-2408121-0344212","","Fulfilment by Amazon removal order: disposal fee","","Amazon.ca","","","","","","0","0","0","0","0","0","0","0","0","0","0","0","0","0","-0.36","-0.36"
"Dec 17, 2025 11:33:33 a.m. PST","25109263671","Order","702-6382375-3896257","MSCA-D76-268-4","ANGOOL Sports Bras for Women Seamless Backless Criss Cross Strappy Sports Bra Without Underwire for Workout Gym Yoga, Black+White+Green, L","1","amazon.ca","Amazon","Otterburn Park","Quebec","J3H 0P","Combined TCS+MTC","27.99","4.19","0","0","0","0","0","0","0","0","-4.19","-4.76","-6.49","0","0","16.74"
"Dec 17, 2025 1:03:33 p.m. PST","25109263671","Fulfilment by Amazon customer return fee","702-5384351-5937848","X004L5ZNMB","FBA Customer Return Per Unit Fee (Clothing & Shoes)","","Amazon.ca","","","","","","0","0","0","0","0","0","0","0","0","0","0","0","-4.98","0","0","-4.98"
"Dec 17, 2025 1:13:19 p.m. PST","25109263671","Order","702-3490027-7573062","MSCA-D70-25-2","ANGOOL Wireless Strapless Bra for Women Seamless Push Up Non-Slip Full Support Non Removable Padded Bandeau Bra, Black+Beige, S","1","amazon.ca","Amazon","Whitby","Ontario","L1N 5Y","Combined TCS+MTC","42.99","5.59","0","0","0","0","0","0","0","0","-5.59","-7.31","-7.84","0","0","27.84"
"Dec 17, 2025 2:37:44 p.m. PST","25109263671","Refund","702-8030036-5411434","MSCA-D70-6-5","ANGOOL Wireless Strapless Bra for Women Seamless Push Up Non-Slip Full Support Non Removable Padded Bandeau Bra, White, XL","1","amazon.ca","Amazon","Port Franks","Ontario","N0M 2L","Combined TCS+MTC","-29.99","-3.90","0","0","0","0","0","0","0","0","3.90","4.08","0","0","0","-25.91"
"Dec 17, 2025 2:59:21 p.m. PST","25109263671","Refund","702-6370645-1928220","MSCA-D70-2-3","ANGOOL Wireless Strapless Bra for Women Seamless Push Up Non-Slip Full Support Non Removable Padded Bandeau Bra, Black, M","1","amazon.ca","Amazon","Ariss","Ontario","N0B 1B","Combined TCS+MTC","-29.99","-3.90","0","0","0","0","0","0","0","0","3.90","4.08","0","0","0","-25.91"
"Dec 17, 2025 3:28:13 p.m. PST","25109263671","Order","702-5240165-0918629","MSCA-D70-2-5","ANGOOL Wireless Strapless Bra for Women Seamless Push Up Non-Slip Full Support Non Removable Padded Bandeau Bra, Black, XL","1","amazon.ca","Amazon","Burnaby","British Columbia","V5C 6T","Combined TCS+MTC","29.99","3.60","0","0","0","0","0","0","0","0","-3.60","-5.10","-7.65","0","0","17.24"
"Dec 17, 2025 5:02:49 p.m. PST","25109263671","Fulfilment by Amazon customer return fee","702-5571161-5027404","X004L5VLFT","FBA Customer Return Per Unit Fee (Clothing & Shoes)","","Amazon.ca","","","","","","0","0","0","0","0","0","0","0","0","0","0","0","-4.92","0","0","-4.92"
"Dec 17, 2025 5:46:43 p.m. PST","25109263671","Refund","701-7609790-5027421","MSCA-D70-5-3","ANGOOL Wireless Strapless Bra for Women Seamless Push Up Non-Slip Full Support Non Removable Padded Bandeau Bra, Beige, M","1","amazon.ca","Amazon","Thedford","Ontario","N0M 2N","Combined TCS+MTC","-29.99","-3.90","0","0","0","0","0","0","0","0","3.90","4.08","0","0","0","-25.91"
"Dec 17, 2025 6:27:08 p.m. PST","25109263671","Order","701-2877488-3016208","MSCA-D70-25-3","ANGOOL Wireless Strapless Bra for Women Seamless Push Up Non-Slip Full Support Non Removable Padded Bandeau Bra, Black+Beige, M","1","amazon.ca","Amazon","Candiac","Quebec","J5R 3Z","Combined TCS+MTC","42.99","6.44","0","0","0","0","0","0","0","0","-6.44","-7.31","-7.84","0","0","27.84"
"Dec 17, 2025 7:03:44 p.m. PST","25109263671","Order","702-5816617-3473018","MSCA-D70-5-2","ANGOOL Wireless Strapless Bra for Women Seamless Push Up Non-Slip Full Support Non Removable Padded Bandeau Bra, Beige, S","1","amazon.ca","Amazon","Gatineau","Quebec","J9H 3C","Combined TCS+MTC","29.99","4.49","3.27","0","0","0","0","0","-3.27","0","-4.49","-5.10","-7.84","0","0","17.05"
"Dec 17, 2025 7:37:25 p.m. PST","25109263671","Refund","701-5549705-0776238","MSCA-D70-2-5","ANGOOL Wireless Strapless Bra for Women Seamless Push Up Non-Slip Full Support Non Removable Padded Bandeau Bra, Black, XL","1","amazon.ca","Amazon","Beaumont","Alberta","T4X 2X","Combined TCS+MTC","-25.49","-1.27","-3.26","0","0","0","0","0","3.26","0","1.27","3.46","0","0","0","-22.03"
"Dec 17, 2025 8:23:00 p.m. PST","25109263671","Order","701-6442975-4992218","MSCA-D70-2-5","ANGOOL Wireless Strapless Bra for Women Seamless Push Up Non-Slip Full Support Non Removable Padded Bandeau Bra, Black, XL","1","amazon.ca","Amazon","Brampton","Ontario","L6P 4K","Combined TCS+MTC","29.99","3.90","0","0","0","0","0","0","0","0","-3.90","-5.10","-7.65","0","0","17.24"
"Dec 17, 2025 9:01:33 p.m. PST","25109263671","Fulfilment by Amazon customer return fee","701-9654905-8680222","X004L5YB51","FBA Customer Return Per Unit Fee (Clothing & Shoes)","","Amazon.ca","","","","","","0","0","0","0","0","0","0","0","0","0","0","0","-4.92","0","0","-4.92"
"Dec 17, 2025 9:07:55 p.m. PST","25109263671","Fulfilment by Amazon customer return fee","701-4750540-8263444","X004L5VLFT","FBA Customer Return Per Unit Fee (Clothing & Shoes)","","Amazon.ca","","","","","","0","0","0","0","0","0","0","0","0","0","0","0","-4.92","0","0","-4.92"
"Dec 17, 2025 10:56:38 p.m. PST","25109263671","Fulfilment by Amazon customer return fee","701-0981597-7001832","X004L5ZNNZ","FBA Customer Return Per Unit Fee (Clothing & Shoes)","","Amazon.ca","","","","","","0","0","0","0","0","0","0","0","0","0","0","0","-4.79","0","0","-4.79"
"Dec 18, 2025 12:27:24 a.m. PST","25109263671","Order","701-0386643-3615440","MSCA-D76-206-4","ANGOOL Sports Bras for Women Seamless Backless Criss Cross Strappy Sports Bra Without Underwire for Workout Gym Yoga, Black+Grey+White, L","1","amazon.ca","Amazon","Surrey","British Columbia","V3X 1M","Combined TCS+MTC","27.99","3.36","0","0","0","0","0","0","0","0","-3.36","-4.76","-6.94","0","0","16.29"
"Dec 18, 2025 12:37:30 a.m. PST","25109263671","Fulfilment by Amazon customer return fee","701-0120558-6335472","X004L5YB0B","FBA Customer Return Per Unit Fee (Clothing & Shoes)","","Amazon.ca","","","","","","0","0","0","0","0","0","0","0","0","0","0","0","-4.92","0","0","-4.92"
"Dec 18, 2025 6:32:24 a.m. PST","25214098181","Order","701-2690014-8911441","MSCA-D74-7-3","ANGOOL V Neck Seamless Bralette for Women Full Coverage Wireless Padded Bra No Underwire Non Removable Pads Push Up Bras, Brown, M","1","amazon.ca","Amazon","Bedford","Nova Scotia","B4A 0E","Combined TCS+MTC","22.09","3.09","0","0","0","0","0","0","0","0","-3.09","-3.76","-8.17","0","0","10.16"
"Dec 18, 2025 6:32:24 a.m. PST","25214098181","Order","701-2690014-8911441","MSCA-D74-7-2","ANGOOL V Neck Seamless Bralette for Women Full Coverage Wireless Padded Bra No Underwire Non Removable Pads Push Up Bras, Brown, S","1","amazon.ca","Amazon","Bedford","Nova Scotia","B4A 0E","Combined TCS+MTC","22.09","3.09","0","0","0","0","0","0","0","0","-3.09","-3.76","-8.17","0","0","10.16"
"Dec 18, 2025 6:32:24 a.m. PST","25214098181","Order","701-2690014-8911441","MSCA-D74-2-2","ANGOOL V Neck Seamless Bralette for Women Full Coverage Wireless Padded Bra No Underwire Non Removable Pads Push Up Bras, Black, S","1","amazon.ca","Amazon","Bedford","Nova Scotia","B4A 0E","Combined TCS+MTC","22.09","3.09","0","0","0","0","0","0","0","0","-3.09","-3.76","-8.17","0","0","10.16"
"Dec 18, 2025 7:53:23 a.m. PST","25214098181","Order","701-8620463-4083451","MSCA-D70-2-4","ANGOOL Wireless Strapless Bra for Women Seamless Push Up Non-Slip Full Support Non Removable Padded Bandeau Bra, Black, L","1","amazon.ca","Amazon","St-ambroise-de-kildare","Québec","J0K 1C","Combined TCS+MTC","29.99","4.49","0","0","0","0","0","0","0","0","-4.49","-5.10","-7.65","0","0","17.24"
"Dec 18, 2025 7:53:45 a.m. PST","25214098181","Order","701-9177900-4737060","MSCA-D70-2-3","ANGOOL Wireless Strapless Bra for Women Seamless Push Up Non-Slip Full Support Non Removable Padded Bandeau Bra, Black, M","1","amazon.ca","Amazon","St-ambroise-de-kildare","Québec","J0K 1C","Combined TCS+MTC","29.99","4.49","0","0","0","0","0","0","0","0","-4.49","-5.10","-7.65","0","0","17.24"
"Dec 18, 2025 8:15:40 a.m. PST","25214098181","Order","701-9121621-6009053","MSCA-D70-2-4","ANGOOL Wireless Strapless Bra for Women Seamless Push Up Non-Slip Full Support Non Removable Padded Bandeau Bra, Black, L","1","amazon.ca","Amazon","Courtice","Ontario","L1E 3A","Combined TCS+MTC","29.99","3.90","3.50","0","0","0","0","0","-3.50","0","-3.90","-5.10","-7.65","0","0","17.24"
"Dec 18, 2025 9:15:10 a.m. PST","25214098181","Order","702-2923660-0729007","MSCA-D70-6-4","ANGOOL Wireless Strapless Bra for Women Seamless Push Up Non-Slip Full Support Non Removable Padded Bandeau Bra, White, L","1","amazon.ca","Amazon","Revelstoke","British Columbia","V0E 2S","Combined TCS+MTC","29.99","3.60","0","0","0","0","0","0","0","0","-3.60","-5.10","-7.13","0","0","17.76"
"Dec 18, 2025 9:25:41 a.m. PST","25214098181","Refund","701-4287102-4853052","MSCA-D70-2-3","ANGOOL Wireless Strapless Bra for Women Seamless Push Up Non-Slip Full Support Non Removable Padded Bandeau Bra, Black, M","1","amazon.ca","Amazon","Ottawa","Ontario","K1Y 1Z","Combined TCS+MTC","-29.99","-3.90","0","0","0","0","0","0","0","0","3.90","4.08","0","0","0","-25.91"
"Dec 18, 2025 10:38:08 a.m. PST","25214098181","Refund","701-9149966-4532223","MSCA-D70-2-3","ANGOOL Wireless Strapless Bra for Women Seamless Push Up Non-Slip Full Support Non Removable Padded Bandeau Bra, Black, M","1","amazon.ca","Amazon","Terrebonne","Quebec","J7M 2K","Combined TCS+MTC","-23.99","-3.59","0","0","0","0","0","0","0","0","3.59","3.26","0","0","0","-20.73"
"Dec 18, 2025 10:50:54 a.m. PST","25214098181","Order","702-7042801-9126605","MSCA-D70-2-3","ANGOOL Wireless Strapless Bra for Women Seamless Push Up Non-Slip Full Support Non Removable Padded Bandeau Bra, Black, M","1","amazon.ca","Amazon","brampton","Ontario","L6Y 6L","Combined TCS+MTC","29.99","3.90","0","0","0","0","0","0","0","0","-3.90","-5.10","-7.65","0","0","17.24"
"Dec 18, 2025 10:50:54 a.m. PST","25214098181","Order","702-7042801-9126605","MSCA-D70-2-4","ANGOOL Wireless Strapless Bra for Women Seamless Push Up Non-Slip Full Support Non Removable Padded Bandeau Bra, Black, L","1","amazon.ca","Amazon","brampton","Ontario","L6Y 6L","Combined TCS+MTC","29.99","3.90","0","0","0","0","0","0","0","0","-3.90","-5.10","-7.65","0","0","17.24"
"Dec 18, 2025 11:12:09 a.m. PST","25214098181","Refund","701-4065318-7425012","MSCA-D70-2-5","ANGOOL Wireless Strapless Bra for Women Seamless Push Up Non-Slip Full Support Non Removable Padded Bandeau Bra, Black, XL","1","amazon.ca","Amazon","Trois-Rivieres","Quebec","G8Y 6B","Combined TCS+MTC","-22.19","-3.32","0","0","0","0","0","0","0","0","3.32","3.02","0","0","0","-19.17"
"Dec 18, 2025 12:21:41 p.m. PST","25214098181","Fulfilment by Amazon customer return fee","702-5592255-8018669","X004L4QDE9","FBA Customer Return Per Unit Fee (Clothing & Shoes)","","Amazon.ca","","","","","","0","0","0","0","0","0","0","0","0","0","0","0","-5.23","0","0","-5.23"
"Dec 18, 2025 12:26:16 p.m. PST","25214098181","Fulfilment by Amazon customer return fee","702-5592255-8018669","X004L4RLCH","FBA Customer Return Per Unit Fee (Clothing & Shoes)","","Amazon.ca","","","","","","0","0","0","0","0","0","0","0","0","0","0","0","-5.23","0","0","-5.23"
"Dec 18, 2025 1:09:16 p.m. PST","25214098181","Refund","702-8244542-1761859","MSCA-D70-7-3","ANGOOL Wireless Strapless Bra for Women Seamless Push Up Non-Slip Full Support Non Removable Padded Bandeau Bra, Brown, M","1","amazon.ca","Amazon","Toronto","Ontario","M4L 6S","Combined TCS+MTC","-29.99","-3.90","0","0","0","0","0","0","0","0","3.90","4.08","0","0","0","-25.91"
"Dec 18, 2025 1:19:06 p.m. PST","25214098181","Refund","701-6400371-5813834","MSCA-D70-25-4","ANGOOL Wireless Strapless Bra for Women Seamless Push Up Non-Slip Full Support Non Removable Padded Bandeau Bra, Black+Beige, L","1","amazon.ca","Amazon","Peterborough","Ontario","K9L 1Z","Combined TCS+MTC","-32.24","-4.19","0","0","0","0","0","0","0","0","4.19","4.38","0","0","0","-27.86"
"Dec 18, 2025 1:47:45 p.m. PST","25214098181","FBA Inventory Fee","701-9654905-8680222","","Fulfilment by Amazon removal order: disposal fee","","Amazon.ca","","","","","","0","0","0","0","0","0","0","0","0","0","0","0","0","0","-0.36","-0.36"
"Dec 18, 2025 1:50:57 p.m. PST","25214098181","FBA Inventory Fee","702-5571161-5027404","","Fulfilment by Amazon removal order: disposal fee","","Amazon.ca","","","","","","0","0","0","0","0","0","0","0","0","0","0","0","0","0","-0.36","-0.36"
"Dec 18, 2025 2:26:28 p.m. PST","25214098181","Order","701-4641213-8637021","MSCA-D74-7-3","ANGOOL V Neck Seamless Bralette for Women Full Coverage Wireless Padded Bra No Underwire Non Removable Pads Push Up Bras, Brown, M","1","amazon.ca","Amazon","Tiverton","Ontario","N0G 2T","Combined TCS+MTC","22.09","2.87","0","0","0","0","0","0","0","0","-2.87","-3.76","-8.17","0","0","10.16"
"Dec 18, 2025 2:42:05 p.m. PST","25214098181","Order","702-4556957-6398605","MSCA-D70-2-4","ANGOOL Wireless Strapless Bra for Women Seamless Push Up Non-Slip Full Support Non Removable Padded Bandeau Bra, Black, L","1","amazon.ca","Amazon","Hillsburgh","Ontario","N0B 1Z","Combined TCS+MTC","29.99","3.90","0","0","0","0","0","0","0","0","-3.90","-5.10","-7.65","0","0","17.24"
"Dec 18, 2025 4:18:09 p.m. PST","25214098181","Order","702-5954461-2525854","MSCA-D70-25-6","ANGOOL Wireless Strapless Bra for Women Seamless Push Up Non-Slip Full Support Non Removable Padded Bandeau Bra, Black+Beige, XXL","1","amazon.ca","Amazon","Baie-Comeau","Quebec","G5C 2J","Combined TCS+MTC","42.99","6.44","0","0","0","0","0","0","0","0","-6.44","-7.31","-7.13","0","0","28.55"
"Dec 18, 2025 5:09:06 p.m. PST","25214098181","Refund","701-3575811-5181010","MSCA-D70-5-4","ANGOOL Wireless Strapless Bra for Women Seamless Push Up Non-Slip Full Support Non Removable Padded Bandeau Bra, Beige, L","1","amazon.ca","Amazon","Innisfil","Ontario","L9S 0C","Combined TCS+MTC","-29.99","-3.90","0","0","0","0","0","0","0","0","3.90","4.08","0","0","0","-25.91"
"Dec 18, 2025 5:29:31 p.m. PST","25214098181","Order","702-2618931-7302613","MSCA-D77-7-3","ANGOOL Racerback Bras for Women Wire Free Sexy V Neck Lace Bralette Adjustable Strap Full Coverage Padded Bra, Brown, M","1","amazon.ca","Amazon","Brossard","Quebec","J4X 1R","Combined TCS+MTC","22.49","3.37","0","0","0","0","0","0","0","0","-3.37","-3.82","-7.13","0","0","11.54"
"Dec 18, 2025 5:29:31 p.m. PST","25214098181","Order","702-2618931-7302613","MSCA-D77-2-4","ANGOOL Racerback Bras for Women Wire Free Sexy V Neck Lace Bralette Adjustable Strap Full Coverage Padded Bra, Black, L","1","amazon.ca","Amazon","Brossard","Quebec","J4X 1R","Combined TCS+MTC","22.49","3.37","0","0","0","0","0","0","0","0","-3.37","-3.82","-7.13","0","0","11.54"
"Dec 18, 2025 6:31:39 p.m. PST","25214098181","Order","702-9501472-3769067","MSCA-D70-7-3","ANGOOL Wireless Strapless Bra for Women Seamless Push Up Non-Slip Full Support Non Removable Padded Bandeau Bra, Brown, M","1","amazon.ca","Amazon","Sainte-Clotilde-De-Beauce","Quebec","G0N 1C","Combined TCS+MTC","29.99","4.49","3.92","0","0","0","0","0","-3.92","0","-4.49","-5.10","-7.84","0","0","17.05"
"Dec 18, 2025 6:53:55 p.m. PST","25214098181","Order","701-4146823-1645835","MSCA-D70-2-2","ANGOOL Wireless Strapless Bra for Women Seamless Push Up Non-Slip Full Support Non Removable Padded Bandeau Bra, Black, S","1","amazon.ca","Amazon","Abbotsford","British Columbia","V2S 0M","Combined TCS+MTC","29.99","3.60","0","0","0","0","0","0","0","0","-3.60","-5.10","-7.13","0","0","17.76"
"Dec 18, 2025 7:01:36 p.m. PST","25214098181","Order","701-8986754-6774605","MSCA-D74-5-3","ANGOOL V Neck Seamless Bralette for Women Full Coverage Wireless Padded Bra No Underwire Non Removable Pads Push Up Bras, Beige, M","1","amazon.ca","Amazon","Toronto","Ontario","M9B 6C","Combined TCS+MTC","22.09","2.87","0","0","0","0","0","0","0","0","-2.87","-3.76","-8.17","0","0","10.16"
"Dec 18, 2025 7:01:36 p.m. PST","25214098181","Order","701-8986754-6774605","MSCA-D74-2-3","ANGOOL V Neck Seamless Bralette for Women Full Coverage Wireless Padded Bra No Underwire Non Removable Pads Push Up Bras, Black, M","1","amazon.ca","Amazon","Toronto","Ontario","M9B 6C","Combined TCS+MTC","22.09","2.87","0","0","0","0","0","0","0","0","-2.87","-3.76","-8.17","0","0","10.16"
"Dec 18, 2025 7:02:16 p.m. PST","25214098181","Order","702-0793737-7213808","MSCA-D70-2-5","ANGOOL Wireless Strapless Bra for Women Seamless Push Up Non-Slip Full Support Non Removable Padded Bandeau Bra, Black, XL","1","amazon.ca","Amazon","Saint-Charles-de-Bellechasse","Quebec","G0R 2T","Combined TCS+MTC","29.99","4.49","0","0","0","0","0","0","0","0","-4.49","-5.10","-7.65","0","0","17.24"
"Dec 18, 2025 7:47:53 p.m. PST","25214098181","Refund","702-4761515-1436216","MSCA-D70-5-4","ANGOOL Wireless Strapless Bra for Women Seamless Push Up Non-Slip Full Support Non Removable Padded Bandeau Bra, Beige, L","1","amazon.ca","Amazon","Montreal","Quebec","H2S 2G","Combined TCS+MTC","-29.99","-4.49","0","0","0","0","0","0","0","0","4.49","4.08","0","0","0","-25.91"
"Dec 18, 2025 9:59:51 p.m. PST","25214098181","Refund","701-6529719-7580265","MSCA-D70-5-4","ANGOOL Wireless Strapless Bra for Women Seamless Push Up Non-Slip Full Support Non Removable Padded Bandeau Bra, Beige, L","1","amazon.ca","Amazon","Calgary","Alberta","T3H 2L","Combined TCS+MTC","-29.99","-1.50","0","0","0","0","0","0","0","0","1.50","4.08","0","0","0","-25.91"
"Dec 18, 2025 10:25:01 p.m. PST","25214098181","Order","702-7870683-3401846","MSCA-D70-25-4","ANGOOL Wireless Strapless Bra for Women Seamless Push Up Non-Slip Full Support Non Removable Padded Bandeau Bra, Black+Beige, L","1","amazon.ca","Amazon","Rockland","Ontario","K4K 1K","Combined TCS+MTC","42.99","5.59","0","0","0","0","0","0","0","0","-5.59","-7.31","-8.74","0","0","26.94"
"Dec 19, 2025 12:10:31 a.m. PST","25214098181","Order","702-9135324-7976265","MSCA-D76-2-2","ANGOOL Sports Bras for Women Seamless Backless Criss Cross Strappy Sports Bra Without Underwire for Workout Gym Yoga, Black, S","1","amazon.ca","Amazon","Squamish","British Columbia","V8B 1G","Combined TCS+MTC","16.79","2.01","0","0","0","0","0","0","0","0","-2.01","-1.68","-6.49","0","0","8.62"
"Dec 19, 2025 1:04:38 a.m. PST","25214098181","Order","701-8484336-0884260","MSCA-D77-6-4","ANGOOL Racerback Bras for Women Wire Free Sexy V Neck Lace Bralette Adjustable Strap Full Coverage Padded Bra, White, L","1","amazon.ca","Amazon","Sharon","ON","L0G 1V","Combined TCS+MTC","22.49","2.92","0","0","0","0","0","0","0","0","-2.92","-3.82","-7.13","0","0","11.54"
"Dec 19, 2025 1:57:39 a.m. PST","25214098181","Transfer","","","To account ending with: 797","","","","","","","","0","0","0","0","0","0","0","0","0","0","0","0","0","0","-2,247.94","-2,247.94"
"Dec 19, 2025 5:42:02 a.m. PST","25214098181","Order","701-5449592-6165851","MSCA-D70-2-3","ANGOOL Wireless Strapless Bra for Women Seamless Push Up Non-Slip Full Support Non Removable Padded Bandeau Bra, Black, M","1","amazon.ca","Amazon","Calgary","Alberta","T3J 0A","Combined TCS+MTC","29.99","1.50","0","0","0","0","0","0","0","0","-1.50","-5.10","-7.65","0","0","17.24"
"Dec 19, 2025 6:05:29 a.m. PST","25214098181","Order","702-8750269-3453868","MSCA-D70-5-2","ANGOOL Wireless Strapless Bra for Women Seamless Push Up Non-Slip Full Support Non Removable Padded Bandeau Bra, Beige, S","1","amazon.ca","Amazon","L'Ile-Perrot","Quebec","J7V 3K","Combined TCS+MTC","29.99","4.49","0","0","0","0","0","0","0","0","-4.49","-5.10","-7.84","0","0","17.05"
"Dec 19, 2025 8:46:33 a.m. PST","25214098181","Order","701-5428654-8154605","MSCA-D74-6-2","ANGOOL V Neck Seamless Bralette for Women Full Coverage Wireless Padded Bra No Underwire Non Removable Pads Push Up Bras, White, S","1","amazon.ca","Amazon","Vernon","British Columbia","V1T 8J","Combined TCS+MTC","22.09","2.65","0","0","0","0","0","0","0","0","-2.65","-3.76","-8.17","0","0","10.16"
"Dec 19, 2025 9:24:50 a.m. PST","25214098181","Refund","701-6244693-4925029","MSCA-D74-5-6","ANGOOL V Neck Seamless Bralette for Women Full Coverage Wireless Padded Bra No Underwire Non Removable Pads Push Up Bras, Beige, XXL","1","amazon.ca","Amazon","Woodstock","New Brunswick","E7M 2K","Combined TCS+MTC","-22.09","-3.31","0","0","0","0","0","0","0","0","3.31","3.01","0","0","0","-19.08"
"Dec 19, 2025 9:28:50 a.m. PST","25214098181","Refund","701-0648672-0751431","MSCA-D76-2-2","ANGOOL Sports Bras for Women Seamless Backless Criss Cross Strappy Sports Bra Without Underwire for Workout Gym Yoga, Black, S","1","amazon.ca","Amazon","Drummondville","Quebec","J2C 7T","Combined TCS+MTC","-16.79","-2.51","0","0","0","0","0","0","0","0","2.51","1.34","0","0","0","-15.45"
"Dec 19, 2025 10:05:25 a.m. PST","25214098181","Refund","701-7238491-1505843","MSCA-D70-5-5","ANGOOL Wireless Strapless Bra for Women Seamless Push Up Non-Slip Full Support Non Removable Padded Bandeau Bra, Beige, XL","1","amazon.ca","Amazon","Janetville","Ontario","L0B 1K","Combined TCS+MTC","-29.99","-3.90","0","0","0","0","0","0","0","0","3.90","4.08","0","0","0","-25.91"
"Dec 19, 2025 12:44:24 p.m. PST","25214098181","Fulfilment by Amazon customer return fee","701-7664044-5525059","X004L5VLD1","FBA Customer Return Per Unit Fee (Clothing & Shoes)","","Amazon.ca","","","","","","0","0","0","0","0","0","0","0","0","0","0","0","-5.03","0","0","-5.03"
"Dec 19, 2025 1:46:29 p.m. PST","25214098181","Refund","701-9516535-4789834","MSCA-D70-2-4","ANGOOL Wireless Strapless Bra for Women Seamless Push Up Non-Slip Full Support Non Removable Padded Bandeau Bra, Black, L","1","amazon.ca","Amazon","WEST ST PAUL","Manitoba","R4A 1A","Combined TCS+MTC","-29.99","-3.60","0","0","0","0","0","0","0","0","3.60","4.08","0","0","0","-25.91"
"Dec 19, 2025 4:06:40 p.m. PST","25214098181","Fulfilment by Amazon customer return fee","701-9348891-9355451","X004L5VLD1","FBA Customer Return Per Unit Fee (Clothing & Shoes)","","Amazon.ca","","","","","","0","0","0","0","0","0","0","0","0","0","0","0","-5.03","0","0","-5.03"
"Dec 19, 2025 4:15:55 p.m. PST","25214098181","Fulfilment by Amazon customer return fee","701-5620152-8919459","X004L5VLD1","FBA Customer Return Per Unit Fee (Clothing & Shoes)","","Amazon.ca","","","","","","0","0","0","0","0","0","0","0","0","0","0","0","-5.03","0","0","-5.03"
"Dec 19, 2025 4:18:00 p.m. PST","25214098181","Fulfilment by Amazon customer return fee","702-7032497-8222647","X004L5U0M9","FBA Customer Return Per Unit Fee (Clothing & Shoes)","","Amazon.ca","","","","","","0","0","0","0","0","0","0","0","0","0","0","0","-5.15","0","0","-5.15"
"Dec 19, 2025 4:49:13 p.m. PST","25214098181","FBA Inventory Fee","702-5384351-5937848","","Fulfilment by Amazon removal order: disposal fee","","Amazon.ca","","","","","","0","0","0","0","0","0","0","0","0","0","0","0","0","0","-0.39","-0.39"
"Dec 19, 2025 5:04:55 p.m. PST","25214098181","Order","701-0393614-3521066","MSCA-D70-2-3","ANGOOL Wireless Strapless Bra for Women Seamless Push Up Non-Slip Full Support Non Removable Padded Bandeau Bra, Black, M","1","amazon.ca","Amazon","Halifax","Nova Scotia","B3M 3H","Combined TCS+MTC","29.99","4.20","0","0","0","0","0","0","0","0","-4.20","-5.10","-7.65","0","0","17.24"
"Dec 19, 2025 6:56:11 p.m. PST","25214098181","Order","701-5606944-0801043","MSCA-D70-2-5","ANGOOL Wireless Strapless Bra for Women Seamless Push Up Non-Slip Full Support Non Removable Padded Bandeau Bra, Black, XL","1","amazon.ca","Amazon","Calgary","Alberta","T2G 5C","Combined TCS+MTC","29.99","1.50","0","0","0","0","0","0","0","0","-1.50","-5.10","-7.65","0","0","17.24"
"Dec 19, 2025 9:12:25 p.m. PST","25214098181","Order","701-2703659-4867466","MSCA-D70-6-2","ANGOOL Wireless Strapless Bra for Women Seamless Push Up Non-Slip Full Support Non Removable Padded Bandeau Bra, White, S","1","amazon.ca","Amazon","Sainte-Marcelline-De-Kildare","Quebec","J0K 2Y","Combined TCS+MTC","29.99","4.49","0","0","0","0","0","0","0","0","-4.49","-5.10","-6.74","0","0","18.15"
"Dec 19, 2025 9:46:45 p.m. PST","25214098181","Order","702-9724901-0621839","MSCA-D70-5-5","ANGOOL Wireless Strapless Bra for Women Seamless Push Up Non-Slip Full Support Non Removable Padded Bandeau Bra, Beige, XL","1","amazon.ca","Amazon","Mississauga","Ontario","L4Z 0A","Combined TCS+MTC","29.99","3.90","0","0","0","0","0","0","0","0","-3.90","-5.10","-7.65","0","0","17.24"
"Dec 19, 2025 11:52:20 p.m. PST","25214098181","Order","701-6078934-0860221","MSCA-D70-6-2","ANGOOL Wireless Strapless Bra for Women Seamless Push Up Non-Slip Full Support Non Removable Padded Bandeau Bra, White, S","1","amazon.ca","Amazon","Whitby","Ontario","L1P 0H","Combined TCS+MTC","29.99","3.90","0","0","0","0","0","0","0","0","-3.90","-5.10","-6.74","0","0","18.15"
"Dec 20, 2025 5:15:01 a.m. PST","25214098181","Refund","702-7042801-9126605","MSCA-D70-2-4","ANGOOL Wireless Strapless Bra for Women Seamless Push Up Non-Slip Full Support Non Removable Padded Bandeau Bra, Black, L","1","amazon.ca","Amazon","brampton","Ontario","L6Y 6L","Combined TCS+MTC","-29.99","-3.90","0","0","0","0","0","0","0","0","3.90","4.08","0","0","0","-25.91"
"Dec 20, 2025 5:15:01 a.m. PST","25214098181","Refund","702-7042801-9126605","MSCA-D70-2-3","ANGOOL Wireless Strapless Bra for Women Seamless Push Up Non-Slip Full Support Non Removable Padded Bandeau Bra, Black, M","1","amazon.ca","Amazon","brampton","Ontario","L6Y 6L","Combined TCS+MTC","-29.99","-3.90","0","0","0","0","0","0","0","0","3.90","4.08","0","0","0","-25.91"
"Dec 20, 2025 5:33:11 a.m. PST","25214098181","Order","701-3042064-6825016","MSCA-D70-2-3","ANGOOL Wireless Strapless Bra for Women Seamless Push Up Non-Slip Full Support Non Removable Padded Bandeau Bra, Black, M","1","amazon.ca","Amazon","Edmonton","Alberta","T6T 0E","Combined TCS+MTC","29.99","1.50","0","0","0","0","0","0","0","0","-1.50","-5.10","-7.65","0","0","17.24"
"Dec 20, 2025 9:42:43 a.m. PST","25214098181","Order","702-2139606-2923459","MSCA-D70-5-3","ANGOOL Wireless Strapless Bra for Women Seamless Push Up Non-Slip Full Support Non Removable Padded Bandeau Bra, Beige, M","1","amazon.ca","Amazon","O'Leary","Prince Edward Island","C0B 1V","Combined TCS+MTC","29.99","4.50","0","0","0","0","0","0","0","0","-4.50","-5.10","-7.13","0","0","17.76"
"Dec 20, 2025 9:43:10 a.m. PST","25214098181","Order","701-4890870-2985067","MSCA-D70-2-3","ANGOOL Wireless Strapless Bra for Women Seamless Push Up Non-Slip Full Support Non Removable Padded Bandeau Bra, Black, M","1","amazon.ca","Amazon","North Sydney","Nova Scotia","B2A 1H","Combined TCS+MTC","29.99","4.20","3.93","0","0","0","0","0","-3.93","0","-4.20","-5.10","-7.65","0","0","17.24"
"Dec 20, 2025 10:49:27 a.m. PST","25214098181","FBA Inventory Fee","701-7664044-5525059","","Fulfilment by Amazon removal order: disposal fee","","Amazon.ca","","","","","","0","0","0","0","0","0","0","0","0","0","0","0","0","0","-0.36","-0.36"
"Dec 20, 2025 10:49:35 a.m. PST","25214098181","FBA Inventory Fee","701-5620152-8919459","","Fulfilment by Amazon removal order: disposal fee","","Amazon.ca","","","","","","0","0","0","0","0","0","0","0","0","0","0","0","0","0","-0.36","-0.36"
"Dec 20, 2025 10:52:11 a.m. PST","25214098181","FBA Inventory Fee","701-9348891-9355451","","Fulfilment by Amazon removal order: disposal fee","","Amazon.ca","","","","","","0","0","0","0","0","0","0","0","0","0","0","0","0","0","-0.36","-0.36"
"Dec 20, 2025 11:56:59 a.m. PST","25214098181","Refund","701-2990722-5857819","MSCA-D77-5-6","ANGOOL Racerback Bras for Women Wire Free Sexy V Neck Lace Bralette Adjustable Strap Full Coverage Padded Bra, Beige, XXL","1","amazon.ca","Amazon","Dublin","Ontario","N0K 1E","Combined TCS+MTC","-22.49","-2.92","-2.21","0","0","0","0","0","2.21","0","2.92","3.06","0","0","0","-19.43"
"Dec 20, 2025 12:05:31 p.m. PST","25214098181","Order","702-3971107-8330665","MSCA-D70-2-3","ANGOOL Wireless Strapless Bra for Women Seamless Push Up Non-Slip Full Support Non Removable Padded Bandeau Bra, Black, M","1","amazon.ca","Amazon","Hammond","Ontario","K0A 2A","Combined TCS+MTC","29.99","3.90","0","0","0","0","0","0","0","0","-3.90","-5.10","-7.65","0","0","17.24"
"Dec 20, 2025 12:46:05 p.m. PST","25214098181","Refund","701-0196012-8089849","MSCA-D70-7-5","ANGOOL Wireless Strapless Bra for Women Seamless Push Up Non-Slip Full Support Non Removable Padded Bandeau Bra, Brown, XL","1","amazon.ca","Amazon","Edmonton","Alberta","T5B 4V","Combined TCS+MTC","-29.99","-1.50","0","0","0","0","0","0","0","0","1.50","4.08","0","0","0","-25.91"
"Dec 20, 2025 2:04:07 p.m. PST","25214098181","Order","701-6738126-1193856","MSCA-D76-208-2","ANGOOL Sports Bras for Women Seamless Backless Criss Cross Strappy Sports Bra Without Underwire for Workout Gym Yoga, Black+Grey+Green, S","1","amazon.ca","Amazon","Abbotsford","British Columbia","V2S 7X","Combined TCS+MTC","27.99","3.36","0","0","0","0","0","0","0","0","-3.36","-4.76","-6.49","0","0","16.74"
"Dec 20, 2025 6:18:03 p.m. PST","25214098181","Fulfilment by Amazon customer return fee","701-2245952-1434631","X004L5Z3KD","FBA Customer Return Per Unit Fee (Clothing & Shoes)","","Amazon.ca","","","","","","0","0","0","0","0","0","0","0","0","0","0","0","-5.03","0","0","-5.03"
"Dec 20, 2025 7:26:18 p.m. PST","25214098181","Order","701-6552245-3495418","MSCA-D70-5-4","ANGOOL Wireless Strapless Bra for Women Seamless Push Up Non-Slip Full Support Non Removable Padded Bandeau Bra, Beige, L","1","amazon.ca","Amazon","Tecumseh","Ontario","N8N 5A","Combined TCS+MTC","29.99","3.90","6.99","0","0","0","0","0","-6.99","0","-3.90","-5.10","-7.65","0","0","17.24"
"Dec 20, 2025 9:30:08 p.m. PST","25214098181","Order","702-7955935-9325026","MSCA-D70-2-6","ANGOOL Wireless Strapless Bra for Women Seamless Push Up Non-Slip Full Support Non Removable Padded Bandeau Bra, Black, XXL","1","amazon.ca","Amazon","Robertville","New Brunswick","E8K 2S","Combined TCS+MTC","29.99","4.50","0","0","0","0","0","0","0","0","-4.50","-5.10","-7.13","0","0","17.76"
"Dec 20, 2025 9:37:57 p.m. PST","25214098181","Refund","702-5348879-6241804","MSCA-D70-5-4","ANGOOL Wireless Strapless Bra for Women Seamless Push Up Non-Slip Full Support Non Removable Padded Bandeau Bra, Beige, L","1","amazon.ca","Amazon","Foothills","Alberta","T1S 0Y","Combined TCS+MTC","-29.99","-1.50","0","0","0","0","0","0","0","0","1.50","4.08","0","0","0","-25.91"
"Dec 20, 2025 11:29:25 p.m. PST","25214098181","Order","702-6393958-4769852","MSCA-D70-2-3","ANGOOL Wireless Strapless Bra for Women Seamless Push Up Non-Slip Full Support Non Removable Padded Bandeau Bra, Black, M","1","amazon.ca","Amazon","Thornhill","Ontario","L4J 0C","Combined TCS+MTC","29.99","3.90","0","0","0","0","0","0","0","0","-3.90","-5.10","-7.65","0","0","17.24"
"Dec 21, 2025 1:27:59 a.m. PST","25214098181","Order","702-5260413-4329847","MSCA-D70-5-5","ANGOOL Wireless Strapless Bra for Women Seamless Push Up Non-Slip Full Support Non Removable Padded Bandeau Bra, Beige, XL","1","amazon.ca","Amazon","Port Perry","Ontario","L9L1E","Combined TCS+MTC","29.99","3.90","0","0","0","0","0","0","0","0","-3.90","-5.10","-7.65","0","0","17.24"
"Dec 21, 2025 3:46:09 a.m. PST","25214098181","Order","702-6749894-2281053","MSCA-D70-5-3","ANGOOL Wireless Strapless Bra for Women Seamless Push Up Non-Slip Full Support Non Removable Padded Bandeau Bra, Beige, M","1","amazon.ca","Amazon","Richmond","Ontario","K0A 2Z","Combined TCS+MTC","29.99","3.90","0","0","0","0","0","0","0","0","-3.90","-5.10","-7.63","0","0","17.26"
"Dec 21, 2025 4:04:56 a.m. PST","25214098181","Order","702-8806534-2986643","MSCA-D76-208-2","ANGOOL Sports Bras for Women Seamless Backless Criss Cross Strappy Sports Bra Without Underwire for Workout Gym Yoga, Black+Grey+Green, S","1","amazon.ca","Amazon","Maryhill","Ontario","N0B 2B","Combined TCS+MTC","27.99","3.64","2.94","0","0","0","0","0","-2.94","0","-3.64","-4.76","-6.49","0","0","16.74"
"Dec 21, 2025 8:14:30 a.m. PST","25214098181","Order","702-0589743-4118631","MSCA-D70-25-3","ANGOOL Wireless Strapless Bra for Women Seamless Push Up Non-Slip Full Support Non Removable Padded Bandeau Bra, Black+Beige, M","1","amazon.ca","Amazon","Milton","Ontario","L9T 3Z","Combined TCS+MTC","42.99","5.59","0","0","0","0","0","0","0","0","-5.59","-7.31","-7.84","0","0","27.84"
"Dec 21, 2025 9:18:14 a.m. PST","25214098181","Order","702-1780799-9179420","MSCA-D77-6-4","ANGOOL Racerback Bras for Women Wire Free Sexy V Neck Lace Bralette Adjustable Strap Full Coverage Padded Bra, White, L","1","amazon.ca","Amazon","Toronto","Ontario","M3K1H","Combined TCS+MTC","29.99","3.90","3.99","0.52","0","0","0","0","0","0","-4.42","-5.10","-11.12","0","0","17.76"
"Dec 21, 2025 9:49:38 a.m. PST","25214098181","Order","701-9251048-5263440","MSCA-D70-2-3","ANGOOL Wireless Strapless Bra for Women Seamless Push Up Non-Slip Full Support Non Removable Padded Bandeau Bra, Black, M","1","amazon.ca","Amazon","Brampton","Ontario","L6X 0W","Combined TCS+MTC","29.99","3.90","6.99","0","0","0","0","0","-6.99","0","-3.90","-5.10","-7.65","0","0","17.24"
"Dec 21, 2025 11:36:09 a.m. PST","25214098181","Order","701-5095742-5584222","MSCA-D74-5-3","ANGOOL V Neck Seamless Bralette for Women Full Coverage Wireless Padded Bra No Underwire Non Removable Pads Push Up Bras, Beige, M","1","amazon.ca","Amazon","Olds","Alberta","T4H 1K","Combined TCS+MTC","22.09","1.10","0","0","0","0","0","0","0","0","-1.10","-3.76","-8.17","0","0","10.16"
"Dec 21, 2025 12:22:35 p.m. PST","25214098181","Order","702-1275743-8633061","MSCA-D74-2-3","ANGOOL V Neck Seamless Bralette for Women Full Coverage Wireless Padded Bra No Underwire Non Removable Pads Push Up Bras, Black, M","1","amazon.ca","Amazon","Gatineau","Quebec","J8R 3Z","Combined TCS+MTC","22.09","3.31","0","0","0","0","0","0","0","0","-3.31","-3.76","-8.17","0","0","10.16"
"Dec 21, 2025 12:48:21 p.m. PST","25214098181","Order","701-8976850-8133056","MSCA-D77-7-3","ANGOOL Racerback Bras for Women Wire Free Sexy V Neck Lace Bralette Adjustable Strap Full Coverage Padded Bra, Brown, M","1","amazon.ca","Amazon","Orleans","Ontario","K1W 1H","Combined TCS+MTC","22.49","2.92","3.92","0","0","0","0","0","-3.92","0","-2.92","-3.82","-7.13","0","0","11.54"
"Dec 21, 2025 1:14:36 p.m. PST","25214098181","Order","701-9097793-6671456","MSCA-D77-7-4","ANGOOL Racerback Bras for Women Wire Free Sexy V Neck Lace Bralette Adjustable Strap Full Coverage Padded Bra, Brown, L","1","amazon.ca","Amazon","Niagara Falls","Ontario","L2G 4J","Combined TCS+MTC","22.49","2.92","0","0","0","0","0","0","0","0","-2.92","-3.82","-7.13","0","0","11.54"
"Dec 21, 2025 1:15:31 p.m. PST","25214098181","Refund","701-4065475-3158614","MSCA-D70-2-3","ANGOOL Wireless Strapless Bra for Women Seamless Push Up Non-Slip Full Support Non Removable Padded Bandeau Bra, Black, M","1","amazon.ca","Amazon","Milton","Ontario","L9T 6G","Combined TCS+MTC","-29.99","-3.90","-3.50","0","0","0","0","0","3.50","0","3.90","4.08","0","0","0","-25.91"
"Dec 21, 2025 1:16:30 p.m. PST","25214098181","Refund","701-6458713-7637002","MSCA-D70-7-6","ANGOOL Wireless Strapless Bra for Women Seamless Push Up Non-Slip Full Support Non Removable Padded Bandeau Bra, Brown, XXL","1","amazon.ca","Amazon","Toronto","Ontario","M9A 2T","Combined TCS+MTC","-29.99","-3.90","-6.99","0","0","0","0","0","6.99","0","3.90","4.08","0","0","0","-25.91"
"Dec 21, 2025 1:48:38 p.m. PST","25214098181","Refund","701-4641213-8637021","MSCA-D74-7-3","ANGOOL V Neck Seamless Bralette for Women Full Coverage Wireless Padded Bra No Underwire Non Removable Pads Push Up Bras, Brown, M","1","amazon.ca","Amazon","Tiverton","Ontario","N0G 2T","Combined TCS+MTC","-22.09","-2.87","0","0","0","0","0","0","0","0","2.87","3.01","0","0","0","-19.08"
"Dec 21, 2025 1:50:52 p.m. PST","25214098181","Order","701-2373684-2052206","MSCA-D70-2-4","ANGOOL Wireless Strapless Bra for Women Seamless Push Up Non-Slip Full Support Non Removable Padded Bandeau Bra, Black, L","2","amazon.ca","Amazon","Toronto","Ontario","M4H 1E","Combined TCS+MTC","59.98","7.80","0","0","0","0","0","0","0","0","-7.80","-10.20","-15.30","0","0","34.48"
"Dec 21, 2025 2:27:46 p.m. PST","25214098181","Refund","701-2162450-7860261","MSCA-D70-5-5","ANGOOL Wireless Strapless Bra for Women Seamless Push Up Non-Slip Full Support Non Removable Padded Bandeau Bra, Beige, XL","1","amazon.ca","Amazon","Barrie","Ontario","L4N 0E","Combined TCS+MTC","-22.49","-2.92","0","0","0","0","0","0","0","0","2.92","3.06","0","0","0","-19.43"
"Dec 21, 2025 5:06:48 p.m. PST","25214098181","Refund","702-6912892-5915412","MSCA-D77-2-4","ANGOOL Racerback Bras for Women Wire Free Sexy V Neck Lace Bralette Adjustable Strap Full Coverage Padded Bra, Black, L","1","amazon.ca","Amazon","St. Albert","Alberta","T8N 6P","Combined TCS+MTC","-22.49","-1.12","0","0","0","0","0","0","0","0","1.12","3.06","0","0","0","-19.43"
"Dec 21, 2025 6:53:25 p.m. PST","25214098181","Order","702-3044057-8377856","MSCA-D74-5-2","ANGOOL V Neck Seamless Bralette for Women Full Coverage Wireless Padded Bra No Underwire Non Removable Pads Push Up Bras, Beige, S","1","amazon.ca","Amazon","Oshawa","Ontario","L1K 1A","Combined TCS+MTC","22.09","2.87","0","0","0","0","0","0","0","0","-2.87","-3.76","-8.17","0","0","10.16"
"Dec 21, 2025 7:19:38 p.m. PST","25214098181","Order","701-9293786-6088252","MSCA-D70-2-2","ANGOOL Wireless Strapless Bra for Women Seamless Push Up Non-Slip Full Support Non Removable Padded Bandeau Bra, Black, S","1","amazon.ca","Amazon","Moncton","NB","E1G 5V","Combined TCS+MTC","29.99","4.50","0","0","0","0","0","0","0","0","-4.50","-5.10","-7.13","0","0","17.76"
"Dec 21, 2025 7:30:02 p.m. PST","25214098181","Order","701-9827383-1723462","MSCA-D76-208-2","ANGOOL Sports Bras for Women Seamless Backless Criss Cross Strappy Sports Bra Without Underwire for Workout Gym Yoga, Black+Grey+Green, S","1","amazon.ca","Amazon","Saint-Hubert","Quebec","J3Y 6A","Combined TCS+MTC","39.99","5.99","0","0","0","0","0","0","0","0","-5.99","-6.80","-6.49","0","0","26.70"
"Dec 21, 2025 8:44:05 p.m. PST","25214098181","Fulfilment by Amazon customer return fee","702-8244542-1761859","X004L5U0M9","FBA Customer Return Per Unit Fee (Clothing & Shoes)","","Amazon.ca","","","","","","0","0","0","0","0","0","0","0","0","0","0","0","-5.15","0","0","-5.15"
"Dec 21, 2025 8:48:02 p.m. PST","25214098181","Order","701-1364776-8173842","MSCA-D70-7-6","ANGOOL Wireless Strapless Bra for Women Seamless Push Up Non-Slip Full Support Non Removable Padded Bandeau Bra, Brown, XXL","1","amazon.ca","Amazon","Vaughan","Ontario","L4K 5J","Combined TCS+MTC","29.99","3.90","1.40","0","0","0","0","0","-1.40","0","-3.90","-5.10","-7.13","0","0","17.76"
"Dec 21, 2025 8:48:02 p.m. PST","25214098181","Order","701-1364776-8173842","MSCA-D70-2-6","ANGOOL Wireless Strapless Bra for Women Seamless Push Up Non-Slip Full Support Non Removable Padded Bandeau Bra, Black, XXL","1","amazon.ca","Amazon","Vaughan","Ontario","L4K 5J","Combined TCS+MTC","29.99","3.90","1.40","0","0","0","0","0","-1.40","0","-3.90","-5.10","-7.13","0","0","17.76"
"Dec 21, 2025 9:14:02 p.m. PST","25214098181","Order","702-8629168-6470608","MSCA-D70-5-3","ANGOOL Wireless Strapless Bra for Women Seamless Push Up Non-Slip Full Support Non Removable Padded Bandeau Bra, Beige, M","1","amazon.ca","Amazon","Ottawa","Ontario","K1Z 6S","Combined TCS+MTC","29.99","3.90","0","0","0","0","0","0","0","0","-3.90","-5.10","-7.13","0","0","17.76"
"Dec 21, 2025 9:20:42 p.m. PST","25214098181","Fulfilment by Amazon customer return fee","701-4065318-7425012","X004L60XB1","FBA Customer Return Per Unit Fee (Clothing & Shoes)","","Amazon.ca","","","","","","0","0","0","0","0","0","0","0","0","0","0","0","-5.03","0","0","-5.03"
"Dec 21, 2025 9:39:42 p.m. PST","25214098181","Order","702-7344913-2121020","MSCA-D70-25-2","ANGOOL Wireless Strapless Bra for Women Seamless Push Up Non-Slip Full Support Non Removable Padded Bandeau Bra, Black+Beige, S","1","amazon.ca","Amazon","Toronto","Ontario","M6S 3T","Combined TCS+MTC","42.99","5.59","0","0","0","0","0","0","0","0","-5.59","-7.31","-7.84","0","0","27.84"
"Dec 21, 2025 11:35:27 p.m. PST","25214098181","Fulfilment by Amazon customer return fee","701-4323930-1368224","X004P55DP9","FBA Customer Return Per Unit Fee (Clothing & Shoes)","","Amazon.ca","","","","","","0","0","0","0","0","0","0","0","0","0","0","0","-4.92","0","0","-4.92"
"Dec 21, 2025 11:36:19 p.m. PST","25214098181","Fulfilment by Amazon customer return fee","701-4323930-1368224","X004P55DP9","FBA Customer Return Per Unit Fee (Clothing & Shoes)","","Amazon.ca","","","","","","0","0","0","0","0","0","0","0","0","0","0","0","-4.92","0","0","-4.92"
"Dec 22, 2025 3:25:47 a.m. PST","25214098181","Order","701-4033609-8103414","MSCA-D70-5-3","ANGOOL Wireless Strapless Bra for Women Seamless Push Up Non-Slip Full Support Non Removable Padded Bandeau Bra, Beige, M","1","amazon.ca","Amazon","Vancouver","British Columbia","V6E 4T","Combined TCS+MTC","29.99","3.60","6.99","0","0","0","0","0","-6.99","0","-3.60","-5.10","-7.63","0","0","17.26"
"Dec 22, 2025 6:21:14 a.m. PST","25214098181","Order","701-3517601-0601816","MSCA-D70-25-4","ANGOOL Wireless Strapless Bra for Women Seamless Push Up Non-Slip Full Support Non Removable Padded Bandeau Bra, Black+Beige, L","1","amazon.ca","Amazon","Surrey","British Columbia","V3Z 0K","Combined TCS+MTC","42.99","5.16","0","0","0","0","0","0","0","0","-5.16","-7.31","-9.35","0","0","26.33"
"Dec 22, 2025 7:08:51 a.m. PST","25214098181","Order","701-3188720-6125050","MSCA-D70-7-3","ANGOOL Wireless Strapless Bra for Women Seamless Push Up Non-Slip Full Support Non Removable Padded Bandeau Bra, Brown, M","1","amazon.ca","Amazon","Brampton","Ontario","L6X 0W","Combined TCS+MTC","29.99","3.90","6.99","0","0","0","0","0","-6.99","0","-3.90","-5.10","-7.84","0","0","17.05"
"Dec 22, 2025 7:13:21 a.m. PST","25214098181","Order","702-1446592-9648252","MSCA-D70-6-4","ANGOOL Wireless Strapless Bra for Women Seamless Push Up Non-Slip Full Support Non Removable Padded Bandeau Bra, White, L","1","amazon.ca","Amazon","PETERBOROUGH","Ontario","K9J8J","Combined TCS+MTC","29.99","3.90","0","0","0","0","0","0","0","0","-3.90","-5.10","-7.13","0","0","17.76"
"Dec 22, 2025 7:30:05 a.m. PST","25214098181","Order","702-6158632-6962648","MSCA-D70-2-5","ANGOOL Wireless Strapless Bra for Women Seamless Push Up Non-Slip Full Support Non Removable Padded Bandeau Bra, Black, XL","1","amazon.ca","Amazon","Oshawa","Ontario","L1K 2B","Combined TCS+MTC","29.99","3.90","0","0","0","0","0","0","0","0","-3.90","-5.10","-7.65","0","0","17.24"
"Dec 22, 2025 8:51:14 a.m. PST","25214098181","Order","702-7987129-9273826","MSCA-D70-5-3","ANGOOL Wireless Strapless Bra for Women Seamless Push Up Non-Slip Full Support Non Removable Padded Bandeau Bra, Beige, M","1","amazon.ca","Amazon","Timmins","Ontario","P4N 2K","Combined TCS+MTC","29.99","3.90","2.74","0","0","0","0","0","-2.74","0","-3.90","-5.10","-7.13","0","0","17.76"
"Dec 22, 2025 9:23:18 a.m. PST","25214098181","Fulfilment by Amazon customer return fee","701-0151463-9074620","X004L5YB51","FBA Customer Return Per Unit Fee (Clothing & Shoes)","","Amazon.ca","","","","","","0","0","0","0","0","0","0","0","0","0","0","0","-4.57","0","0","-4.57"
"Dec 22, 2025 9:44:58 a.m. PST","25214098181","Order","701-6305781-5713006","MSCA-D70-5-6","ANGOOL Wireless Strapless Bra for Women Seamless Push Up Non-Slip Full Support Non Removable Padded Bandeau Bra, Beige, XXL","1","amazon.ca","Amazon","Stittsville","Ontario","K2S 0H","Combined TCS+MTC","29.99","3.90","6.99","0","0","0","0","0","-6.99","0","-3.90","-5.10","-7.65","0","0","17.24"
"Dec 22, 2025 10:44:15 a.m. PST","25214098181","Fulfilment by Amazon customer return fee","702-6370645-1928220","X004L5VLD1","FBA Customer Return Per Unit Fee (Clothing & Shoes)","","Amazon.ca","","","","","","0","0","0","0","0","0","0","0","0","0","0","0","-5.03","0","0","-5.03"
"Dec 22, 2025 11:29:24 a.m. PST","25214098181","Order","701-1943184-0869007","MSCA-D70-2-2","ANGOOL Wireless Strapless Bra for Women Seamless Push Up Non-Slip Full Support Non Removable Padded Bandeau Bra, Black, S","1","amazon.ca","Amazon","Waverley","Nova Scotia","B2R 1Y","Combined TCS+MTC","29.99","4.20","0","0","0","0","0","0","0","0","-4.20","-5.10","-7.13","0","0","17.76"
"Dec 22, 2025 11:30:44 a.m. PST","25214098181","Order","701-0384953-5715466","MSCA-D70-5-6","ANGOOL Wireless Strapless Bra for Women Seamless Push Up Non-Slip Full Support Non Removable Padded Bandeau Bra, Beige, XXL","1","amazon.ca","Amazon","Burlington","Ontario","L7P 2L","Combined TCS+MTC","29.99","3.90","0","0","0","0","0","0","0","0","-3.90","-5.10","-7.65","0","0","17.24"
"Dec 22, 2025 11:31:44 a.m. PST","25214098181","Fulfilment by Amazon customer return fee","701-6400371-5813834","X004L612A7","FBA Customer Return Per Unit Fee (Clothing & Shoes)","","Amazon.ca","","","","","","0","0","0","0","0","0","0","0","0","0","0","0","-5.49","0","0","-5.49"
"Dec 22, 2025 11:51:35 a.m. PST","25214098181","Refund","702-0074276-5402642","MSCA-D70-5-4","ANGOOL Wireless Strapless Bra for Women Seamless Push Up Non-Slip Full Support Non Removable Padded Bandeau Bra, Beige, L","1","amazon.ca","Amazon","St Andrews West","Ontario","K0C 2A","Combined TCS+MTC","-22.49","-2.92","0","0","0","0","0","0","0","0","2.92","3.06","0","0","0","-19.43"
"Dec 22, 2025 12:18:42 p.m. PST","25214098181","Refund","701-4849796-9529003","MSCA-D70-25-5","ANGOOL Wireless Strapless Bra for Women Seamless Push Up Non-Slip Full Support Non Removable Padded Bandeau Bra, Black+Beige, XL","1","amazon.ca","Amazon","Vaughan","ON","L4H2G","Combined TCS+MTC","-32.24","-4.19","0","0","0","0","0","0","0","0","4.19","4.38","0","0","0","-27.86"
"Dec 22, 2025 12:37:32 p.m. PST","25214098181","Order","702-8866784-1761842","MSCA-D77-2-4","ANGOOL Racerback Bras for Women Wire Free Sexy V Neck Lace Bralette Adjustable Strap Full Coverage Padded Bra, Black, L","1","amazon.ca","Amazon","Edmonton","Alberta","T6L 1X","Combined TCS+MTC","29.99","1.50","1.75","0","0","0","0","0","-1.75","0","-1.50","-5.10","-7.13","0","0","17.76"
"Dec 22, 2025 12:57:48 p.m. PST","25214098181","Order","702-4910959-2509057","MSCA-D70-2-6","ANGOOL Wireless Strapless Bra for Women Seamless Push Up Non-Slip Full Support Non Removable Padded Bandeau Bra, Black, XXL","1","amazon.ca","Amazon","Repentigny","Quebec","J5Z 5B","Combined TCS+MTC","29.99","4.49","0","0","0","0","0","0","0","0","-4.49","-5.10","-7.13","0","0","17.76"
"Dec 22, 2025 2:01:46 p.m. PST","25214098181","Order","702-6228808-2901856","MSCA-D70-5-6","ANGOOL Wireless Strapless Bra for Women Seamless Push Up Non-Slip Full Support Non Removable Padded Bandeau Bra, Beige, XXL","1","amazon.ca","Amazon","Port Dover","Ontario","N0A 1N","Combined TCS+MTC","29.99","3.90","0","0","0","0","0","0","0","0","-3.90","-5.10","-7.65","0","0","17.24"
"Dec 22, 2025 2:18:34 p.m. PST","25214098181","Refund","702-7870683-3401846","MSCA-D70-25-4","ANGOOL Wireless Strapless Bra for Women Seamless Push Up Non-Slip Full Support Non Removable Padded Bandeau Bra, Black+Beige, L","1","amazon.ca","Amazon","Rockland","Ontario","K4K 1K","Combined TCS+MTC","-42.99","-5.59","0","0","0","0","0","0","0","0","5.59","5.85","0","0","0","-37.14"
"Dec 22, 2025 2:33:30 p.m. PST","25214098181","Order","702-3522318-4979427","MSCA-D70-5-5","ANGOOL Wireless Strapless Bra for Women Seamless Push Up Non-Slip Full Support Non Removable Padded Bandeau Bra, Beige, XL","1","amazon.ca","Amazon","Crossfield","Alberta","T0M 0S","Combined TCS+MTC","29.99","1.50","0","0","0","0","0","0","0","0","-1.50","-5.10","-7.65","0","0","17.24"
"Dec 22, 2025 2:45:49 p.m. PST","25214098181","FBA Inventory Fee","702-3564316-3451452","","Fulfilment by Amazon removal order: disposal fee","","Amazon.ca","","","","","","0","0","0","0","0","0","0","0","0","0","0","0","0","0","-0.82","-0.82"
"Dec 22, 2025 2:55:04 p.m. PST","25214098181","Refund","701-8478983-7744206","MSCA-D70-25-2","ANGOOL Wireless Strapless Bra for Women Seamless Push Up Non-Slip Full Support Non Removable Padded Bandeau Bra, Black+Beige, S","1","amazon.ca","Amazon","Water Valley","Alberta","T0M 2E","Combined TCS+MTC","-42.99","-2.15","0","0","0","0","0","0","0","0","2.15","5.85","0","0","0","-37.14"
"Dec 22, 2025 3:11:52 p.m. PST","25214098181","Fulfilment by Amazon customer return fee","702-8030036-5411434","X004L62ZH1","FBA Customer Return Per Unit Fee (Clothing & Shoes)","","Amazon.ca","","","","","","0","0","0","0","0","0","0","0","0","0","0","0","-4.92","0","0","-4.92"
"Dec 22, 2025 5:34:35 p.m. PST","25214098181","Fulfilment by Amazon customer return fee","701-3575811-5181010","X004L5ZNMB","FBA Customer Return Per Unit Fee (Clothing & Shoes)","","Amazon.ca","","","","","","0","0","0","0","0","0","0","0","0","0","0","0","-5.03","0","0","-5.03"
"Dec 22, 2025 7:26:39 p.m. PST","25214098181","Order","701-6370834-3309864","MSCA-D70-6-5","ANGOOL Wireless Strapless Bra for Women Seamless Push Up Non-Slip Full Support Non Removable Padded Bandeau Bra, White, XL","1","amazon.ca","Amazon","Vancouver","British Columbia","V6Z 0G","Combined TCS+MTC","29.99","3.60","0","0","0","0","0","0","0","0","-3.60","-5.10","-7.13","0","0","17.76"
"Dec 22, 2025 7:26:39 p.m. PST","25214098181","Order","701-6370834-3309864","MSCA-D70-2-5","ANGOOL Wireless Strapless Bra for Women Seamless Push Up Non-Slip Full Support Non Removable Padded Bandeau Bra, Black, XL","1","amazon.ca","Amazon","Vancouver","British Columbia","V6Z 0G","Combined TCS+MTC","29.99","3.60","0","0","0","0","0","0","0","0","-3.60","-5.10","-7.65","0","0","17.24"
"Dec 22, 2025 7:27:08 p.m. PST","25214098181","Order","701-6212395-8057849","MSCA-D70-2-5","ANGOOL Wireless Strapless Bra for Women Seamless Push Up Non-Slip Full Support Non Removable Padded Bandeau Bra, Black, XL","1","amazon.ca","Amazon","Vancouver","British Columbia","V6E 4S","Combined TCS+MTC","29.99","3.60","0","0","0","0","0","0","0","0","-3.60","-5.10","-7.65","0","0","17.24"
"Dec 22, 2025 7:32:02 p.m. PST","25214098181","Refund","702-8425519-3405057","MSCA-D70-5-4","ANGOOL Wireless Strapless Bra for Women Seamless Push Up Non-Slip Full Support Non Removable Padded Bandeau Bra, Beige, L","1","amazon.ca","Amazon","Vancouver","British Columbia","V6P 5A","Combined TCS+MTC","-29.99","-3.60","0","0","0","0","0","0","0","0","3.60","4.08","0","0","0","-25.91"
"Dec 22, 2025 8:46:24 p.m. PST","25214098181","Refund","701-8620463-4083451","MSCA-D70-2-4","ANGOOL Wireless Strapless Bra for Women Seamless Push Up Non-Slip Full Support Non Removable Padded Bandeau Bra, Black, L","1","amazon.ca","Amazon","St-ambroise-de-kildare","Québec","J0K 1C","Combined TCS+MTC","-29.99","-4.49","0","0","0","0","0","0","0","0","4.49","4.08","0","0","0","-25.91"
"Dec 22, 2025 11:16:38 p.m. PST","25214098181","Order","702-6649503-0127469","MSCA-D70-5-2","ANGOOL Wireless Strapless Bra for Women Seamless Push Up Non-Slip Full Support Non Removable Padded Bandeau Bra, Beige, S","1","amazon.ca","Amazon","Rigaud","Quebec","J0P 1P","Combined TCS+MTC","29.99","4.49","0","0","0","0","0","0","0","0","-4.49","-5.10","-7.84","0","0","17.05"
"Dec 23, 2025 12:48:44 a.m. PST","25214098181","Order","701-0000476-5289009","MSCA-D70-7-3","ANGOOL Wireless Strapless Bra for Women Seamless Push Up Non-Slip Full Support Non Removable Padded Bandeau Bra, Brown, M","1","amazon.ca","Amazon","Hamilton","Ontario","L8P 3Z","Combined TCS+MTC","29.99","3.90","0","0","0","0","0","0","0","0","-3.90","-5.10","-7.84","0","0","17.05"
"Dec 23, 2025 2:56:49 a.m. PST","25214098181","Fulfilment by Amazon customer return fee","702-8853059-9241005","X004L5ZNMB","FBA Customer Return Per Unit Fee (Clothing & Shoes)","","Amazon.ca","","","","","","0","0","0","0","0","0","0","0","0","0","0","0","-4.98","0","0","-4.98"
"Dec 23, 2025 4:59:01 a.m. PST","25214098181","Refund","702-0284060-3902638","MSCA-D70-7-4","ANGOOL Wireless Strapless Bra for Women Seamless Push Up Non-Slip Full Support Non Removable Padded Bandeau Bra, Brown, L","1","amazon.ca","Amazon","Alliston","Ontario","L9R 0G","Combined TCS+MTC","-29.99","-3.90","0","0","0","0","0","0","0","0","3.90","4.08","0","0","0","-25.91"
"Dec 23, 2025 8:18:38 a.m. PST","25214098181","Order","702-8189086-8752223","MSCA-D70-5-2","ANGOOL Wireless Strapless Bra for Women Seamless Push Up Non-Slip Full Support Non Removable Padded Bandeau Bra, Beige, S","1","amazon.ca","Amazon","Guelph","Ontario","N1G 3Z","Combined TCS+MTC","29.99","3.90","6.99","0","0","0","0","0","-6.99","0","-3.90","-5.10","-7.84","0","0","17.05"
"Dec 23, 2025 12:38:37 p.m. PST","25214098181","Refund","701-2970999-4818611","MSCA-D70-5-5","ANGOOL Wireless Strapless Bra for Women Seamless Push Up Non-Slip Full Support Non Removable Padded Bandeau Bra, Beige, XL","1","amazon.ca","Amazon","Innisfil","Ontario","L9S 0C","Combined TCS+MTC","-29.99","-3.90","0","0","0","0","0","0","0","0","3.90","4.08","0","0","0","-25.91"
"Dec 23, 2025 12:43:38 p.m. PST","25214098181","Order","701-9283684-6267452","MSCA-D70-5-6","ANGOOL Wireless Strapless Bra for Women Seamless Push Up Non-Slip Full Support Non Removable Padded Bandeau Bra, Beige, XXL","1","amazon.ca","Amazon","Spruce Grove","Alberta","T7X 3L","Combined TCS+MTC","29.99","1.50","1.00","0","0","0","0","0","-1.00","0","-1.50","-5.10","-7.65","0","0","17.24"
"Dec 23, 2025 12:59:33 p.m. PST","25214098181","Fulfilment by Amazon customer return fee","702-3219536-9502655","X004L5ZNMB","FBA Customer Return Per Unit Fee (Clothing & Shoes)","","Amazon.ca","","","","","","0","0","0","0","0","0","0","0","0","0","0","0","-5.03","0","0","-5.03"
"Dec 23, 2025 1:38:10 p.m. PST","25214098181","Order","701-1276234-5205014","MSCA-D70-2-6","ANGOOL Wireless Strapless Bra for Women Seamless Push Up Non-Slip Full Support Non Removable Padded Bandeau Bra, Black, XXL","1","amazon.ca","Amazon","Regina","SK","S4T 7B","Combined TCS+MTC","29.99","3.30","0","0","0","0","0","0","0","0","-3.30","-5.10","-7.13","0","0","17.76"
"Dec 23, 2025 1:42:04 p.m. PST","25214098181","Order","702-2342360-0653841","MSCA-D70-5-4","ANGOOL Wireless Strapless Bra for Women Seamless Push Up Non-Slip Full Support Non Removable Padded Bandeau Bra, Beige, L","1","amazon.ca","Amazon","North Vancouver","British Columbia","V7L 4R","Combined TCS+MTC","29.99","3.60","6.99","0","0","0","0","0","-6.99","0","-3.60","-5.10","-8.19","0","0","16.70"
"Dec 23, 2025 1:49:31 p.m. PST","25214098181","Adjustment","","MSCA-D70-25-4","FBA Inventory Reimbursement - General Adjustment","1","","","","","","","0","0","0","0","0","0","0","0","0","0","0","0","0","0","-27.43","-27.43"
"Dec 23, 2025 5:08:22 p.m. PST","25214098181","Order","702-3915282-6211437","MSCA-D70-2-5","ANGOOL Wireless Strapless Bra for Women Seamless Push Up Non-Slip Full Support Non Removable Padded Bandeau Bra, Black, XL","1","amazon.ca","Amazon","Innisfil","Ontario","L9S 1H","Combined TCS+MTC","29.99","3.90","0","0","0","0","0","0","0","0","-3.90","-5.10","-7.65","0","0","17.24"
"Dec 23, 2025 6:01:14 p.m. PST","25214098181","Order","701-5578030-6094630","MSCA-D70-6-2","ANGOOL Wireless Strapless Bra for Women Seamless Push Up Non-Slip Full Support Non Removable Padded Bandeau Bra, White, S","1","amazon.ca","Amazon","Georgetown","Ontario","L7G 5R","Combined TCS+MTC","29.99","3.90","0","0","0","0","0","0","0","0","-3.90","-5.10","-6.74","0","0","18.15"
"Dec 23, 2025 8:25:20 p.m. PST","25214098181","Order","701-2303137-2047428","MSCA-D70-2-6","ANGOOL Wireless Strapless Bra for Women Seamless Push Up Non-Slip Full Support Non Removable Padded Bandeau Bra, Black, XXL","1","amazon.ca","Amazon","Kleinburg","Ontario","L0J 1C","Combined TCS+MTC","29.99","3.90","0","0","0","0","0","0","0","0","-3.90","-5.10","-7.13","0","0","17.76"
"Dec 23, 2025 8:25:20 p.m. PST","25214098181","Order","701-2303137-2047428","MSCA-D70-6-6","ANGOOL Wireless Strapless Bra for Women Seamless Push Up Non-Slip Full Support Non Removable Padded Bandeau Bra, White, XXL","1","amazon.ca","Amazon","Kleinburg","Ontario","L0J 1C","Combined TCS+MTC","29.99","3.90","0","0","0","0","0","0","0","0","-3.90","-5.10","-7.13","0","0","17.76"
"Dec 23, 2025 8:31:35 p.m. PST","25214098181","Order","702-2071047-4718621","MSCA-D70-2-5","ANGOOL Wireless Strapless Bra for Women Seamless Push Up Non-Slip Full Support Non Removable Padded Bandeau Bra, Black, XL","1","amazon.ca","Amazon","Brampton","Ontario","L7A 3P","Combined TCS+MTC","29.99","3.90","0","0","0","0","0","0","0","0","-3.90","-5.10","-7.65","0","0","17.24"
"Dec 23, 2025 9:25:27 p.m. PST","25214098181","Order","702-3309754-5093804","MSCA-D77-2-4","ANGOOL Racerback Bras for Women Wire Free Sexy V Neck Lace Bralette Adjustable Strap Full Coverage Padded Bra, Black, L","1","amazon.ca","Amazon","Fredericton","New Brunswick","E3B 1K","Combined TCS+MTC","29.99","4.50","0","0","0","0","0","0","0","0","-4.50","-5.10","-7.13","0","0","17.76"
"Dec 23, 2025 9:44:25 p.m. PST","25214098181","Order","701-3186548-7906636","MSCA-D70-5-2","ANGOOL Wireless Strapless Bra for Women Seamless Push Up Non-Slip Full Support Non Removable Padded Bandeau Bra, Beige, S","1","amazon.ca","Amazon","Toronto","Ontario","M6S 1H","Combined TCS+MTC","29.99","3.90","0","0","0","0","0","0","0","0","-3.90","-5.10","-7.84","0","0","17.05"
"Dec 23, 2025 10:07:07 p.m. PST","25214098181","Refund","701-6607602-6611443","MSCA-D70-5-2","ANGOOL Wireless Strapless Bra for Women Seamless Push Up Non-Slip Full Support Non Removable Padded Bandeau Bra, Beige, S","1","amazon.ca","Amazon","Toronto","Ontario","M4P1Z","Combined TCS+MTC","-25.49","-3.31","0","0","0","0","0","0","0","0","3.31","3.46","0","0","0","-22.03"
"Dec 23, 2025 10:24:11 p.m. PST","25214098181","Refund","701-0248261-9241042","MSCA-D70-25-3","ANGOOL Wireless Strapless Bra for Women Seamless Push Up Non-Slip Full Support Non Removable Padded Bandeau Bra, Black+Beige, M","1","amazon.ca","Amazon","Chestermere","Alberta","T1X 0C","Combined TCS+MTC","-34.39","-1.72","0","0","0","0","0","0","0","0","1.72","4.68","0","0","0","-29.71"
"Dec 23, 2025 10:36:36 p.m. PST","25214098181","Order","702-4024774-9864206","MSCA-D70-25-3","ANGOOL Wireless Strapless Bra for Women Seamless Push Up Non-Slip Full Support Non Removable Padded Bandeau Bra, Black+Beige, M","1","amazon.ca","Amazon","Mississauga","Ontario","L5H 3V","Combined TCS+MTC","42.99","5.59","0","0","0","0","0","0","0","0","-5.59","-7.31","-7.84","0","0","27.84"
"Dec 23, 2025 10:37:10 p.m. PST","25214098181","Order","702-1239776-8893019","MSCA-D70-5-5","ANGOOL Wireless Strapless Bra for Women Seamless Push Up Non-Slip Full Support Non Removable Padded Bandeau Bra, Beige, XL","1","amazon.ca","Amazon","Etobicoke","Ontario","M9B 0C","Combined TCS+MTC","29.99","3.90","0","0","0","0","0","0","0","0","-3.90","-5.10","-7.65","0","0","17.24"
"Dec 24, 2025 2:05:20 a.m. PST","25214098181","Order","701-2254306-0935448","MSCA-D70-5-2","ANGOOL Wireless Strapless Bra for Women Seamless Push Up Non-Slip Full Support Non Removable Padded Bandeau Bra, Beige, S","1","amazon.ca","Amazon","London","Ontario","N6H 5R","Combined TCS+MTC","29.99","3.90","0","0","0","0","0","0","0","0","-3.90","-5.10","-7.84","0","0","17.05"
"Dec 24, 2025 5:52:06 a.m. PST","25214098181","Fulfilment by Amazon customer return fee","701-4287102-4853052","X004L5VLD1","FBA Customer Return Per Unit Fee (Clothing & Shoes)","","Amazon.ca","","","","","","0","0","0","0","0","0","0","0","0","0","0","0","-5.03","0","0","-5.03"
"Dec 24, 2025 12:21:02 p.m. PST","25214098181","Fulfilment by Amazon customer return fee","701-7609790-5027421","X004L5YB51","FBA Customer Return Per Unit Fee (Clothing & Shoes)","","Amazon.ca","","","","","","0","0","0","0","0","0","0","0","0","0","0","0","-4.92","0","0","-4.92"
"Dec 24, 2025 1:04:30 p.m. PST","25214098181","Order","701-2484714-7122647","MSCA-D70-6-3","ANGOOL Wireless Strapless Bra for Women Seamless Push Up Non-Slip Full Support Non Removable Padded Bandeau Bra, White, M","1","amazon.ca","Amazon","Calgary","Alberta","T2X 0E","Combined TCS+MTC","29.99","1.50","6.99","0","0","0","0","0","-6.99","0","-1.50","-5.10","-7.13","0","0","17.76"
"Dec 24, 2025 1:54:37 p.m. PST","25214098181","Refund","701-5040416-6572203","MSCA-D70-7-3","ANGOOL Wireless Strapless Bra for Women Seamless Push Up Non-Slip Full Support Non Removable Padded Bandeau Bra, Brown, M","1","amazon.ca","Amazon","Calgary","Alberta","T2R 1C","Combined TCS+MTC","-29.99","-1.50","-2.33","0","0","0","0","0","2.33","0","1.50","4.08","0","0","0","-25.91"
"Dec 24, 2025 2:15:24 p.m. PST","25214098181","Refund","702-8647214-7941016","MSCA-D70-5-6","ANGOOL Wireless Strapless Bra for Women Seamless Push Up Non-Slip Full Support Non Removable Padded Bandeau Bra, Beige, XXL","1","amazon.ca","Amazon","Edmonton","Alberta","T6J 1B","Combined TCS+MTC","-29.99","-1.50","0","0","0","0","0","0","0","0","1.50","4.08","0","0","0","-25.91"
"Dec 24, 2025 2:24:33 p.m. PST","25214098181","Refund","702-0638433-5942638","MSCA-D70-2-2","ANGOOL Wireless Strapless Bra for Women Seamless Push Up Non-Slip Full Support Non Removable Padded Bandeau Bra, Black, S","1","amazon.ca","Amazon","Notre-Dame-Des-Pins","Quebec","G0M 1K","Combined TCS+MTC","-29.99","-4.49","-3.93","0","0","0","0","0","3.93","0","4.49","4.08","0","0","0","-25.91"
"Dec 25, 2025 11:46:36 a.m. PST","25214098181","Fulfilment by Amazon customer return fee","701-8478983-7744206","X004L5XHYH","FBA Customer Return Per Unit Fee (Clothing & Shoes)","","Amazon.ca","","","","","","0","0","0","0","0","0","0","0","0","0","0","0","-4.79","0","0","-4.79"
"Dec 26, 2025 5:58:55 a.m. PST","25214098181","Fulfilment by Amazon customer return fee","702-4761515-1436216","X004L5ZNMB","FBA Customer Return Per Unit Fee (Clothing & Shoes)","","Amazon.ca","","","","","","0","0","0","0","0","0","0","0","0","0","0","0","-5.03","0","0","-5.03"
"Dec 26, 2025 6:43:52 a.m. PST","25214098181","Order","702-4518886-6410628","MSCA-D70-5-2","ANGOOL Wireless Strapless Bra for Women Seamless Push Up Non-Slip Full Support Non Removable Padded Bandeau Bra, Beige, S","1","amazon.ca","Amazon","Foxboro","Ontario","K0K 2B","Combined TCS+MTC","29.99","3.90","0","0","0","0","0","0","0","0","-3.90","-5.10","-7.84","0","0","17.05"
"Dec 26, 2025 8:10:36 a.m. PST","25214098181","Fulfilment by Amazon customer return fee","701-6529719-7580265","X004L5ZNMB","FBA Customer Return Per Unit Fee (Clothing & Shoes)","","Amazon.ca","","","","","","0","0","0","0","0","0","0","0","0","0","0","0","-4.67","0","0","-4.67"
"Dec 26, 2025 11:22:01 a.m. PST","25214098181","Order","702-6599524-2446634","MSCA-D70-2-5","ANGOOL Wireless Strapless Bra for Women Seamless Push Up Non-Slip Full Support Non Removable Padded Bandeau Bra, Black, XL","1","amazon.ca","Amazon","Courtice","Ontario","L1E 3E","Combined TCS+MTC","29.99","3.90","0","0","0","0","0","0","0","0","-3.90","-5.10","-7.65","0","0","17.24"
"Dec 26, 2025 1:06:20 p.m. PST","25214098181","Fulfilment by Amazon customer return fee","701-6458713-7637002","X004L5Z4DT","FBA Customer Return Per Unit Fee (Clothing & Shoes)","","Amazon.ca","","","","","","0","0","0","0","0","0","0","0","0","0","0","0","-4.92","0","0","-4.92"
"Dec 26, 2025 1:19:39 p.m. PST","25214098181","Refund","702-4500618-3471405","MSCA-D70-25-3","ANGOOL Wireless Strapless Bra for Women Seamless Push Up Non-Slip Full Support Non Removable Padded Bandeau Bra, Black+Beige, M","1","amazon.ca","Amazon","Richmond","British Columbia","V6X 3R","Combined TCS+MTC","-31.81","-3.82","0","0","0","0","0","0","0","0","3.82","4.33","0","0","0","-27.48"
"Dec 26, 2025 1:26:02 p.m. PST","25214098181","Order","702-7143623-4646667","MSCA-D70-25-4","ANGOOL Wireless Strapless Bra for Women Seamless Push Up Non-Slip Full Support Non Removable Padded Bandeau Bra, Black+Beige, L","1","amazon.ca","Amazon","Quebec","Quebec","G3E 2K","Combined TCS+MTC","42.99","6.44","0","0","0","0","0","0","0","0","-6.44","-7.31","-8.74","0","0","26.94"
"Dec 26, 2025 1:45:50 p.m. PST","25214098181","Order","702-0284642-5768221","MSCA-D70-5-5","ANGOOL Wireless Strapless Bra for Women Seamless Push Up Non-Slip Full Support Non Removable Padded Bandeau Bra, Beige, XL","1","amazon.ca","Amazon","Edmonton","Alberta","T5E 6X","Combined TCS+MTC","29.99","1.50","0","0","0","0","0","0","0","0","-1.50","-5.10","-7.65","0","0","17.24"
"Dec 26, 2025 1:45:50 p.m. PST","25214098181","Order","702-0284642-5768221","MSCA-D70-2-5","ANGOOL Wireless Strapless Bra for Women Seamless Push Up Non-Slip Full Support Non Removable Padded Bandeau Bra, Black, XL","1","amazon.ca","Amazon","Edmonton","Alberta","T5E 6X","Combined TCS+MTC","29.99","1.50","0","0","0","0","0","0","0","0","-1.50","-5.10","-7.65","0","0","17.24"
"Dec 26, 2025 2:26:41 p.m. PST","25214098181","Fulfilment by Amazon customer return fee","702-9886219-1003427","X004L5Z47F","FBA Customer Return Per Unit Fee (Clothing & Shoes)","","Amazon.ca","","","","","","0","0","0","0","0","0","0","0","0","0","0","0","-4.67","0","0","-4.67"
"Dec 26, 2025 2:55:13 p.m. PST","25214098181","Order","702-6146511-0522644","MSCA-D70-2-5","ANGOOL Wireless Strapless Bra for Women Seamless Push Up Non-Slip Full Support Non Removable Padded Bandeau Bra, Black, XL","1","amazon.ca","Amazon","Ingersoll","Ontario","N5C 2A","Combined TCS+MTC","29.99","3.90","0","0","0","0","0","0","0","0","-3.90","-5.10","-7.65","0","0","17.24"
"Dec 26, 2025 4:54:18 p.m. PST","25214098181","Order","701-9075304-4542604","MSCA-D70-7-5","ANGOOL Wireless Strapless Bra for Women Seamless Push Up Non-Slip Full Support Non Removable Padded Bandeau Bra, Brown, XL","1","amazon.ca","Amazon","Vancouver","British Columbia","V6Z 2Y","Combined TCS+MTC","29.99","3.60","0","0","0","0","0","0","0","0","-3.60","-5.10","-8.19","0","0","16.70"
"Dec 26, 2025 6:11:53 p.m. PST","25214098181","Fulfilment by Amazon customer return fee","701-9149966-4532223","X004L5VLD1","FBA Customer Return Per Unit Fee (Clothing & Shoes)","","Amazon.ca","","","","","","0","0","0","0","0","0","0","0","0","0","0","0","-5.03","0","0","-5.03"
"Dec 26, 2025 7:29:05 p.m. PST","25214098181","Order","702-5988899-0974607","MSCA-D70-2-5","ANGOOL Wireless Strapless Bra for Women Seamless Push Up Non-Slip Full Support Non Removable Padded Bandeau Bra, Black, XL","1","amazon.ca","Amazon","Windsor","Ontario","N9C 4B","Combined TCS+MTC","29.99","3.90","3.50","0","0","0","0","0","-3.50","0","-3.90","-5.10","-7.65","0","0","17.24"
"Dec 26, 2025 8:04:20 p.m. PST","25214098181","Order","702-8666471-0313814","MSCA-D70-5-4","ANGOOL Wireless Strapless Bra for Women Seamless Push Up Non-Slip Full Support Non Removable Padded Bandeau Bra, Beige, L","1","amazon.ca","Amazon","Mississauga","Ontario","L5H 3B","Combined TCS+MTC","29.99","3.90","6.99","0","0","0","0","0","-6.99","0","-3.90","-5.10","-7.65","0","0","17.24"
"Dec 26, 2025 9:09:08 p.m. PST","25214098181","Order","701-5116505-9617026","MSCA-D70-5-4","ANGOOL Wireless Strapless Bra for Women Seamless Push Up Non-Slip Full Support Non Removable Padded Bandeau Bra, Beige, L","1","amazon.ca","Amazon","Airdrie","Alberta","T4B 4B","Combined TCS+MTC","29.99","1.50","0","0","0","0","0","0","0","0","-1.50","-5.10","-7.65","0","0","17.24"
"Dec 26, 2025 9:31:33 p.m. PST","25214098181","Fulfilment by Amazon customer return fee","701-7238491-1505843","X004L5Z47F","FBA Customer Return Per Unit Fee (Clothing & Shoes)","","Amazon.ca","","","","","","0","0","0","0","0","0","0","0","0","0","0","0","-5.03","0","0","-5.03"
"Dec 26, 2025 10:23:14 p.m. PST","25214098181","Order","702-4821661-0483428","MSCA-D70-6-3","ANGOOL Wireless Strapless Bra for Women Seamless Push Up Non-Slip Full Support Non Removable Padded Bandeau Bra, White, M","1","amazon.ca","Amazon","Brooks","Alberta","T1R 0L","Combined TCS+MTC","29.99","1.50","0","0","0","0","0","0","0","0","-1.50","-5.10","-7.13","0","0","17.76"
"Dec 26, 2025 10:26:57 p.m. PST","25214098181","Order","701-8553860-8298639","MSCA-D70-2-2","ANGOOL Wireless Strapless Bra for Women Seamless Push Up Non-Slip Full Support Non Removable Padded Bandeau Bra, Black, S","1","amazon.ca","Amazon","Kingston","Ontario","K7M 7Y","Combined TCS+MTC","29.99","3.90","2.45","0","0","0","0","0","-2.45","0","-3.90","-5.10","-7.13","0","0","17.76"
"Dec 26, 2025 10:49:22 p.m. PST","25214098181","Order","702-3678064-5616250","MSCA-D70-5-3","ANGOOL Wireless Strapless Bra for Women Seamless Push Up Non-Slip Full Support Non Removable Padded Bandeau Bra, Beige, M","1","amazon.ca","Amazon","Guelph","Ontario","N1K 1Y","Combined TCS+MTC","29.99","3.90","0","0","0","0","0","0","0","0","-3.90","-5.10","-7.63","0","0","17.26"
"Dec 27, 2025 1:22:41 a.m. PST","25214098181","Order","701-4723237-5192222","MSCA-D70-5-2","ANGOOL Wireless Strapless Bra for Women Seamless Push Up Non-Slip Full Support Non Removable Padded Bandeau Bra, Beige, S","1","amazon.ca","Amazon","MAPLE","Ontario","L6A 1K","Combined TCS+MTC","29.99","3.90","0","0","0","0","0","0","0","0","-3.90","-5.10","-7.84","0","0","17.05"
"Dec 27, 2025 1:25:55 a.m. PST","25214098181","Order","701-1006797-8913067","MSCA-D74-5-4","ANGOOL V Neck Seamless Bralette for Women Full Coverage Wireless Padded Bra No Underwire Non Removable Pads Push Up Bras, Beige, L","1","amazon.ca","Amazon","Fonthill","Ontario","L0S 1E","Combined TCS+MTC","22.09","2.87","0","0","0","0","0","0","0","0","-2.87","-3.76","-8.17","0","0","10.16"
"Dec 27, 2025 2:58:05 a.m. PST","25214098181","Order","702-5511939-8407447","MSCA-D74-6-5","ANGOOL V Neck Seamless Bralette for Women Full Coverage Wireless Padded Bra No Underwire Non Removable Pads Push Up Bras, White, XL","1","amazon.ca","Amazon","Calgary","Alberta","T2Z 3W","Combined TCS+MTC","22.09","1.10","3.49","0","0","0","0","0","-3.49","0","-1.10","-3.76","-8.17","0","0","10.16"
"Dec 27, 2025 6:02:52 a.m. PST","25214098181","Fulfilment by Amazon customer return fee","702-3274175-8869813","X004L5XII7","FBA Customer Return Per Unit Fee (Clothing & Shoes)","","Amazon.ca","","","","","","0","0","0","0","0","0","0","0","0","0","0","0","-4.98","0","0","-4.98"
"Dec 27, 2025 7:17:43 a.m. PST","25214098181","Order","701-4165397-6789069","MSCA-D70-2-3","ANGOOL Wireless Strapless Bra for Women Seamless Push Up Non-Slip Full Support Non Removable Padded Bandeau Bra, Black, M","1","amazon.ca","Amazon","Mississauga","ONTARIO","L5N 4V","Combined TCS+MTC","29.99","3.90","6.99","0","0","0","0","0","-6.99","0","-3.90","-5.10","-7.65","0","0","17.24"
"Dec 27, 2025 9:18:09 a.m. PST","25214098181","Refund","702-3274175-8869813","MSCA-D70-5-6","ANGOOL Wireless Strapless Bra for Women Seamless Push Up Non-Slip Full Support Non Removable Padded Bandeau Bra, Beige, XXL","1","amazon.ca","Amazon","Surrey","British Columbia","V3W 5B","Combined TCS+MTC","-29.99","-3.60","0","0","0","0","0","0","0","0","3.60","4.08","0","0","0","-25.91"
"Dec 27, 2025 10:16:26 a.m. PST","25214098181","Order","701-0061890-9886641","MSCA-D70-5-2","ANGOOL Wireless Strapless Bra for Women Seamless Push Up Non-Slip Full Support Non Removable Padded Bandeau Bra, Beige, S","1","amazon.ca","Amazon","Newtonville","Ontario","L0A 1J","Combined TCS+MTC","29.99","3.90","0","0","0","0","0","0","0","0","-3.90","-5.10","-7.84","0","0","17.05"
"Dec 27, 2025 10:46:26 a.m. PST","25214098181","Order","702-8511371-0096265","MSCA-D70-5-2","ANGOOL Wireless Strapless Bra for Women Seamless Push Up Non-Slip Full Support Non Removable Padded Bandeau Bra, Beige, S","1","amazon.ca","Amazon","Mississauga","Ontario","L5H 1Z","Combined TCS+MTC","29.99","3.90","0","0","0","0","0","0","0","0","-3.90","-5.10","-7.84","0","0","17.05"
"Dec 27, 2025 12:07:25 p.m. PST","25214098181","Fulfilment by Amazon customer return fee","701-4849796-9529003","X004L5KSKD","FBA Customer Return Per Unit Fee (Clothing & Shoes)","","Amazon.ca","","","","","","0","0","0","0","0","0","0","0","0","0","0","0","-5.28","0","0","-5.28"
"Dec 27, 2025 12:44:28 p.m. PST","25214098181","Order","701-9041401-0555469","MSCA-D70-2-3","ANGOOL Wireless Strapless Bra for Women Seamless Push Up Non-Slip Full Support Non Removable Padded Bandeau Bra, Black, M","1","amazon.ca","Amazon","Toronto","Ontario","M6P 1M","Combined TCS+MTC","29.99","3.90","6.99","0","0","0","0","0","-6.99","0","-3.90","-5.10","-7.65","0","0","17.24"
"Dec 27, 2025 1:08:30 p.m. PST","25214098181","Order","701-9445202-1815410","MSCA-D77-7-4","ANGOOL Racerback Bras for Women Wire Free Sexy V Neck Lace Bralette Adjustable Strap Full Coverage Padded Bra, Brown, L","1","amazon.ca","Amazon","Sainte-Anne-Du-Lac","Quebec","J0W 1V","Combined TCS+MTC","22.49","3.37","0","0","0","0","0","0","0","0","-3.37","-3.82","-7.13","0","0","11.54"
"Dec 27, 2025 1:15:01 p.m. PST","25214098181","Order","701-8761639-6716210","MSCA-D70-5-6","ANGOOL Wireless Strapless Bra for Women Seamless Push Up Non-Slip Full Support Non Removable Padded Bandeau Bra, Beige, XXL","1","amazon.ca","Amazon","Portage La Prairie","Manitoba","R1N 3G","Combined TCS+MTC","29.99","3.60","0","0","0","0","0","0","0","0","-3.60","-5.10","-7.65","0","0","17.24"
"Dec 27, 2025 1:19:41 p.m. PST","25214098181","Order","702-7666732-0016210","MSCA-D74-5-5","ANGOOL V Neck Seamless Bralette for Women Full Coverage Wireless Padded Bra No Underwire Non Removable Pads Push Up Bras, Beige, XL","1","amazon.ca","Amazon","Chase","British Columbia","V0E 1M","Combined TCS+MTC","22.09","2.65","0","0","0","0","0","0","0","0","-2.65","-3.76","-8.17","0","0","10.16"
"Dec 27, 2025 1:19:41 p.m. PST","25214098181","Order","702-7666732-0016210","MSCA-D74-2-5","ANGOOL V Neck Seamless Bralette for Women Full Coverage Wireless Padded Bra No Underwire Non Removable Pads Push Up Bras, Black, XL","1","amazon.ca","Amazon","Chase","British Columbia","V0E 1M","Combined TCS+MTC","22.09","2.65","0","0","0","0","0","0","0","0","-2.65","-3.76","-8.17","0","0","10.16"
"Dec 27, 2025 1:24:23 p.m. PST","25214098181","FBA Inventory Fee","n5L3J9m3/D","","Fulfilment by Amazon removal order: disposal fee","","Amazon.ca","","","","","","0","0","0","0","0","0","0","0","0","0","0","0","0","0","-0.82","-0.82"
"Dec 27, 2025 2:40:48 p.m. PST","25214098181","Order","702-3972092-3589858","MSCA-D70-2-6","ANGOOL Wireless Strapless Bra for Women Seamless Push Up Non-Slip Full Support Non Removable Padded Bandeau Bra, Black, XXL","1","amazon.ca","Amazon","Winnipeg","Manitoba","R2H 0R","Combined TCS+MTC","26.99","3.24","0","0","0","0","0","0","0","0","-3.24","-4.59","-7.13","0","0","15.27"
"Dec 27, 2025 2:51:21 p.m. PST","25214098181","Refund","702-4868232-0685018","MSCA-D70-5-3","ANGOOL Wireless Strapless Bra for Women Seamless Push Up Non-Slip Full Support Non Removable Padded Bandeau Bra, Beige, M","1","amazon.ca","Amazon","Brampton","Ontario","L6P 1Y","Combined TCS+MTC","-22.19","-2.88","0","0","0","0","0","0","0","0","2.88","3.02","0","0","0","-19.17"
"Dec 27, 2025 2:51:25 p.m. PST","25214098181","Refund","701-1364776-8173842","MSCA-D70-7-6","ANGOOL Wireless Strapless Bra for Women Seamless Push Up Non-Slip Full Support Non Removable Padded Bandeau Bra, Brown, XXL","1","amazon.ca","Amazon","Vaughan","Ontario","L4K 5J","Combined TCS+MTC","-29.99","-3.90","-1.40","0","0","0","0","0","1.40","0","3.90","4.08","0","0","0","-25.91"
"Dec 27, 2025 3:02:57 p.m. PST","25214098181","Order","702-5545679-2539464","MSCA-D70-5-3","ANGOOL Wireless Strapless Bra for Women Seamless Push Up Non-Slip Full Support Non Removable Padded Bandeau Bra, Beige, M","1","amazon.ca","Amazon","Richmond","British Columbia","V6Y 1N","Combined TCS+MTC","26.99","3.24","6.99","0","0","0","0","0","-6.99","0","-3.24","-4.59","-7.63","0","0","14.77"
"Dec 27, 2025 4:57:45 p.m. PST","25214098181","Order","701-7798935-6808269","MSCA-D74-2-3","ANGOOL V Neck Seamless Bralette for Women Full Coverage Wireless Padded Bra No Underwire Non Removable Pads Push Up Bras, Black, M","1","amazon.ca","Amazon","Cochrane","Alberta","T4C 2L","Combined TCS+MTC","22.09","1.10","0","0","0","0","0","0","0","0","-1.10","-3.76","-8.17","0","0","10.16"
"Dec 27, 2025 5:40:10 p.m. PST","25214098181","Order","701-4288673-8325004","MSCA-D70-2-3","ANGOOL Wireless Strapless Bra for Women Seamless Push Up Non-Slip Full Support Non Removable Padded Bandeau Bra, Black, M","1","amazon.ca","Amazon","Rosemere","Quebec","J7A 4K","Combined TCS+MTC","26.99","4.04","0","0","0","0","0","0","0","0","-4.04","-4.59","-7.65","0","0","14.75"
"Dec 27, 2025 5:40:10 p.m. PST","25214098181","Order","701-4288673-8325004","MSCA-D70-2-4","ANGOOL Wireless Strapless Bra for Women Seamless Push Up Non-Slip Full Support Non Removable Padded Bandeau Bra, Black, L","1","amazon.ca","Amazon","Rosemere","Quebec","J7A 4K","Combined TCS+MTC","26.99","4.04","0","0","0","0","0","0","0","0","-4.04","-4.59","-7.65","0","0","14.75"
"Dec 27, 2025 5:55:54 p.m. PST","25214098181","Refund","701-1364776-8173842","MSCA-D70-2-6","ANGOOL Wireless Strapless Bra for Women Seamless Push Up Non-Slip Full Support Non Removable Padded Bandeau Bra, Black, XXL","1","amazon.ca","Amazon","Vaughan","Ontario","L4K 5J","Combined TCS+MTC","-29.99","-3.90","-1.40","0","0","0","0","0","1.40","0","3.90","4.08","0","0","0","-25.91"
"Dec 27, 2025 6:15:37 p.m. PST","25214098181","Refund","701-8050953-0012253","MSCA-D70-2-2","ANGOOL Wireless Strapless Bra for Women Seamless Push Up Non-Slip Full Support Non Removable Padded Bandeau Bra, Black, S","1","amazon.ca","Amazon","Madoc","Ontario","K0K 2K","Combined TCS+MTC","-22.19","-2.88","0","0","0","0","0","0","0","0","2.88","3.02","0","0","0","-19.17"
"Dec 27, 2025 6:40:55 p.m. PST","25214098181","Order","701-9810696-9434605","MSCA-D70-6-5","ANGOOL Wireless Strapless Bra for Women Seamless Push Up Non-Slip Full Support Non Removable Padded Bandeau Bra, White, XL","1","amazon.ca","Amazon","Ottawa","Ontario","K2A 2W","Combined TCS+MTC","26.99","3.51","0","0","0","0","0","0","0","0","-3.51","-4.59","-7.13","0","0","15.27"
"Dec 27, 2025 7:41:02 p.m. PST","25214098181","Order","702-3069831-3789858","MSCA-D70-5-4","ANGOOL Wireless Strapless Bra for Women Seamless Push Up Non-Slip Full Support Non Removable Padded Bandeau Bra, Beige, L","1","amazon.ca","Amazon","St-Colomban","Quebec","J5K 2V","Combined TCS+MTC","29.99","4.49","2.52","0","0","0","0","0","-2.52","0","-4.49","-5.10","-7.65","0","0","17.24"
"Dec 27, 2025 8:57:12 p.m. PST","25214098181","Order","701-8549664-4905068","MSCA-D70-2-2","ANGOOL Wireless Strapless Bra for Women Seamless Push Up Non-Slip Full Support Non Removable Padded Bandeau Bra, Black, S","1","amazon.ca","Amazon","Peterborough","Ontario","K9J 5W","Combined TCS+MTC","29.99","3.90","0","0","0","0","0","0","0","0","-3.90","-5.10","-7.13","0","0","17.76"
"Dec 27, 2025 9:29:21 p.m. PST","25214098181","Order","702-8825836-4825818","MSCA-D70-25-2","ANGOOL Wireless Strapless Bra for Women Seamless Push Up Non-Slip Full Support Non Removable Padded Bandeau Bra, Black+Beige, S","1","amazon.ca","Amazon","Burlington","Ontario","L7N 1X","Combined TCS+MTC","42.99","5.59","0","0","0","0","0","0","0","0","-5.59","-7.31","-7.84","0","0","27.84"
"Dec 27, 2025 11:20:39 p.m. PST","25214098181","Order","702-3382274-2652265","MSCA-D70-6-3","ANGOOL Wireless Strapless Bra for Women Seamless Push Up Non-Slip Full Support Non Removable Padded Bandeau Bra, White, M","1","amazon.ca","Amazon","Gatineau","Quebec","J9J 0X","Combined TCS+MTC","29.99","4.49","0","0","0","0","0","0","0","0","-4.49","-5.10","-7.13","0","0","17.76"
"Dec 27, 2025 11:42:58 p.m. PST","25214098181","Order","701-4888914-6681031","MSCA-D70-25-3","ANGOOL Wireless Strapless Bra for Women Seamless Push Up Non-Slip Full Support Non Removable Padded Bandeau Bra, Black+Beige, M","1","amazon.ca","Amazon","Burnaby","British Columbia","V3N 4L","Combined TCS+MTC","38.69","4.64","6.99","0","0","0","0","0","-6.99","0","-4.64","-6.58","-8.39","0","0","23.72"
"Dec 28, 2025 12:30:35 a.m. PST","25214098181","Order","701-7815511-0892233","MSCA-D70-2-2","ANGOOL Wireless Strapless Bra for Women Seamless Push Up Non-Slip Full Support Non Removable Padded Bandeau Bra, Black, S","1","amazon.ca","Amazon","Sudbury","ON","P0M3C","Combined TCS+MTC","26.99","3.51","0","0","0","0","0","0","0","0","-3.51","-4.59","-7.13","0","0","15.27"
"Dec 28, 2025 1:43:27 a.m. PST","25214098181","Refund","701-5108235-6135454","MSCA-D70-2-6","ANGOOL Wireless Strapless Bra for Women Seamless Push Up Non-Slip Full Support Non Removable Padded Bandeau Bra, Black, XXL","1","amazon.ca","Amazon","Edmonton","Alberta","T5B 4V","Combined TCS+MTC","-29.99","-1.50","-6.99","0","0","0","0","0","6.99","0","1.50","4.08","0","0","0","-25.91"
"Dec 28, 2025 2:21:34 a.m. PST","25214098181","Order","701-9374997-6907424","MSCA-D70-2-3","ANGOOL Wireless Strapless Bra for Women Seamless Push Up Non-Slip Full Support Non Removable Padded Bandeau Bra, Black, M","1","amazon.ca","Amazon","Cambridge","Ontario","N3C 4P","Combined TCS+MTC","26.99","3.51","0","0","0","0","0","0","0","0","-3.51","-4.59","-7.65","0","0","14.75"
"Dec 28, 2025 2:31:27 a.m. PST","25214098181","Fulfilment by Amazon customer return fee","701-6162297-0748258","X004P1U67D","FBA Customer Return Per Unit Fee (Clothing & Shoes)","","Amazon.ca","","","","","","0","0","0","0","0","0","0","0","0","0","0","0","-4.66","0","0","-4.66"
"Dec 28, 2025 2:34:52 a.m. PST","25214098181","Fulfilment by Amazon customer return fee","701-9516535-4789834","X004L5Z3KD","FBA Customer Return Per Unit Fee (Clothing & Shoes)","","Amazon.ca","","","","","","0","0","0","0","0","0","0","0","0","0","0","0","-4.67","0","0","-4.67"
"Dec 28, 2025 2:38:14 a.m. PST","25214098181","Order","702-3787396-5137818","MSCA-D70-7-3","ANGOOL Wireless Strapless Bra for Women Seamless Push Up Non-Slip Full Support Non Removable Padded Bandeau Bra, Brown, M","1","amazon.ca","Amazon","North Vancouver","British Columbia","V7L 4R","Combined TCS+MTC","26.99","3.24","6.99","0","0","0","0","0","-6.99","0","-3.24","-4.59","-8.39","0","0","14.01"
"Dec 28, 2025 3:11:31 a.m. PST","25214098181","Order","701-1375495-8294633","MSCA-D70-25-4","ANGOOL Wireless Strapless Bra for Women Seamless Push Up Non-Slip Full Support Non Removable Padded Bandeau Bra, Black+Beige, L","1","amazon.ca","Amazon","Vancouver","British Columbia","V6Z 2Y","Combined TCS+MTC","38.69","4.64","0","0","0","0","0","0","0","0","-4.64","-6.58","-9.35","0","0","22.76"
"Dec 28, 2025 3:45:25 a.m. PST","25214098181","Order","701-0652938-7210621","MSCA-D74-7-6","ANGOOL V Neck Seamless Bralette for Women Full Coverage Wireless Padded Bra No Underwire Non Removable Pads Push Up Bras, Brown, XXL","1","amazon.ca","Amazon","Surrey","British Columbia","V3S 0Y","Combined TCS+MTC","21.57","2.59","0","0","0","0","0","0","0","0","-2.59","-3.67","-8.17","0","0","9.73"
"Dec 28, 2025 3:45:25 a.m. PST","25214098181","Order","701-0652938-7210621","MSCA-D74-2-6","ANGOOL V Neck Seamless Bralette for Women Full Coverage Wireless Padded Bra No Underwire Non Removable Pads Push Up Bras, Black, XXL","1","amazon.ca","Amazon","Surrey","British Columbia","V3S 0Y","Combined TCS+MTC","22.09","2.65","0","0","0","0","0","0","0","0","-2.65","-3.76","-8.17","0","0","10.16"
"Dec 28, 2025 3:50:04 a.m. PST","25214098181","Fulfilment by Amazon customer return fee","701-5258739-5825003","X004L612A7","FBA Customer Return Per Unit Fee (Clothing & Shoes)","","Amazon.ca","","","","","","0","0","0","0","0","0","0","0","0","0","0","0","-5.10","0","0","-5.10"
"Dec 28, 2025 6:13:07 a.m. PST","25214098181","Order","702-5876245-7620233","MSCA-D70-2-3","ANGOOL Wireless Strapless Bra for Women Seamless Push Up Non-Slip Full Support Non Removable Padded Bandeau Bra, Black, M","1","amazon.ca","Amazon","Baie-Du-Febvre","Québec","J0G 1A","Combined TCS+MTC","29.99","4.49","0","0","0","0","0","0","0","0","-4.49","-5.10","-7.65","0","0","17.24"
"Dec 28, 2025 6:37:50 a.m. PST","25214098181","Order","701-0374977-7721009","MSCA-D70-7-2","ANGOOL Wireless Strapless Bra for Women Seamless Push Up Non-Slip Full Support Non Removable Padded Bandeau Bra, Brown, S","1","amazon.ca","Amazon","Ottawa","Ontario","K1L 7Z","Combined TCS+MTC","26.99","3.51","6.99","0","0","0","0","0","-6.99","0","-3.51","-4.59","-7.13","0","0","15.27"
"Dec 28, 2025 7:59:19 a.m. PST","25214098181","FBA Inventory Fee","702-4500618-3471405","","Fulfilment by Amazon removal order: disposal fee","","Amazon.ca","","","","","","0","0","0","0","0","0","0","0","0","0","0","0","0","0","-0.88","-0.88"
"Dec 28, 2025 8:22:31 a.m. PST","25214098181","Order","701-8181901-3246635","MSCA-D70-25-3","ANGOOL Wireless Strapless Bra for Women Seamless Push Up Non-Slip Full Support Non Removable Padded Bandeau Bra, Black+Beige, M","1","amazon.ca","Amazon","Saint-Laurent","Quebec","H4K 2S","Combined TCS+MTC","38.69","5.79","1.75","0","0","0","0","0","-1.75","0","-5.79","-6.58","-7.84","0","0","24.27"
"Dec 28, 2025 10:00:02 a.m. PST","25214098181","Order","701-6575905-3157048","MSCA-D77-6-6","ANGOOL Racerback Bras for Women Wire Free Sexy V Neck Lace Bralette Adjustable Strap Full Coverage Padded Bra, White, XXL","1","amazon.ca","Amazon","Hamilton","Ontario","L8K 2L","Combined TCS+MTC","22.49","2.92","0","0","0","0","0","0","0","0","-2.92","-3.82","-7.13","0","0","11.54"
"Dec 28, 2025 10:45:30 a.m. PST","25214098181","Fulfilment by Amazon customer return fee","702-7617502-2120249","X004P4NM9T","FBA Customer Return Per Unit Fee (Clothing & Shoes)","","Amazon.ca","","","","","","0","0","0","0","0","0","0","0","0","0","0","0","-4.87","0","0","-4.87"
"Dec 28, 2025 12:12:28 p.m. PST","25214098181","Refund","702-0284642-5768221","MSCA-D70-2-5","ANGOOL Wireless Strapless Bra for Women Seamless Push Up Non-Slip Full Support Non Removable Padded Bandeau Bra, Black, XL","1","amazon.ca","Amazon","Edmonton","Alberta","T5E 6X","Combined TCS+MTC","-29.99","-1.50","0","0","0","0","0","0","0","0","1.50","4.08","0","0","0","-25.91"
"Dec 28, 2025 12:12:53 p.m. PST","25214098181","Refund","702-0284642-5768221","MSCA-D70-5-5","ANGOOL Wireless Strapless Bra for Women Seamless Push Up Non-Slip Full Support Non Removable Padded Bandeau Bra, Beige, XL","1","amazon.ca","Amazon","Edmonton","Alberta","T5E 6X","Combined TCS+MTC","-29.99","-1.50","0","0","0","0","0","0","0","0","1.50","4.08","0","0","0","-25.91"
"Dec 28, 2025 12:38:53 p.m. PST","25214098181","Order","702-4231115-7669031","MSCA-D70-25-5","ANGOOL Wireless Strapless Bra for Women Seamless Push Up Non-Slip Full Support Non Removable Padded Bandeau Bra, Black+Beige, XL","1","amazon.ca","Amazon","Innisfil","Ontario","L9S 5A","Combined TCS+MTC","38.69","5.03","0","0","0","0","0","0","0","0","-5.03","-6.58","-8.17","0","0","23.94"
"Dec 28, 2025 1:31:55 p.m. PST","25214098181","Order","702-0888418-7577053","MSCA-D70-5-2","ANGOOL Wireless Strapless Bra for Women Seamless Push Up Non-Slip Full Support Non Removable Padded Bandeau Bra, Beige, S","1","amazon.ca","Amazon","Steinbach","Manitoba","R5G 0T","Combined TCS+MTC","26.99","3.24","0","0","0","0","0","0","0","0","-3.24","-4.59","-7.84","0","0","14.56"
"Dec 28, 2025 2:16:20 p.m. PST","25214098181","Order","701-5790676-4575452","MSCA-D70-7-3","ANGOOL Wireless Strapless Bra for Women Seamless Push Up Non-Slip Full Support Non Removable Padded Bandeau Bra, Brown, M","1","amazon.ca","Amazon","Oakwood","Ontario","K0M 2M","Combined TCS+MTC","26.99","3.51","0","0","0","0","0","0","0","0","-3.51","-4.59","-7.84","0","0","14.56"
"Dec 28, 2025 2:47:57 p.m. PST","25214098181","Refund","702-6393958-4769852","MSCA-D70-2-3","ANGOOL Wireless Strapless Bra for Women Seamless Push Up Non-Slip Full Support Non Removable Padded Bandeau Bra, Black, M","1","amazon.ca","Amazon","Thornhill","Ontario","L4J 0C","Combined TCS+MTC","-29.99","-3.90","0","0","0","0","0","0","0","0","3.90","4.08","0","0","0","-25.91"
"Dec 28, 2025 4:48:14 p.m. PST","25214098181","Order","702-2168450-2989824","MSCA-D70-2-6","ANGOOL Wireless Strapless Bra for Women Seamless Push Up Non-Slip Full Support Non Removable Padded Bandeau Bra, Black, XXL","1","amazon.ca","Amazon","Levis","Quebec","G6Z 0B","Combined TCS+MTC","29.99","4.49","0","0","0","0","0","0","0","0","-4.49","-5.10","-7.13","0","0","17.76"
"Dec 28, 2025 5:46:53 p.m. PST","25214098181","Refund","702-1393864-6066611","MSCA-D70-5-4","ANGOOL Wireless Strapless Bra for Women Seamless Push Up Non-Slip Full Support Non Removable Padded Bandeau Bra, Beige, L","1","amazon.ca","Amazon","Vancouver","British Columbia","V6P 3E","Combined TCS+MTC","-22.19","-2.66","0","0","0","0","0","0","0","0","2.66","3.02","0","0","0","-19.17"
"Dec 28, 2025 6:22:13 p.m. PST","25214098181","Order","702-6968968-6157831","MSCA-D70-5-4","ANGOOL Wireless Strapless Bra for Women Seamless Push Up Non-Slip Full Support Non Removable Padded Bandeau Bra, Beige, L","1","amazon.ca","Amazon","Tweed","ON","K0K 3J","Combined TCS+MTC","26.99","3.51","0","0","0","0","0","0","0","0","-3.51","-4.59","-7.65","0","0","14.75"
"Dec 28, 2025 6:39:08 p.m. PST","25214098181","Order","701-8046089-2402632","MSCA-D70-5-5","ANGOOL Wireless Strapless Bra for Women Seamless Push Up Non-Slip Full Support Non Removable Padded Bandeau Bra, Beige, XL","1","amazon.ca","Amazon","Toronto","Ontario","M4Y 3C","Combined TCS+MTC","29.99","3.90","0","0","0","0","0","0","0","0","-3.90","-5.10","-7.65","0","0","17.24"
"Dec 28, 2025 6:51:15 p.m. PST","25214098181","Order","701-5349252-4713069","MSCA-D70-2-3","ANGOOL Wireless Strapless Bra for Women Seamless Push Up Non-Slip Full Support Non Removable Padded Bandeau Bra, Black, M","1","amazon.ca","Amazon","Cambridge","Ontario","N1R 0E","Combined TCS+MTC","29.99","3.90","0","0","0","0","0","0","0","0","-3.90","-5.10","-7.65","0","0","17.24"
"Dec 28, 2025 7:22:14 p.m. PST","25214098181","Order","702-3697104-0053854","MSCA-D70-2-3","ANGOOL Wireless Strapless Bra for Women Seamless Push Up Non-Slip Full Support Non Removable Padded Bandeau Bra, Black, M","1","amazon.ca","Amazon","Terrebonne","Quebec","J6Y 0H","Combined TCS+MTC","26.99","4.04","0","0","0","0","0","0","0","0","-4.04","-4.59","-7.65","0","0","14.75"
"Dec 28, 2025 7:25:42 p.m. PST","25214098181","Order","702-1938357-3256250","MSCA-D70-5-3","ANGOOL Wireless Strapless Bra for Women Seamless Push Up Non-Slip Full Support Non Removable Padded Bandeau Bra, Beige, M","1","amazon.ca","Amazon","Saskatoon","Saskatchewan","S7W 0R","Combined TCS+MTC","26.99","2.97","0","0","0","0","0","0","0","0","-2.97","-4.59","-7.13","0","0","15.27"
"Dec 28, 2025 7:25:42 p.m. PST","25214098181","Order","702-1938357-3256250","MSCA-D70-5-2","ANGOOL Wireless Strapless Bra for Women Seamless Push Up Non-Slip Full Support Non Removable Padded Bandeau Bra, Beige, S","1","amazon.ca","Amazon","Saskatoon","Saskatchewan","S7W 0R","Combined TCS+MTC","26.99","2.97","0","0","0","0","0","0","0","0","-2.97","-4.59","-7.84","0","0","14.56"
"Dec 28, 2025 10:21:44 p.m. PST","25214098181","Order","701-8708112-0154625","MSCA-D74-2-5","ANGOOL V Neck Seamless Bralette for Women Full Coverage Wireless Padded Bra No Underwire Non Removable Pads Push Up Bras, Black, XL","1","amazon.ca","Amazon","Edmonton","Alberta","T5R 1H","Combined TCS+MTC","22.09","1.10","0","0","0","0","0","0","0","0","-1.10","-3.76","-8.17","0","0","10.16"
"Dec 28, 2025 10:41:45 p.m. PST","25214098181","Order","702-2702838-1679441","MSCA-D70-5-4","ANGOOL Wireless Strapless Bra for Women Seamless Push Up Non-Slip Full Support Non Removable Padded Bandeau Bra, Beige, L","1","amazon.ca","Amazon","Vaughan","Ontario","L4H 1N","Combined TCS+MTC","26.99","3.51","0","0","0","0","0","0","0","0","-3.51","-4.59","-7.65","0","0","14.75"
"Dec 29, 2025 12:41:46 a.m. PST","25214098181","Order","702-3869513-5375457","MSCA-D70-2-4","ANGOOL Wireless Strapless Bra for Women Seamless Push Up Non-Slip Full Support Non Removable Padded Bandeau Bra, Black, L","1","amazon.ca","Amazon","Abbotsford","British Columbia","V3G 0B","Combined TCS+MTC","26.99","3.24","0","0","0","0","0","0","0","0","-3.24","-4.59","-7.65","0","0","14.75"
"Dec 29, 2025 1:05:10 a.m. PST","25214098181","Order","701-8463760-5941846","MSCA-D70-25-4","ANGOOL Wireless Strapless Bra for Women Seamless Push Up Non-Slip Full Support Non Removable Padded Bandeau Bra, Black+Beige, L","1","amazon.ca","Amazon","Stittsville","Ontario","K2S 1B","Combined TCS+MTC","42.99","5.59","0","0","0","0","0","0","0","0","-5.59","-7.31","-8.74","0","0","26.94"
"Dec 29, 2025 1:05:19 a.m. PST","25214098181","Order","702-0210334-1038632","MSCA-D70-5-5","ANGOOL Wireless Strapless Bra for Women Seamless Push Up Non-Slip Full Support Non Removable Padded Bandeau Bra, Beige, XL","1","amazon.ca","Amazon","Red Deer","Alberta","T4R 3N","Combined TCS+MTC","26.99","1.35","0","0","0","0","0","0","0","0","-1.35","-4.59","-7.65","0","0","14.75"
"Dec 29, 2025 2:05:36 a.m. PST","25214098181","Order","702-3346296-5125841","MSCA-D70-25-3","ANGOOL Wireless Strapless Bra for Women Seamless Push Up Non-Slip Full Support Non Removable Padded Bandeau Bra, Black+Beige, M","1","amazon.ca","Amazon","Edmonton","AB","T6B0M","Combined TCS+MTC","38.69","1.93","6.99","0","0","0","0","0","-6.99","0","-1.93","-6.58","-7.84","0","0","24.27"
"Dec 29, 2025 3:05:47 a.m. PST","25214098181","Order","701-8600820-6598612","MSCA-D70-5-3","ANGOOL Wireless Strapless Bra for Women Seamless Push Up Non-Slip Full Support Non Removable Padded Bandeau Bra, Beige, M","1","amazon.ca","Amazon","Nicolet","Quebec","J3T 0B","Combined TCS+MTC","29.99","4.49","2.94","0","0","0","0","0","-2.94","0","-4.49","-5.10","-7.63","0","0","17.26"
"Dec 29, 2025 3:13:27 a.m. PST","25214098181","Adjustment","702-2883922-6981863","MSCA-D70-7-2","FBA Inventory Reimbursement - Customer Return","1","","","","","","","0","0","0","0","0","0","0","0","0","0","0","0","0","0","12.78","12.78"
"Dec 29, 2025 8:08:19 a.m. PST","25214098181","Fulfilment by Amazon customer return fee","702-0074276-5402642","X004L5ZNMB","FBA Customer Return Per Unit Fee (Clothing & Shoes)","","Amazon.ca","","","","","","0","0","0","0","0","0","0","0","0","0","0","0","-5.03","0","0","-5.03"
"Dec 29, 2025 8:43:48 a.m. PST","25214098181","Order","702-7624976-2997042","MSCA-D70-5-2","ANGOOL Wireless Strapless Bra for Women Seamless Push Up Non-Slip Full Support Non Removable Padded Bandeau Bra, Beige, S","1","amazon.ca","Amazon","Peterborough","Ontario","K9J 6S","Combined TCS+MTC","26.99","3.51","0","0","0","0","0","0","0","0","-3.51","-4.59","-7.84","0","0","14.56"
"Dec 29, 2025 9:43:47 a.m. PST","25214098181","Fulfilment by Amazon customer return fee","702-8425519-3405057","X004L5ZNMB","FBA Customer Return Per Unit Fee (Clothing & Shoes)","","Amazon.ca","","","","","","0","0","0","0","0","0","0","0","0","0","0","0","-4.67","0","0","-4.67"
"Dec 29, 2025 10:19:31 a.m. PST","25214098181","Order","701-3800114-6306666","MSCA-D76-208-3","ANGOOL Sports Bras for Women Seamless Backless Criss Cross Strappy Sports Bra Without Underwire for Workout Gym Yoga, Black+Grey+Green, M","1","amazon.ca","Amazon","Montreal","Quebec","H1K 0H","Combined TCS+MTC","29.99","4.49","0","0","0","0","0","0","0","0","-4.49","-5.10","-6.49","0","0","18.40"
"Dec 29, 2025 10:47:52 a.m. PST","25214098181","Fulfilment by Amazon customer return fee","701-2970999-4818611","X004L5Z47F","FBA Customer Return Per Unit Fee (Clothing & Shoes)","","Amazon.ca","","","","","","0","0","0","0","0","0","0","0","0","0","0","0","-5.03","0","0","-5.03"
"Dec 29, 2025 11:55:52 a.m. PST","25214098181","Order","701-3886709-5100226","MSCA-D70-5-3","ANGOOL Wireless Strapless Bra for Women Seamless Push Up Non-Slip Full Support Non Removable Padded Bandeau Bra, Beige, M","1","amazon.ca","Amazon","Millbank","Ontario","N0K 1L","Combined TCS+MTC","26.99","3.51","0","0","0","0","0","0","0","0","-3.51","-4.59","-7.13","0","0","15.27"
"Dec 29, 2025 12:35:49 p.m. PST","25214098181","Order","701-5866526-7767410","MSCA-D74-6-3","ANGOOL V Neck Seamless Bralette for Women Full Coverage Wireless Padded Bra No Underwire Non Removable Pads Push Up Bras, White, M","1","amazon.ca","Amazon","Seagrave","Ontario","L0C 1G","Combined TCS+MTC","22.09","2.87","0","0","0","0","0","0","0","0","-2.87","-3.76","-8.17","0","0","10.16"
"Dec 29, 2025 1:12:15 p.m. PST","25214098181","Order","702-6768464-4803440","MSCA-D70-2-4","ANGOOL Wireless Strapless Bra for Women Seamless Push Up Non-Slip Full Support Non Removable Padded Bandeau Bra, Black, L","1","amazon.ca","Amazon","Laval","Quebec","H7K 1L","Combined TCS+MTC","29.99","4.49","0","0","0","0","0","0","0","0","-4.49","-5.10","-7.65","0","0","17.24"
"Dec 29, 2025 1:25:38 p.m. PST","25214098181","Order","702-9185798-6645036","MSCA-D70-25-3","ANGOOL Wireless Strapless Bra for Women Seamless Push Up Non-Slip Full Support Non Removable Padded Bandeau Bra, Black+Beige, M","1","amazon.ca","Amazon","L'Ancienne-Lorette","Quebec","G2E 2P","Combined TCS+MTC","38.69","5.79","0","0","0","0","0","0","0","0","-5.79","-6.58","-7.84","0","0","24.27"
"Dec 29, 2025 2:00:53 p.m. PST","25214098181","Fulfilment by Amazon customer return fee","701-4065475-3158614","X004L5VLD1","FBA Customer Return Per Unit Fee (Clothing & Shoes)","","Amazon.ca","","","","","","0","0","0","0","0","0","0","0","0","0","0","0","-5.03","0","0","-5.03"
"Dec 29, 2025 2:50:53 p.m. PST","25214098181","FBA Inventory Fee","702-3487602-2281003","","Fulfilment by Amazon removal order: disposal fee","","Amazon.ca","","","","","","0","0","0","0","0","0","0","0","0","0","0","0","0","0","-0.36","-0.36"
"Dec 29, 2025 2:57:09 p.m. PST","25214098181","FBA Inventory Fee","701-9149966-4532223","","Fulfilment by Amazon removal order: disposal fee","","Amazon.ca","","","","","","0","0","0","0","0","0","0","0","0","0","0","0","0","0","-0.36","-0.36"
"Dec 29, 2025 3:18:25 p.m. PST","25214098181","Refund","702-2342360-0653841","MSCA-D70-5-4","ANGOOL Wireless Strapless Bra for Women Seamless Push Up Non-Slip Full Support Non Removable Padded Bandeau Bra, Beige, L","1","amazon.ca","Amazon","North Vancouver","British Columbia","V7L 4R","Combined TCS+MTC","-29.99","-3.60","-6.99","0","0","0","0","0","6.99","0","3.60","4.08","0","0","0","-25.91"
"Dec 29, 2025 4:06:12 p.m. PST","25214098181","FBA Inventory Fee","701-5258739-5825003","","Fulfilment by Amazon removal order: disposal fee","","Amazon.ca","","","","","","0","0","0","0","0","0","0","0","0","0","0","0","0","0","-0.82","-0.82"
"Dec 29, 2025 4:11:18 p.m. PST","25214098181","FBA Inventory Fee","701-9516535-4789834","","Fulfilment by Amazon removal order: disposal fee","","Amazon.ca","","","","","","0","0","0","0","0","0","0","0","0","0","0","0","0","0","-0.36","-0.36"
"Dec 29, 2025 4:51:19 p.m. PST","25214098181","Order","702-2889424-2465024","MSCA-D70-7-4","ANGOOL Wireless Strapless Bra for Women Seamless Push Up Non-Slip Full Support Non Removable Padded Bandeau Bra, Brown, L","1","amazon.ca","Amazon","North York","Ontario","M6B 0B","Combined TCS+MTC","26.99","3.51","0","0","0","0","0","0","0","0","-3.51","-4.59","-7.65","0","0","14.75"
"Dec 29, 2025 6:57:54 p.m. PST","25214098181","Order","701-4546700-2728223","MSCA-D70-25-3","ANGOOL Wireless Strapless Bra for Women Seamless Push Up Non-Slip Full Support Non Removable Padded Bandeau Bra, Black+Beige, M","1","amazon.ca","Amazon","Mont-Tremblant","Quebec","J8E 3L","Combined TCS+MTC","38.69","5.79","0","0","0","0","0","0","0","0","-5.79","-6.58","-7.84","0","0","24.27"
"Dec 29, 2025 7:05:41 p.m. PST","25214098181","Fulfilment by Amazon customer return fee","702-1925511-3719450","X004L5VLD1","FBA Customer Return Per Unit Fee (Clothing & Shoes)","","Amazon.ca","","","","","","0","0","0","0","0","0","0","0","0","0","0","0","-4.67","0","0","-4.67"
"Dec 29, 2025 8:07:37 p.m. PST","25214098181","Order","701-1293347-3987419","MSCA-D70-25-3","ANGOOL Wireless Strapless Bra for Women Seamless Push Up Non-Slip Full Support Non Removable Padded Bandeau Bra, Black+Beige, M","1","amazon.ca","Amazon","Brantford","Ontario","N3R 6H","Combined TCS+MTC","38.69","5.03","6.99","0","0","0","0","0","-6.99","0","-5.03","-6.58","-7.84","0","0","24.27"
"Dec 29, 2025 8:47:45 p.m. PST","25214098181","Order","702-4554933-6486653","MSCA-D70-2-2","ANGOOL Wireless Strapless Bra for Women Seamless Push Up Non-Slip Full Support Non Removable Padded Bandeau Bra, Black, S","1","amazon.ca","Amazon","Montreal","Quebec","H3A 0H","Combined TCS+MTC","26.99","4.04","0","0","0","0","0","0","0","0","-4.04","-4.59","-7.13","0","0","15.27"
"Dec 29, 2025 8:48:13 p.m. PST","25214098181","Order","702-9862612-7836264","MSCA-D70-25-3","ANGOOL Wireless Strapless Bra for Women Seamless Push Up Non-Slip Full Support Non Removable Padded Bandeau Bra, Black+Beige, M","1","amazon.ca","Amazon","Komoka","Ontario","N0L 1R","Combined TCS+MTC","38.69","5.03","0","0","0","0","0","0","0","0","-5.03","-6.58","-7.84","0","0","24.27"
"Dec 29, 2025 8:48:43 p.m. PST","25214098181","Order","701-4190786-8674604","MSCA-D70-2-2","ANGOOL Wireless Strapless Bra for Women Seamless Push Up Non-Slip Full Support Non Removable Padded Bandeau Bra, Black, S","1","amazon.ca","Amazon","Montreal","Quebec","H4A 2L","Combined TCS+MTC","26.99","4.04","0","0","0","0","0","0","0","0","-4.04","-4.59","-7.13","0","0","15.27"
"Dec 29, 2025 9:49:30 p.m. PST","25214098181","Order","702-9032697-0067403","MSCA-D70-25-3","ANGOOL Wireless Strapless Bra for Women Seamless Push Up Non-Slip Full Support Non Removable Padded Bandeau Bra, Black+Beige, M","1","amazon.ca","Amazon","North York","Ontario","M6M 2Z","Combined TCS+MTC","38.69","5.03","0","0","0","0","0","0","0","0","-5.03","-6.58","-7.84","0","0","24.27"
"Dec 29, 2025 10:19:06 p.m. PST","25214098181","Order","701-0663130-3842652","MSCA-D70-5-4","ANGOOL Wireless Strapless Bra for Women Seamless Push Up Non-Slip Full Support Non Removable Padded Bandeau Bra, Beige, L","1","amazon.ca","Amazon","Terrebonne","Quebec","J7M 2A","Combined TCS+MTC","26.99","4.04","0","0","0","0","0","0","0","0","-4.04","-4.59","-7.65","0","0","14.75"
"Dec 29, 2025 10:35:14 p.m. PST","25214098181","Order","701-5507172-4807419","MSCA-D70-7-2","ANGOOL Wireless Strapless Bra for Women Seamless Push Up Non-Slip Full Support Non Removable Padded Bandeau Bra, Brown, S","1","amazon.ca","Amazon","Spruce Grove","Alberta","T7Y 1B","Combined TCS+MTC","29.99","1.50","3.92","0","0","0","0","0","-3.92","0","-1.50","-5.10","-7.13","0","0","17.76"
"Dec 29, 2025 10:40:47 p.m. PST","25214098181","Order","701-2263238-7905865","MSCA-D70-2-3","ANGOOL Wireless Strapless Bra for Women Seamless Push Up Non-Slip Full Support Non Removable Padded Bandeau Bra, Black, M","1","amazon.ca","Amazon","oakville","Ontario","L6K 1W","Combined TCS+MTC","26.99","3.51","6.99","0","0","0","0","0","-6.99","0","-3.51","-4.59","-7.65","0","0","14.75"
"Dec 29, 2025 11:42:01 p.m. PST","25214098181","Fulfilment by Amazon customer return fee","701-1364776-8173842","X004L5Z4DT","FBA Customer Return Per Unit Fee (Clothing & Shoes)","","Amazon.ca","","","","","","0","0","0","0","0","0","0","0","0","0","0","0","-4.92","0","0","-4.92"
"Dec 30, 2025 12:09:18 a.m. PST","25214098181","Order","702-4054067-9385819","MSCA-D70-2-6","ANGOOL Wireless Strapless Bra for Women Seamless Push Up Non-Slip Full Support Non Removable Padded Bandeau Bra, Black, XXL","1","amazon.ca","Amazon","Milton","On","L9E 1L","Combined TCS+MTC","26.99","3.51","0","0","0","0","0","0","0","0","-3.51","-4.59","-7.13","0","0","15.27"
"Dec 30, 2025 12:13:47 a.m. PST","25214098181","Fulfilment by Amazon customer return fee","702-6912892-5915412","X004P4NNFR","FBA Customer Return Per Unit Fee (Clothing & Shoes)","","Amazon.ca","","","","","","0","0","0","0","0","0","0","0","0","0","0","0","-4.57","0","0","-4.57"
"Dec 30, 2025 12:53:30 a.m. PST","25214098181","Fulfilment by Amazon customer return fee","701-1364776-8173842","X004L5YB0B","FBA Customer Return Per Unit Fee (Clothing & Shoes)","","Amazon.ca","","","","","","0","0","0","0","0","0","0","0","0","0","0","0","-4.92","0","0","-4.92"
"Dec 30, 2025 1:28:49 a.m. PST","25214098181","Refund","702-2702838-1679441","MSCA-D70-5-4","ANGOOL Wireless Strapless Bra for Women Seamless Push Up Non-Slip Full Support Non Removable Padded Bandeau Bra, Beige, L","1","amazon.ca","Amazon","Vaughan","Ontario","L4H 1N","Combined TCS+MTC","-26.99","-3.51","0","0","0","0","0","0","0","0","3.51","3.67","0","0","0","-23.32"
"Dec 30, 2025 4:17:18 a.m. PST","25214098181","Order","701-8656931-7225831","MSCA-D70-5-3","ANGOOL Wireless Strapless Bra for Women Seamless Push Up Non-Slip Full Support Non Removable Padded Bandeau Bra, Beige, M","1","amazon.ca","Amazon","Mission","BC","V4S 0C","Combined TCS+MTC","26.99","3.24","0","0","0","0","0","0","0","0","-3.24","-4.59","-7.63","0","0","14.77"
"Dec 30, 2025 4:38:42 a.m. PST","25214098181","Order","702-4370159-9851460","MSCA-D77-7-3","ANGOOL Racerback Bras for Women Wire Free Sexy V Neck Lace Bralette Adjustable Strap Full Coverage Padded Bra, Brown, M","1","amazon.ca","Amazon","Calgary","Alberta","T3Z 3L","Combined TCS+MTC","29.99","1.50","0","0","0","0","0","0","0","0","-1.50","-5.10","-7.13","0","0","17.76"
"Dec 30, 2025 8:22:38 a.m. PST","25214098181","Order","701-8065757-6376226","MSCA-D70-6-5","ANGOOL Wireless Strapless Bra for Women Seamless Push Up Non-Slip Full Support Non Removable Padded Bandeau Bra, White, XL","1","amazon.ca","Amazon","Seguin","Ontario","P2A 2W","Combined TCS+MTC","26.99","3.51","0","0","0","0","0","0","0","0","-3.51","-4.59","-7.13","0","0","15.27"
"Dec 30, 2025 8:50:08 a.m. PST","25214098181","FBA Inventory Fee","702-1925511-3719450","","Fulfilment by Amazon removal order: disposal fee","","Amazon.ca","","","","","","0","0","0","0","0","0","0","0","0","0","0","0","0","0","-0.36","-0.36"
"Dec 30, 2025 8:53:35 a.m. PST","25214098181","FBA Inventory Fee","701-7931776-6138631","","Fulfilment by Amazon removal order: disposal fee","","Amazon.ca","","","","","","0","0","0","0","0","0","0","0","0","0","0","0","0","0","-0.36","-0.36"
"Dec 30, 2025 8:57:36 a.m. PST","25214098181","Order","701-2711656-7648266","MSCA-D70-2-6","ANGOOL Wireless Strapless Bra for Women Seamless Push Up Non-Slip Full Support Non Removable Padded Bandeau Bra, Black, XXL","1","amazon.ca","Amazon","Vancouver","British Columbia","V5X 1V","Combined TCS+MTC","26.99","3.24","0","0","0","0","0","0","0","0","-3.24","-4.59","-7.13","0","0","15.27"
"Dec 30, 2025 9:51:17 a.m. PST","25214098181","Order","702-8760747-4584226","MSCA-D70-2-5","ANGOOL Wireless Strapless Bra for Women Seamless Push Up Non-Slip Full Support Non Removable Padded Bandeau Bra, Black, XL","1","amazon.ca","Amazon","North Vancouver","British Columbia","V7L 0C","Combined TCS+MTC","26.99","3.24","0","0","0","0","0","0","0","0","-3.24","-4.59","-7.65","0","0","14.75"
"Dec 30, 2025 10:32:45 a.m. PST","25214098181","Order","701-2427761-5294618","MSCA-D70-2-5","ANGOOL Wireless Strapless Bra for Women Seamless Push Up Non-Slip Full Support Non Removable Padded Bandeau Bra, Black, XL","1","amazon.ca","Amazon","Cayuga","Ontario","N0A 1E","Combined TCS+MTC","26.99","3.51","0","0","0","0","0","0","0","0","-3.51","-4.59","-7.65","0","0","14.75"
"Dec 30, 2025 10:33:33 a.m. PST","25214098181","Order","702-2622838-4306663","MSCA-D70-25-3","ANGOOL Wireless Strapless Bra for Women Seamless Push Up Non-Slip Full Support Non Removable Padded Bandeau Bra, Black+Beige, M","1","amazon.ca","Amazon","Calgary","Alberta","T3K 5T","Combined TCS+MTC","38.69","1.93","0","0","0","0","0","0","0","0","-1.93","-6.58","-7.84","0","0","24.27"
"Dec 30, 2025 10:50:09 a.m. PST","25214098181","Order","701-7080810-8733038","MSCA-D70-5-4","ANGOOL Wireless Strapless Bra for Women Seamless Push Up Non-Slip Full Support Non Removable Padded Bandeau Bra, Beige, L","1","amazon.ca","Amazon","Lowbanks","Ontario","N0A 1K","Combined TCS+MTC","26.99","3.51","0","0","0","0","0","0","0","0","-3.51","-4.59","-7.65","0","0","14.75"
"Dec 30, 2025 11:27:08 a.m. PST","25214098181","Order","702-2521996-4645863","MSCA-D70-2-2","ANGOOL Wireless Strapless Bra for Women Seamless Push Up Non-Slip Full Support Non Removable Padded Bandeau Bra, Black, S","1","amazon.ca","Amazon","Ottawa","Ontario","K1J 7E","Combined TCS+MTC","26.99","3.51","0","0","0","0","0","0","0","0","-3.51","-4.59","-7.13","0","0","15.27"
"Dec 30, 2025 11:48:25 a.m. PST","25214098181","Adjustment","702-2516786-0613034","MSCA-D70-25-4","FBA Inventory Reimbursement - Customer Return","1","","","","","","","0","0","0","0","0","0","0","0","0","0","0","0","0","0","19.80","19.80"
"Dec 30, 2025 12:21:19 p.m. PST","25214098181","Order","702-7510710-8003432","MSCA-D77-7-3","ANGOOL Racerback Bras for Women Wire Free Sexy V Neck Lace Bralette Adjustable Strap Full Coverage Padded Bra, Brown, M","1","amazon.ca","Amazon","PENDER ISLAND","British Columbia","V0N 2M","Combined TCS+MTC","22.49","2.70","0","0","0","0","0","0","0","0","-2.70","-3.82","-7.13","0","0","11.54"
"Dec 30, 2025 12:41:51 p.m. PST","25214098181","Order","701-9487576-3773053","MSCA-D70-5-4","ANGOOL Wireless Strapless Bra for Women Seamless Push Up Non-Slip Full Support Non Removable Padded Bandeau Bra, Beige, L","1","amazon.ca","Amazon","Vaughan","Ontario","L3L 0E","Combined TCS+MTC","26.99","3.51","0","0","0","0","0","0","0","0","-3.51","-4.59","-7.65","0","0","14.75"
"Dec 30, 2025 12:41:51 p.m. PST","25214098181","Order","701-9487576-3773053","MSCA-D70-5-3","ANGOOL Wireless Strapless Bra for Women Seamless Push Up Non-Slip Full Support Non Removable Padded Bandeau Bra, Beige, M","1","amazon.ca","Amazon","Vaughan","Ontario","L3L 0E","Combined TCS+MTC","26.99","3.51","0","0","0","0","0","0","0","0","-3.51","-4.59","-7.13","0","0","15.27"
"Dec 30, 2025 1:20:15 p.m. PST","25214098181","Order","701-5005246-5468215","MSCA-D70-5-6","ANGOOL Wireless Strapless Bra for Women Seamless Push Up Non-Slip Full Support Non Removable Padded Bandeau Bra, Beige, XXL","1","amazon.ca","Amazon","Whitchurch-Stouffville","Ontario","L4A 1X","Combined TCS+MTC","26.99","3.51","0","0","0","0","0","0","0","0","-3.51","-4.59","-7.65","0","0","14.75"
"Dec 30, 2025 1:29:53 p.m. PST","25214098181","Refund","701-4288673-8325004","MSCA-D70-2-4","ANGOOL Wireless Strapless Bra for Women Seamless Push Up Non-Slip Full Support Non Removable Padded Bandeau Bra, Black, L","1","amazon.ca","Amazon","Rosemere","Quebec","J7A 4K","Combined TCS+MTC","-26.99","-4.04","0","0","0","0","0","0","0","0","4.04","3.67","0","0","0","-23.32"
"Dec 30, 2025 2:18:33 p.m. PST","25214098181","Refund","702-0210334-1038632","MSCA-D70-5-5","ANGOOL Wireless Strapless Bra for Women Seamless Push Up Non-Slip Full Support Non Removable Padded Bandeau Bra, Beige, XL","1","amazon.ca","Amazon","Red Deer","Alberta","T4R 3N","Combined TCS+MTC","-26.99","-1.35","0","0","0","0","0","0","0","0","1.35","3.67","0","0","0","-23.32"
"Dec 30, 2025 2:21:08 p.m. PST","25214098181","Order","701-6478078-4041050","MSCA-D77-7-5","ANGOOL Racerback Bras for Women Wire Free Sexy V Neck Lace Bralette Adjustable Strap Full Coverage Padded Bra, Brown, XL","1","amazon.ca","Amazon","Winnipeg","Manitoba","R3G 2A","Combined TCS+MTC","22.49","2.70","0","0","0","0","0","0","0","0","-2.70","-3.82","-7.13","0","0","11.54"
"Dec 30, 2025 2:52:19 p.m. PST","25214098181","Order","701-5508102-8438637","MSCA-D70-25-3","ANGOOL Wireless Strapless Bra for Women Seamless Push Up Non-Slip Full Support Non Removable Padded Bandeau Bra, Black+Beige, M","1","amazon.ca","Amazon","Calgary","Alberta","T2J 3K","Combined TCS+MTC","38.69","1.93","0","0","0","0","0","0","0","0","-1.93","-6.58","-7.84","0","0","24.27"
"Dec 30, 2025 5:25:26 p.m. PST","25214098181","Order","701-0771507-7146651","MSCA-D70-25-5","ANGOOL Wireless Strapless Bra for Women Seamless Push Up Non-Slip Full Support Non Removable Padded Bandeau Bra, Black+Beige, XL","1","amazon.ca","Amazon","Sainte-Clotilde-De-Chateaugu","Quebec","J0L 1W","Combined TCS+MTC","38.69","5.79","0","0","0","0","0","0","0","0","-5.79","-6.58","-8.17","0","0","23.94"
"Dec 30, 2025 5:37:22 p.m. PST","25214098181","Order","702-4715564-7801813","MSCA-D70-5-2","ANGOOL Wireless Strapless Bra for Women Seamless Push Up Non-Slip Full Support Non Removable Padded Bandeau Bra, Beige, S","1","amazon.ca","Amazon","Toronto","Ontario","M1H 2J","Combined TCS+MTC","26.99","3.51","0","0","0","0","0","0","0","0","-3.51","-4.59","-7.84","0","0","14.56"
"Dec 30, 2025 5:43:38 p.m. PST","25214098181","Order","701-4501878-9785823","MSCA-D70-2-3","ANGOOL Wireless Strapless Bra for Women Seamless Push Up Non-Slip Full Support Non Removable Padded Bandeau Bra, Black, M","1","amazon.ca","Amazon","Vaudreuil-Dorion","Quebec","J7V 8K","Combined TCS+MTC","26.99","4.04","0","0","0","0","0","0","0","0","-4.04","-4.59","-7.65","0","0","14.75"
"Dec 30, 2025 5:59:08 p.m. PST","25214098181","Fulfilment by Amazon customer return fee","702-7870683-3401846","X004L612A7","FBA Customer Return Per Unit Fee (Clothing & Shoes)","","Amazon.ca","","","","","","0","0","0","0","0","0","0","0","0","0","0","0","-5.49","0","0","-5.49"
"Dec 30, 2025 6:33:38 p.m. PST","25214098181","Order","701-1351420-7933039","MSCA-D70-5-6","ANGOOL Wireless Strapless Bra for Women Seamless Push Up Non-Slip Full Support Non Removable Padded Bandeau Bra, Beige, XXL","1","amazon.ca","Amazon","Chesley","Ontario","N0G 1L","Combined TCS+MTC","26.99","3.51","0","0","0","0","0","0","0","0","-3.51","-4.59","-7.65","0","0","14.75"
"Dec 30, 2025 7:59:42 p.m. PST","25214098181","Order","702-9387894-8110613","MSCA-D70-6-3","ANGOOL Wireless Strapless Bra for Women Seamless Push Up Non-Slip Full Support Non Removable Padded Bandeau Bra, White, M","1","amazon.ca","Amazon","Richmond Hill","Ontario","L4C 3Z","Combined TCS+MTC","26.99","3.51","0","0","0","0","0","0","0","0","-3.51","-4.59","-7.13","0","0","15.27"
"Dec 30, 2025 7:59:52 p.m. PST","25214098181","Order","702-1853090-1897845","MSCA-D70-5-3","ANGOOL Wireless Strapless Bra for Women Seamless Push Up Non-Slip Full Support Non Removable Padded Bandeau Bra, Beige, M","1","amazon.ca","Amazon","London","Ontario","N5X 2C","Combined TCS+MTC","26.99","3.51","0","0","0","0","0","0","0","0","-3.51","-4.59","-7.13","0","0","15.27"
"Dec 30, 2025 8:39:01 p.m. PST","25214098181","Refund","701-6078934-0860221","MSCA-D70-6-2","ANGOOL Wireless Strapless Bra for Women Seamless Push Up Non-Slip Full Support Non Removable Padded Bandeau Bra, White, S","1","amazon.ca","Amazon","Whitby","Ontario","L1P 0H","Combined TCS+MTC","-29.99","-3.90","0","0","0","0","0","0","0","0","3.90","4.08","0","0","0","-25.91"
"Dec 30, 2025 9:10:04 p.m. PST","25214098181","Order","701-8252906-6173061","MSCA-D76-206-3","ANGOOL Sports Bras for Women Seamless Backless Criss Cross Strappy Sports Bra Without Underwire for Workout Gym Yoga, Black+Grey+White, M","1","amazon.ca","Amazon","Calgary","Alberta","T3M 0Z","Combined TCS+MTC","28.79","1.44","0","0","0","0","0","0","0","0","-1.44","-4.89","-6.49","0","0","17.41"
"Dec 30, 2025 9:17:30 p.m. PST","25214098181","Order","702-4574786-5457867","MSCA-D70-5-4","ANGOOL Wireless Strapless Bra for Women Seamless Push Up Non-Slip Full Support Non Removable Padded Bandeau Bra, Beige, L","1","amazon.ca","Amazon","Gander","Newfoundland","A1V 1A","Combined TCS+MTC","26.99","4.05","2.94","0","0","0","0","0","-2.94","0","-4.05","-4.59","-7.65","0","0","14.75"
"Dec 30, 2025 9:32:23 p.m. PST","25214098181","Order","701-9789396-9654629","MSCA-D70-2-4","ANGOOL Wireless Strapless Bra for Women Seamless Push Up Non-Slip Full Support Non Removable Padded Bandeau Bra, Black, L","1","amazon.ca","Amazon","Verdun","Qc","H4G2S","Combined TCS+MTC","26.99","4.04","0","0","0","0","0","0","0","0","-4.04","-4.59","-7.65","0","0","14.75"
"Dec 30, 2025 10:21:47 p.m. PST","25214098181","Order","701-4180131-3033802","MSCA-D70-7-6","ANGOOL Wireless Strapless Bra for Women Seamless Push Up Non-Slip Full Support Non Removable Padded Bandeau Bra, Brown, XXL","1","amazon.ca","Amazon","Stoney Creek","Ontario","L8J 3Z","Combined TCS+MTC","26.99","3.51","0","0","0","0","0","0","0","0","-3.51","-4.59","-7.13","0","0","15.27"
"Dec 30, 2025 10:45:09 p.m. PST","25214098181","Order","701-2084395-0038662","MSCA-D70-5-2","ANGOOL Wireless Strapless Bra for Women Seamless Push Up Non-Slip Full Support Non Removable Padded Bandeau Bra, Beige, S","1","amazon.ca","Amazon","Milton","Ontario","L9T 8H","Combined TCS+MTC","26.99","3.51","6.99","0","0","0","0","0","-6.99","0","-3.51","-4.59","-7.84","0","0","14.56"
"Dec 30, 2025 10:46:46 p.m. PST","25214098181","Fulfilment by Amazon customer return fee","701-5108235-6135454","X004L5YB0B","FBA Customer Return Per Unit Fee (Clothing & Shoes)","","Amazon.ca","","","","","","0","0","0","0","0","0","0","0","0","0","0","0","-4.57","0","0","-4.57"
"Dec 31, 2025 12:17:00 a.m. PST","25214098181","Order","701-4067253-1025020","MSCA-D70-2-4","ANGOOL Wireless Strapless Bra for Women Seamless Push Up Non-Slip Full Support Non Removable Padded Bandeau Bra, Black, L","1","amazon.ca","Amazon","Innisfil","ON","L9S1Z","Combined TCS+MTC","26.99","3.51","6.99","0","0","0","0","0","-6.99","0","-3.51","-4.59","-7.65","0","0","14.75"
"Dec 31, 2025 12:21:45 a.m. PST","25214098181","Order","702-5594273-1313068","MSCA-D70-5-2","ANGOOL Wireless Strapless Bra for Women Seamless Push Up Non-Slip Full Support Non Removable Padded Bandeau Bra, Beige, S","1","amazon.ca","Amazon","London","Ontario","N5X 2C","Combined TCS+MTC","26.99","3.51","0","0","0","0","0","0","0","0","-3.51","-4.59","-7.84","0","0","14.56"
"Dec 31, 2025 12:39:31 a.m. PST","25214098181","Order","701-8892928-0045049","MSCA-D70-25-3","ANGOOL Wireless Strapless Bra for Women Seamless Push Up Non-Slip Full Support Non Removable Padded Bandeau Bra, Black+Beige, M","1","amazon.ca","Amazon","Frankford","Ontario","K0K 2C","Combined TCS+MTC","38.69","5.03","0","0","0","0","0","0","0","0","-5.03","-6.58","-7.84","0","0","24.27"
"Dec 31, 2025 1:21:39 a.m. PST","25214098181","Order","702-9942385-0299433","MSCA-D70-7-2","ANGOOL Wireless Strapless Bra for Women Seamless Push Up Non-Slip Full Support Non Removable Padded Bandeau Bra, Brown, S","1","amazon.ca","Amazon","Thorold","Ontario","L2V 0H","Combined TCS+MTC","26.99","3.51","0","0","0","0","0","0","0","0","-3.51","-4.59","-7.13","0","0","15.27"
"Dec 31, 2025 2:15:29 a.m. PST","25214098181","Order","702-7407925-0944215","MSCA-D70-7-2","ANGOOL Wireless Strapless Bra for Women Seamless Push Up Non-Slip Full Support Non Removable Padded Bandeau Bra, Brown, S","1","amazon.ca","Amazon","Maple","Ontario","L6A 2J","Combined TCS+MTC","26.99","3.51","0","0","0","0","0","0","0","0","-3.51","-4.59","-7.13","0","0","15.27"
"Dec 31, 2025 10:05:13 a.m. PST","25214098181","Refund","702-7955935-9325026","MSCA-D70-2-6","ANGOOL Wireless Strapless Bra for Women Seamless Push Up Non-Slip Full Support Non Removable Padded Bandeau Bra, Black, XXL","1","amazon.ca","Amazon","Robertville","New Brunswick","E8K 2S","Combined TCS+MTC","-29.99","-4.50","0","0","0","0","0","0","0","0","4.50","4.08","0","0","0","-25.91"
"Dec 31, 2025 10:16:32 a.m. PST","25214098181","Order","701-9618489-7795469","MSCA-D70-2-5","ANGOOL Wireless Strapless Bra for Women Seamless Push Up Non-Slip Full Support Non Removable Padded Bandeau Bra, Black, XL","1","amazon.ca","Amazon","Regina","SK","S4P 1A","Combined TCS+MTC","26.99","2.97","0","0","0","0","0","0","0","0","-2.97","-4.59","-7.65","0","0","14.75"
"Dec 31, 2025 11:57:20 a.m. PST","25214098181","Order","701-9119545-4759408","MSCA-D70-2-2","ANGOOL Wireless Strapless Bra for Women Seamless Push Up Non-Slip Full Support Non Removable Padded Bandeau Bra, Black, S","1","amazon.ca","Amazon","Matane","Quebec","G4W 9B","Combined TCS+MTC","26.99","4.04","0","0","0","0","0","0","0","0","-4.04","-4.59","-7.13","0","0","15.27"
"Dec 31, 2025 12:03:52 p.m. PST","25214098181","Refund","702-6599524-2446634","MSCA-D70-2-5","ANGOOL Wireless Strapless Bra for Women Seamless Push Up Non-Slip Full Support Non Removable Padded Bandeau Bra, Black, XL","1","amazon.ca","Amazon","Courtice","Ontario","L1E 3E","Combined TCS+MTC","-29.99","-3.90","0","0","0","0","0","0","0","0","3.90","4.08","0","0","0","-25.91"
"Dec 31, 2025 12:10:37 p.m. PST","25214098181","Refund","702-3678064-5616250","MSCA-D70-5-3","ANGOOL Wireless Strapless Bra for Women Seamless Push Up Non-Slip Full Support Non Removable Padded Bandeau Bra, Beige, M","1","amazon.ca","Amazon","Guelph","Ontario","N1K 1Y","Combined TCS+MTC","-29.99","-3.90","0","0","0","0","0","0","0","0","3.90","4.08","0","0","0","-25.91"
"Dec 31, 2025 12:34:24 p.m. PST","25214098181","FBA Inventory Fee","702-7870683-3401846","","Fulfilment by Amazon removal order: disposal fee","","Amazon.ca","","","","","","0","0","0","0","0","0","0","0","0","0","0","0","0","0","-0.82","-0.82"
"Dec 31, 2025 2:36:30 p.m. PST","25214098181","Refund","702-5862275-3980214","MSCA-D70-6-3","ANGOOL Wireless Strapless Bra for Women Seamless Push Up Non-Slip Full Support Non Removable Padded Bandeau Bra, White, M","1","amazon.ca","Amazon","Ottawa","Ontario","K1K 1P","Combined TCS+MTC","-29.99","-3.90","-2.11","0","0","0","0","0","2.11","0","3.90","4.08","0","0","0","-25.91"
"Dec 31, 2025 4:04:31 p.m. PST","25214098181","Refund","701-7076514-8057051","MSCA-D70-5-4","ANGOOL Wireless Strapless Bra for Women Seamless Push Up Non-Slip Full Support Non Removable Padded Bandeau Bra, Beige, L","1","amazon.ca","Amazon","Calgary","Alberta","T2A 6R","Combined TCS+MTC","-22.49","-1.12","0","0","0","0","0","0","0","0","1.12","3.06","0","0","0","-19.43"
"Dec 31, 2025 10:26:51 p.m. PST","25214098181","FBA Inventory Fee","RabWTE9Qpq","","Fulfilment by Amazon removal order: disposal fee","","Amazon.ca","","","","","","0","0","0","0","0","0","0","0","0","0","0","0","0","0","-0.82","-0.82"
